instance_id,num_points,confidence_mean,confidence_std,confidence_p10,confidence_p50,confidence_p90,semantic_probability_mean,semantic_probability_std,semantic_probability_p10,semantic_probability_p50,semantic_probability_p90,verticality_mean,verticality_std,verticality_p10,verticality_p50,verticality_p90,num_clustered_seeds,seed_fraction,seed_confidence_mean,seed_confidence_std,seed_confidence_p10,seed_confidence_p50,seed_confidence_p90,x_span,y_span,height,bbox_area,point_density_bbox,xy_radius_rms,base_vote_radius_rms,seed_base_vote_radius_rms,offset_xy_magnitude_mean,offset_xy_magnitude_std,offset_z_abs_mean,offset_z_abs_std,target_status,target_is_true_tree
1,77617,0.706067118815852,0.1450601256614083,0.505,0.735,0.865,0.9996063641673262,0.0091908169890204,0.995,0.995,0.995,0.4733446723226264,0.3266959450766562,0.055,0.435,0.945,1043,0.0134377778064083,0.8160000346022392,0.0290086345632194,0.795,0.815,0.835,8.779998779296875,17.15000009536743,35.18000030517578,150.57697990226734,515.4639178603373,4.025439071079261,1.5318634235399515,0.4349935826211322,2.9633088097532574,1.745563677655195,25.588305609431064,6.872272998836023,unmatched_ignored,
2,29996,0.6965088316909189,0.1954298817514616,0.405,0.775,0.865,0.9983099560242268,0.0231689484105484,0.995,0.995,0.995,0.2795818468975451,0.3243768121476887,0.015,0.105,0.875,411,0.0137018269102547,0.8122483929868453,0.0128839026978775,0.795,0.815,0.825,10.979999542236328,11.71999979019165,33.670000076293945,128.68559233131418,233.0952475454458,2.8187455922132423,1.0117441921126873,0.0775653214305591,2.582414001099444,1.878751646791502,16.270027311226936,6.172051507557137,unmatched_ignored,
3,56356,0.7896213205219895,0.1200313563575761,0.635,0.835,0.885,0.9994489851458804,0.0116214063464039,0.995,0.995,0.995,0.5762282440966274,0.321766722765736,0.095,0.625,0.965,1245,0.0220917027468237,0.8162554761013353,0.0386393764198344,0.795,0.825,0.835,10.780000448226929,12.329998016357422,33.31999969482422,132.91738414297015,423.9926956385306,2.8654658236226487,0.3196462333721013,0.0896662807110399,2.483551859446166,1.6083198312214717,22.58392236442561,6.687910912735432,tp,1.0
4,78181,0.7387537490568167,0.1508322535104048,0.515,0.785,0.875,0.9995396452929228,0.0106994166698857,0.995,0.995,0.995,0.4113900287614312,0.3238258966241403,0.035,0.325,0.925,1181,0.0151059720392422,0.8088605783810361,0.039885356246432,0.785,0.815,0.835,13.450000286102297,10.729999542236328,34.209999084472656,144.3184969129561,541.7254314057462,3.428017666720352,0.255122544062889,0.086042269855489,3.098028291475312,1.9089773856088683,23.492111515844496,6.229658070137272,tp,1.0
5,44783,0.7404945566064028,0.1560067130709566,0.545,0.785,0.875,0.999148027298958,0.0140411268537951,0.995,0.995,0.995,0.459104366739625,0.3399100845901178,0.045,0.405,0.945,700,0.0156309313802112,0.8219318687064308,0.0199854478070914,0.795,0.825,0.845,10.359996795654297,25.270000457763672,34.01000022888184,261.79712376861426,171.05993891506932,3.124857344483143,0.6280869900311544,0.0989160153122666,2.6475272638921066,1.8201521437147608,21.912970568392385,6.402673839725998,unmatched_ignored,
6,45420,0.7467749312739838,0.1364378883702979,0.565,0.785,0.875,0.9993787759518844,0.0130299292900434,0.995,0.995,0.995,0.3968061348367397,0.3613305480715711,0.015,0.285,0.945,957,0.0210700132100396,0.8103468070738991,0.0516234346589323,0.795,0.815,0.835,10.77999997138977,12.219999313354492,33.47000026702881,131.73159224834444,344.79200641842107,2.6717069687136825,0.3754638392888029,0.0653365469388998,2.5821197915053427,1.6958010321666408,20.291578795027625,7.297847598915505,tp,1.0
7,71530,0.7216063417147444,0.1531258802261871,0.505,0.765,0.875,0.9996714168522852,0.0091055355386733,0.995,0.995,0.995,0.3882679851832262,0.3367924211235915,0.025,0.275,0.925,1268,0.0177268279043757,0.8141787075775467,0.0249649835069424,0.785,0.815,0.835,14.330001831054688,13.919998168945312,39.23999977111816,199.47359924926425,358.5938202810257,3.5486306218564,0.337579935824715,0.08960569138467,3.1496992868119227,1.747731558561606,20.391617109099585,6.03099272610568,tp,1.0
8,23539,0.7385226807330852,0.1135997751763467,0.615,0.755,0.855,0.99897917605909,0.0156974678361196,0.995,0.995,0.995,0.5395673071071156,0.3601632036467507,0.065,0.515,0.985,1106,0.0469858532647946,0.8135000092211511,0.0126474294321319,0.795,0.815,0.825,13.209999084472656,22.80999755859375,36.0,301.32004686584696,78.11959491191763,2.3507915617928288,0.4512509774469271,0.0857481215329216,1.969039710070072,1.4963494583239143,25.39627597303666,9.297837203623413,unmatched_ignored,
9,71903,0.7168809983833165,0.1817449870750154,0.435,0.785,0.885,0.9996129421840106,0.0096320428524439,0.995,0.995,0.995,0.5008090088135682,0.3201482298222279,0.075,0.485,0.945,1434,0.0199435350402625,0.8220512802287874,0.048109665952189,0.805,0.825,0.835,12.769999504089355,14.220001220703123,34.15999889373779,181.5894085365289,395.9647238210802,3.410866637664907,0.2767050858032763,0.0876196838010687,3.462895515327457,2.030982797353745,23.01275435180546,6.493270452159262,tp,1.0
10,84350,0.7250648745130384,0.1631409822339003,0.505,0.775,0.875,0.9992771080512582,0.0134634620376655,0.995,0.995,0.995,0.3763948581083719,0.3258664116315981,0.025,0.275,0.905,1290,0.0152934202726733,0.7931856384573057,0.0202001468276966,0.775,0.795,0.815,13.650001525878906,11.709999084472656,33.69999980926514,159.84150537109235,527.7102452468197,2.86234519148085,0.3396321770270777,0.1464843197969677,2.807387689806491,1.6464564002358086,16.66042533698701,8.807019658418813,tp,1.0
11,66546,0.6979225862929026,0.1814400357771127,0.425,0.755,0.875,0.9996485622437992,0.0089339301509205,0.995,0.995,0.995,0.5246451306455823,0.3359059978413085,0.065,0.535,0.955,1574,0.023652811588976,0.8136979477075337,0.0164378784325,0.795,0.815,0.835,14.810001373291016,11.879999160766602,32.31999969482422,175.94280388564948,378.2251875629437,3.8278938846890864,0.4096097314664271,0.0873685714886669,3.6145443354379054,2.1783655345270443,23.35305893392466,6.2787030060332265,tp,1.0
12,39624,0.6838159992713266,0.1694132982795233,0.415,0.735,0.855,0.999643738377992,0.0092920338127282,0.995,0.995,0.995,0.3645020030834683,0.3313682688425726,0.025,0.235,0.925,775,0.0195588532202705,0.8141684546009187,0.0121396158195977,0.805,0.815,0.835,13.520000457763672,12.19999885559082,30.90000057220459,164.94399011230416,240.22700052921908,2.4522888068668807,0.4270801524010955,0.0822159858467063,3.218212458616202,1.7145868920812095,15.948560182581769,5.884393862012201,tp,1.0
13,98164,0.65759826575013,0.1892494499122438,0.355,0.715,0.865,0.9995654702416104,0.0084237364031326,0.995,0.995,0.995,0.3693274996969851,0.3112811463862512,0.025,0.275,0.885,1124,0.0114502261521535,0.794310777955208,0.0298386651095233,0.765,0.795,0.815,13.309999465942385,14.500001907348633,31.1899995803833,192.99501764297383,508.63489223123867,3.513827396323696,0.3147369540616554,0.1377164454208629,3.895313750055576,2.0177136966549822,17.257394262315177,7.189799125829149,tp,1.0
14,78832,0.685828020910823,0.1781336606820713,0.405,0.745,0.865,0.9996542056517002,0.0082182390483564,0.995,0.995,0.995,0.4096585490778978,0.3173179474554153,0.045,0.335,0.905,1281,0.0162497462959204,0.8242451556370093,0.0357588481599972,0.815,0.825,0.835,13.899999618530272,15.719999313354492,31.890000343322757,218.5079844589236,360.77400189840336,3.9701408308503794,0.2871863780355545,0.1080309522129469,3.9294007261986335,2.063569785114932,22.617133579459228,5.578454380616864,tp,1.0
15,89487,0.6188359508209896,0.2107244645066343,0.305,0.655,0.865,0.9996886907058438,0.0095691930228507,0.995,0.995,0.995,0.4244022710392373,0.3197532694961351,0.045,0.365,0.915,1475,0.0164828410830623,0.8116336589748576,0.0168511631322386,0.785,0.815,0.825,13.970000743865969,15.249999046325684,34.52999973297119,213.04249802112508,420.0429530784349,3.9770274876358793,0.4419630875335847,0.0914896754294509,4.861739769626957,2.317852954426576,24.29272341694574,6.495187233088483,tp,1.0
16,45081,0.7916785010385872,0.1036241034225599,0.675,0.825,0.875,0.9992894246466572,0.0114298748859528,0.995,0.995,0.995,0.5220824924792251,0.3251900870780554,0.075,0.515,0.955,909,0.0201637053304052,0.8210851885173449,0.0180487178978788,0.795,0.825,0.845,11.549999475479126,8.110000610351562,33.75000095367432,93.67050279569594,481.2721043926266,2.6518724869016093,0.29538654898648,0.0812587155275562,2.406344518021216,1.5584048309494256,22.940283561993198,6.37363704122511,unmatched_ignored,
17,134,0.5773460925070207,0.2472143335333204,0.225,0.625,0.845,0.633110702482622,0.0899938235908011,0.525,0.615,0.775,0.6255005113224485,0.141747858034373,0.455,0.615,0.825,59,0.4402985074626865,0.5290470918861486,0.2401432323194843,0.225,0.535,0.825,0.9500007629394532,0.779998779296875,2.619999885559082,0.7409994354238734,180.83684493409643,0.295771309648559,0.1477732693070904,0.1998482798229576,0.3392985710072186,0.1761304044482474,3.52845056911013,0.5067508709489525,unmatched_ignored,
18,40562,0.7866843808797782,0.1073860861639501,0.645,0.825,0.875,0.9979370341699014,0.0255133833937616,0.995,0.995,0.995,0.4507273547419684,0.3596706548056548,0.025,0.375,0.965,1271,0.0313347468073566,0.8113662505201427,0.0750140028652393,0.805,0.825,0.835,9.869999885559082,10.620000839233398,33.14999961853027,104.819407067871,386.9703248152886,2.3749059488800217,0.2537871383469995,0.1154985914706193,2.1267194722495257,1.424836368397393,22.355372568583704,7.192044404838203,tp,1.0
19,742,0.3912621388196785,0.2051955344887264,0.155,0.365,0.725,0.8072337141094824,0.199326832720758,0.545,0.995,0.995,0.6077036363596091,0.2762264336799562,0.185,0.665,0.935,145,0.1954177897574124,0.601753012270763,0.1949824408216691,0.215,0.715,0.755,13.43000030517578,10.53000259399414,28.38000011444092,141.41793805084308,5.246859134187302,2.9056653330002944,1.6131846119650786,0.4091046055476645,2.4578581885779363,1.913871974493142,13.996542645914536,9.00596310596008,unmatched_ignored,
20,80769,0.7209788731393351,0.1647441248642546,0.475,0.775,0.875,0.999458973356442,0.0108258826928102,0.995,0.995,0.995,0.5353019784898583,0.3157088737242318,0.075,0.575,0.945,1266,0.0156743304980871,0.8204980812743189,0.0211202565600987,0.785,0.825,0.845,14.19999885559082,18.26000213623047,34.09000015258789,259.2920094375586,311.49822231390584,3.717582466980679,0.3469821618085733,0.1018714338257444,3.3003318357985263,1.7688169127558766,23.792212199568297,6.07739766548927,unmatched_ignored,
21,105932,0.6725651984402399,0.198256544709332,0.355,0.735,0.875,0.9975212565282632,0.0302617015745342,0.995,0.995,0.995,0.4737866612055278,0.312314929258602,0.065,0.455,0.925,1402,0.0132349054110183,0.8013744043151765,0.0863580979263324,0.775,0.815,0.835,15.309999704360962,16.580001831054688,32.61000061035156,253.83982313175147,417.31828636288367,4.11294780318129,0.4055050517529852,0.1358853864933007,3.8890094465179046,2.097654803731912,22.37450826370804,5.861866127571409,unmatched_ignored,
22,13034,0.7407413950781295,0.0776990143375474,0.665,0.755,0.815,0.980096039846848,0.0624882431539513,0.965,0.995,0.995,0.1482393410230465,0.2121374307052022,0.015,0.065,0.455,412,0.0316096363357373,0.8128450779443227,0.0526472001229466,0.775,0.825,0.845,8.529999732971191,7.409999847412109,29.399999618530277,63.20729671974186,206.21036931530443,1.677679884946065,0.2258751881384184,0.1347939596472732,1.637901662449066,0.7721926579185399,6.241420947770976,3.036757018270983,unmatched_ignored,
23,41576,0.7975855960082553,0.094117310416489,0.685,0.825,0.875,0.9988494896965576,0.0165202659124435,0.995,0.995,0.995,0.6027066559521458,0.3135834777414191,0.115,0.685,0.965,1205,0.0289830671541273,0.8150534051211543,0.0331782886071398,0.785,0.825,0.835,12.230000019073486,6.820003509521484,32.0600004196167,83.408643051529,498.4615320298974,2.4368606595691253,0.3545161709187482,0.1317386346308895,1.91729827806256,1.3525911233293633,21.23883178198059,7.751348698970258,unmatched_ignored,
24,80447,0.6951577759147334,0.1850365551143938,0.405,0.755,0.875,0.9996007129412724,0.0106266630421717,0.995,0.995,0.995,0.5025998651867841,0.3284168384440481,0.055,0.485,0.945,1328,0.0165077628749362,0.8143326116568712,0.01720714312178,0.795,0.815,0.835,17.420000076293945,12.450000762939451,36.060001373291016,216.87901424026492,370.9303100708418,3.968275866606315,0.3102857635308049,0.086956910759644,3.653795302502599,2.36695092462616,25.684337656759528,6.510132936015053,tp,1.0
25,1081,0.7207245478625379,0.1873099643296594,0.415,0.805,0.845,0.721171551286678,0.1087740693190667,0.555,0.745,0.855,0.7852126846674082,0.1983199610250648,0.495,0.845,0.965,846,0.782608695652174,0.7306862801718514,0.1745889109621543,0.455,0.805,0.835,3.1199989318847656,6.939998626708984,12.77999997138977,21.65278830261377,49.92428618856027,0.4689226800021454,0.24829607940376,0.1776097893354867,0.4880430124139932,0.2742106489907523,2.7136709437008597,1.016454683303187,unmatched_ignored,
26,81390,0.7587928362561467,0.1362316347077731,0.575,0.805,0.875,0.9995736049952532,0.0101122128174783,0.995,0.995,0.995,0.533926088472867,0.3287631626596844,0.065,0.565,0.955,1503,0.0184666420936232,0.8161359465843983,0.0155109404353914,0.795,0.815,0.835,13.640000343322754,14.739999771118164,35.079999923706055,201.05360193862907,404.8174179184515,3.4410566319185816,0.2075704059532852,0.0943020421373959,3.116056762421364,1.8655716234591375,25.70386122239886,6.474022413681075,tp,1.0
27,34726,0.6992585139902329,0.1149386048180229,0.535,0.715,0.825,0.9962185607873466,0.0239520380787121,0.995,0.995,0.995,0.1848238726380612,0.2295905022604288,0.015,0.095,0.525,638,0.0183724010827621,0.7824889935763278,0.059617225316644,0.705,0.795,0.825,12.690000534057615,10.5,22.81999969482422,133.24500560760498,260.617648231147,2.585771039277237,0.3137131521982116,0.1757651574466857,2.4386064783119568,1.1738816419739675,8.270576927046642,3.822404709386877,tp,1.0
28,99919,0.7694357781652337,0.112790897524723,0.625,0.795,0.885,0.9995324729192088,0.0073041235552572,0.995,0.995,0.995,0.4829052822221037,0.3415718703488391,0.035,0.485,0.935,1343,0.013440887118566,0.7982565620144356,0.0269315147764421,0.775,0.805,0.815,17.50999927520752,12.989999771118164,35.61000061035156,227.4548865772249,439.2915074439421,2.8167051584509304,0.3379688231376606,0.1403010858848473,2.4765900769118243,1.4903073825971445,21.24953666110885,9.861812951902271,tp,1.0
29,26281,0.7798378046320357,0.0828008790601065,0.685,0.795,0.855,0.9995537202750424,0.0077704878454053,0.995,0.995,0.995,0.3129058416444509,0.2996503305876724,0.035,0.185,0.875,458,0.0174270385449564,0.8062381848497683,0.0144086512177667,0.795,0.805,0.825,7.14000129699707,8.169999122619629,30.08999919891357,58.33380433196908,450.5277908918593,1.8338614167859788,0.28420577783148,0.1415699448766516,1.6712912724492188,0.9037240909444604,13.748134230388944,5.361819234483419,tp,1.0
30,64752,0.7075121872619987,0.176825001868979,0.415,0.765,0.875,0.999513083228932,0.0112232801290045,0.995,0.995,0.995,0.4881516168739242,0.3285462935280365,0.065,0.465,0.955,1082,0.0167099085742525,0.813128115729792,0.0171552218197712,0.795,0.815,0.835,29.5,15.020000457763672,35.71999931335449,443.0900135040283,146.1373491312309,3.495783407167025,0.7858498208267181,0.1015412419771742,3.147358280541296,2.1773049652041245,24.79914537906989,6.561998536690221,unmatched_ignored,
31,39423,0.7581635408507528,0.1273632509486904,0.595,0.795,0.875,0.9991980100867622,0.0131288199947045,0.995,0.995,0.995,0.4344926077923768,0.3534087980382329,0.015,0.385,0.935,683,0.0173249118534865,0.8099701590454247,0.0164047842469617,0.785,0.815,0.825,9.620000839233398,6.909999847412109,33.75,66.47420433120715,593.0571173680431,2.537128564862119,0.3456802513528543,0.1278220740339493,3.0905828225840013,1.7531791463637294,21.1150918649609,7.897238116615174,unmatched_ignored,
32,5372,0.6242268090472679,0.1967373806446896,0.305,0.675,0.825,0.9980849155120146,0.0218378139434033,0.995,0.995,0.995,0.5254432047995585,0.3557287329492212,0.055,0.495,0.965,676,0.125837676842889,0.7986127053492168,0.0171324328481407,0.775,0.805,0.815,11.459999084472656,6.970001220703125,28.749999046325684,79.87620760803111,67.25406927631695,2.6155376442938127,1.0363290191535075,0.2160959040436357,2.467532943798485,1.9406899698092717,12.508678855312043,6.6054983843768245,fp_counted,0.0
33,82723,0.6667633997437757,0.189414326684728,0.365,0.725,0.865,0.9996138094714389,0.0104215031179542,0.995,0.995,0.995,0.4606674198042672,0.312739900515152,0.065,0.425,0.925,1050,0.0126929632629377,0.800438692115602,0.0155361452846233,0.785,0.805,0.815,16.070003509521484,14.959999084472656,33.989999771118164,240.40723778991375,344.09529746475306,3.724587365047584,0.5289509879880782,0.1191611724643301,3.6780835072327607,2.032879875037872,22.532416502707697,6.601376974353084,unmatched_ignored,
34,67590,0.7188565778529914,0.1494300469918551,0.515,0.755,0.875,0.9997847151017292,0.007631321269134,0.995,0.995,0.995,0.3508775424964838,0.3383893378905406,0.015,0.205,0.925,974,0.0144104157419736,0.8130563395958417,0.0142091731975937,0.795,0.815,0.825,11.940000534057615,15.580001831054688,33.85000038146973,186.0252301834116,363.3378113998817,3.253976239948142,0.3219452644026225,0.0916635114780374,2.8979476110869054,1.7291370700510376,19.87625390402416,6.83457867958361,unmatched_ignored,
35,38284,0.7888904062752975,0.1091601524020795,0.665,0.825,0.875,0.9994298882814376,0.0108819989388005,0.995,0.995,0.995,0.5078078116006478,0.3420856944008068,0.045,0.505,0.955,940,0.0245533382091735,0.8182550698994322,0.0334029461717185,0.805,0.825,0.835,8.05000114440918,9.229997634887695,33.02000045776367,74.30149152373997,515.2521061810439,2.1896146424417604,0.3721198052357169,0.0796050925735487,2.746614846013715,1.540633109720692,23.884694270647167,6.573237548789893,tp,1.0
36,81660,0.7024131981683783,0.1649489846868485,0.455,0.745,0.875,0.9994944975688824,0.0110034414719282,0.995,0.995,0.995,0.4472259389184414,0.3247904039428328,0.045,0.395,0.925,1337,0.0163727651236835,0.8186472665264969,0.0292872102235158,0.805,0.825,0.835,12.900000035762789,14.260002136230469,32.21000099182129,183.9540280673505,443.9152589260079,3.6514258305925407,0.3036163905124101,0.1163212065931395,3.704837518704704,1.9090791226639063,22.00387531100806,5.847933218082172,unmatched_ignored,
37,95984,0.7042255227106721,0.1660567410902242,0.465,0.745,0.875,0.999624914162272,0.0101361589089737,0.995,0.995,0.995,0.3831173418940123,0.3329302186435058,0.025,0.275,0.925,1189,0.0123874812468744,0.816118624691105,0.0451336964826752,0.805,0.825,0.835,13.230000495910645,14.720001220703123,32.78999900817871,194.74562344970764,492.8685856952648,3.626878293622781,0.3390307017662858,0.0932334107336111,3.3369470076141217,1.8498432454667844,20.16471564069382,5.9774245140108535,unmatched_ignored,
38,35828,0.745395832962392,0.1492338806367287,0.525,0.785,0.875,0.9992857823397708,0.0143968723484041,0.995,0.995,0.995,0.5344305711936228,0.3404010418717842,0.065,0.555,0.965,830,0.0231662386959919,0.8097864426762225,0.0350801482762957,0.765,0.825,0.835,33.48000144958496,5.980003356933594,34.69000053405762,200.21052105865965,178.95163456221545,3.234206869674642,1.0735419876988097,0.1264421747707348,2.577139295619459,2.001431520375513,23.861634294266203,7.358257811019338,unmatched_ignored,
39,38915,0.7660230356639415,0.1370430082075592,0.595,0.805,0.885,0.9994664835743008,0.01123282453905,0.995,0.995,0.995,0.5993960440356284,0.3087414574560543,0.115,0.665,0.955,849,0.0218167801618913,0.8142029040693816,0.020909032237102,0.785,0.815,0.835,10.510000228881836,6.140003204345703,34.57999897003174,64.53143508300855,603.0394326415114,2.692637700144894,0.3925580945335622,0.0850319702754582,2.819518847106977,1.9294214348292944,25.70409057211343,7.084412373187298,unmatched_ignored,
40,46744,0.7641994945850621,0.1380903529013215,0.565,0.815,0.885,0.998958889404562,0.0155490216065612,0.995,0.995,0.995,0.4945172333424915,0.3313287105024076,0.045,0.495,0.945,1098,0.0234896457299332,0.8063257123277487,0.0173682344549638,0.785,0.805,0.825,10.129999160766602,12.670001983642578,33.14999961853027,128.3471094612105,364.1998654759509,2.9630698066580896,0.2938737541491297,0.1070976783852778,2.526978170640502,1.810468104315864,22.52331498533924,7.849560356779293,unmatched_ignored,
41,50130,0.7814774742808119,0.1120476191259567,0.645,0.815,0.885,0.9990120465351676,0.0095290981391128,0.995,0.995,0.995,0.4366073795055077,0.3486133120856868,0.015,0.385,0.935,942,0.0187911430281268,0.8133248776640355,0.0143908143491019,0.795,0.815,0.825,11.0,10.419998168945312,32.6299991607666,114.61997985839844,437.3583040402783,2.4166617702191933,0.2432864746586727,0.0855313393486944,2.593248606574192,1.5108921595950384,20.066178843715804,8.798435405161879,tp,1.0
42,103143,0.6968246230316942,0.164124073180771,0.455,0.735,0.875,0.9998190225944208,0.0064571504585803,0.995,0.995,0.995,0.4425844217529744,0.3160207517421731,0.055,0.395,0.935,1432,0.0138836372802807,0.8176365292022348,0.0137088845237636,0.795,0.815,0.835,14.15000057220459,14.850000381469728,34.03000068664551,210.127513895035,490.8590887889295,4.066836581792232,0.317951440452503,0.1050087829731374,3.799339158672885,1.9623446278262404,23.30102953324663,6.100091308954625,tp,1.0
43,28123,0.6842837019251611,0.1810852151386783,0.405,0.745,0.865,0.9991324292864427,0.0117150570906953,0.995,0.995,0.995,0.5721313773346546,0.3412373794115947,0.065,0.635,0.965,1299,0.0461899512854247,0.8200239417092262,0.0139314464459134,0.805,0.825,0.835,12.029998779296877,9.31999969482422,33.21999931335449,112.1195849517826,250.83039695602147,2.8979866914486143,0.5008208178222863,0.0817515198443276,4.036142696077753,2.726558072473457,22.04240365798752,8.901020129459113,tp,1.0
44,67390,0.7527232334434562,0.129111029761419,0.575,0.795,0.875,0.9994920082183564,0.0108763521232063,0.995,0.995,0.995,0.4181285673737475,0.3451133025093095,0.025,0.315,0.945,1129,0.0167532274818222,0.8176541866007054,0.0401563279541188,0.795,0.825,0.835,12.15999984741211,13.059999465942385,35.44999980926514,158.8095915130616,424.3446466799669,2.8887381082723897,0.2579346455549646,0.0776415719749979,2.551730081367237,1.572967792458699,21.90863185784887,7.333388214494644,tp,1.0
45,65081,0.7629157291256103,0.1023753068386499,0.625,0.785,0.865,0.9997233679289056,0.0075856149015212,0.995,0.995,0.995,0.482999711057449,0.3281732086371037,0.055,0.465,0.945,1145,0.017593460456969,0.8140175583320934,0.0198792802657239,0.795,0.815,0.835,9.979997634887695,11.960000991821287,33.63999938964844,119.36078161163096,545.2460944144677,2.9233164950096926,0.2079680846300258,0.0694740345965547,2.8193355246753544,1.6566143601407572,25.0423748819852,6.231890744186106,tp,1.0
46,120983,0.6602129495144112,0.2153677182904962,0.285,0.735,0.865,0.9996448401069336,0.0093009001333755,0.995,0.995,0.995,0.4013710259515114,0.3243169130036944,0.025,0.335,0.895,1480,0.0122331236620021,0.8192156930831639,0.0183230376141203,0.795,0.825,0.835,15.05000066757202,14.570000410079956,32.71999931335449,219.278515898228,551.7321179615741,4.268643927455004,0.4043872162080142,0.1021095845456721,4.224786253545377,2.3538085960590207,21.923924457290543,5.884106786836703,tp,1.0
47,70098,0.7149232684657824,0.1621712465572364,0.475,0.775,0.875,0.9995919304273756,0.0104901556665193,0.995,0.995,0.995,0.4184182481687143,0.323572566287071,0.035,0.345,0.925,892,0.0127250420839396,0.8144929066567678,0.0323937109798575,0.795,0.815,0.835,22.40999984741211,22.14999771118164,32.730000495910645,496.3814453277592,141.21801018109068,3.3996954779694453,0.3560934014865413,0.0800192079508014,3.396247804329805,1.8812530293425724,20.674865027898164,5.922234840036793,unmatched_ignored,
48,53096,0.6175954913048622,0.2516797131916484,0.205,0.735,0.865,0.9991740826873764,0.0143704439212496,0.995,0.995,0.995,0.3684513461564197,0.3193978465947218,0.035,0.255,0.925,997,0.0187773090251619,0.8110962443300331,0.0252078309056,0.795,0.815,0.825,23.13999938964844,14.510002136230469,34.350000858306885,335.76144057617057,158.13608587360906,5.26152233832243,3.110218069906691,0.0939082994269034,4.011074605109109,2.834946538012663,22.223165278142563,6.422001057383234,unmatched_ignored,
49,65424,0.736059688783405,0.1672810933612429,0.465,0.805,0.875,0.9996307143186716,0.0092884775504167,0.995,0.995,0.995,0.5868669288820181,0.3006358524305763,0.135,0.635,0.955,1417,0.0216587185130838,0.8166530801531456,0.0164565409343815,0.795,0.815,0.835,19.039999961853027,11.35999870300293,35.1899995803833,216.29437487182625,302.4766595930642,4.021488168766995,0.3916855803817688,0.0856515765190334,3.215940435991482,2.2348185692443554,24.793582173196224,6.8475172337962045,tp,1.0
50,83218,0.6715547899800232,0.2127766033584802,0.325,0.745,0.875,0.9997302706113714,0.0076580783563718,0.995,0.995,0.995,0.5802435733485594,0.3028377398083541,0.135,0.615,0.955,1682,0.0202119733711456,0.8157690915497248,0.0156970459766569,0.795,0.815,0.835,17.369999170303345,18.18000030517578,34.320000648498535,315.7865902170179,263.5260729178213,4.166589031788911,0.34752826864648,0.1163126962142036,4.146571669273748,2.648676055549676,24.800266985324598,6.409457660191729,tp,1.0
51,73604,0.7600618538448597,0.1436111693852988,0.555,0.815,0.885,0.9995762939989472,0.0107127243018632,0.995,0.995,0.995,0.4943075354876709,0.3382133716423214,0.045,0.505,0.945,1099,0.0149312537362099,0.818285245750035,0.0133100090476313,0.805,0.815,0.835,12.31999969482422,10.669998168945312,33.6899995803833,131.45437418518122,559.9205082085228,2.8521068141786863,0.2485024109587395,0.094302965399812,2.7262585209884014,1.6172381988447346,21.001695110527034,6.975603663292863,tp,1.0
52,45809,0.7402784422268663,0.1404935291100401,0.535,0.785,0.875,0.9994862488300378,0.0109178703505778,0.995,0.995,0.995,0.4821482553352715,0.3404383028127188,0.045,0.455,0.955,857,0.0187081141260451,0.8182711607169103,0.0251602423749901,0.805,0.825,0.835,9.960000038146973,10.330001831054688,32.11000061035156,102.88681863136298,445.2368205117778,2.827122906264183,0.3664317969036786,0.1099350832732775,2.910116911203806,1.6771189859700886,21.71448218861384,6.078978788934879,unmatched_ignored,
53,32469,0.6759675959483532,0.1943277485531923,0.375,0.745,0.865,0.99864908318461,0.0168875699469254,0.995,0.995,0.995,0.5231116843544412,0.3270099525841989,0.065,0.535,0.955,1011,0.0311373925898549,0.8170859274831181,0.0224074698489003,0.795,0.825,0.835,14.659999370574951,9.120002746582031,31.01000022888184,133.6992345245344,242.85105382590496,3.372429407898435,0.4678459461501573,0.103362608056796,3.524546353212441,2.392425263441097,21.72018918502479,6.489266112385463,unmatched_ignored,
54,15694,0.6967064929570387,0.2033461967907444,0.405,0.775,0.855,0.997862557089069,0.0209741243615532,0.995,0.995,0.995,0.3112917294687105,0.3071288798325845,0.025,0.175,0.865,204,0.0129985981903912,0.8059103988549289,0.0214507313754613,0.775,0.815,0.825,6.700000762939453,16.59000015258789,32.739999771118164,111.15301367950453,141.19275294911608,2.853280657662653,1.5297456330823085,0.1343067207418412,2.7469813987377285,2.217451430769235,12.140089369768152,4.69272022366329,unmatched_ignored,
55,45144,0.7703613714028982,0.1388906703612451,0.575,0.825,0.885,0.9993821709342045,0.0124990600930723,0.995,0.995,0.995,0.4762166390744125,0.3449994998470078,0.045,0.445,0.945,987,0.021863370547581,0.8115415631698137,0.0169786352475259,0.785,0.815,0.835,9.18000030517578,12.810001373291016,33.63999938964844,117.5958165161137,383.8912075057882,2.718347366340044,0.4588442130194127,0.087084682289493,2.335889074906621,1.5238264412735874,21.513811723354152,6.744008250830206,tp,1.0
56,95985,0.7667743754510632,0.1078361435280026,0.635,0.785,0.875,0.999193956208998,0.0095674709947387,0.995,0.995,0.995,0.4470509934705908,0.3463355849750965,0.035,0.395,0.935,1125,0.0117205813408345,0.789567269007365,0.0197039612441091,0.765,0.785,0.815,14.949999809265137,12.390000343322754,34.540000915527344,185.23050276947012,518.1921906213188,2.7765582980415524,0.3326469891237029,0.1904249563040763,2.553359035390087,1.4321048634116478,21.973991563578437,8.288578358266227,tp,1.0
57,46663,0.6506233149593587,0.1622896616249063,0.405,0.685,0.825,0.9995546645345934,0.0101550751661614,0.995,0.995,0.995,0.2889132930061711,0.2895198479480365,0.015,0.175,0.795,632,0.0135439213081027,0.8088028085759923,0.0305312924473895,0.795,0.815,0.825,10.40999984741211,11.279998779296877,30.739999771118164,117.42478557128923,397.3862909178627,2.850011494986592,0.4902575974963593,0.0874015190248367,3.4358257748046497,1.7371302809169182,12.766605431373524,3.6838617786877936,unmatched_ignored,
58,67759,0.5390147195115188,0.2680914334120806,0.185,0.515,0.865,0.9972884571739292,0.0286139290595975,0.995,0.995,0.995,0.3933552717998751,0.3219615501388718,0.025,0.305,0.895,663,0.0097846780501483,0.8072845883229199,0.0626627497237703,0.775,0.815,0.835,19.450000762939453,16.080001831054688,33.610000133514404,312.7560478820815,216.65128607056448,5.372790683234713,4.365441255755061,0.1126977412528125,3.9395146578536,2.8064269882312747,21.103547564631484,6.394688109323765,unmatched_ignored,
59,23028,0.2978948240095757,0.1868607396098859,0.125,0.225,0.625,0.9955839884245956,0.0340137136866448,0.995,0.995,0.995,0.3199503970289217,0.2928923081429816,0.025,0.215,0.815,189,0.0082073996873371,0.7811450447354998,0.0750544748631645,0.705,0.805,0.815,12.509998321533203,16.320003509521484,33.27000093460083,204.16321651152973,112.79211012381133,4.82486288316509,4.773114318976639,0.3688678859478735,5.672230498197914,3.1858686487391243,18.41754625998573,6.165424596116034,unmatched_ignored,
60,73037,0.7126235191565425,0.1736957227531849,0.455,0.765,0.885,0.9968038845062582,0.0281625055321123,0.995,0.995,0.995,0.4412286395416442,0.3386478095164276,0.035,0.395,0.935,1360,0.0186206990977175,0.7852756719159729,0.0350616171240543,0.765,0.795,0.805,13.040000915527344,15.93000030517578,33.179999351501465,207.72721856384305,351.6005293141339,3.47045743288638,0.974067381958726,0.1823600449018292,2.9822949860626244,1.8612627146087524,19.359624242610643,8.689204371434164,unmatched_ignored,
61,64009,0.7436080847568896,0.1537212729221503,0.515,0.805,0.875,0.9996858158933106,0.0093961030277292,0.995,0.995,0.995,0.5663795043541601,0.3152872779071758,0.105,0.605,0.955,1302,0.0203408895624052,0.813245826236297,0.0160902566256078,0.785,0.815,0.825,14.270000457763672,15.010002136230469,34.03999900817871,214.19273735504248,298.83833033003214,3.6390911342014816,0.3537699563134396,0.0821905185704121,3.1955221927051127,2.035894368410832,24.996604191771823,6.760967019834039,tp,1.0
62,63846,0.6887000411429373,0.1717303376769204,0.415,0.745,0.855,0.9996821811620564,0.0082012818140042,0.995,0.995,0.995,0.3783936078673889,0.3139569548741666,0.035,0.275,0.885,828,0.012968705948689,0.8124204601210673,0.0144908297132817,0.795,0.815,0.825,11.920000076293944,14.939998626708984,31.479999542236328,178.08478477020253,358.5146259540688,3.3452753294674995,0.3989015545218083,0.0817196025983631,3.25557566292466,2.063955256930576,17.352618852771286,6.187492407074662,tp,1.0
63,82725,0.721987792202878,0.1593023150098483,0.485,0.775,0.875,0.99972182687945,0.0084365215182389,0.995,0.995,0.995,0.3567166153170407,0.3270421128960804,0.025,0.235,0.905,973,0.0117618615896041,0.8085320306920809,0.0351230510570462,0.795,0.815,0.825,11.729999542236328,15.290000915527344,32.6700005531311,179.35170373992878,461.244572953466,3.459518884373787,0.2900784361392605,0.0869385728418971,3.113951016308289,1.6969481270889222,20.18666797810431,6.463233663508611,unmatched_ignored,
64,37631,0.8100639438305476,0.0833461137781823,0.725,0.825,0.885,0.9994464941907468,0.0117875052077907,0.995,0.995,0.995,0.5870168295857767,0.314329873453337,0.115,0.625,0.965,1010,0.0268395737556801,0.8123173136522274,0.0176302588408992,0.785,0.815,0.835,7.419998168945312,11.870002746582031,34.40000057220459,88.0753986450145,427.2589233648629,2.031801496733165,0.2588606249038786,0.0928352938719711,1.77440464196057,1.0456795353963595,25.18647370562153,7.640261452929744,tp,1.0
65,88275,0.7235712782570608,0.1713324563083829,0.455,0.795,0.875,0.99945707209959,0.0114754155545529,0.995,0.995,0.995,0.476394391081383,0.3168220021072407,0.055,0.475,0.915,1301,0.0147380345511186,0.8181673267213406,0.0501358177453272,0.795,0.825,0.835,12.790000200271606,13.380000591278076,32.01000118255615,171.1302102420808,515.8352804868654,3.1718076303674496,0.2937694895316268,0.0924345868128179,3.8465860201099393,2.162539344405907,22.53733548227568,5.475349134679277,tp,1.0
66,98118,0.7403030741155128,0.1458973093246479,0.535,0.785,0.885,0.999693675408748,0.0088087278451254,0.995,0.995,0.995,0.3872927572553793,0.3239406718335709,0.025,0.295,0.905,1326,0.0135143398764752,0.8122026729278076,0.0179725145652759,0.785,0.815,0.835,13.079999685287476,14.880000114440918,34.769999504089355,194.6303968139648,504.1247493000024,3.457144627323074,0.3331462709817744,0.091712860614146,3.0824423453797016,1.7295185076764852,21.115890276538774,6.583563596714984,tp,1.0
67,19600,0.7778790109627405,0.0769439200137135,0.695,0.785,0.855,0.999172277411028,0.0137104444202358,0.995,0.995,0.995,0.2550630733096505,0.3073368651178075,0.015,0.105,0.845,463,0.0236224489795918,0.8011403640583319,0.0674433186729328,0.795,0.805,0.825,9.379999160766602,10.339999914169312,29.210000038146973,96.98919051723487,202.08437554200535,1.7534674763598077,0.2772522797701447,0.0791797440217609,1.7836253637308994,0.977660394177966,11.1494807125704,3.4736478573614145,tp,1.0
68,102465,0.6694287380639976,0.1975303837338204,0.345,0.735,0.865,0.9997636842773034,0.0082252300254256,0.995,0.995,0.995,0.4054330548570647,0.32506354922516,0.035,0.325,0.905,1196,0.011672278338945,0.8103461397631112,0.0294798907612871,0.785,0.815,0.825,11.489998817443848,15.72000002861023,33.17000102996826,180.6227817389488,567.2872436882908,3.679952569560297,0.3188529520838302,0.0943349160943234,4.301673824122939,2.361937320701271,22.383176965249707,5.512921838863914,tp,1.0
69,58004,0.7527445994862029,0.1335085845749533,0.575,0.795,0.865,0.9994318525079332,0.0124561050501554,0.995,0.995,0.995,0.404490361724635,0.3318096473065471,0.035,0.305,0.925,1130,0.0194814150748224,0.814271873182955,0.022094460080998,0.795,0.815,0.835,10.049999237060549,10.580000877380373,31.919999599456787,106.32900074577265,545.5143901773768,2.8601294966511963,0.6726347511053091,0.1773214275070913,2.624741514038322,1.5228131881164146,20.212780062425733,6.432008175390339,unmatched_ignored,
70,19619,0.6907806292307644,0.1278562579524436,0.515,0.715,0.825,0.9989038720074532,0.0075614125426826,0.995,0.995,0.995,0.1758672790995488,0.2613451563918744,0.005,0.045,0.645,462,0.0235486008461185,0.8073739978400144,0.0202631629582245,0.785,0.805,0.825,9.060001373291016,8.969999313354492,32.52000045776367,81.26820609741117,241.4105213111745,2.2175131139004582,0.8530206826639811,0.0774092082884445,2.121004879883541,1.1128322397928363,8.243284098391953,5.695135603001266,unmatched_ignored,
71,41474,0.6879869031489424,0.2111625082427354,0.315,0.775,0.875,0.999252176940996,0.0147603529044249,0.995,0.995,0.995,0.5746481337212874,0.3213277260737848,0.105,0.605,0.965,1208,0.0291266817765346,0.8173265328371762,0.0173869906233597,0.795,0.815,0.835,9.849998474121094,17.589998245239258,36.37999963760376,173.2614558753994,239.3723392802721,3.6668816126525337,1.0642258178442838,0.0948038752032263,2.832005041554304,2.2286134653534235,23.85174826020723,8.170792893493408,unmatched_ignored,
72,49112,0.6876870240481537,0.1796188076413727,0.415,0.745,0.855,0.9995686869172034,0.0048409639337874,0.995,0.995,0.995,0.4163716871106824,0.3324638463874568,0.035,0.335,0.935,412,0.0083889884345984,0.8013763849451704,0.0257749486782523,0.775,0.805,0.825,7.439998626708984,16.770000457763672,34.820000648498535,124.76878037567076,393.62410894878457,3.3334077763590546,1.5625409148257954,0.0874663952064952,3.0550476713673955,1.9496834092214008,19.226562602189404,8.114014585383254,unmatched_ignored,
73,145224,0.6762775918915948,0.1847984660129089,0.395,0.735,0.865,0.9912923773117468,0.053856402593532,0.995,0.995,0.995,0.3677822991451895,0.3072118513048101,0.035,0.275,0.885,1260,0.0086762518591968,0.7994784197873539,0.0688083242472638,0.785,0.805,0.825,17.919998168945312,18.32999992370605,35.959999561309814,328.4735650695802,442.1177697183557,3.874449619227173,0.5214105026659882,0.2136093159504069,3.896886856162541,2.080857897949988,19.19847752582642,7.160156714274319,unmatched_ignored,
74,26483,0.7211861879140464,0.0913103222863192,0.615,0.735,0.825,0.9957466198792788,0.0218004132832211,0.995,0.995,0.995,0.2275664259554519,0.2400447687080171,0.025,0.145,0.615,1112,0.0419892006192651,0.7616880257084644,0.0595309839870285,0.715,0.775,0.805,13.789999008178713,13.119998931884766,33.79999923706055,180.92477225799664,146.37575424019627,2.0392758337012498,0.4109385063701753,0.2657468022019805,2.018704037555344,1.000607499062186,6.012926384260282,3.7774260737212937,unmatched_ignored,
75,123974,0.6481388010589332,0.2011113523318084,0.335,0.705,0.875,0.999620258237446,0.0064204082685085,0.995,0.995,0.995,0.4114195322500262,0.3245001598554637,0.035,0.325,0.915,1347,0.0108651814090051,0.8044656643446233,0.0467364340554463,0.785,0.815,0.825,17.869998931884766,15.90999984741211,35.5,284.3116802795412,436.04961948136,4.571389802753322,0.3728095964720353,0.1141804879364827,4.016094692466232,2.192216038245048,21.475620492700244,7.645582655912115,unmatched_ignored,
76,29377,0.6690725940286162,0.1589211961616932,0.425,0.715,0.835,0.9971639427211256,0.0227439318238434,0.995,0.995,0.995,0.2005340275729642,0.2594390813741474,0.005,0.085,0.655,516,0.0175647615481499,0.8011394946207834,0.0716311450267999,0.785,0.805,0.835,8.290000915527344,11.920000076293944,29.61999988555908,98.8168115455628,297.28747103375974,2.7258808284199847,0.3125739109918614,0.1494925711463282,2.871100212843761,1.672514814016007,9.813146108428873,3.3778156442188223,tp,1.0
77,26961,0.7771583237866235,0.1224809942890272,0.635,0.815,0.865,0.9995414849041452,0.0098351358428402,0.995,0.995,0.995,0.6789884520776376,0.3158258687504912,0.145,0.825,0.985,911,0.0337895478654352,0.8133696777629538,0.0146436586760734,0.795,0.815,0.825,5.760000228881836,11.129999995231628,34.76000022888184,64.10880251998901,420.5506722979829,2.125653502477996,0.4776863997029503,0.0745523995858403,2.033213320223751,1.6310566462550689,22.96382070800289,8.323061709869604,tp,1.0
78,1065,0.4689359301587505,0.2274304314739682,0.175,0.465,0.775,0.6602427889483635,0.1354604830749896,0.515,0.615,0.885,0.5386118720688795,0.3535621702543751,0.045,0.605,0.975,271,0.2544600938967136,0.6314758203401337,0.1920682283087643,0.385,0.755,0.795,6.030000686645508,8.529999732971191,28.92000102996826,51.43590424690228,20.705381106703094,1.251493108575346,0.7882350457022351,0.4485578189381829,0.87380737675896,0.6834414819141609,6.011010241410542,5.079319899565281,unmatched_ignored,
79,20906,0.8112759515122798,0.1020956693920605,0.705,0.845,0.885,0.9993679611452296,0.011982917366276,0.995,0.995,0.995,0.6445247169109578,0.2978301192726473,0.175,0.725,0.965,779,0.0372620300392231,0.812403735820687,0.0136997150092062,0.795,0.815,0.825,6.989999771118164,9.35000228881836,35.140000343322754,65.35651385879464,319.87630253915086,2.020524684098602,0.2956204400834922,0.0855905539416764,2.2463374449234816,1.4669458510457505,23.06758619450396,7.562017927421956,unmatched_ignored,
80,47215,0.7138764528013836,0.1668716878260448,0.465,0.765,0.865,0.9995661329102064,0.0108316429620219,0.995,0.995,0.995,0.5290184970804354,0.3111648823159139,0.095,0.515,0.955,1157,0.0245049242825373,0.8082307100089954,0.0160077324417908,0.785,0.815,0.825,13.6899995803833,11.079998016357422,34.579999923706055,151.6851681945809,311.2697211070291,3.42277125455644,0.377462481627666,0.0907168335370771,3.265590236531261,2.023546502492386,26.669253903854777,7.203624531548436,unmatched_ignored,
81,66168,0.7063131492112921,0.1829624601745833,0.415,0.775,0.885,0.9996383902829052,0.0090673278416238,0.995,0.995,0.995,0.4780844055021402,0.3190680957393709,0.065,0.445,0.935,955,0.0144329585298029,0.8123002421169381,0.0179594677533433,0.785,0.815,0.835,13.56999969482422,13.520000457763672,34.03999900817871,183.46640208587635,360.65458987432646,3.3847079237377518,0.2684050932389867,0.1023621581818366,3.8466202635466766,2.147323175440769,22.83479924985749,5.537172618902482,unmatched_ignored,
82,67254,0.6831118327672092,0.2088781744210492,0.345,0.765,0.875,0.9997052525651192,0.0087658124314527,0.995,0.995,0.995,0.4826838755909873,0.3165845071284674,0.065,0.465,0.925,1067,0.0158652273470722,0.8104794330427104,0.0170877780413577,0.785,0.815,0.825,15.979995727539062,14.019999861717224,32.579999923706055,224.0395378903395,300.18808569815377,3.668325194005123,0.5721530220912248,0.0976678555876381,4.279691233415599,2.3745501849762665,24.87931097095973,5.532817860423253,unmatched_ignored,
83,103705,0.6920876087075828,0.1956099490799373,0.355,0.765,0.875,0.9995869858774958,0.0102927292808639,0.995,0.995,0.995,0.4172155728108388,0.3182993154305049,0.035,0.355,0.915,1337,0.0128923388457644,0.8168492753200773,0.0173482093751873,0.795,0.815,0.835,15.970001220703123,13.949999809265137,33.90000057220459,222.7815139827726,465.50092126593313,3.9378504513886567,0.3908041162844283,0.1088930985246836,3.889431186299227,2.2335853366251204,24.235899147649384,5.860465314702145,unmatched_ignored,
84,61167,0.7809102172875056,0.1117845293396465,0.655,0.815,0.875,0.9991583726789915,0.0133901468838565,0.995,0.995,0.995,0.4902963319757413,0.3245856251680172,0.055,0.475,0.935,1309,0.0214004283355404,0.8214792296848196,0.0198732415216265,0.795,0.825,0.845,8.389999389648438,12.580000400543211,32.989999294281006,105.54619568233466,579.5282303124978,2.873821033924604,0.5572979620058026,0.1028430647111145,2.4109688222511987,1.2553843476354378,23.399550013451343,6.701495580041156,unmatched_ignored,
85,69934,0.7230424593165562,0.1693149295323842,0.455,0.785,0.875,0.9993542238094484,0.0120260830394825,0.995,0.995,0.995,0.4063482736358296,0.345113719072922,0.015,0.325,0.935,1168,0.0167014613778705,0.8203988262031177,0.0122588200472018,0.805,0.825,0.835,9.119998931884766,13.940000295639038,32.06999969482422,127.13278780670134,550.086261825163,3.3234511737914594,0.6156129174218802,0.0968884306090464,2.8368214676792918,1.6512135190684267,20.747687607716816,7.933742409762619,unmatched_ignored,
86,65834,0.6996952450256498,0.1946810904313673,0.375,0.785,0.875,0.9995673209502124,0.0108957342999766,0.995,0.995,0.995,0.5659982413700845,0.3237940909123679,0.085,0.615,0.955,1297,0.0197010663183157,0.8083367552680057,0.0171316945367653,0.785,0.815,0.825,16.619998931884766,10.749998092651367,32.110000133514404,178.664956817629,368.4774069444384,3.832990268446773,0.6775125010045534,0.0965256926574087,3.503729609266882,2.2494936731845496,22.923751546658306,6.8575517314554055,unmatched_ignored,
87,29382,0.6558977740201025,0.1742564441864097,0.385,0.705,0.835,0.9971366351655844,0.0169449027541477,0.995,0.995,0.995,0.2165045335135976,0.2925296824423549,0.005,0.075,0.795,609,0.0207269756994078,0.8021924593570001,0.019936157587877,0.775,0.805,0.825,16.56999969482422,12.290000915527344,31.30000114440918,203.64531141967743,144.28026746684498,3.407049032358605,1.0102416390054985,0.1441225207330079,2.800532090284935,1.835359620181305,10.344345375341184,5.831341111760071,unmatched_ignored,
88,70121,0.657258411734598,0.1974083850106313,0.345,0.725,0.855,0.9996115086106558,0.0088330013711731,0.995,0.995,0.995,0.381701520912712,0.3149113296134982,0.035,0.285,0.885,1156,0.0164857888507009,0.816314073324616,0.0222728338498643,0.785,0.825,0.845,16.25,12.360000610351562,32.02999973297119,200.8500099182129,349.12121751228,3.817739542108263,0.5012371188365913,0.0968509772222756,4.092465550924247,2.075833899183716,21.61983722117264,5.638679859294824,unmatched_ignored,
89,30339,0.8010997912165365,0.0916943358932846,0.705,0.825,0.875,0.9995731215202884,0.0104246829047213,0.995,0.995,0.995,0.5673252796884464,0.3503001226363232,0.045,0.645,0.975,935,0.0308184185371963,0.811542444114379,0.0159836717710482,0.785,0.815,0.825,12.940000534057615,9.60000228881836,34.59000015258789,124.22403474426392,244.22810016159863,1.9417149594631529,0.1652114299433712,0.0837915123929902,1.602231451424042,1.1633889780370568,23.332620818247616,7.600062296541244,tp,1.0
90,15253,0.7551943934012427,0.0948994220609285,0.645,0.765,0.855,0.9985554999916904,0.0202954832124828,0.995,0.995,0.995,0.2565549624603407,0.3347829514206266,0.005,0.065,0.885,472,0.0309447321838326,0.7831826435433606,0.1030762289636197,0.775,0.805,0.825,9.170000076293944,8.889999389648438,31.729999542236328,81.5212950813293,187.10448582524265,1.9092133871065955,0.204328555685592,0.2907009300371721,1.804292863131168,1.1298416825663264,11.408653203897934,5.221831186663035,tp,1.0
91,25617,0.7830387808597155,0.1360473183262688,0.635,0.835,0.875,0.999207425511646,0.0112110414541459,0.995,0.995,0.995,0.6626829920640924,0.2942733981858589,0.165,0.765,0.965,1275,0.0497716360229535,0.8138961027650272,0.0184129121045215,0.785,0.815,0.835,10.220001220703123,10.209999084472656,33.50000095367432,104.34620310668834,245.5000684002657,1.678260705991976,0.6673034823869398,0.0918932260727625,1.7936239802731135,1.3176127560368698,20.4790099177834,8.837626722494939,tp,1.0
92,165629,0.6183493267520425,0.2154226035492721,0.285,0.675,0.865,0.9997858619533616,0.0075998038820807,0.995,0.995,0.995,0.3766063867173188,0.3109364388203248,0.035,0.285,0.885,1306,0.0078850925864431,0.8101707110794726,0.0251924387934319,0.785,0.815,0.825,17.48999786376953,19.59000015258789,33.34000015258789,342.629060820007,483.4061640994596,5.029723130159271,0.5753533510979365,0.0952807768559396,4.530035865666044,2.2404273865508944,20.96535798290304,6.63666559261054,tp,1.0
93,59867,0.7062302707954,0.1819327264811894,0.395,0.775,0.875,0.9994668632604864,0.0120650022785199,0.995,0.995,0.995,0.4076274801758411,0.3374856704877385,0.035,0.305,0.945,983,0.0164197304023919,0.8085526051047132,0.0255793483923461,0.785,0.815,0.825,12.93000030517578,13.460000991821287,33.93000030517578,174.0378169319156,343.98845639060306,3.2110791518888813,0.6221215415552961,0.0656226537445094,3.138340320754079,1.925492648665041,21.82084847497153,6.49021238341064,tp,1.0
94,60527,0.7326037773077534,0.135804124387944,0.545,0.765,0.875,0.9992534347119918,0.0146620775744694,0.995,0.995,0.995,0.4814790752722026,0.322438415018477,0.065,0.445,0.935,1262,0.020850199084706,0.8125687442755359,0.0268079593383607,0.795,0.815,0.835,23.86999893188477,20.029998779296875,35.579999923706055,478.1160494674696,126.5947881637012,3.27260726965314,0.41627532028163,0.0980005441000721,3.008461585769296,1.6974273649832192,24.516727932360418,7.159291890753874,tp,1.0
95,38860,0.7040931268238064,0.1351008590006813,0.505,0.745,0.835,0.9992533658284596,0.0142354632871125,0.995,0.995,0.995,0.2962657260311185,0.3165480354355331,0.015,0.135,0.875,509,0.0130983015954709,0.7990119347462251,0.0849864531847796,0.795,0.815,0.835,12.729999542236328,9.51999968290329,28.100000381469727,121.18959160544888,320.65459983159803,2.7107426275135285,0.3023579517039227,0.0842770835317588,2.975905936577228,1.5051243433841912,16.515688098856195,5.184396198819155,tp,1.0
96,74050,0.7722437232541604,0.1090620076689695,0.625,0.805,0.875,0.9987902544254712,0.0187390252346686,0.995,0.995,0.995,0.4028542825405898,0.3311025880289446,0.035,0.305,0.925,1080,0.0145847400405131,0.8013622236610562,0.0939411228591409,0.795,0.825,0.835,12.010002136230469,10.8400000333786,33.13000011444092,130.18842355761535,568.7909721652702,2.873569111280569,0.2570772677035223,0.0916311834257195,2.4659536025335616,1.506732597881376,20.556105291430487,6.4079740046154825,tp,1.0
97,108087,0.6986146257144741,0.1836613183890099,0.415,0.765,0.875,0.999325252243121,0.0129307760606383,0.995,0.995,0.995,0.4654703444773693,0.3318845374504985,0.055,0.415,0.945,1686,0.0155985456160315,0.8134440382233293,0.0511570547697407,0.785,0.825,0.835,12.120000839233398,16.839999675750732,36.66999912261963,204.10081020278903,529.5765356962949,3.874021731243624,0.3824169502569802,0.1269991632219409,3.757491758069605,2.207103884968578,24.13861097353937,6.255198490353679,tp,1.0
98,102856,0.6946795663043455,0.1806892225130248,0.415,0.745,0.875,0.999334639548662,0.0137363058765296,0.995,0.995,0.995,0.3967555918717331,0.3210534487437111,0.035,0.315,0.925,1421,0.0138154312825698,0.8030169536212143,0.0877312674192208,0.765,0.825,0.835,13.169998168945312,17.860000133514404,34.65000057220459,235.2161690557477,437.2828637287366,4.2035196650858655,0.3880649064103138,0.1214819479132024,3.61232027180596,2.184037128632756,23.73116591358928,5.779221330029915,tp,1.0
99,20446,0.7451833760566083,0.1047584679930278,0.605,0.775,0.845,0.9990165226702984,0.0119325640180157,0.995,0.995,0.995,0.2453161475774922,0.2745171583353313,0.015,0.125,0.745,271,0.0132544262936515,0.8102244244290454,0.0581819233045248,0.785,0.825,0.835,8.020000457763672,8.010000318288803,26.75000095367432,64.24020621936336,318.2741962281737,1.9788971722401036,0.2201931402264872,0.0851849114412501,2.114424131780932,1.1875563283079658,9.516100589540518,2.5932637541590746,tp,1.0
100,77567,0.7758484736949611,0.1229422309795168,0.625,0.815,0.875,0.9995341830349684,0.0109904836345592,0.995,0.995,0.995,0.5343800695420715,0.3126006176509124,0.085,0.545,0.945,1285,0.0165663233075921,0.8119378980031737,0.0187966858471317,0.785,0.815,0.825,11.979999542236328,12.000000953674316,34.60000038146973,143.7600059318538,539.5589649375007,3.0315628836118207,0.3049650188471522,0.1129359867954233,2.982402490148431,1.8143409311556975,25.10145438970912,6.5630536912314685,tp,1.0
101,74370,0.7112321817833432,0.1831230264978903,0.425,0.785,0.875,0.9996725273577935,0.0087762411624685,0.995,0.995,0.995,0.4412778999284812,0.3310777091139267,0.045,0.385,0.935,1196,0.0160817533951862,0.8118264220630046,0.0159683829159748,0.795,0.815,0.835,10.85999870300293,15.870000839233398,34.609999656677246,172.3481885307301,431.5101924424326,3.546964329617978,0.3641924802899779,0.0805996958175331,3.526078675590114,2.298279176872808,24.02086512806097,6.919865537230611,tp,1.0
102,17087,0.7161930001726645,0.1561667114955548,0.485,0.765,0.855,0.9987051335227785,0.0174492301355277,0.995,0.995,0.995,0.6137884874120383,0.3005218006758414,0.145,0.695,0.965,887,0.0519108093872534,0.8146373424280052,0.0230806309275912,0.795,0.815,0.835,8.860000610351562,5.150000065565109,32.33999967575073,45.629003724217455,374.4767276374068,2.1834370663559435,1.1382527609116109,0.1073707856810376,3.3745131723500283,1.6961670419433936,21.77077486979408,8.203588282472218,unmatched_ignored,
103,50885,0.7749974813737276,0.1444661213837699,0.565,0.825,0.885,0.9994908926856416,0.0108196726297164,0.995,0.995,0.995,0.4995082330441197,0.3462466717902773,0.045,0.495,0.955,1246,0.0244865874029674,0.8132657206364657,0.0198299286118042,0.795,0.815,0.825,12.18000030517578,8.989997863769531,32.149999141693115,109.49817672424253,464.7109342116949,2.615057684508645,0.3142773938609049,0.1008619865615861,2.683450806493997,1.994580069611023,22.086236029379183,7.006549883539716,tp,1.0
104,21228,0.7102717712520851,0.1183711090666647,0.555,0.725,0.845,0.9988263301370236,0.0121064911951777,0.995,0.995,0.995,0.2440793983549617,0.2828243615151172,0.015,0.125,0.775,407,0.0191727906538534,0.8043570971020316,0.0226173062374401,0.785,0.805,0.825,14.849998474121094,8.559999465942383,29.57999992370605,127.11597900772176,166.99710111748018,2.1622363627473864,0.4083111171255453,0.095111945644017,2.1718466820700155,1.2879837012213795,10.79605715333663,4.901127633712573,tp,1.0
105,48235,0.7234768538553442,0.1212865727279734,0.555,0.755,0.855,0.9993609867430084,0.0091697777793467,0.995,0.995,0.995,0.2622667431709304,0.2919411012909637,0.015,0.125,0.805,580,0.0120244635638022,0.8115235607171881,0.0154165444648644,0.785,0.815,0.825,17.68000030517578,13.770000338554382,31.40999937057495,243.4536101879121,198.12809496958923,2.6625562454896468,0.585795416887531,0.0824185260156231,2.344279145050108,1.291770740528854,12.424400267691714,6.090222487487305,unmatched_ignored,
106,61266,0.6776562897188158,0.1857329236884244,0.395,0.735,0.875,0.9875500835992718,0.0665368263751381,0.995,0.995,0.995,0.4102399294217255,0.3220419707263713,0.035,0.335,0.925,990,0.016159044168054,0.7547926142059191,0.1684976403611075,0.525,0.815,0.835,17.450000762939453,25.0,32.34999990463257,436.2500190734863,140.43781620942403,3.500051823037981,0.4401616380584681,0.2313997702661172,3.663330824627257,2.0946431160511456,21.811301153177094,6.929979920495812,unmatched_ignored,
107,15550,0.715918572626984,0.1110342548135309,0.615,0.725,0.825,0.991066362873151,0.0350285990509505,0.985,0.995,0.995,0.2800252883151451,0.2955314705800035,0.015,0.135,0.785,561,0.0360771704180064,0.7922296802149736,0.0409787681108425,0.765,0.795,0.825,16.900001525878906,20.060001373291016,32.350000858306885,339.0140538177511,45.86830494159823,2.525239174167208,0.621232042082474,0.1706777138034786,1.8503561825085129,1.5271640276873786,5.374339768293634,3.854961432192325,unmatched_ignored,
108,57367,0.748119863567513,0.1371898369424203,0.565,0.795,0.875,0.999518897524606,0.0112919625683912,0.995,0.995,0.995,0.4627362916048837,0.3270222886854084,0.045,0.425,0.945,1169,0.0203775689856537,0.814878256683986,0.0166536368640508,0.795,0.815,0.835,11.880001068115234,14.87000012397766,34.21999931335449,176.65561735572828,324.7391781744539,3.381146813505223,0.3068232664637373,0.0840111629945226,2.880003271898513,1.7284358479500663,24.836806366213786,6.488835546371485,unmatched_ignored,
109,57300,0.7499620657679454,0.1623487587947905,0.495,0.815,0.885,0.999485457245176,0.0120037159096958,0.995,0.995,0.995,0.4902262468131159,0.3319390062594701,0.045,0.495,0.935,912,0.0159162303664921,0.8121355246556433,0.0148662647917386,0.795,0.815,0.825,8.199996948242188,12.859999656677246,32.55000019073486,105.451957939149,543.3754016503415,2.8500265265627744,0.3384532667475588,0.1015279027954723,2.6959813431754243,1.597275901243616,21.471664633877303,7.383294257440645,unmatched_ignored,
110,34498,0.8301941012746925,0.067474048592312,0.775,0.845,0.875,0.9995043569975668,0.0112453241441976,0.995,0.995,0.995,0.6063391128684954,0.3130497322623427,0.105,0.695,0.955,1074,0.0311322395501188,0.8108156628670861,0.0154764300028849,0.795,0.815,0.825,8.520000457763672,6.1100006103515625,31.88000011444092,52.05720799713163,662.6940115939536,1.5546098232875312,0.2689569156202845,0.0896354737355283,1.4526062622407685,0.9820963348561802,21.244833320844027,8.272445810933112,tp,1.0
111,56685,0.8049006430406077,0.113567708616754,0.685,0.845,0.885,0.9994853331633238,0.0113208631939783,0.995,0.995,0.995,0.4806540440583823,0.3312408770664926,0.055,0.465,0.935,1168,0.0206050983505336,0.8164694057394789,0.0225225376856512,0.805,0.815,0.835,12.139999389648438,7.560000419616699,31.230000495910645,91.77840047988866,617.6289813682398,2.3249369951902774,0.2272508416523071,0.1112988783059875,2.341556588063439,1.7627862021874718,20.551583753763985,5.986890038465645,tp,1.0
112,84461,0.7604356182310885,0.128130810667425,0.585,0.795,0.875,0.9993952340640536,0.0078028392462501,0.995,0.995,0.995,0.4463793506439867,0.339181683332398,0.025,0.425,0.925,990,0.0117213862019156,0.8177834037578467,0.0132730846245935,0.805,0.815,0.835,12.700000762939451,11.989999294281006,33.290000915527344,152.27300018501228,554.6682596217291,2.935544474575259,0.4964014537740286,0.0865848650169251,2.593572742633639,1.4676358706835038,20.943682195912743,8.28452508374639,unmatched_ignored,
113,41970,0.7800746171059979,0.1313481010640791,0.595,0.835,0.875,0.9993485407443564,0.0119400096895456,0.995,0.995,0.995,0.5186665100398427,0.3392394182985957,0.065,0.515,0.965,980,0.0233500119132713,0.8197672938205758,0.0157762018038009,0.795,0.825,0.835,8.90999984741211,10.34000015258789,34.43000030517578,92.1293997817993,455.5549053765943,2.518110749906086,0.7723873815148088,0.0826511392741705,2.054393957579345,1.4614291851496095,23.60598171527844,6.539088301852713,unmatched_ignored,
114,68963,0.769758704175893,0.1156707252042881,0.625,0.795,0.885,0.9994817707024968,0.0112213649239833,0.995,0.995,0.995,0.521336256914301,0.3254745235359777,0.055,0.545,0.945,1115,0.0161680901352899,0.8187422788731186,0.0172449159544366,0.795,0.825,0.835,9.689998626708984,10.68000030517578,34.8799991607666,103.48918829040484,666.3787893135307,2.776620978434218,0.9910413392184446,0.1010822303416971,2.260323651660098,1.458554701606763,23.706054522239132,6.806764895582146,unmatched_ignored,
115,149730,0.6276820115330317,0.2066838896019485,0.305,0.685,0.865,0.9996742843900884,0.0091062537239597,0.995,0.995,0.995,0.3572081852919906,0.3054683866242753,0.035,0.255,0.865,1578,0.0105389701462632,0.8148179852388355,0.0180950662799276,0.795,0.815,0.835,15.28000259399414,15.160000562667848,34.25999927520752,231.64484792251733,646.3774236415699,4.576167491869508,0.3049623010137907,0.1007879330484874,4.602980974115681,2.343756565422728,23.253841958855137,5.963469066209797,unmatched_ignored,
116,71980,0.7152977511402666,0.1830722315736844,0.425,0.785,0.875,0.9995581746979136,0.0114659974054676,0.995,0.995,0.995,0.5396647776459075,0.3140068952942398,0.085,0.565,0.945,1095,0.0152125590441789,0.8144068664067412,0.0153398750230024,0.795,0.815,0.835,19.80999755859375,15.899999618530272,34.579999923706055,314.9789536247263,228.52320503216464,3.632727614742522,0.4675469977506556,0.089113583268232,3.6022773821924705,2.1783794846300504,24.486166488108253,6.573798500668142,unmatched_ignored,
117,38817,0.7213516009784213,0.1710273262179684,0.505,0.775,0.865,0.9991709978093958,0.015718276404694,0.995,0.995,0.995,0.5587752462247605,0.3348652367399999,0.085,0.575,0.975,1047,0.0269727181389597,0.8176034825721465,0.0375403349203663,0.795,0.825,0.835,6.930000305175781,12.549999713897703,35.50999927520752,86.97150184726706,446.3186121376581,2.7663502594969147,1.2187957597867538,0.0951749457046112,2.2660653879152406,1.9331040340899663,25.578691215252807,7.527422110187095,unmatched_ignored,
118,43501,0.7884658775968976,0.125659734083411,0.625,0.835,0.885,0.9992013801865428,0.0137697231278826,0.995,0.995,0.995,0.6076592778411882,0.3144836645994292,0.115,0.665,0.965,1261,0.0289878393600147,0.8170840150302219,0.034823413114322,0.795,0.825,0.835,12.699999809265137,11.129999160766602,34.77999973297119,141.35098721885697,307.75165321375795,2.172560752232305,0.2977006834428716,0.0966478955185862,2.757747678452777,1.6623243427890957,22.821138185999224,7.27170896433477,tp,1.0
119,104701,0.7544195250242716,0.1274516674015272,0.585,0.795,0.875,0.9996966385235424,0.0089350856083541,0.995,0.995,0.995,0.3845556477043778,0.3229001979040142,0.025,0.295,0.915,1367,0.0130562267791138,0.8158641687778984,0.0202435685533831,0.795,0.825,0.835,11.75,12.670000195503237,34.140000343322754,148.872502297163,703.2930755137528,3.2166215346150304,0.231533939245151,0.1000547233532976,2.9599540697814444,1.7093394746233854,22.946317313076538,6.927914265801114,tp,1.0
120,54144,0.7972700029488292,0.0867036341117191,0.685,0.825,0.875,0.9996437434840234,0.0091205644820771,0.995,0.995,0.995,0.4238586780339395,0.324408535171995,0.045,0.355,0.935,962,0.0177674349881796,0.8171688497933925,0.0135516533178868,0.795,0.815,0.835,10.64000129699707,7.940000057220459,32.20000076293945,84.4816109069825,640.8968699663484,2.4174576132491,0.2008189017158538,0.0972015038583735,2.154997526793846,1.3398435598471212,22.79141394013261,5.549868303574452,tp,1.0
121,76094,0.7146811666886068,0.1555899474297799,0.485,0.765,0.875,0.9996636928233862,0.0091393319579857,0.995,0.995,0.995,0.3789677219276755,0.3270637810332827,0.025,0.285,0.905,1026,0.0134833232580755,0.8138025928775237,0.0173587494299026,0.795,0.815,0.835,10.34000015258789,10.630000352859495,32.08000040054321,109.91420527057652,692.3036000003721,2.7682544609185498,0.2643496646981196,0.0979608812582489,3.672030582450245,1.8269837883571496,21.61412351982404,6.547325199001145,tp,1.0
122,80205,0.7488026249543233,0.1454017241496284,0.555,0.795,0.875,0.999367140970075,0.0128413982908572,0.995,0.995,0.995,0.5318462938976899,0.3084403761065192,0.095,0.545,0.945,1378,0.0171809737547534,0.8185400540233524,0.0162455864675452,0.795,0.825,0.835,16.020000457763672,12.729999542236328,34.320000648498535,203.9345984939573,393.2878510674908,3.3477275897590166,0.43432875010655,0.0941498600567221,3.2172158966422684,1.919810383670437,26.304552239750358,6.219231944749069,unmatched_ignored,
123,23423,0.7990568413575341,0.1023677184452951,0.695,0.825,0.875,0.999265200097397,0.0152008670868652,0.995,0.995,0.995,0.631942368233232,0.3000010044553361,0.165,0.685,0.975,815,0.034794859753234,0.8045532745817687,0.0152408618296072,0.785,0.805,0.825,8.279998779296875,7.020000457763672,33.71000003814697,58.12559522094671,402.97221750529377,1.8903235868539805,0.3425940672081318,0.0858874311815711,1.9871263725238564,1.4458655295844196,25.27070477428645,7.952577357022853,unmatched_ignored,
124,52405,0.8153882582844947,0.0823187758105619,0.725,0.835,0.885,0.9996130619973992,0.0099173252757552,0.995,0.995,0.995,0.46799073444401,0.3353907243632917,0.045,0.455,0.935,819,0.0156282797442992,0.8137028958189036,0.020526735345052,0.795,0.815,0.835,8.170000076293945,9.829999923706056,30.65000057220459,80.31110012664794,652.5249924027818,2.105292538685473,0.1928533198327062,0.0821772758615619,1.9162110525644824,1.0798683807798417,21.127787851141377,5.508268682902836,tp,1.0
125,16764,0.7256161648094782,0.1407764169664091,0.625,0.745,0.845,0.99752618681059,0.0115428588911575,0.995,0.995,0.995,0.2142361211954992,0.2852890091885911,0.015,0.075,0.775,712,0.0424719637318062,0.7951759051405982,0.0419205167248302,0.745,0.805,0.825,12.950000762939451,10.53000259399414,30.14999866485596,136.36354162597854,122.93608540896317,2.399794312982418,0.4848529492877073,0.1351146667138301,1.8343309016212432,1.3540646477334335,8.326291353898881,5.094935262542894,unmatched_ignored,
126,23446,0.7393765101018777,0.1470039141632707,0.535,0.785,0.865,0.9996034524973204,0.009018345650129,0.995,0.995,0.995,0.4321290561721457,0.3427293021587878,0.025,0.385,0.935,564,0.0240552759532542,0.8102321334130375,0.0172359107844894,0.785,0.815,0.825,9.939998626708984,16.72000026702881,30.699999809265137,166.1967796928402,141.0737322548137,2.499084624096105,0.6019194544891019,0.0784639085833169,2.467859604505646,1.7279560195422372,20.06972273377457,5.615635051815679,unmatched_ignored,
127,82727,0.7222904206628709,0.1714536731433817,0.455,0.785,0.875,0.9991105216051251,0.0163604196563261,0.995,0.995,0.995,0.4684959395260916,0.3321831485549982,0.045,0.445,0.935,1115,0.0134780664112079,0.8110053949425573,0.0743937759382691,0.795,0.825,0.835,7.599998474121094,29.80000066757202,33.76000022888184,226.4799596023549,365.27293693114825,3.5901174422291304,0.5729939087581668,0.1341768856904633,3.1314613745562005,1.879777806094044,21.8446572298454,6.2127817860357695,unmatched_ignored,
128,99602,0.7654612616713038,0.138347846406197,0.575,0.815,0.885,0.9996364329146616,0.0097378144396287,0.995,0.995,0.995,0.5790019238039971,0.2931900921277801,0.135,0.615,0.945,1375,0.0138049436758298,0.8158026085225019,0.032518782568499,0.795,0.815,0.835,11.440000534057615,13.199999809265137,33.94999980926514,151.0080048675536,659.5809280929121,3.2676379792281858,0.260158684239233,0.1156267226200285,3.176221862420381,1.8580756471347044,24.417842620989067,6.153513305887165,tp,1.0
129,78682,0.7601572889791557,0.1084760234210635,0.625,0.785,0.875,0.9991146974472572,0.0126080378984988,0.995,0.995,0.995,0.485587449676112,0.3477701034298601,0.025,0.525,0.945,1729,0.0219745303881446,0.8009688604629543,0.0195791747538311,0.785,0.805,0.815,9.770000457763672,11.71999740600586,34.99000072479248,114.5043800216663,687.1527533279683,2.485540443472132,0.5354455992122691,0.1115179906876204,2.149975365846967,1.2847758453096727,20.5776762331503,10.361789785997626,unmatched_ignored,
130,94943,0.733606423114815,0.1329464196977989,0.545,0.765,0.865,0.9996146191966108,0.0092591246309056,0.995,0.995,0.995,0.407504954459842,0.3144946915474474,0.035,0.345,0.905,1145,0.012059867499447,0.814419572985849,0.0326955817287998,0.795,0.815,0.835,17.969999313354492,13.710000276565552,34.290000915527344,246.3686955559729,385.3695770306571,3.460371949116712,0.2913051165327414,0.0782941744952365,3.079368638782458,1.6741862284984803,23.100067697286576,6.464201075133097,tp,1.0
131,80136,0.773318274317517,0.116256206268491,0.625,0.805,0.875,0.9995684920529102,0.010836938176669,0.995,0.995,0.995,0.5314739405828529,0.3144116940986036,0.085,0.555,0.955,1374,0.0171458520515124,0.8091787110683353,0.0185604023657897,0.785,0.815,0.825,10.81999969482422,14.300000190734863,33.6299991607666,154.7259976997375,517.9220117585705,3.276721171773692,0.2779468883501463,0.1023479673690547,2.9117610057653045,1.5845752106866258,24.86364379482844,6.084217620776487,tp,1.0
132,28749,0.6924101274416886,0.2222727607116352,0.305,0.795,0.875,0.986309668307404,0.0686569738652476,0.995,0.995,0.995,0.6059104239365318,0.32602167970313,0.105,0.685,0.975,980,0.0340881421962503,0.8178993942178026,0.0215020232870683,0.785,0.825,0.835,16.01000213623047,7.430000305175781,34.34000015258789,118.95432075805728,241.68100676622717,3.22732095723021,1.6864999639260627,0.1239920219115335,2.2237126903183038,1.7852736028164546,21.5767668335614,8.982253372739553,unmatched_ignored,
133,28959,0.7264392248713212,0.1632908010181374,0.495,0.785,0.865,0.9982332773039676,0.0232795814282584,0.995,0.995,0.995,0.485266827733428,0.3316529364637106,0.055,0.455,0.945,663,0.0228944369626023,0.8058978877006433,0.0459640942258961,0.775,0.815,0.835,14.030000686645508,10.860000610351562,33.13999938964844,152.36581602020306,190.06231683988852,2.998305950293848,0.5571217672362524,0.1671278577302844,2.6274560890866616,1.742064865335111,21.11277282386303,6.048447626815712,unmatched_ignored,
134,83384,0.7264067381192408,0.1610921054968169,0.475,0.785,0.875,0.999510847468111,0.0115736635290182,0.995,0.995,0.995,0.4435567377113799,0.3263423249726987,0.045,0.385,0.925,1215,0.0145711407464261,0.8047500146024021,0.0211965202096252,0.785,0.805,0.825,11.55999994277954,14.429998397827148,34.579999923706055,166.8107806531907,499.8717689197809,3.679470362486397,0.246506226287741,0.1333309866100532,3.305763276783294,2.0356545805031145,24.226561554351694,5.938743559817722,tp,1.0
135,47076,0.6928346886468343,0.1285089577382548,0.525,0.715,0.845,0.997398366675076,0.0196607506611409,0.995,0.995,0.995,0.2273387945349726,0.2646317776384523,0.015,0.115,0.725,780,0.0165689523323986,0.7821033743711618,0.0461890438294661,0.745,0.795,0.815,10.430000066757202,12.159997940063477,32.14999961853027,126.8287793266295,371.17758485053656,2.5900523051204125,0.2747604049521486,0.1124607906369131,2.547692912087858,1.281254522966881,9.425118573660802,4.738890176580127,tp,1.0
136,71477,0.7368110784245289,0.1393587234555441,0.535,0.775,0.875,0.999616002987966,0.0099730514758213,0.995,0.995,0.995,0.4581541346503434,0.3431333080179763,0.035,0.405,0.955,1331,0.018621374707948,0.8197575396026193,0.0134384273783117,0.805,0.825,0.835,12.979999542236328,10.229999542236328,34.1899995803833,132.7853893753054,538.2896441865075,3.250341939518973,0.5219647427847944,0.0864727398036805,3.1590303785365754,2.227595758990369,25.357126962725467,7.289197539467032,tp,1.0
137,81318,0.7669916029496997,0.1225524372423813,0.605,0.805,0.885,0.9997319118357194,0.0080814776930048,0.995,0.995,0.995,0.5039437174606057,0.3398475659933952,0.045,0.505,0.955,1328,0.0163309476376694,0.8158835387194013,0.0155796575705537,0.795,0.815,0.835,14.009998321533203,10.829998016357422,34.480000495910645,151.7282540313754,535.9450058865405,3.2079425985016923,0.2210194528401556,0.0810742545819506,2.922510842549679,1.82237626001704,24.87150017105392,6.556103830770823,tp,1.0
138,59223,0.7914878250547476,0.1147002086689914,0.655,0.825,0.885,0.9994078871055394,0.0127451740203265,0.995,0.995,0.995,0.5975744590231942,0.3262175347110136,0.095,0.665,0.975,1162,0.0196207554497408,0.8131483210677124,0.0239719215849574,0.795,0.815,0.825,11.919998168945312,9.789997100830078,34.519999504089355,116.69674751587443,507.4948639159271,2.760406902913481,0.2873784785075846,0.0785865254158798,2.508205524533243,1.5601646200925172,24.907818442670564,6.908326660626267,tp,1.0
139,16393,0.7626941069130682,0.1123647443200549,0.615,0.805,0.855,0.99686717979425,0.020503658750586,0.995,0.995,0.995,0.6266535020831518,0.3242625249590152,0.095,0.745,0.965,1220,0.0744220093942536,0.817233026668918,0.0431400247416532,0.795,0.825,0.835,10.140000224113464,10.210000038146973,30.0600004196167,103.52940267500878,158.34149117482687,2.2548828598689514,0.200914134206999,0.0756927016440861,2.846141993804412,2.021420021761001,18.819736991166515,8.579635803842276,tp,1.0
140,47011,0.659559713169615,0.1711159676258627,0.405,0.695,0.855,0.9971383060620572,0.015030025633793,0.995,0.995,0.995,0.2591549289431156,0.2999067203725246,0.015,0.125,0.835,945,0.0201016783306034,0.7984465936504344,0.0571856467323962,0.775,0.805,0.835,11.49999976158142,13.739999771118164,25.11000061035156,158.00999409198766,297.519155482228,3.27083550688838,0.3579022328152629,0.1702790961558113,3.0469210714612243,1.5615611666444826,11.015081119081296,5.335474510825113,tp,1.0
141,69277,0.7507017604594894,0.1390331214910689,0.555,0.805,0.875,0.9996304029556432,0.0093616003980188,0.995,0.995,0.995,0.5416448186104523,0.3148766850946667,0.085,0.565,0.945,1585,0.0228791662456515,0.8139697287737007,0.0164865649528271,0.795,0.815,0.835,15.350000381469728,13.809999465942385,34.75,211.9834970703123,326.8037415998552,3.386817354160113,0.251064531448646,0.0969711178096707,3.1172272444511457,1.733023277659175,24.046770475808355,6.348948057531092,tp,1.0
142,31573,0.7214272191404496,0.1419731537403453,0.525,0.755,0.865,0.9992889743140776,0.0089124183384708,0.995,0.995,0.995,0.3522123419797549,0.324160980642776,0.025,0.225,0.905,933,0.0295505653564754,0.7881262708547159,0.0607197460520168,0.705,0.805,0.825,9.809999644756315,11.15999984741211,27.86999988555908,109.47959453859336,288.39164168506306,2.5656909539260275,0.2507677651711745,0.104920951980596,2.573626110061527,1.4039449200414569,12.35005486243237,4.675204352068627,tp,1.0
143,99610,0.7231288863153938,0.1571187917834315,0.495,0.775,0.875,0.9995746523821022,0.0106707993013539,0.995,0.995,0.995,0.4867445433252367,0.3132876976812102,0.065,0.475,0.935,1151,0.0115550647525348,0.811495622844928,0.0199680295187657,0.785,0.815,0.835,15.990001678466797,11.899999618530272,34.040000915527344,190.2810138740533,523.4889071272854,3.832786225254718,0.2659814700188014,0.080204284890606,3.7251139313747097,1.9601857883169265,25.67730492822689,5.381344279035954,unmatched_ignored,
144,66715,0.7364464348664949,0.1319771588705076,0.545,0.775,0.865,0.9992650496989168,0.0126781553880661,0.995,0.995,0.995,0.4627329407516858,0.3297254015031645,0.045,0.425,0.945,1113,0.0166829048939518,0.8169811457957862,0.0172355656414986,0.795,0.825,0.835,10.18000030517578,14.090002059936523,35.44999980926514,143.4362252700812,465.1196019302651,3.023883927188257,0.6320142423698838,0.0985252681398233,2.535256262484914,1.6868389240422168,24.45459795379124,8.881081288920987,unmatched_ignored,
145,50336,0.7948930986114296,0.1137088704348691,0.675,0.825,0.885,0.9992400473238308,0.0145322052188202,0.995,0.995,0.995,0.447853214784323,0.3272714292423504,0.045,0.395,0.925,886,0.0176017164653528,0.8105580177721536,0.0145358981527639,0.795,0.815,0.825,11.720001220703123,10.399999618530272,32.38999938964844,121.88800822448684,412.9692554110314,2.579668716112621,0.3919116322269509,0.0926730235510111,2.4523446591762377,1.3759415330643652,23.339540014131668,6.259951888493697,tp,1.0
146,43549,0.7983062179263126,0.0910445207004896,0.685,0.825,0.875,0.9995230519280768,0.0113193608948258,0.995,0.995,0.995,0.4746721849982438,0.3403726201516144,0.045,0.445,0.945,1006,0.0231004156237801,0.8083711262073953,0.0352746711753971,0.795,0.815,0.825,7.8500001430511475,9.55999994277954,32.019999504089355,75.04600091838836,580.2974104823924,2.064993163337238,0.2944529025597207,0.0966993964852591,1.9291419287802885,1.3251085072709503,21.513503641727752,7.320227323332551,tp,1.0
147,61504,0.7709376069616078,0.1132974712003425,0.635,0.795,0.875,0.9993992548709216,0.0079223778965341,0.995,0.995,0.995,0.471216425191215,0.333271592756751,0.045,0.455,0.935,1792,0.0291363163371488,0.7848802212226603,0.0263064976088028,0.755,0.785,0.815,10.56999969482422,9.140000104904177,31.3700008392334,96.60979831953046,636.6227967537995,2.6086339980876887,0.2672984779369141,0.1577723264586315,2.550939940555182,1.6411288721295738,19.48727819729067,10.074041897123768,tp,1.0
148,47281,0.7410980064761242,0.1550577800077851,0.515,0.795,0.875,0.9994708130647127,0.0114075574530639,0.995,0.995,0.995,0.4574598593527745,0.3407590714531248,0.025,0.415,0.955,1058,0.0223768532814449,0.8156201672125855,0.0135958077300147,0.795,0.815,0.825,19.520000457763672,9.18000030517578,33.77999973297119,179.1936101593019,263.85427447980715,2.7057905624263565,0.4106997183123166,0.0923762340503783,2.9535077682865967,1.8914407012914416,20.68545667863562,6.917953654403309,unmatched_ignored,
149,40608,0.8119551776870726,0.080489777997288,0.725,0.835,0.875,0.99938251900687,0.0131413121353844,0.995,0.995,0.995,0.63089736096295,0.2942793457545009,0.185,0.675,0.975,995,0.02450256107171,0.8142046704364182,0.0139530810588553,0.795,0.815,0.825,16.06999969482422,7.1100006103515625,34.920000076293945,114.25770763854962,355.4070954098084,2.0464350937898765,0.282819618562566,0.0886715038640074,1.834274838016452,1.2450803486899165,25.60454536171834,7.167330348670568,unmatched_ignored,
150,89291,0.7096415687978606,0.157581149696183,0.475,0.755,0.875,0.999472492889283,0.0120404591951204,0.995,0.995,0.995,0.4878338257062173,0.3183327927022665,0.065,0.465,0.945,1479,0.0165638194218902,0.8139732556620347,0.0169221025026283,0.795,0.815,0.835,11.869998931884766,15.950002670288086,34.249999046325684,189.32651465987877,471.6243795033648,4.040602632203672,0.2347360355210586,0.0916051989255538,3.9050259523681614,2.258310865154655,26.242699274220044,5.996689144626224,unmatched_ignored,
151,59178,0.7469114145140205,0.1225653681877411,0.585,0.785,0.865,0.9995554799779994,0.0094498559917184,0.995,0.995,0.995,0.2750351167324587,0.2982163811769528,0.015,0.135,0.825,528,0.0089222346142147,0.8117917111199914,0.0300167407774861,0.795,0.815,0.825,9.90999984741211,12.390000343322754,30.33999919891357,122.78490151176447,481.96479592672017,2.624861516290511,0.3050268417680243,0.0703796411011787,2.35232510344956,1.3667779665560311,15.41999111675788,6.416360510391511,tp,1.0
152,61414,0.7389656084775246,0.1448181960816749,0.545,0.785,0.875,0.999320822608472,0.0140955241479566,0.995,0.995,0.995,0.4324460741559675,0.3234713955891469,0.035,0.375,0.915,938,0.015273390432149,0.8046414806072646,0.0616723744009003,0.795,0.815,0.825,12.060001373291016,13.619999885559082,33.78999900817871,164.257217324066,373.8892025598804,3.410543716970446,0.4108263198277831,0.0822969746447044,3.2209763049644007,1.7427717705566212,23.527117970587327,5.917329327772717,tp,1.0
153,119383,0.7042116393688688,0.167290421880817,0.455,0.755,0.875,0.9997796084595983,0.0070879991620057,0.995,0.995,0.995,0.3308348064522635,0.3031210142663006,0.025,0.225,0.865,1036,0.008677952472295,0.812053557643559,0.018064218762449,0.785,0.815,0.825,12.3100004196167,15.519999980926514,32.42000102996826,191.05120627765652,624.8743586915622,3.5052382004567844,0.3149827488637311,0.0809825995715709,3.399795550874355,1.7886596807887107,19.875931337986614,6.590262494940752,tp,1.0
154,29142,0.8195476394981938,0.0757164327913316,0.735,0.835,0.875,0.998946180251016,0.0169233559351342,0.995,0.995,0.995,0.5521777369343264,0.3330851919847568,0.075,0.585,0.965,1047,0.0359275272802141,0.8175964213715583,0.0184879995135006,0.795,0.825,0.835,8.439994812011719,8.269998550415039,32.480000495910645,69.79874486084736,417.5146710459947,1.8594390074296103,0.1987509033450818,0.0903342645306644,1.899095468904208,1.2428163082468386,21.920980260756306,7.399257432619015,unmatched_ignored,
155,23405,0.6864974739360672,0.1497743782577222,0.465,0.725,0.845,0.9994376730980004,0.0109086627776588,0.995,0.995,0.995,0.3457616065274301,0.3171372359895901,0.035,0.225,0.905,664,0.0283700064088869,0.8113687298743122,0.0175303973111974,0.785,0.815,0.835,11.810001373291016,9.869998931884766,25.26000022888184,116.56470093993994,200.78977435938728,2.4071140288398367,0.3217910738606923,0.0884696112829041,3.104068570541209,1.8162779203265047,16.64162316501357,4.67597251016493,tp,1.0
156,44628,0.6902344756910541,0.185963371720919,0.405,0.755,0.865,0.9994656675440698,0.0109376683653658,0.995,0.995,0.995,0.3855169584449832,0.3464198597274245,0.025,0.255,0.935,895,0.0200546741955722,0.8058064416800131,0.0202787104980481,0.795,0.805,0.825,13.650001525878906,10.880001068115234,32.249999046325684,148.51203118133708,300.5009065259369,3.236862374515011,0.7719950735843973,0.09736369453513,3.025479445571261,1.8740263594412283,17.877679171244832,7.245608124180152,unmatched_ignored,
157,95421,0.6529685649359296,0.2119648304884499,0.285,0.715,0.865,0.999190538938918,0.0089266691058979,0.995,0.995,0.995,0.3604757019823606,0.3090384931076805,0.035,0.255,0.895,1058,0.0110877060605107,0.7969836735770472,0.0331624543517736,0.765,0.805,0.825,12.799999237060549,11.669998168945312,31.18000030517578,149.37596765899798,638.7975354765986,3.207738719104908,0.4304327053193023,0.1337207326848943,3.629012783639895,2.040853125643176,16.32559372222909,8.301500155151428,unmatched_ignored,
158,22709,0.7358952760046794,0.1342487951103641,0.545,0.785,0.855,0.998942954573114,0.0168965962691083,0.995,0.995,0.995,0.4875029805229277,0.3293999291671089,0.065,0.435,0.955,1421,0.062574309745035,0.8154713822703056,0.0141241800914999,0.795,0.815,0.835,7.920000076293945,9.9399995803833,17.320000171661377,78.72479743499753,288.4605707464748,2.545479167582963,0.4457950419982608,0.089655100494637,2.331276482796448,1.5402511735215545,12.073167347678751,3.670022088738389,tp,1.0
159,92851,0.7107856818148293,0.1573419309422374,0.485,0.755,0.875,0.9996258064322444,0.0105530493402009,0.995,0.995,0.995,0.47438024625061,0.3317612349169161,0.045,0.455,0.945,1214,0.0130747110962725,0.8079850944204032,0.017027272360981,0.785,0.815,0.825,15.330001831054688,13.25000011920929,35.34000015258789,203.12252608895324,457.1181827432466,3.899295747151861,0.374091679761635,0.0936293162538868,3.6395988311289513,2.058119675767297,25.090455728698327,6.184656029083283,tp,1.0
160,80958,0.7124323484227685,0.1433676687058036,0.515,0.745,0.865,0.9995701428336315,0.0107251435017678,0.995,0.995,0.995,0.4674096879040308,0.3173467238510145,0.055,0.435,0.935,1202,0.0148472047234368,0.8089784622911407,0.033695899131094,0.785,0.815,0.825,14.34000015258789,10.450000762939451,35.359999656677246,149.85301253509533,540.249399264094,3.642426743716228,0.2959281336270383,0.1036882420462136,3.4137500206150477,1.8686266393760276,26.5898055996318,5.918395191059045,tp,1.0
161,71054,0.7535917504227928,0.1420743398767935,0.545,0.805,0.875,0.9997216091421892,0.008743949204619,0.995,0.995,0.995,0.3916809519324191,0.3252847921839712,0.025,0.305,0.905,679,0.0095561122526529,0.8106310560706789,0.0148390690915108,0.795,0.815,0.825,13.479999542236328,10.049999237060549,38.11999988555908,135.47398511505162,524.4844605379934,2.903477553411402,0.2976964551207071,0.0758760132319045,2.746688896980275,1.6674738555585653,21.33531378784968,5.583009528501558,tp,1.0
162,44653,0.7753129602524758,0.1298369372011879,0.595,0.815,0.875,0.9995058445122316,0.0113291681840993,0.995,0.995,0.995,0.4728853935901059,0.3436096632425499,0.045,0.425,0.965,977,0.0218798289028732,0.8136596586955607,0.018029023634207,0.795,0.815,0.835,12.5,12.0600004196167,33.26000022888184,150.75000524520874,296.2056281680905,2.661637804099315,0.3552863181923574,0.0843945877923579,2.304813643075456,1.534745867888384,24.57497672117846,6.39186352530626,unmatched_ignored,
163,88249,0.7335274406378995,0.1547620110329396,0.495,0.795,0.875,0.999686243432803,0.0094349826639332,0.995,0.995,0.995,0.4316985954411749,0.3292506323637364,0.035,0.375,0.915,986,0.0111729311380298,0.8121095083910843,0.0170971336846803,0.785,0.815,0.835,12.080001831054688,12.9000004529953,32.290000915527344,155.83202909278953,566.3084830105915,3.1421081599308343,0.2634383818509019,0.1055183617739723,3.318572111656703,1.8925804441046463,22.551663590537736,5.839953921079895,unmatched_ignored,
164,48893,0.7521690871524856,0.1290466987927552,0.575,0.785,0.875,0.9997951347336912,0.0068817025101988,0.995,0.995,0.995,0.3694131121497724,0.32068352312183,0.035,0.255,0.905,860,0.0175894299797517,0.809481938841731,0.0171584943925933,0.795,0.805,0.825,12.69000244140625,9.459999084472656,28.8100004196167,120.0474114776589,407.28075181445377,2.638281395071045,0.2491308143745265,0.0718012372007748,2.492859625057512,1.4766845520575986,18.619193621763504,5.736937400571817,tp,1.0
165,20782,0.7732235518841717,0.1043364451775967,0.645,0.805,0.875,0.9986648378163624,0.0174570253549122,0.995,0.995,0.995,0.422988347855282,0.3390839997129551,0.045,0.315,0.955,179,0.0086132229814262,0.7303411799103188,0.1257272489137553,0.545,0.765,0.815,9.029999732971191,5.19000244140625,30.34000015258789,46.86572066001827,443.43711581350726,1.9114156534102664,0.3534581875163892,0.2851917286713465,2.13402950249916,1.2425270954046217,20.37679818382008,7.6649702064725105,unmatched_ignored,
166,56074,0.7517753407886221,0.1403670108144764,0.545,0.805,0.875,0.999200954582074,0.0130445133617424,0.995,0.995,0.995,0.5260641948107571,0.3257439244820788,0.075,0.545,0.955,983,0.0175304062488854,0.8228786220870692,0.0152578265621038,0.795,0.825,0.835,7.200000762939453,12.34000015258789,34.44000053405762,88.84801051330578,631.1227418153884,2.9161070257124178,0.7351663143848179,0.0750799644246324,2.9356222147451136,1.6656354815940686,23.854663880156,6.536672229932877,unmatched_ignored,
167,20119,0.5702653568325231,0.2041653342987433,0.305,0.555,0.855,0.9982965725530858,0.0197945345795715,0.995,0.995,0.995,0.5303899069117468,0.3925998174004595,0.035,0.555,0.985,986,0.0490084000198817,0.8112919489280689,0.0548382045869691,0.795,0.825,0.835,11.329998016357422,5.850002288818359,36.89000129699707,66.28051432799839,303.5432087994718,3.46374048706868,4.498569395918569,0.0790202822293891,2.288627025877061,1.9294378203114408,20.37178935154156,8.434578563950042,unmatched_ignored,
168,28594,0.7225158649552821,0.1442899443013887,0.505,0.765,0.865,0.9930002097046408,0.0372713529633923,0.995,0.995,0.995,0.5061949486831184,0.3519419845423195,0.045,0.505,0.955,1652,0.0577743582569769,0.7860699567501828,0.0490542678768746,0.765,0.795,0.815,12.5,6.200000762939453,35.170000076293945,77.50000953674316,368.9547933080374,2.2760782428374635,1.0258034001539098,0.1693479476147779,2.065297591293323,1.5353522680920495,17.748529449553434,10.388192826735317,unmatched_ignored,
169,24373,0.7122829806073202,0.0993912584539904,0.585,0.725,0.825,0.9971870169516136,0.0133296574422111,0.995,0.995,0.995,0.1665868121127118,0.237280221175479,0.005,0.065,0.525,649,0.0266278258728921,0.7671072653197728,0.0628135979408502,0.675,0.785,0.815,9.970000743865969,7.660000801086426,26.039999961853027,76.37021368484557,319.1427498236322,2.0381507669280072,0.3776970584308174,0.1834566962229979,1.8575101238289848,1.007631380382327,7.561564409001731,3.831005775277697,tp,1.0
170,17968,0.7510975035324606,0.086886911274795,0.645,0.765,0.845,0.9980934778044294,0.0115194700837622,0.995,0.995,0.995,0.1894739430285568,0.2716378623457563,0.005,0.065,0.735,310,0.0172528940338379,0.810441901030079,0.0129415686628357,0.795,0.805,0.825,9.209999084472656,7.589998245239258,31.25,69.90387688980263,257.03867652898543,1.7933803466327378,0.2295719263881983,0.0844472095243495,2.149530973031633,0.998453360622283,11.18148891917386,4.490983714808846,tp,1.0
171,71940,0.7671717580080587,0.1122677450190991,0.625,0.795,0.875,0.999672849582804,0.0094968597702234,0.995,0.995,0.995,0.4645492078929358,0.321339340683935,0.045,0.445,0.925,1257,0.0174728940783986,0.8050674284462334,0.0166941445988691,0.785,0.805,0.825,11.59000015258789,13.149999618530272,34.07999897003174,152.40849758529657,472.0209249470374,3.25073257875204,0.2044705582337192,0.0988409095328185,3.0243158361146363,1.6248260192063015,25.83825799584687,6.19807420287271,unmatched_ignored,
172,48267,0.7850408493394441,0.1068306837400504,0.655,0.815,0.875,0.9994778846062856,0.0115718926186853,0.995,0.995,0.995,0.5013493056701502,0.3384847087702576,0.045,0.495,0.955,1154,0.023908674663849,0.8138465755837009,0.0167442228475388,0.785,0.815,0.825,10.09000015258789,14.43000078201294,34.96000099182129,145.59871009235394,331.5070577849489,2.7228771182789835,0.3031717506836462,0.0750343118675584,2.4263705128135213,1.4109406626014975,24.95281897562387,6.873871017018925,tp,1.0
173,66144,0.7425417360327246,0.1462660382878068,0.545,0.785,0.875,0.999600934610852,0.0105831543437155,0.995,0.995,0.995,0.566041168615165,0.3007984741043786,0.115,0.605,0.935,1267,0.0191551765844218,0.8094444821552677,0.0175130225942854,0.785,0.815,0.825,11.630001068115234,14.46999990940094,34.56999969482422,168.28611440196028,393.0449059035944,3.34754730322132,0.3022306063619581,0.0893929879119043,3.535533901514723,1.8398165523195715,25.85324743260252,6.477948419902878,tp,1.0
174,19293,0.7318821053362861,0.1208764002306944,0.595,0.755,0.845,0.9994572503029302,0.0131523992415885,0.995,0.995,0.995,0.4726724452996947,0.3322878086110645,0.055,0.415,0.935,523,0.0271082776136422,0.8065627132957341,0.0180704524870377,0.785,0.805,0.825,7.489997863769531,14.990000069141388,33.489999771118164,112.27506849577412,171.83690251523794,2.029026315934103,0.4113611144129941,0.0661215370619859,2.860294104248008,1.3040233802365675,18.60876297255233,5.32130479983354,tp,1.0
175,81974,0.6785997258798336,0.1830583258922488,0.395,0.735,0.865,0.9995652688370652,0.0107373035819807,0.995,0.995,0.995,0.4612925714417735,0.3188094101222568,0.055,0.425,0.935,1547,0.0188718374118622,0.8112071497485032,0.0193045701384549,0.785,0.815,0.835,14.09000015258789,15.370000839233398,32.36000061035156,216.5633141700746,378.5220978638285,3.923313711889576,0.2769495008778626,0.1043254806890254,3.91576650181303,2.1668276816307297,22.78633490320041,5.855752726867782,unmatched_ignored,
176,36235,0.7464342637565098,0.151291470023814,0.535,0.805,0.875,0.9991469593957424,0.0151650912243085,0.995,0.995,0.995,0.4577531710708989,0.3412831565169136,0.045,0.405,0.955,1103,0.0304401821443355,0.8115723771148666,0.0292360006734196,0.785,0.815,0.835,10.869998931884766,10.510000228881836,31.77999973297119,114.2436912620542,317.17287492824016,2.746556653231304,0.3081467570927572,0.1050177350791463,3.164682737799412,1.7756059582250792,21.224612525165927,6.288943459040924,unmatched_ignored,
177,33464,0.7971494880004178,0.0980701895094442,0.685,0.825,0.875,0.9991333372205204,0.0156907815037648,0.995,0.995,0.995,0.5104976190863582,0.3559513960208266,0.045,0.495,0.965,1220,0.0364570882142003,0.8051156515957879,0.0184288383109181,0.785,0.805,0.825,9.729999542236328,9.389999389648438,34.230000495910645,91.3646897628787,366.2684138352578,2.241508299191711,0.252365077885803,0.1301019224157447,2.1810561736214744,1.5650268851153222,21.95375722650276,7.819331619219806,unmatched_ignored,
178,52064,0.6087793158972608,0.2264364835185071,0.275,0.645,0.865,0.9980694695450848,0.0234349494934122,0.995,0.995,0.995,0.4503768848528866,0.3294408785861456,0.045,0.395,0.935,1045,0.0200714505224339,0.8066762296135346,0.0514136647280899,0.785,0.815,0.825,11.779999732971191,9.040000915527344,32.3799991607666,106.49120837097144,488.904209055742,3.0808276733478146,0.501664381693365,0.2301763910228634,4.14638653438112,2.3311873679131665,19.04256639325334,7.111545900548347,unmatched_ignored,
179,121867,0.7526203463247765,0.1248703710359705,0.585,0.785,0.875,0.9997025166645844,0.0084803573416308,0.995,0.995,0.995,0.4666633952231931,0.321354672523606,0.065,0.425,0.935,1589,0.0130388045984556,0.8121186765280064,0.016462636381978,0.785,0.815,0.835,12.420000076293944,13.350000381469728,34.93000030517578,165.8070057563782,734.993068863811,3.4432495305938167,0.1864541172228921,0.1479488914297803,3.291490139010296,1.7015854235273438,23.63944021973082,6.533631841340326,tp,1.0
180,40044,0.80955187631517,0.0681909106252845,0.735,0.825,0.875,0.9995667223088596,0.0101591560742766,0.995,0.995,0.995,0.5893315300217687,0.3231693527750175,0.105,0.645,0.975,939,0.0234492058735391,0.8021018336883114,0.0185978643962623,0.775,0.805,0.825,7.579999923706055,8.890000343322754,34.30000114440918,67.38620192413327,594.246282719473,2.0391794973885338,0.2346822092813237,0.1475273202149946,1.7048863488766406,1.1639084015089525,25.07026955880977,7.9674702524993295,tp,1.0
181,30208,0.7065792652162708,0.1197764460025524,0.555,0.725,0.835,0.9991626724802052,0.0071581522024593,0.995,0.995,0.995,0.1903163884061603,0.2616289431682391,0.005,0.065,0.655,848,0.028072033898305,0.7919561121401921,0.0218723527204662,0.765,0.795,0.815,9.339999675750732,8.389999628067017,29.640000343322757,78.3625938056947,385.4900473930554,2.314099367212604,0.2136401888862231,0.1547658166774868,2.1917579163249776,1.1806263085918398,8.25046015119918,3.689575003649853,tp,1.0
182,36326,0.7499509306979053,0.1024051947792542,0.615,0.765,0.865,0.999070088081224,0.0057848123584801,0.995,0.995,0.995,0.2364070832396989,0.3100643223660708,0.005,0.075,0.835,736,0.0202609701040577,0.8012748263452364,0.0210488920021401,0.775,0.805,0.825,10.71999740600586,10.949999690055847,30.38999938964844,117.38396827316365,309.46304281915184,2.2398034090520724,0.2109875470776603,0.1009942900676879,2.101009236385122,1.0893720711849817,14.047103000274692,7.411949350900953,tp,1.0
183,92519,0.7308583675418315,0.1477223756141908,0.525,0.775,0.875,0.9995714428070012,0.0108317968224437,0.995,0.995,0.995,0.4755157938194143,0.3203906708106076,0.055,0.455,0.935,1381,0.0149266637123185,0.8162359143408375,0.0136424427900935,0.795,0.815,0.825,13.139999389648438,15.049998998641968,34.93000030517578,197.75697765636505,467.84189916558506,3.756249212514,0.2900926436647547,0.0973264860178677,3.4720407021310087,1.895272623078181,26.345909212953256,5.938418412472421,tp,1.0
184,73414,0.7437292469487958,0.1191930201011446,0.595,0.765,0.865,0.9988277510206776,0.0128526495496478,0.995,0.995,0.995,0.3363970687257565,0.336211813318514,0.015,0.175,0.905,978,0.0133217097556324,0.7832230706765851,0.0451827606642644,0.695,0.795,0.825,10.799999237060549,10.999999046325684,32.50000095367432,118.79998130798413,617.963060193395,2.590837906747945,0.3002052283983488,0.1468621150927755,2.7397072735942545,1.47632185725021,18.002320182842624,9.129403894249226,tp,1.0
185,72076,0.7620372602429647,0.1243514515948426,0.595,0.805,0.875,0.999529786948372,0.011505655367882,0.995,0.995,0.995,0.4526646097726998,0.3301673320326844,0.035,0.405,0.935,1110,0.015400410677618,0.8117769717364698,0.0220593047641996,0.785,0.815,0.825,11.69000005722046,12.529998779296877,31.989999771118164,146.47568644695275,492.06801311767776,3.28951111484334,0.1982428664567174,0.0902218268319533,3.1173495200507646,1.761525000440389,23.136789806107146,5.818548060824956,unmatched_ignored,
186,51442,0.7661094679306906,0.1305988805159597,0.585,0.815,0.875,0.9996255336013674,0.0093916904826366,0.995,0.995,0.995,0.4223630079857164,0.3380939707343918,0.025,0.345,0.925,938,0.0182341277555305,0.8090838230113739,0.0169815500120433,0.785,0.815,0.825,13.680000066757202,9.079998016357422,32.86000061035156,124.2143734699248,414.13886785376985,2.8498152565530708,0.2095527287748669,0.1044042773023423,2.481932974828377,1.5412134749174855,20.26827065237693,7.11308557902027,tp,1.0
187,41524,0.768058602792078,0.1291832950134595,0.595,0.815,0.875,0.9992436708676288,0.0123578480468358,0.995,0.995,0.995,0.5280073450687662,0.3417025176618544,0.065,0.535,0.965,1026,0.0247086022541181,0.8156296089727278,0.0222126908878907,0.785,0.825,0.835,14.010000228881836,5.600002288818359,33.46000003814697,78.45603334808402,529.2645858830442,2.7993054324279654,0.32440158429205,0.1177562987250398,2.3114701535692084,1.563783794797384,21.296553245026185,6.785007306169099,unmatched_ignored,
188,63905,0.7088885302651974,0.1537250277293446,0.475,0.755,0.865,0.999656457061005,0.0089470617877264,0.995,0.995,0.995,0.3580185054012061,0.3246164430995573,0.025,0.235,0.895,934,0.0146154448008763,0.8136210599216199,0.0159222993706227,0.795,0.815,0.835,9.729999542236328,12.549999237060549,27.82999992370605,122.1114868316654,523.3332396328536,2.897453782431508,0.2533401713486629,0.0998180916770264,3.575042009259332,1.6890705256499547,18.23865741354583,5.649011148788349,tp,1.0
189,84763,0.726744173229709,0.1538155681347293,0.495,0.775,0.875,0.999620183454105,0.0101378004913219,0.995,0.995,0.995,0.3944025387294175,0.32909909346839,0.025,0.295,0.915,1022,0.012057147576183,0.8093944469543353,0.0144895380917523,0.785,0.815,0.825,13.0,11.4399995803833,32.92000102996826,148.7199945449829,569.9502629712778,2.940487278627162,0.2671585505799818,0.086850163090603,3.115066832359853,1.7933565847617026,19.5561376513043,6.611597080406311,tp,1.0
190,37079,0.6759190833352122,0.1139049653128244,0.535,0.695,0.805,0.990704005141806,0.049149917128298,0.995,0.995,0.995,0.1757176773634314,0.2429819010878196,0.005,0.075,0.585,1225,0.0330375684349631,0.7564824539848737,0.0872302761211854,0.685,0.775,0.825,13.860000610351562,9.84000015258789,29.679999351501465,136.38240812072763,271.8752404428667,2.4363143625970127,0.9912226212427592,0.4266888528165286,2.313631865341688,1.1396235951656697,7.504982499683965,4.910781612198677,tp,1.0
191,62858,0.7274895394002556,0.1806359088924766,0.415,0.805,0.875,0.999653674474124,0.0097366352965512,0.995,0.995,0.995,0.4463128901161512,0.3190916361619399,0.045,0.405,0.915,1092,0.0173724903751312,0.8071195607656961,0.0164279375480016,0.785,0.805,0.825,13.84000015258789,9.350000381469728,31.770000457763672,129.40400670623785,485.7500289206266,3.284665035293504,0.3763517052004215,0.1039902271382562,2.950805670334092,1.935246796475533,21.657780610969617,6.587649485561171,unmatched_ignored,
192,28568,0.7917732845170846,0.110176551774978,0.675,0.825,0.875,0.9995270525894222,0.0108436816505746,0.995,0.995,0.995,0.4375841430807055,0.3537064213148091,0.025,0.345,0.955,742,0.0259731167740128,0.8112182350492863,0.016138792008194,0.785,0.815,0.825,15.830001831054688,9.94999885559082,31.84999942779541,157.50850010299473,181.3743384091614,2.1688544297720083,0.3389101741937518,0.0872892434150212,2.12538622912499,1.3903834610201444,20.34872534719315,7.026029342203817,unmatched_ignored,
193,4750,0.668596998969191,0.1726340609461046,0.375,0.725,0.805,0.9312099082218972,0.0857067427707404,0.815,0.965,0.995,0.2728920811956264,0.3201342907072113,0.025,0.105,0.905,556,0.1170526315789473,0.7574695226528662,0.1359734618228192,0.545,0.805,0.835,8.379997253417969,12.679998397827148,28.61999988555908,106.25835174713576,44.7023685376151,2.103693041506188,1.069573764084077,0.8246978139856483,1.745269743175094,0.9634362007005736,4.0559486391042405,3.737696393103641,unmatched_ignored,
194,21833,0.6481742492602622,0.1460252668201835,0.425,0.685,0.785,0.9951354454540274,0.0158280676897232,0.985,0.995,0.995,0.1939259704162441,0.2310407916054724,0.015,0.095,0.585,510,0.0233591352539733,0.8025107454727678,0.0449849847846969,0.775,0.815,0.825,11.830001831054688,13.10000228881836,25.25,154.9730510635418,140.88255893631512,3.245466369701643,1.6338700725045694,0.1277758932365201,2.1532008062231736,1.1359176551011736,5.476648460285513,2.721677447018885,unmatched_ignored,
195,21689,0.7232287194521613,0.1728938045549809,0.445,0.795,0.875,0.9985305202348614,0.0170161648537535,0.995,0.995,0.995,0.6139520312632347,0.300946624820274,0.155,0.675,0.965,762,0.0351330167365945,0.8185715497009397,0.0194835633758193,0.795,0.825,0.835,11.379997253417969,5.810001373291016,31.90999984741211,66.11779967040638,328.03571970208446,2.591369037083392,1.1744518025547388,0.1090986854996463,1.818031240977787,1.271983430569289,21.086131129702142,6.975100543694095,unmatched_ignored,
196,75196,0.7170855143509797,0.1538713943410688,0.495,0.755,0.875,0.9995484474569416,0.0104151762018453,0.995,0.995,0.995,0.4529337929060002,0.3342411187073576,0.035,0.415,0.935,867,0.0115298686100324,0.813489810886955,0.0187113734157359,0.785,0.815,0.835,8.279998779296875,18.11999893188477,32.97999954223633,150.03356903686654,501.1945025551095,3.933545490727319,2.842962514901465,0.0901025214254458,2.5111230139902334,1.4528775595982597,20.44728529610739,6.408266566113305,unmatched_ignored,
197,5801,0.6068441498638679,0.1332537016818302,0.395,0.645,0.745,0.9911155438982112,0.0162038172099639,0.975,0.995,0.995,0.2120379964943843,0.2689043626192071,0.015,0.065,0.655,133,0.0229270815376659,0.7557447028339357,0.0347415586106688,0.715,0.765,0.795,7.220001220703125,16.889999389648438,29.1399998664856,121.94581621093675,47.57030770096839,2.5766460999184377,1.16863927596714,0.2476745421208311,2.290970268200877,0.993650108315164,10.161643740987392,8.073641626334277,unmatched_ignored,
198,125289,0.6782915150244399,0.1715015359037879,0.415,0.725,0.855,0.9996281543567282,0.0095911569066265,0.995,0.995,0.995,0.4054861729187476,0.3230517286198527,0.035,0.325,0.915,1499,0.0119643384495047,0.8110611379504442,0.0168202191371456,0.795,0.815,0.825,18.39999771118164,13.96999979019165,34.51000118255615,257.0479641647344,487.4148698555964,4.535738983510573,0.3565177499688587,0.1006578498645776,4.015178892716112,2.098379847812305,25.437611524953788,6.03160111531933,tp,1.0
199,85624,0.7064561873274471,0.1636334785389445,0.465,0.755,0.875,0.9992489711481825,0.0132323652134146,0.995,0.995,0.995,0.5320557821684941,0.3089849469402482,0.095,0.535,0.945,1503,0.0175534896757918,0.8154191583375175,0.0536995622753453,0.795,0.825,0.835,17.010000228881836,13.75,34.52000045776367,233.88750314712524,366.0905300534114,4.000048903740254,0.3026416917666051,0.0904360980583173,3.594716825200776,2.009555721548483,24.339642741498185,6.415794873364436,tp,1.0
200,13393,0.7049684779295589,0.1357459839427195,0.535,0.725,0.845,0.9984634101662316,0.0192985185218696,0.995,0.995,0.995,0.6475669792297637,0.3131740965147643,0.115,0.765,0.965,757,0.0565220637646531,0.8137538322644946,0.0242442917231807,0.805,0.815,0.825,5.240000069141388,9.44000244140625,29.3799991607666,49.46561344566362,270.7537431980254,2.223586352424909,0.3909576905198731,0.0731661764910366,3.539155010258322,2.2388458073093576,17.464925991543588,7.257101345619338,unmatched_ignored,
201,58951,0.7748971557002092,0.1231831194587438,0.615,0.815,0.875,0.998693290441241,0.0197515647361925,0.995,0.995,0.995,0.534063364802986,0.3204059263993165,0.065,0.565,0.945,1338,0.0226968159997285,0.8002352178408604,0.0850893376532522,0.785,0.815,0.835,10.530000030994415,14.880001068115234,32.329999923706055,156.68641170845035,376.2355609348649,3.1737384163478053,0.259600867709548,0.1675431252439334,2.8230210424475244,1.6367140400945726,24.63631589134873,6.470671820793059,unmatched_ignored,
202,72261,0.7378459860586079,0.1492079979679918,0.525,0.785,0.875,0.9994673995733068,0.0125748882266029,0.995,0.995,0.995,0.5388001513593507,0.321488819613123,0.075,0.565,0.955,1230,0.0170216299248557,0.8120944160877205,0.0332817487861228,0.795,0.815,0.835,14.110000610351562,12.780000686645508,35.03000068664551,180.3258174888615,400.7246494499517,3.3177269585226856,0.300674598946594,0.084919264134354,3.058135069607596,1.854609499770179,23.92222976284726,6.650507545439993,tp,1.0
203,79314,0.7820506184155799,0.1258913400843303,0.625,0.825,0.885,0.9994678357144264,0.0124855973852971,0.995,0.995,0.995,0.6056712736390629,0.295873924912756,0.145,0.665,0.955,1658,0.0209042539778601,0.8140146341916304,0.0183129321485899,0.785,0.815,0.835,11.369998931884766,12.290000915527344,33.69999980926514,139.7372972824087,567.5936313531714,3.107890453986957,0.251295158935672,0.0888036261754108,2.927241714583674,1.788799744664421,23.9816542782383,6.3694730743043175,tp,1.0
204,67595,0.6135574032389753,0.2043331681299584,0.305,0.665,0.845,0.9997121476335228,0.0083150728243673,0.995,0.995,0.995,0.3726836017064406,0.3037140761680406,0.035,0.275,0.865,885,0.0130926843701457,0.814726081608379,0.0132965795855826,0.795,0.815,0.825,12.829998016357422,13.39999771118164,31.13999938964844,171.92194405365444,393.1726131418369,3.2308972729270677,0.4027491519548011,0.0792052629102512,4.035764114924216,1.8281296693065343,15.516362209788388,5.881951381940249,unmatched_ignored,
205,41891,0.7893194971719385,0.1058941778740562,0.675,0.825,0.875,0.9994230821640844,0.0118985211848779,0.995,0.995,0.995,0.5022900678578422,0.3063478562141062,0.075,0.505,0.915,936,0.0223437015110644,0.8155670053301713,0.0142057767880043,0.795,0.815,0.835,9.499996185302734,10.0,42.09999942779541,94.99996185302734,440.9580718022685,2.813057005561152,0.364402607548612,0.0811233821647395,2.451763785584942,1.329414603688716,22.73749992510924,5.855882362374731,unmatched_ignored,
206,47855,0.7774055964473322,0.1064664834093317,0.645,0.805,0.875,0.9996405955205928,0.0093562209229559,0.995,0.995,0.995,0.4993355151824161,0.3286505173397956,0.065,0.475,0.945,1173,0.0245115452930728,0.8085195333565898,0.0294383428817677,0.785,0.815,0.825,9.650001525878906,10.010000228881836,34.72999954223633,96.59651748275792,495.4112347636334,2.5599578286997184,0.2349935623857606,0.0846962524524224,2.7889366675804363,1.490975645582872,25.65969701320908,6.908221767743103,tp,1.0
207,5064,0.7850750666994478,0.0811054587698972,0.715,0.795,0.855,0.9937509062801492,0.0342885732992747,0.995,0.995,0.995,0.3734409361396304,0.3597486895160621,0.005,0.225,0.925,361,0.0712875197472353,0.7982328187808436,0.0802551480876132,0.785,0.805,0.835,3.37999963760376,6.880001068115234,32.69999980926514,23.25440111694297,217.765229667016,0.9275102721698316,0.2475420987503025,0.1022566624267381,0.8788568727627307,0.5061887392809207,7.145112257415509,3.968697245151657,tp,1.0
208,52266,0.8095730464688538,0.0882420277935579,0.715,0.835,0.885,0.9994224127832074,0.0121719625607993,0.995,0.995,0.995,0.5630952374161283,0.3103931633609311,0.105,0.585,0.955,1036,0.0198216813989974,0.8156460759492454,0.0179198984428117,0.795,0.815,0.835,9.730000019073486,10.15999984741211,33.25,98.85679870910644,528.704152698659,2.6323433186580765,0.1866202711559268,0.0861139030711616,2.37430183064872,1.3871684119993473,24.32881135208785,6.292724247367195,tp,1.0
209,26333,0.7250190723188168,0.1224204646458815,0.585,0.755,0.845,0.9991932129002512,0.0097315570960955,0.995,0.995,0.995,0.3593981661746276,0.340603964282936,0.015,0.215,0.925,597,0.0226711730528234,0.80638064411617,0.0251914275765989,0.795,0.815,0.825,12.790000915527344,11.360000610351562,29.27999973297119,145.29441820678767,181.23889633889468,2.2970686336276644,0.5552926184198195,0.079467342377314,2.1253606741261786,1.2911247675772073,13.856741023662128,7.71149019173391,tp,1.0
210,67740,0.6547836854081609,0.2230263516281753,0.285,0.745,0.875,0.9994681859679866,0.011720138105169,0.995,0.995,0.995,0.4667543705176625,0.3170440365168462,0.065,0.435,0.935,1259,0.0185857691172128,0.8106651277036493,0.0432198213909558,0.785,0.815,0.835,13.04999542236328,13.729999542236328,32.72999954223633,179.17643117523403,378.0631166481404,3.940462385980375,0.4163816234213439,0.093206521795231,4.01886731730385,2.3524201410823604,22.004314620801665,6.04879894056643,unmatched_ignored,
211,31869,0.791867926058692,0.1007892630370753,0.675,0.815,0.875,0.9992799323411384,0.0144025188223537,0.995,0.995,0.995,0.5015318108052957,0.3401666147143815,0.035,0.495,0.965,978,0.0306881295302645,0.8130786886975809,0.0175878915536952,0.785,0.815,0.835,9.43000030517578,8.540000915527344,34.239999771118164,80.5322112396243,395.7298515642829,2.2553675467567667,0.2330417289598812,0.0723561071705379,1.9749950415116555,1.231733672004385,22.34582669532345,7.968629460188805,unmatched_ignored,
212,35697,0.7323684809216482,0.1357102531004677,0.555,0.765,0.865,0.999585230233546,0.0093476429961696,0.995,0.995,0.995,0.3410546699886402,0.3300056422589588,0.015,0.195,0.885,733,0.0205339384261982,0.8091041114775903,0.0181484769057629,0.785,0.805,0.835,10.03000259399414,17.71999740600586,32.90999889373779,177.7316199478082,200.8477726725419,2.803491213607442,0.3013115422016655,0.0880674714600937,2.4252926585951577,1.4511789599324565,18.069389821365373,6.303065801037393,unmatched_ignored,
213,68613,0.7208470931536233,0.168756637202127,0.455,0.785,0.875,0.9995569391755016,0.0107141667520552,0.995,0.995,0.995,0.4208200671912431,0.3461756336773245,0.025,0.335,0.935,1049,0.0152886479238628,0.8143516833493548,0.0127583348168388,0.805,0.815,0.825,14.110000610351562,12.889999389648438,34.03999996185303,181.87789925537072,377.2475945725655,3.480706474124667,0.3592784884748217,0.1201253130837388,3.051733847789499,1.7165946341385094,21.7954134185473,6.097074547252112,unmatched_ignored,
214,33914,0.6752599653004001,0.1218059056460108,0.505,0.695,0.805,0.9991840204923594,0.0089078708735603,0.995,0.995,0.995,0.2263754890194818,0.2820003529651448,0.015,0.095,0.755,698,0.0205814707790293,0.7985785065544369,0.017103897176545,0.775,0.805,0.815,7.920000076293945,12.5,33.269999504089355,99.00000095367432,342.5656532656963,2.4297624812718865,0.2968926335026374,0.1570276724269221,2.7944450788950688,1.4389773151543404,10.88080290373277,6.784917889682418,tp,1.0
215,44921,0.7839767700160096,0.1057018530594443,0.645,0.815,0.875,0.9996223696187716,0.0090872042541216,0.995,0.995,0.995,0.6565042527978682,0.300839738429512,0.145,0.755,0.965,1143,0.0254446695309543,0.8033039667892122,0.016375942199442,0.785,0.805,0.825,6.819999694824219,12.969999313354492,34.179999351501465,88.45539135894796,507.8378978361264,2.3735509766853258,0.4164216738799072,0.1132132626733134,2.676401323043924,1.668552421340835,22.16281450783757,7.910442353240708,tp,1.0
216,99301,0.6775102322844194,0.1925243744661653,0.355,0.745,0.865,0.9995385871818434,0.0103705906240342,0.995,0.995,0.995,0.447709919149915,0.3240802498542148,0.045,0.405,0.925,2242,0.0225778189544918,0.7993652136011065,0.0274832437905513,0.765,0.805,0.825,16.28999900817871,14.970000267028809,34.15000057220459,243.86128950233436,407.2028004225306,3.825751268172793,0.2830094408462717,0.162205810384645,3.9360190324096154,2.494968658651021,21.531113861258284,8.143659179640999,tp,1.0
217,86608,0.664831524878966,0.2086495657991506,0.325,0.735,0.875,0.9993548028228872,0.0128893288836331,0.995,0.995,0.995,0.3535713655079073,0.3247159769391314,0.025,0.235,0.905,1258,0.0145252170700166,0.8150378637880513,0.0355089242433556,0.785,0.825,0.835,13.010000228881836,15.920000076293944,34.26000118255615,207.11920463638307,418.155333070385,3.629327672400006,0.3801606413254555,0.096692634119117,3.8340632874834313,2.205205207007377,18.44354421526308,7.199556111096686,tp,1.0
218,40352,0.8119309449267059,0.0872114293952896,0.715,0.835,0.885,0.9993420324770588,0.0129199430100615,0.995,0.995,0.995,0.5492303228830919,0.3241334786601729,0.085,0.575,0.965,1066,0.0264175257731958,0.8080902893033305,0.0183058528401206,0.785,0.805,0.825,11.350000381469728,8.950000762939453,33.0600004196167,101.58251207351714,397.2337282897327,2.187460031926859,0.1620447697167069,0.0991228454511215,1.978551398854813,1.33191306814777,21.092808046511877,7.592915585082186,unmatched_ignored,
219,76522,0.7501176970508873,0.142737315976295,0.535,0.805,0.875,0.9994907387835368,0.0115549653576244,0.995,0.995,0.995,0.5064408786957066,0.3270822356136137,0.075,0.505,0.955,1445,0.0188834583518465,0.8140069828313939,0.0160950558953335,0.795,0.815,0.835,11.980000495910645,10.040000915527344,34.480000495910645,120.2792159469609,636.2030164358872,3.019406225030891,0.1729780999617935,0.1084266378248212,3.266303246828904,1.999454893848224,22.12961536675605,6.2870704332458285,unmatched_ignored,
220,81644,0.7015020453805627,0.185234073695752,0.395,0.765,0.875,0.9996488003649652,0.0095048088058717,0.995,0.995,0.995,0.483304560610762,0.3294016301956587,0.055,0.455,0.945,1345,0.0164739601195433,0.815979215646765,0.0185548921511403,0.795,0.815,0.835,13.699999809265137,13.450000762939451,33.109999656677246,184.26500788688645,443.0792418825297,3.448823978178753,0.2454263952391929,0.0923265472191228,3.638526060339287,2.3286589064726377,23.309306357342084,5.786801264154514,tp,1.0
221,46925,0.760906155973784,0.136168093311647,0.595,0.805,0.875,0.9935297290352856,0.0491635842480581,0.995,0.995,0.995,0.4289105359991387,0.3310503816687987,0.035,0.365,0.915,819,0.0174533830580713,0.8133692781421582,0.026511543805766,0.795,0.815,0.845,9.350000381469728,10.89999771118164,31.84999942779541,101.91498275756749,460.432791433855,2.622159492639496,0.2589804760620653,0.0999108706808379,3.083833844070155,1.6462456359100064,20.850374178436123,5.906105014643756,unmatched_ignored,
222,88087,0.7541934421456483,0.1324928238022919,0.575,0.795,0.875,0.9994352343569972,0.0131328497977809,0.995,0.995,0.995,0.5309802168863224,0.3082276099947036,0.085,0.545,0.945,1492,0.0169378001294175,0.8142012129600182,0.0160173065710422,0.795,0.815,0.835,12.739997863769531,13.330001831054688,35.689998626708984,169.82419485168066,518.6952311296546,3.498524284925297,0.2678554860462132,0.0987586879063585,3.1788040096215897,1.8115796360672407,26.449506838079994,6.214026265449733,unmatched_ignored,
223,14054,0.7691805709311925,0.1140714421369971,0.685,0.795,0.865,0.9977216916775082,0.0136279463502912,0.995,0.995,0.995,0.2791099642186755,0.3091209087351023,0.015,0.125,0.835,391,0.0278212608510032,0.8129100145586311,0.0219238622290739,0.785,0.815,0.835,7.6999969482421875,5.280002593994141,30.949999809265137,40.65600386046572,345.680801493288,1.770361284180481,0.4910850882488757,0.0874230049310073,1.6599641975061543,0.9889322941030532,12.084422825170188,4.814949705682138,unmatched_ignored,
224,725,0.5971743594880762,0.139502985088579,0.425,0.625,0.755,0.9960724002739478,0.0065514626233614,0.985,0.995,0.995,0.2709207113392265,0.2776590236720472,0.025,0.135,0.735,117,0.1613793103448275,0.6929789990441412,0.0671568901384129,0.615,0.705,0.765,7.529998779296875,9.479999542236328,22.10999965667725,71.38438498077448,10.156282780824682,1.700785902920836,1.1056625775881583,0.2333755987885305,2.279623885806896,0.9030677038730232,5.406490613674295,3.1341343971417186,unmatched_ignored,
225,84122,0.7108616809617555,0.1768820649238097,0.425,0.775,0.875,0.99958984419154,0.0103903310787531,0.995,0.995,0.995,0.4501222577461262,0.3431275053546246,0.025,0.415,0.945,1328,0.0157865956586861,0.8152115832206356,0.0305038029692853,0.795,0.815,0.835,13.830000400543211,13.919998168945312,35.570000648498535,192.5135802520745,436.9665760194781,3.355833682924488,0.3124757401054638,0.096228075768674,3.211558740222491,1.9444076724620944,20.960990193495,7.477197147480273,tp,1.0
226,44650,0.7739039664292522,0.1368312982270216,0.595,0.825,0.885,0.9995378723310062,0.0102868763614195,0.995,0.995,0.995,0.4859709460384555,0.3374797728684627,0.045,0.475,0.945,1017,0.0227771556550951,0.8114260629097855,0.017924244145563,0.785,0.815,0.835,12.070000648498535,13.64000129699707,32.9399995803833,164.6348245002755,271.2062902580206,2.9123695159736087,0.2518017859358562,0.1089532293243538,2.641642532711036,1.6379723694948511,22.44026519544781,6.637537594764033,tp,1.0
227,15503,0.7277129630198411,0.0872939844093929,0.625,0.735,0.825,0.9970529246028836,0.0137205104481927,0.995,0.995,0.995,0.1881806978394704,0.2751276854294818,0.005,0.065,0.745,680,0.04386247823002,0.7813874288078617,0.040572929748018,0.735,0.785,0.825,8.720000267028809,6.409999847412109,32.989999771118164,55.895200381088216,277.35834014910057,1.782829590601675,0.260557493289926,0.239086328403434,1.759877776343592,0.9412902655511244,5.883121334987415,3.476460361876571,tp,1.0
228,11519,0.7283307004867768,0.0972151732377623,0.625,0.745,0.825,0.9977317745512336,0.014828932102533,0.995,0.995,0.995,0.1537163430952908,0.2499744001474192,0.005,0.045,0.565,409,0.0355065543884017,0.8000398880112142,0.0157202465342877,0.785,0.805,0.815,7.040000915527344,7.319999694824219,29.040000915527344,51.53280455322238,223.5275199917236,1.881318547215588,0.3718970174137647,0.1082212305238092,1.7605931679455675,1.028626665028361,7.269125781735361,3.270143465826179,tp,1.0
229,40496,0.7489959517315748,0.1117356182279298,0.625,0.765,0.865,0.9992102569330472,0.0144984080593133,0.995,0.995,0.995,0.4618235386186901,0.3710983098336293,0.035,0.355,0.975,1248,0.0308178585539312,0.8179216586435453,0.0162654078171704,0.795,0.825,0.835,8.600000381469727,10.149999618530272,36.929999351501465,87.29000059127793,463.9248450646292,2.2091169827425783,0.4340269482424216,0.1047199320054614,2.3683716968102577,1.5825026916065064,25.94159657969785,8.179366592693002,tp,1.0
230,50579,0.7933600554723867,0.1071076040305474,0.655,0.825,0.885,0.9993434309742576,0.0121971191368165,0.995,0.995,0.995,0.5487886131826328,0.3110762460204546,0.085,0.585,0.945,1400,0.0276794717175112,0.811503812968731,0.0210251819433916,0.785,0.815,0.835,8.760001182556152,10.420001983642578,32.5,91.27922969894644,554.1129144803003,2.4883999293442214,0.2681908457669831,0.0899698112388226,2.9452025905679244,1.738713666392945,23.57099803089188,7.321838971413382,tp,1.0
231,43820,0.807984110037148,0.0949283558780677,0.705,0.835,0.885,0.9992863101264976,0.0137767882297637,0.995,0.995,0.995,0.5785719128075375,0.3103326389861503,0.105,0.625,0.955,1116,0.0254678229119123,0.8145179806751163,0.015705922910483,0.795,0.815,0.835,10.479999542236328,11.689998626708984,33.410000801086426,122.51118025665346,357.6816410404321,2.327325451519929,0.2394125390019477,0.1032656406730917,2.5747476363137016,1.4343943986481484,24.09720067012084,6.654693020310343,unmatched_ignored,
232,67583,0.7347988896992994,0.1585401655939427,0.505,0.785,0.885,0.9996001614868194,0.0100204879163663,0.995,0.995,0.995,0.4372854894855636,0.3544011537630196,0.015,0.375,0.935,1143,0.0169125371765088,0.8172292388121705,0.016896129341458,0.795,0.815,0.835,12.620000839233398,10.279998779296877,33.359999656677246,129.73359322204487,520.9367776033819,2.982146586150781,0.3734399894207492,0.091818793088455,2.9331862974060674,1.7699726009005934,20.322403917382047,7.449663508190603,unmatched_ignored,
233,31698,0.7939594113527393,0.0969569366457995,0.685,0.825,0.875,0.9990415010356596,0.0145920529661304,0.995,0.995,0.995,0.5914877262592707,0.3212604368728646,0.095,0.665,0.965,980,0.0309167770837276,0.8181323609181813,0.0150901399391799,0.795,0.815,0.835,8.030000686645508,8.739997863769531,32.46999931335449,70.18218884734961,451.6530550072329,2.115092242619637,0.3582379681056484,0.1095727690015573,1.7037787722615152,1.2270073924797973,23.636801062763976,7.611977004745154,unmatched_ignored,
234,24932,0.7977181386363049,0.1075889310123303,0.665,0.835,0.875,0.9965595292797368,0.0296306159123826,0.995,0.995,0.995,0.6053742336096493,0.3052043465778328,0.145,0.645,0.965,983,0.0394272420985079,0.813599029247055,0.0174309557735817,0.785,0.815,0.835,9.709999084472656,7.829998016357422,32.10000038146973,76.02927357025328,327.92632139201095,2.345280902542676,0.2805880044501999,0.0895040746642303,2.486195017729927,1.9353093704115387,23.11131456878037,7.853605875417649,unmatched_ignored,
235,3074,0.5741917024607114,0.2394881944503508,0.205,0.665,0.805,0.8232025850416393,0.1784514305504615,0.565,0.845,0.995,0.43500081264365,0.3492434231375219,0.015,0.385,0.925,333,0.1083279115159401,0.6366991015212672,0.228756797038985,0.225,0.775,0.815,8.119998931884766,8.080001831054688,31.459999084472656,65.60960623779101,46.85289512116263,2.533105913847927,0.8397733246372003,0.404959031612259,2.2914061782560378,1.8747602143375777,14.178284414495518,11.945112788393653,unmatched_ignored,
236,3469,0.5348640825802395,0.2492562574338782,0.185,0.505,0.805,0.6955954767022637,0.1311285064156055,0.535,0.665,0.895,0.1551162132353535,0.2483328132779285,0.005,0.045,0.605,194,0.0559238973767656,0.73270588775271,0.170490016320831,0.515,0.805,0.835,8.670001983642578,9.119998931884766,32.18000030517578,79.07040883025911,43.87229118097671,1.469638925922975,1.2791110487551538,0.3929203328341668,1.0629755996264751,0.5788304035880543,4.976130843351539,4.333435374915171,unmatched_ignored,
237,64844,0.7853957726894462,0.1104918344527311,0.655,0.815,0.875,0.9995593491108206,0.0103287694717363,0.995,0.995,0.995,0.5366947591260391,0.315162417386582,0.075,0.555,0.945,953,0.0146968108074764,0.8127409963392636,0.0196596025520709,0.785,0.815,0.835,10.449996948242188,12.31999969482422,33.77999973297119,128.74395921325777,503.6663498330764,2.7181606615355194,0.2231754462633265,0.0797156717966686,2.365769037611604,1.3603800207959449,23.669833473085877,6.210663478511313,tp,1.0
238,23338,0.7684648522751371,0.1407305478885155,0.585,0.815,0.875,0.9992416066256696,0.0134711723067779,0.995,0.995,0.995,0.5870775516784231,0.3075730162646253,0.145,0.615,0.965,918,0.0393349901448281,0.8033349469206692,0.020154416622955,0.775,0.805,0.825,9.6199951171875,10.84000015258789,32.829999923706055,104.28074853820726,223.7996977116944,2.581603264755006,0.2488087779167322,0.0777991442256281,2.5091941466192216,1.6524920502374991,23.65363312941257,7.59263840889467,unmatched_ignored,
239,231,0.4595787878031338,0.2387001398037729,0.195,0.365,0.765,0.8459609308284083,0.1697083148630191,0.615,0.925,0.995,0.5770892658617621,0.3214769034149087,0.055,0.635,0.965,82,0.354978354978355,0.6828535591683736,0.1632943688327798,0.465,0.755,0.775,5.420000076293945,10.429998397827148,19.670000076293945,56.53059211196887,4.086283043744943,2.704455834210222,2.0533013228244767,0.2302545060057719,2.281504479651061,0.8420000060440398,10.777665412529206,8.44809620288104,fp_counted,0.0
240,90109,0.7801073181453427,0.1062507861074559,0.655,0.805,0.875,0.9997534719896656,0.0081773410831522,0.995,0.995,0.995,0.5716197603020235,0.3195593559501122,0.085,0.625,0.955,1249,0.0138609905780776,0.8124913101295551,0.0137111348513735,0.795,0.815,0.825,11.639999389648438,12.290000438690186,35.82999897003174,143.0555976051328,629.8879701912966,3.000562171314644,0.2091702813157772,0.0862842621937773,2.621230788209461,1.4693543332116192,24.9210379402515,6.747692401654482,tp,1.0
241,45325,0.7906145540381162,0.1082795403851716,0.655,0.825,0.875,0.999519592543958,0.010676723202945,0.995,0.995,0.995,0.5598929270102966,0.3320351464630896,0.065,0.615,0.955,1402,0.0309321566464423,0.820873104747964,0.0189165790176963,0.805,0.825,0.835,10.140000343322754,11.769999980926514,33.22999954223633,119.34780384750366,379.772384064259,2.709408389334078,0.1982739170188698,0.089603227723021,2.4671595083517444,1.523933778183395,23.403703563652247,7.047184548138785,tp,1.0
242,41452,0.767472404788906,0.127191603144226,0.585,0.815,0.875,0.9994337842275332,0.0108778018051021,0.995,0.995,0.995,0.466638899953513,0.3362441095160334,0.045,0.415,0.955,1111,0.026802084338512,0.8160773970112942,0.023867294145672,0.795,0.815,0.835,9.930000454187391,10.420001983642578,34.02999973297119,103.47062443020434,400.61611909920646,2.600422198139417,0.3088615863753766,0.0776904255484219,2.431698850632408,1.5437463842910342,23.02057805048859,6.922804948155783,tp,1.0
243,49250,0.7000015640057585,0.1764829333421661,0.415,0.755,0.865,0.9995280027038554,0.0110037876199927,0.995,0.995,0.995,0.5141055627029267,0.328387746943268,0.075,0.535,0.945,1122,0.0227817258883248,0.8095545144004618,0.0174077456104728,0.785,0.815,0.825,14.349998474121094,7.999998092651367,34.80000019073486,114.79996042251878,429.0071165419956,3.1632419701877046,0.4138661161055886,0.1110409504624867,3.8110270745147528,2.076811566555051,24.334413214109272,6.77073603396367,tp,1.0
244,81874,0.6601960918654454,0.2172506724406659,0.295,0.735,0.875,0.9995489477125548,0.0110663296725783,0.995,0.995,0.995,0.4687354215883081,0.3237189059873014,0.055,0.435,0.945,1417,0.0173070816132105,0.8139643146273278,0.0173996544564928,0.785,0.815,0.835,16.940000534057617,11.64999771118164,34.890000343322754,197.350967449187,414.8649538344955,4.167259713471283,0.5240166121829538,0.0929092857733706,3.986998681818688,2.515966070570522,24.632456236577,6.296010349217913,tp,1.0
245,99836,0.6880097656013261,0.1846467351181832,0.415,0.755,0.875,0.9997806312071024,0.0067474195217665,0.995,0.995,0.995,0.466530286517904,0.3160700241552416,0.055,0.435,0.925,1389,0.0139128170199126,0.8107207543649118,0.0225781545151368,0.775,0.815,0.835,13.01999855041504,15.959999084472656,34.99000072479248,207.7991649444593,480.44466409036926,3.622835973573797,0.3503791630029044,0.1041370219665754,4.034431107507217,2.123877760312728,24.292967561693217,6.149803453773159,tp,1.0
246,121187,0.6298394154761903,0.1987735017833855,0.325,0.665,0.865,0.999730976650317,0.0076597011299399,0.995,0.995,0.995,0.3659349088644671,0.3154426861385054,0.035,0.255,0.895,1280,0.010562189013673,0.816287657385692,0.0163601879167298,0.795,0.815,0.835,16.979999542236328,13.400001525878906,30.76000022888184,227.53201977538995,532.6151462973463,4.329701802336567,0.4070740916477777,0.1061151353261797,4.204396737718437,2.078083386884804,18.407975631610093,5.823096413751856,unmatched_ignored,
247,100078,0.707848934599534,0.172229004968855,0.435,0.765,0.875,0.9997208897066754,0.0079794670169417,0.995,0.995,0.995,0.484639309906235,0.3180639123591323,0.055,0.485,0.925,1425,0.0142388936629429,0.8198181515513805,0.0247037992849263,0.805,0.825,0.835,14.369999766349792,16.360000610351562,31.780000686645508,235.0932049482344,425.6949920013058,4.078534906517874,0.2520354067627516,0.0913004514306707,3.694950267283679,2.1924120274409398,22.382405767895836,5.696249473461618,tp,1.0
248,56573,0.7669798360162512,0.113434014105182,0.605,0.805,0.875,0.9992627653509972,0.0138684923716422,0.995,0.995,0.995,0.6491776899184345,0.2842259031238261,0.205,0.705,0.975,1440,0.0254538384034786,0.8154373856054412,0.0168529684103023,0.795,0.815,0.835,11.34000039100647,11.230003356933594,36.03000068664551,127.34824245863092,444.2385611908051,2.9740172103751137,0.1815599524892809,0.0909152182493043,2.6939758250547325,1.7452684334492483,24.985031492105342,7.365146164609373,tp,1.0
249,5773,0.7458212179109704,0.0753846696314824,0.655,0.755,0.825,0.998481102560084,0.0170386963246438,0.995,0.995,0.995,0.2546345968070136,0.3256557179013377,0.005,0.065,0.865,356,0.0616663779663952,0.8080830664447184,0.0220898229824534,0.795,0.805,0.825,6.349999994039536,6.659999847412109,31.36999988555908,42.2909989913702,136.50658858113104,1.290374929380191,0.1965409633126132,0.0837474000299889,1.1685853079354815,0.7018556491416755,6.303744942589978,3.04652747301461,tp,1.0
250,93306,0.7103752319442119,0.1473056640027022,0.495,0.745,0.865,0.9997163230748384,0.0087041783027168,0.995,0.995,0.995,0.5217024192419121,0.3135790947097155,0.075,0.535,0.955,1297,0.0139004994319765,0.8140334192844382,0.017708039557104,0.785,0.815,0.835,13.35000228881836,16.119999885559082,35.76000118255615,215.20203536796544,433.5739661591015,3.755377452572431,0.3477016722361188,0.0924107965153752,3.669905793265897,2.2228103702845194,26.932131482890327,6.32410775013097,tp,1.0
251,64866,0.7181356032013569,0.1537074848164528,0.495,0.765,0.865,0.999585299437962,0.0106384371460407,0.995,0.995,0.995,0.4262891607232272,0.3322474457102512,0.035,0.355,0.935,965,0.014876822988931,0.8156860554156525,0.0154592650060696,0.795,0.815,0.835,12.40999984741211,16.6899995803833,34.660000801086426,207.12289224586493,313.1763915453677,2.6839024405253147,0.3605127748381372,0.0821702825594769,3.1635400114259804,1.9362337347616307,23.78476871226926,5.969625351028763,unmatched_ignored,
252,19562,0.6560228700826607,0.2340741698796394,0.235,0.765,0.865,0.9864209675493932,0.0648098593851321,0.995,0.995,0.995,0.5726955658930383,0.2998614795589419,0.105,0.605,0.955,936,0.047847868316123,0.703218435892501,0.1860495538066952,0.475,0.795,0.835,20.43000030517578,7.920001983642578,32.71000099182129,161.80564294281066,120.89813213074456,4.079074829819716,0.7205996435990663,0.1888453547459427,3.857752148509046,2.54122264197469,23.363290624464323,7.31967717585589,unmatched_ignored,
253,56946,0.5033396551020425,0.2404238614328513,0.205,0.475,0.845,0.9994385468724512,0.0108384731073384,0.995,0.995,0.995,0.4174742953149332,0.320163386370209,0.045,0.345,0.935,917,0.0161029747480068,0.817515613078551,0.0186405529902226,0.795,0.825,0.835,14.810001373291016,10.080001831054688,35.25999927520752,149.28484096069587,381.458690872658,3.8462236962996896,2.173446646990857,0.0830716297514484,4.751171504867729,2.81199999172726,21.39676913676793,7.081794772589974,unmatched_ignored,
254,199,0.4617614727373698,0.2101009942420326,0.195,0.485,0.815,0.5835774283313272,0.1271926116319609,0.505,0.535,0.725,0.4428474215168188,0.3272478517223404,0.045,0.335,0.865,64,0.321608040201005,0.5650717817479745,0.2340561554628953,0.225,0.545,0.825,5.920000076293945,3.779998779296875,19.63999938964844,22.37759306182852,8.89282415004017,1.2635989821659654,0.4218638786444526,0.2957925165649935,0.7394671944385318,1.0893096371433784,3.22580250700814,3.777598531794151,unmatched_ignored,
255,21608,0.7262757477050207,0.0999848119634622,0.605,0.745,0.835,0.9989766477379964,0.0077046706677639,0.995,0.995,0.995,0.1982340242681757,0.2728439172608033,0.005,0.075,0.715,561,0.0259626064420584,0.8073186019100183,0.0191346655514603,0.785,0.805,0.825,8.89000129699707,8.550000190734863,30.90000057220459,76.00951278495813,284.28020662534897,2.1253402878048084,0.2739006344649777,0.0770425958613676,1.9542182307142395,1.050232574719652,8.426857518133566,3.6804482614097376,tp,1.0
256,44898,0.8090842934935598,0.0937081236797814,0.705,0.835,0.885,0.9991828844504153,0.01265409494968,0.995,0.995,0.995,0.4960505310608681,0.3561126104123063,0.045,0.475,0.965,1409,0.0313822441979598,0.8218611391767532,0.0232104803600112,0.795,0.825,0.835,9.93000030517578,9.329999923706056,32.15999984741211,92.64690208969114,484.6141531697887,2.295974269545405,0.1703504662591194,0.0867608790271208,1.9765488719985207,1.2553774026887192,20.569482842536527,6.9161253282256565,tp,1.0
257,62540,0.7677955171136829,0.1066146052937704,0.635,0.795,0.875,0.9980659597267691,0.0257486201706882,0.995,0.995,0.995,0.3498155318354606,0.3304676699917821,0.025,0.215,0.925,1063,0.0169971218420211,0.8194340559971972,0.0127364563280389,0.805,0.825,0.835,11.020000219345093,9.129999816417694,32.829999923706055,100.61259997954365,621.5921267586317,2.6658121736105653,0.2304181422725092,0.0933539619131295,2.398740180927938,1.3614401297486582,20.774151959800463,7.402692080558557,tp,1.0
258,36095,0.785596674324436,0.1097796745484345,0.645,0.825,0.875,0.9992308738473082,0.0138060792400888,0.995,0.995,0.995,0.5197215055485034,0.3242639394804038,0.065,0.555,0.945,949,0.0262917301565313,0.803520809046461,0.0163659002203667,0.785,0.805,0.825,10.829998970031738,8.580001831054688,31.38999938964844,92.9214109931927,388.4465336266178,2.4941625927756457,0.2756234090479401,0.1159921282407122,2.076810898675656,1.6413187759034982,21.58221682215813,7.142052787142567,tp,1.0
259,20509,0.738260148922208,0.1122503320444834,0.585,0.765,0.855,0.9992976617246968,0.0103564285226597,0.995,0.995,0.995,0.2602892175477221,0.2982023476624539,0.025,0.125,0.855,545,0.0265736993515042,0.8057631290287053,0.0211948444890898,0.795,0.805,0.825,9.149999618530272,9.150001525878906,30.01000022888184,83.72251047134341,244.96398739762864,2.25506218672185,0.1929775926509916,0.1166066473606517,2.0421631006007024,1.1951634708288894,11.196499905993877,4.607689936645082,tp,1.0
260,29352,0.8197828642280229,0.0896778006485356,0.735,0.845,0.885,0.999461895903244,0.0106547217435015,0.995,0.995,0.995,0.5215640598232568,0.3530373331856681,0.055,0.555,0.965,878,0.0299127827745979,0.8165437571008548,0.013695637815602,0.805,0.815,0.835,7.219999313354492,8.229999542236328,32.11000061035156,59.42059104385408,493.9701790972997,1.7567923376784054,0.1985204870826035,0.097081578596288,1.8299560036658933,1.1827672790179382,20.908328881745653,6.946226323544391,tp,1.0
261,2018,0.6011646905114618,0.2279471944740146,0.215,0.745,0.815,0.6905825840174502,0.14344600980355,0.525,0.665,0.915,0.2456346866052443,0.3242134099752584,0.005,0.075,0.925,258,0.1278493557978196,0.6953450488720754,0.203212211243129,0.445,0.795,0.835,9.8100004196167,6.43999981880188,29.270000457763672,63.17640092477791,31.942307102976116,1.3530091951744336,1.7095057907491684,0.41198570188927,0.963404972506917,0.6393278932717144,5.8609181761859785,3.4405640923153946,unmatched_ignored,
262,44072,0.8044359842830933,0.0992803044786505,0.685,0.835,0.885,0.9985135646161984,0.0204886651060463,0.995,0.995,0.995,0.6438771430671273,0.3033866281030295,0.155,0.735,0.965,1342,0.0304501724450898,0.822237828160718,0.018612824459973,0.805,0.825,0.835,10.709999084472656,8.179999828338623,34.24000072479248,87.60779067249314,503.0602833571696,2.3690153541180274,0.18583492567557,0.0928360536887478,2.3425200208188275,1.81248220527874,23.830573863585347,8.285876091371076,tp,1.0
263,17847,0.7151543553437466,0.0801384808416988,0.625,0.715,0.815,0.9968177181482648,0.0126468649734837,0.995,0.995,0.995,0.1411641197444156,0.2199089694144024,0.005,0.045,0.435,400,0.0224127304308847,0.7985143287479878,0.032565737852393,0.745,0.805,0.835,8.65999984741211,6.540000915527344,32.26000022888184,56.63640693054185,315.1153289418117,1.8154153514945977,0.2705918233162525,0.1279930129512429,1.7112774538174274,0.7487254307832579,5.563259723634421,3.275111498955076,unmatched_ignored,
264,51147,0.5906708750062495,0.1805734359421432,0.315,0.625,0.815,0.9982816735842824,0.0224398202366601,0.995,0.995,0.995,0.411966797892309,0.3389417784326187,0.025,0.325,0.935,811,0.0158562574540051,0.8181583131359185,0.0476036319037408,0.805,0.825,0.835,12.199996948242188,19.450000762939453,34.390000343322754,237.28994995116955,215.54642331259808,3.747675338389051,1.9893093702348823,0.1362176296315329,2.7988010162244654,1.7416255794142637,20.31490991480967,7.4194324138986465,unmatched_ignored,
265,39842,0.641090352971616,0.1834101595070867,0.365,0.685,0.845,0.9979261168828122,0.019325218141318,0.995,0.995,0.995,0.5020728798184686,0.3287511373153445,0.055,0.505,0.945,444,0.0111440188745544,0.8229586723688487,0.0240191936308671,0.785,0.825,0.855,10.549999237060549,20.15999984741211,34.26000022888184,212.6879830093385,187.32605122429817,3.66698194007816,1.9789897424870933,0.1770661407111343,2.6113997006048844,1.8522714472372983,18.183345291109596,6.306210752920657,unmatched_ignored,
266,46368,0.7634956732615983,0.1229687953889872,0.595,0.795,0.875,0.999425933736822,0.0118061653789283,0.995,0.995,0.995,0.587318126875321,0.3293038478606293,0.085,0.645,0.975,1186,0.0255779848171152,0.8095442592394091,0.0125797251399921,0.795,0.815,0.825,10.479997634887695,11.779999732971191,35.420000076293945,123.45436934051575,375.5881646611171,2.7151295134491216,0.2355783216064554,0.0888739562973109,2.3287522345778284,1.741196065368655,24.396642628816785,8.625618702607497,tp,1.0
267,15013,0.7616396565847597,0.075377127591267,0.665,0.775,0.845,0.9979996055231608,0.0113777424970464,0.995,0.995,0.995,0.2175896176032405,0.2908787747623411,0.015,0.075,0.795,435,0.0289748884300273,0.8037362554977681,0.0152139767352301,0.785,0.805,0.815,7.479999542236328,6.769999504089356,22.920000076293945,50.63959319152855,296.467626491745,1.6802541756651772,0.1564818021535894,0.0945834474434397,1.6156723310801049,0.8847485172282008,8.328549076056072,3.594364089058592,tp,1.0
268,37965,0.8077694838226085,0.0947548975210742,0.695,0.835,0.885,0.999064923483566,0.0150937688937576,0.995,0.995,0.995,0.5010214424610545,0.3450158497813315,0.045,0.495,0.945,1083,0.0285262741999209,0.8148695740122984,0.0482080023311326,0.805,0.825,0.835,8.760000228881836,10.750000953674316,31.83999919891357,94.17001081466697,403.1538243604721,2.2764403461097946,0.1716950816665035,0.0844855395085436,2.312843214973585,1.2694754800513015,20.73532384155008,6.247686267639765,tp,1.0
269,1886,0.6902360604524865,0.0469847654900823,0.635,0.695,0.745,0.9942111812555652,0.0101385521468851,0.985,0.995,0.995,0.1420434898055382,0.1667457941462196,0.025,0.085,0.335,54,0.0286320254506892,0.723593705230289,0.0223712316351186,0.685,0.725,0.745,5.420001983642578,3.759998321533203,5.409999847412109,20.379198361202725,92.54534778907238,1.4157874509950223,0.2534407747951124,0.0924921437276918,1.9477879195016543,0.4951333962841923,4.380334338479432,1.348592070343512,unmatched_ignored,
270,7058,0.7251047174897299,0.0838652201615262,0.665,0.725,0.805,0.9894260727133012,0.0169428303425488,0.975,0.995,0.995,0.1527498641133007,0.2559519709693278,0.005,0.035,0.625,471,0.0667327854916406,0.7970042316017637,0.0174921595445003,0.775,0.795,0.815,7.80999755859375,4.909999847412109,32.47999954223633,38.34708682098426,184.0557024044321,1.500177615568827,0.4182730281825438,0.1402962842926619,1.205651901777544,0.6144480919407247,4.46364249024708,3.09874356180821,unmatched_ignored,
271,10878,0.7333971760868423,0.0801293507191099,0.645,0.745,0.815,0.9972810091714164,0.021226448227883,0.995,0.995,0.995,0.1784836842537047,0.2802583059610856,0.005,0.045,0.745,503,0.046240117668689,0.7909205449859854,0.0498177650416206,0.775,0.795,0.815,8.75,11.39999771118164,31.540000915527344,99.74997997283936,109.05265347383468,1.6803946794119469,0.2866493460413262,0.1409895336271841,1.51381575123232,0.8282362997953007,6.200803977425845,3.429107890512495,unmatched_ignored,
272,5173,0.6543777227724357,0.1711013826588789,0.415,0.725,0.815,0.9980803821433936,0.0135852276884044,0.995,0.995,0.995,0.4664396233092874,0.321359598443046,0.045,0.465,0.905,807,0.1560023197370964,0.7824682203367297,0.0269453517636814,0.745,0.785,0.815,11.64999771118164,8.960002899169922,33.72999954223633,104.38401326751044,49.557397134586864,2.767361192132245,1.3274116933973503,0.3195712387170391,1.8330607995067,1.5535314262834798,12.30998245197916,10.64090801299936,unmatched_ignored,
273,45782,0.7204915273570552,0.1449930320277438,0.515,0.765,0.865,0.99965641150145,0.0100318291506644,0.995,0.995,0.995,0.4605789820296576,0.3383448658483228,0.045,0.405,0.945,1037,0.0226508234677384,0.8138926127492634,0.0131183638195628,0.795,0.815,0.825,11.270000457763672,11.489999771118164,33.079999923706055,129.4923026802062,353.54997210191783,2.7451892693772657,0.3295570958723727,0.0820309276601183,2.97649285514746,1.8105349024425228,22.56788997462245,6.231336412671396,tp,1.0
274,26417,0.7311716356720536,0.1193561373259461,0.575,0.755,0.855,0.9989729061907208,0.0125014955987971,0.995,0.995,0.995,0.2249028270805445,0.3126469099530581,0.005,0.065,0.845,760,0.0287693530681,0.7945527636299008,0.0235654067991096,0.775,0.795,0.815,9.020000457763672,8.71000051498413,28.780000686645508,78.56420863227868,336.24726144248825,1.947833477591601,0.1813048709294631,0.1018654549131531,2.08074957636172,1.232640209400153,11.138456896623218,5.3693867126102015,tp,1.0
275,56756,0.7422900413701163,0.1405144515305562,0.535,0.785,0.875,0.999673631666318,0.0084233610507152,0.995,0.995,0.995,0.3957772160241716,0.320773641417774,0.035,0.305,0.895,962,0.0169497498061878,0.8083840370673895,0.0162276678803675,0.785,0.805,0.825,11.580001831054688,14.470001220703123,30.50000095367432,167.56264063110575,338.7151204244272,2.8895767559449306,0.3935243265428205,0.1102565900302535,2.731394948361445,1.4137694401826035,17.826636552687667,6.687357030131203,unmatched_ignored,
276,49962,0.6537678040339479,0.1786608601571131,0.375,0.705,0.845,0.9994887943266582,0.0074971969669373,0.995,0.995,0.995,0.3608547973173467,0.2953362302318467,0.035,0.285,0.855,1050,0.0210159721388255,0.7665421953371593,0.0976386103343529,0.705,0.795,0.815,11.229999542236328,13.290000915527344,23.100000381469727,149.24670419769245,334.76116118329986,3.0024884744713995,0.3389277955949192,0.1830407969526163,3.3540248044726395,1.8447923123049168,11.318783139542212,5.017331189476127,tp,1.0
277,18780,0.7287969632302357,0.1627162989587398,0.455,0.785,0.865,0.998235951679837,0.0192572822134745,0.995,0.995,0.995,0.4701349807207708,0.3542466508319645,0.045,0.405,0.965,705,0.0375399361022364,0.8188703466814461,0.0161953132314973,0.795,0.825,0.835,5.150001525878906,13.509998321533203,29.100000381469727,69.57651197051746,269.9186761181401,2.2042913261256447,0.5706398394836631,0.0926664368336963,2.022345892124742,1.3631522086873182,13.249948597360596,6.011264783945364,unmatched_ignored,
278,37160,0.7494945476290773,0.1385952503274163,0.535,0.795,0.875,0.9991186288781904,0.0163218427469523,0.995,0.995,0.995,0.6338330994603781,0.3006057718390417,0.135,0.715,0.965,878,0.0236275565123789,0.7957127872421692,0.0648265515709176,0.785,0.805,0.815,12.259998321533203,11.700000762939451,34.47000026702881,143.4419897155749,259.05942934619776,2.7489043912286126,0.3953129279606981,0.1558163410214441,2.516123907959837,1.6070722324076685,24.05227011360977,7.301336601005801,unmatched_ignored,
279,34897,0.6009155706102368,0.1606405861296478,0.375,0.625,0.805,0.9991013702493748,0.0102838812305983,0.995,0.995,0.995,0.2405673381756196,0.291484694970231,0.005,0.095,0.785,466,0.0133535834025847,0.786452954802902,0.0301174111915994,0.745,0.795,0.815,12.80999755859375,12.110000610351562,33.61999988555908,155.12907825317234,224.9546016321177,3.2174593414861508,1.5997295405288503,0.1873660355378269,2.897520071230242,1.5788415904031852,12.578119654230946,7.578521275500289,unmatched_ignored,
280,1081,0.5081564246174586,0.216658097766917,0.135,0.595,0.725,0.9984950276021048,0.0033399833047271,0.995,0.995,0.995,0.2744942832803907,0.2510035800312935,0.045,0.175,0.705,67,0.0619796484736355,0.7418544674987224,0.0212031380376986,0.705,0.745,0.765,8.150001525878906,21.920001983642575,30.65000009536743,178.64804961395566,6.051003648435881,3.00957244804599,1.519793912281992,0.3000539898362931,2.527122469211511,2.0130045979619493,10.778672760884923,7.494057540260314,unmatched_ignored,
281,22799,0.7068748582489313,0.1491603971612653,0.485,0.745,0.855,0.998772262643265,0.0092249890002527,0.995,0.995,0.995,0.2690057646653052,0.2985632064747769,0.015,0.125,0.825,473,0.0207465239703495,0.7988563458460834,0.0235419741149651,0.775,0.805,0.815,8.389999389648438,24.75,31.090001106262207,207.65248489379883,109.79401480150962,2.4968475854271497,0.4121352868368038,0.1869282882824359,2.31459094399832,1.519375971027317,9.489956739946305,3.7897365752965615,unmatched_ignored,
282,23167,0.7031801650333185,0.0908948205931614,0.585,0.715,0.815,0.9958149563145996,0.0125495620493263,0.985,0.995,0.995,0.2351278331380613,0.2582060727902319,0.015,0.125,0.685,861,0.0371649328786636,0.7807726243924042,0.0472044831520067,0.695,0.795,0.825,8.589999198913574,16.420001983642578,27.390000343322757,141.04780388564905,164.24927834241262,2.046101120415518,0.2292570125854923,0.1769180808622379,2.060650182853189,0.9784087499834464,4.9760884898281965,2.379651682888438,tp,1.0
283,38266,0.8024561167322498,0.0956356597937235,0.685,0.835,0.885,0.9994272602175804,0.0124068699549799,0.995,0.995,0.995,0.5274480928599605,0.3415267970636593,0.055,0.545,0.965,992,0.0259237965818219,0.8016381127339217,0.0178944519114852,0.785,0.805,0.825,10.519999504089355,9.960000991821287,31.519999504089355,104.77920549468944,365.206052282382,2.4206900604335764,0.206106921158903,0.1450535227585958,2.068670474897614,1.2795400996570288,22.56715699186709,6.654727719957148,tp,1.0
284,20415,0.7498584051634966,0.0870383715824984,0.635,0.765,0.845,0.998071952514896,0.0088274327267376,0.995,0.995,0.995,0.2074197837393978,0.2894785599879831,0.005,0.065,0.795,575,0.0281655645358804,0.7925307652224665,0.0213287612499096,0.765,0.795,0.815,14.75,9.149999558925629,34.0,134.96249349415302,151.26424735835545,1.913451767490873,0.2253339500127852,0.122093045374683,1.7514985447360034,0.9721230818929176,9.20343025959417,4.706113728580959,tp,1.0
285,105075,0.7285487109927543,0.1328674326834892,0.535,0.765,0.865,0.9990133673844666,0.0081812286774583,0.995,0.995,0.995,0.2709187977134654,0.2948176611620385,0.015,0.135,0.805,941,0.0089555079704972,0.7827742649568888,0.0505022722545235,0.705,0.795,0.825,10.410000324249268,13.789999961853027,30.65999984741211,143.5539040742874,731.9550149303147,2.907466414897419,0.2893144948730079,0.1648337753685524,2.6417789089253745,1.3373581600747797,15.644640421114476,7.438339071892157,tp,1.0
286,34380,0.8105687028630363,0.0693158260602075,0.725,0.825,0.875,0.9992578723823836,0.0156741940540669,0.995,0.995,0.995,0.5155541771712336,0.3420955026463751,0.045,0.525,0.955,951,0.0276614310645724,0.797567653167135,0.0115703777707792,0.785,0.795,0.805,6.359999895095825,9.969999313354492,31.209999084472656,63.40919458704002,542.192661867161,1.8798651288472596,0.2545810493402111,0.1239475300734662,1.6610641558582864,1.0986113568566505,22.568644361383456,7.533347174847572,tp,1.0
287,91983,0.7135525980150197,0.155583714045909,0.465,0.765,0.865,0.9996729606119332,0.0103121932420461,0.995,0.995,0.995,0.467105229825826,0.3284131521038455,0.035,0.445,0.925,1202,0.0130676320624463,0.8023578090199615,0.0132116117012797,0.785,0.805,0.815,14.760000228881836,11.070000410079956,35.25,163.39320858650217,562.9548547074598,3.512072779649206,0.3857494506277132,0.1332582175618064,3.208481971747449,2.0165465422981352,24.4650804547685,7.294548878338177,tp,1.0
288,39839,0.720545006751492,0.0991430312030992,0.595,0.735,0.835,0.9977476343566022,0.0090305466011486,0.995,0.995,0.995,0.1918854545252627,0.2643412471354859,0.005,0.065,0.665,954,0.0239463841963904,0.7857238754973721,0.0516822004566056,0.725,0.805,0.825,9.020000457763672,9.129999965429306,32.18000030517578,82.35260386755465,483.7612671491472,2.158325654418233,0.3524199356387833,0.2624757363800644,2.029274956739965,1.042763641902494,9.236543860738962,4.657205052469944,tp,1.0
289,40216,0.7877140138907792,0.0950312268133208,0.675,0.815,0.875,0.9994854589156112,0.0109375891599323,0.995,0.995,0.995,0.6690237796786529,0.2923248422372976,0.175,0.755,0.975,1110,0.0276009548438432,0.8060720579581218,0.015273903177775,0.785,0.805,0.825,9.560000240802763,10.790000915527344,35.20000076293945,103.15241135070346,389.8697032226551,2.2575694266404507,0.2668445009051985,0.1201216206140937,2.0382737376184625,1.339131493184271,24.48606299341128,7.331722337703056,tp,1.0
290,38254,0.69079335956403,0.1324787380110367,0.505,0.715,0.845,0.9989343834551576,0.0086056452955789,0.995,0.995,0.995,0.2028154203131558,0.2908629673474618,0.005,0.055,0.805,1058,0.0276572384587232,0.7919075861714062,0.0491256931540739,0.725,0.805,0.835,9.740000367164612,10.549999237060549,33.15000057220459,102.7569964425561,372.2763541593492,2.6139267901763894,0.2518862078150568,0.1529298813928099,2.632890271169725,1.361860106585442,10.470824659553305,5.133958545415418,tp,1.0
291,66729,0.7834420253474166,0.0953207107057558,0.665,0.805,0.875,0.9989612774488856,0.0164789358341564,0.995,0.995,0.995,0.5217592776000995,0.3161256912068164,0.075,0.545,0.935,1410,0.0211302432225868,0.7810750134659151,0.0406430865718445,0.765,0.785,0.805,10.420001983642578,14.229999542236328,35.179999351501465,148.27662345733552,450.0304798159928,2.395114031350668,0.4651571880201018,0.3798002350016012,2.6445617396223566,1.349555835992069,21.93106310415321,6.912487944744559,tp,1.0
292,113017,0.6545336923488823,0.1693649793675647,0.405,0.685,0.855,0.999521580901921,0.0079052396060888,0.995,0.995,0.995,0.3651010762153001,0.3127271438571218,0.035,0.265,0.885,1861,0.0164665492801967,0.7490208571889848,0.0824787294631397,0.615,0.785,0.815,14.160001754760742,16.130001068115234,31.88000011444092,228.4008434288044,494.8186631159658,3.8757113301438735,0.379781220835451,0.2074484671401436,3.5779119764669947,1.7744285531092143,15.58722264537226,8.02305924516087,unmatched_ignored,
293,2988,0.6089183099647683,0.1783350904007749,0.215,0.675,0.745,0.9966240605037694,0.0035814633208572,0.995,0.995,0.995,0.2053770216626462,0.2007208060930368,0.015,0.145,0.455,105,0.0351405622489959,0.7683743420101348,0.0134363169797232,0.745,0.775,0.785,14.860000610351562,23.449996948242188,30.62999987602234,348.4669689636212,8.574700807042452,3.007934608192447,0.7226801503859563,0.0606283194963208,2.721731994222413,1.659680994935968,6.025377527138635,7.572783048659325,unmatched_ignored,
294,316,0.550720868891553,0.2496408349925028,0.215,0.545,0.835,0.574248955974096,0.062825346934364,0.515,0.555,0.655,0.6573007934361319,0.2289307355678865,0.275,0.685,0.935,183,0.5791139240506329,0.5430395695192566,0.2542836306993033,0.225,0.555,0.835,3.4499969482421875,1.6000022888183594,2.580000400543213,5.520003013603855,57.246345558368176,0.7329306194459333,0.6704794709145513,0.2566848112433906,0.5264455974868798,0.3177235977304074,2.560517737948442,0.8869588616086036,unmatched_ignored,
295,114718,0.7205741763018548,0.1448018474175566,0.515,0.755,0.875,0.9982571703907078,0.0198707541719297,0.995,0.995,0.995,0.4272670425144311,0.3077125429340738,0.055,0.365,0.895,1251,0.0109050018305758,0.8021346935741812,0.0456961509738928,0.785,0.805,0.825,13.489997863769531,13.980000495910645,33.53999900817871,188.5901768253316,608.2925523011174,3.504225658583868,0.3870724583505817,0.225726613526204,3.5316258373083067,1.7933328496266925,22.369653003129255,6.995908680154319,unmatched_ignored,
296,1098,0.6327514245034024,0.172556346114447,0.315,0.705,0.765,0.9888719632434496,0.011982902481796,0.975,0.995,0.995,0.2559525191254562,0.2769306711040437,0.015,0.125,0.725,72,0.0655737704918032,0.774249373210801,0.0149612210355093,0.755,0.775,0.795,10.670000076293944,10.079998016357422,29.199999809265137,107.55357960357652,10.208865237652098,2.45829554006303,0.931946458178495,0.1215215962461319,2.4253292382644918,1.0438539583958637,9.20114088449322,10.399072657829349,unmatched_ignored,
297,61464,0.6955775720284667,0.1713804296874317,0.425,0.745,0.875,0.9979178141518896,0.0126129846713553,0.995,0.995,0.995,0.3768502555737856,0.3291587048771545,0.025,0.265,0.905,1571,0.0255596772094234,0.8081232424301376,0.0188541900358846,0.785,0.805,0.835,12.229999542236328,12.029998779296877,31.340001106262207,147.12687956390437,417.7618677306562,2.9538321301804373,0.3117790015320721,0.1453342132356516,3.6547014933265167,1.9232147092742164,18.57444469076429,8.038508275809416,unmatched_ignored,
298,444,0.5163394465186709,0.2649225466685685,0.185,0.525,0.835,0.6244785987042092,0.131047284540669,0.515,0.575,0.785,0.5311471526091499,0.2979302236182061,0.115,0.605,0.925,147,0.3310810810810811,0.6296639228556432,0.2278758755560045,0.225,0.805,0.835,11.100000381469728,7.630001068115234,23.25,84.69301476669352,5.242463044007828,1.8558268432347784,0.956626248022675,0.3068215459312201,1.05983682989824,1.3692754870435095,2.925219399099414,2.5205174206536336,unmatched_ignored,
299,929,0.6121857472173108,0.2798704562749293,0.155,0.785,0.835,0.8111930158474474,0.1545337030646372,0.585,0.815,0.995,0.4852081321463574,0.276724849169909,0.105,0.485,0.845,271,0.2917115177610334,0.7846927204035306,0.1395542374797899,0.785,0.815,0.835,6.1699981689453125,10.739997863769531,27.8700008392334,66.26576715393458,14.019304988078447,1.4989567598722693,1.0078471931848418,0.2391774469908549,1.1656773238082554,0.8388267663800384,7.327981288004486,7.9595866704424765,unmatched_ignored,
300,72097,0.7157189961018151,0.169539761819663,0.455,0.775,0.875,0.999421762113378,0.0105133757539047,0.995,0.995,0.995,0.392601672370227,0.3199611606072009,0.035,0.305,0.915,948,0.0131489521061902,0.8249091158939313,0.0191093254710909,0.795,0.825,0.845,18.78999710083008,15.31999969482422,32.22999954223633,287.86274985046475,250.4561637011111,3.564402762744024,0.8122525092604216,0.1024732203246233,3.189506597766665,1.782187208915774,20.139149487510903,6.025395595646082,unmatched_ignored,
301,47239,0.6782963709025385,0.1892806023882107,0.385,0.735,0.875,0.999489887699366,0.0098905074245213,0.995,0.995,0.995,0.5086059534626999,0.3233905033036512,0.075,0.505,0.955,1053,0.0222909037024492,0.8155854488709713,0.0172583883345234,0.795,0.815,0.835,9.159996032714844,16.520000457763672,32.5600004196167,151.32313865356264,312.17301214025434,3.608001244274886,0.3330794643366441,0.150714010720421,3.4321722646889405,2.2431305839720217,21.90135254666861,6.332871822844518,unmatched_ignored,
302,2355,0.3811238553620195,0.2010975206412939,0.185,0.305,0.825,0.8748901730130433,0.1798703574854999,0.555,0.995,0.995,0.4624796159192969,0.3529931877678895,0.035,0.425,0.935,225,0.0955414012738853,0.4842989511622323,0.1767616045920674,0.225,0.525,0.805,11.139999389648438,2.389999389648437,13.579999685287476,26.62459174194373,88.45206051704412,2.463996668933302,2.9484145029883395,0.3315742650474505,2.4016319417403187,1.658071241121999,7.810095702817232,3.096928203130745,unmatched_ignored,
303,19155,0.3705949134041422,0.1496762411741355,0.195,0.335,0.595,0.9917722455019492,0.0477741271839612,0.995,0.995,0.995,0.1935985551376016,0.2293127562530049,0.015,0.105,0.565,76,0.0039676324719394,0.2305866075973761,0.0686966188950324,0.205,0.215,0.235,14.19000244140625,6.720001220703125,19.200000762939453,95.35683372803032,200.87705569830965,3.2141142279050805,1.8976775502751204,0.1386605089619973,3.447712729869045,1.57656443341874,9.347791119413444,2.696340411100961,unmatched_ignored,
304,70536,0.7839712843536998,0.1027608552708093,0.655,0.815,0.875,0.9996626070725196,0.0094359906917192,0.995,0.995,0.995,0.4801181121674384,0.3276633988417336,0.035,0.475,0.935,1001,0.014191334921175,0.7933318472051477,0.0118360565728089,0.785,0.795,0.805,12.43000030517578,16.980003356933594,34.16999912261963,211.0614469085704,334.1965149635095,2.7450653618434777,0.1923258698725175,0.1005789782395478,2.519909234821332,1.4132982709544144,21.953471958709063,7.411951071942519,unmatched_ignored,
305,644,0.6342567042303011,0.1232940778740039,0.455,0.655,0.755,0.9986520922332076,0.0032451361950018,0.995,0.995,0.995,0.2841588867223035,0.289875673983191,0.015,0.145,0.785,59,0.0916149068322981,0.7584340329897605,0.021550691600391,0.725,0.755,0.785,7.240001678466797,5.319999694824219,30.19000005722046,38.51680671997019,16.719973820314106,1.956316525823533,0.4007234110715991,0.0809680903077077,1.833484041850592,0.938413056512866,9.599820265673705,8.041022023758693,unmatched_ignored,
306,89835,0.6317902936333042,0.2049282781081255,0.325,0.675,0.865,0.9994374240314567,0.0119402203052817,0.995,0.995,0.995,0.4264606856487399,0.3130787997414797,0.045,0.375,0.905,931,0.0103634440919463,0.817421108772368,0.0235603801879738,0.775,0.825,0.845,11.360000610351562,14.560001373291016,31.75000095367432,165.40162448730553,543.132513229305,3.554903747936216,0.3628361166301325,0.1135852220215034,4.333750489786919,1.8918874974267728,19.64782118286249,5.845945016306075,unmatched_ignored,
307,15417,0.5761158507334944,0.1821450436420827,0.305,0.615,0.795,0.9974135215654985,0.0229029780679824,0.995,0.995,0.995,0.4649480591963919,0.3661593404384788,0.035,0.385,0.955,483,0.0313290523448141,0.791452485828913,0.0321153672407706,0.755,0.805,0.815,12.310001373291016,11.14999771118164,32.55000019073486,137.25648713683768,112.32255991390804,2.770135701748313,1.4404775809501984,0.2505499711756686,1.8452870154352448,1.558135272924534,13.845061340063795,4.978455079122779,unmatched_ignored,
308,28815,0.5437278493942795,0.201747294669062,0.235,0.575,0.785,0.9907022789288742,0.0466074482898331,0.995,0.995,0.995,0.4312603766745967,0.338075925081879,0.035,0.355,0.925,609,0.0211348256116605,0.762765921052845,0.0775855068639478,0.665,0.785,0.815,12.849998474121094,10.630001068115234,33.420000076293945,136.59549750518636,210.9513163045944,3.707899070858922,3.542388468095253,0.4560465631750645,2.464326115755154,1.7114191044569598,14.728466416528484,6.49593762899473,unmatched_ignored,
309,32125,0.6898720683518087,0.1385063796500001,0.495,0.725,0.835,0.9949006528427627,0.0345977480112097,0.995,0.995,0.995,0.3547621032736682,0.2709058879174161,0.045,0.295,0.795,654,0.0203579766536965,0.7316290424960105,0.0853913431023934,0.615,0.775,0.805,12.23000144958496,8.60999870300293,22.38000011444092,105.30029661865046,305.0798623705882,2.680909606591143,0.490705998590857,0.2474494404331039,2.792364340270946,1.3200419753363204,11.462854234071091,5.361429687270367,tp,1.0
310,131,0.7080366755942352,0.1622847788452648,0.465,0.785,0.815,0.7971682216374929,0.161063546600115,0.565,0.885,0.965,0.6881668754206359,0.1933182536268599,0.485,0.685,0.935,51,0.3893129770992366,0.7834251937912959,0.0721203426703179,0.775,0.805,0.825,1.470001220703125,3.020000457763672,2.049999713897705,4.439404359436594,29.508463161626764,0.4061515557280912,0.2038165704130271,0.0940636123666663,1.1106326797224473,0.2462786123726234,0.4559849976128294,0.3581178894849387,fp_counted,0.0
311,1421,0.6436519231109825,0.2410237583735533,0.205,0.805,0.855,0.7503891729872298,0.1498149864971771,0.535,0.745,0.945,0.7184371676537347,0.2641023622311336,0.275,0.815,0.975,103,0.0724841660802251,0.3527715745770815,0.1521760594900832,0.195,0.445,0.515,4.059999465942383,3.520000457763672,16.200000286102295,14.29119997863745,99.4318183304493,0.6847916499089003,0.4440816480735359,0.217841532378667,0.4656947729022886,0.2923649361740276,5.489081270505139,1.6121572295135769,unmatched_ignored,
312,517,0.5675805293859435,0.2248297312959436,0.205,0.705,0.785,0.7939249710603193,0.1684054765834166,0.565,0.825,0.995,0.5913420008978224,0.2576529063125601,0.175,0.705,0.855,278,0.5377176015473888,0.6488808428051231,0.2038883665129465,0.205,0.745,0.785,4.769999980926514,6.720000505447388,30.429999351501465,32.0544022828102,16.128829838678705,1.4001457434989355,0.812129581942281,0.2620779762848805,1.4842930561878285,0.7263549282894562,7.13328477377126,9.328208383694362,unmatched_ignored,
313,2891,0.6136455625367799,0.2515381238832081,0.175,0.745,0.825,0.844644290029446,0.1615820881241102,0.585,0.915,0.995,0.485310099715439,0.3086746706724133,0.065,0.485,0.915,415,0.1435489450017295,0.7497833636510803,0.1726167070419442,0.495,0.815,0.835,13.549999237060549,12.010002136230469,27.350000381469727,162.7355197830184,17.765021452321427,2.799696243309849,1.427370193184078,0.2612246293661395,1.3822416972130682,1.8387841417026096,6.706947651650823,6.1070099439610415,unmatched_ignored,
314,6659,0.3512266966654008,0.1494297210151887,0.185,0.335,0.515,0.985260352284222,0.0678253107562669,0.995,0.995,0.995,0.3368334980844568,0.2680545542358748,0.035,0.265,0.755,52,0.0078089803273764,0.7871604048861907,0.1692898083213299,0.795,0.845,0.855,13.14999771118164,12.34000015258789,31.140000343322757,162.27097376251186,41.036297777726006,2.92289142426906,2.010431478756164,0.2283760179160628,2.7863820724601465,1.5748634632192575,16.253719651854812,5.30848079991705,unmatched_ignored,
315,42827,0.6860090168256698,0.2036674253640403,0.335,0.765,0.875,0.9914602640812092,0.0497870945029802,0.995,0.995,0.995,0.4435357572846045,0.3319679512397662,0.045,0.365,0.945,928,0.0216685735634062,0.8165312915526587,0.0555888011738636,0.785,0.825,0.835,14.880001068115234,10.25,33.71999931335449,152.52001094818115,280.7959410293415,3.090667363091392,1.058701792824858,0.2072518551123707,2.741983048825105,1.819159694376101,19.70442890023095,7.681693533242546,unmatched_ignored,
316,2486,0.3852053365174888,0.2380512002107138,0.135,0.285,0.735,0.8244384800294475,0.186714012343111,0.545,0.885,0.995,0.2821867412420916,0.2732439129493665,0.035,0.165,0.775,94,0.0378117457763475,0.6760934959066675,0.1199978608552492,0.465,0.735,0.765,10.670000433921814,11.320000171661375,31.149999618530277,120.7844067436219,20.5821270064836,3.021275043065151,1.949609959647132,0.3008484165869138,2.690369122020268,2.288134966742286,11.70439889113556,10.187302057563109,unmatched_ignored,
317,105928,0.7184387278635403,0.1564784566930888,0.485,0.765,0.875,0.9979424906451304,0.0213542834250306,0.995,0.995,0.995,0.4399239891379866,0.309924237327959,0.055,0.395,0.905,1404,0.0132542859300657,0.8056877884175363,0.0163702550347578,0.785,0.805,0.825,11.640000104904177,11.610000133514404,33.14999866485596,135.14040277204515,783.8366456453394,2.9094551072331343,0.2967380091108728,0.0986319484743178,3.516440084602632,1.826100994877819,20.345696748625333,7.385771898969612,tp,1.0
318,11352,0.3744480954903198,0.2299956707560789,0.115,0.295,0.685,0.9978448353902062,0.0124490017433115,0.995,0.995,0.995,0.1214286319918045,0.1728276702898159,0.005,0.055,0.315,135,0.011892177589852,0.7826749170268024,0.0139762644445763,0.765,0.785,0.805,12.229999542236328,13.210000991821287,32.140000343322754,161.5583060829158,70.26565377687153,4.365628772444095,1.7234346638033378,0.1743877520323303,5.323566865988521,2.657023888638072,10.409730346106487,6.200743970557553,unmatched_ignored,
319,499,0.6050376710528601,0.1365833069839996,0.445,0.585,0.795,0.9768351347508556,0.0640278415045341,0.955,0.995,0.995,0.300821664308551,0.3523906735218402,0.015,0.105,0.895,87,0.1743486973947896,0.7906659875793018,0.0075888351852251,0.785,0.795,0.795,7.819999694824219,5.220001220703125,21.85999965667725,40.82040795288049,12.224277635245636,2.1915400181903437,0.6912685050612494,0.0855032027778627,2.3683785152284083,1.547321162852964,2.6465923655367565,2.705829916584778,fp_counted,0.0
320,51626,0.6986644352346685,0.1185210603832961,0.535,0.715,0.825,0.998674055201854,0.0073845941215643,0.995,0.995,0.995,0.1727002866238517,0.241388195049908,0.015,0.075,0.585,747,0.0144694533762057,0.7938180616103023,0.0217657635772043,0.775,0.795,0.815,10.829998970031738,8.619998931884766,20.649999618530277,93.3545795539867,553.0098281910725,2.459760954800476,0.298730349104184,0.1635341277751127,2.384377844780663,1.156365886157926,8.994342935061974,4.719916325903905,tp,1.0
321,32123,0.6741993773431842,0.1425768196561342,0.475,0.705,0.835,0.9949930241669568,0.021116481938937,0.985,0.995,0.995,0.2665205873644627,0.2841093255345513,0.025,0.135,0.775,829,0.025807054135666,0.8042172629058145,0.0489285273345795,0.785,0.805,0.825,12.43000030517578,9.620000839233398,31.86999988555908,119.5766133674624,268.63948639593167,2.614741026928882,0.3859884521254921,0.1081274313653943,2.829152808993396,1.6738204182901215,9.501601505440693,4.905075223344467,unmatched_ignored,
322,444,0.6002884958409243,0.2163775362561599,0.195,0.705,0.785,0.8784510981929194,0.1507190282548352,0.655,0.995,0.995,0.3526626732910937,0.3266505627572209,0.035,0.175,0.875,71,0.1599099099099099,0.7423386517125117,0.1498660928974884,0.765,0.785,0.805,12.259998321533203,8.579999923706055,27.21000051498413,105.19078466339124,4.220902063054218,2.790343367020908,1.1977851391751255,0.0551997932974208,2.1779296099851804,1.5145629225928228,5.9433334817488985,6.841365274268651,unmatched_ignored,
323,1729,0.4089786905974167,0.2394001465378962,0.145,0.435,0.815,0.659823297833762,0.1264413793531913,0.515,0.625,0.845,0.4685131675372314,0.2868048845328089,0.095,0.455,0.895,243,0.1405436668594563,0.401397788352927,0.1843635091159066,0.195,0.455,0.625,5.739999771118164,5.879997253417969,15.829999923706056,33.751182888794574,51.227834167970144,1.5655780640994317,0.8195011042594179,0.6185257046455801,0.93712462325454,0.7142355401313817,4.781982675711842,2.9584128939970142,unmatched_ignored,
324,986,0.7262386645041179,0.1798950464622142,0.435,0.785,0.835,0.8517772167256106,0.1249826204080395,0.665,0.875,0.985,0.4737083769030774,0.2951055188343759,0.075,0.445,0.885,264,0.2677484787018255,0.8025714054590825,0.0869141393513767,0.785,0.815,0.855,17.579998016357422,9.290000915527344,26.61000061035156,163.31819766692934,6.037294153899773,1.846142938868716,0.6601245982816469,0.2559258037510273,0.9116075087711972,1.3233095189041717,4.327073302656473,5.8248925999222045,unmatched_ignored,
325,1157,0.5437781469688759,0.2310197493298031,0.195,0.545,0.805,0.6633182508016107,0.1326161781059614,0.525,0.635,0.905,0.4429041214852051,0.2872804338483293,0.055,0.435,0.855,85,0.0734658599827139,0.4247293012983659,0.1529399901732034,0.205,0.505,0.535,2.899999618530273,4.569999694824219,15.090000629425049,13.2529973716737,87.30100576892247,0.9371707651003736,0.7841017025462711,0.346931157155888,0.6190850181397242,0.4304966631525499,4.290092812598318,2.022108894268693,unmatched_ignored,
326,810,0.5305769111593196,0.2614383694857381,0.185,0.525,0.835,0.7199812708077608,0.1415106577828605,0.535,0.705,0.935,0.5860580616212381,0.2980889527017368,0.115,0.645,0.935,148,0.182716049382716,0.4267436021787895,0.1908270231481018,0.205,0.485,0.785,2.6599998474121094,2.299999237060547,5.560000419616699,6.117997619629023,132.39625942337585,0.7148927027531605,0.692357012000586,0.3475117813122262,0.7124156512392804,0.3357199462098885,5.159513838791553,2.3822166254748023,unmatched_ignored,
327,1430,0.7202794840911052,0.1782599421977684,0.475,0.795,0.845,0.8889762250693528,0.1502777397781721,0.615,0.975,0.995,0.8020069349329215,0.2106300326972701,0.495,0.875,0.975,130,0.0909090909090909,0.6211858687492517,0.2583116108617444,0.175,0.775,0.845,4.090000152587891,3.540000915527344,10.820000052452087,14.478604284668108,98.76642609220808,0.9772806795025414,0.6570583453322282,0.3001193277114615,1.1708437756229049,0.6220917526720193,6.671742963290715,2.301800290848211,unmatched_ignored,
328,3642,0.6613429983262584,0.2159491738457534,0.285,0.765,0.855,0.831697323340626,0.1640003720904473,0.575,0.865,0.995,0.4964137449341551,0.3184453885431617,0.075,0.505,0.925,125,0.0343218012081274,0.7929913604259491,0.1483572370198682,0.585,0.845,0.865,11.949996948242188,4.810001373291016,16.419999599456787,57.47950173186837,63.36171835638522,2.5449308978177925,2.462209078373914,0.4918915515368864,1.2587505772999232,0.8232084507660762,9.99176803164139,4.064799273517517,unmatched_ignored,
329,12436,0.7151720318206352,0.1189357238215775,0.565,0.735,0.835,0.9986944542403924,0.0068767411421324,0.995,0.995,0.995,0.2824145537516019,0.3142226473733446,0.015,0.135,0.875,435,0.0349790929559343,0.8019865962280625,0.0150254816603689,0.785,0.805,0.815,14.009998321533203,8.630001068115234,31.77999973297119,120.90630047912418,102.8565091373978,2.138128425043475,0.2603043827321801,0.0753966250116989,1.872561596137217,1.2554800341513532,8.45326916332575,5.241612185598249,unmatched_ignored,
330,25741,0.6753658304124611,0.1517473309958955,0.475,0.705,0.835,0.9996876478899118,0.0074080661259615,0.995,0.995,0.995,0.2347704126247501,0.2618536963359263,0.015,0.125,0.695,174,0.006759644147469,0.800356200714221,0.0077275812502093,0.795,0.805,0.805,12.729999542236328,26.979999542236328,32.420000076293945,343.4553818222048,74.94714411936408,2.8502173195697917,0.4466811037728522,0.0522994407211395,2.924509937333734,1.453948082820162,14.226353301611574,5.173942414916909,unmatched_ignored,
331,610,0.6091521652018438,0.1520955814018022,0.385,0.645,0.755,0.90295642975901,0.126698911438998,0.685,0.965,0.995,0.3344069872034301,0.3157037333309909,0.035,0.185,0.815,102,0.1672131147540983,0.6765021369153378,0.1563986964646801,0.455,0.745,0.785,4.209999918937683,6.349999904632568,30.199999809265137,26.73349908375741,22.817813638567817,1.2564625094372763,0.4024641420800643,0.2312038934503309,2.0462561029501294,1.0379678555215937,4.3404813582779935,6.137342065606286,fp_counted,0.0
332,99813,0.7660060756045987,0.118660188173608,0.605,0.805,0.875,0.9975901648570764,0.023037497492972,0.995,0.995,0.995,0.3960775585704978,0.3194923229772772,0.035,0.315,0.895,1749,0.0175227675753659,0.7770878822079994,0.0762834202705831,0.725,0.795,0.815,11.960000276565552,10.770000219345093,34.80000019073486,128.80920560197836,774.890269166189,2.5441918166434,0.294031437394823,0.1647839908889668,2.4108435609487167,1.3232572403967438,17.693976488198864,8.767508507397858,tp,1.0
333,1066,0.2265801475074065,0.1530898579860642,0.115,0.185,0.355,0.8961241421958966,0.1818654191915512,0.555,0.995,0.995,0.3929026569264366,0.3206544668709647,0.055,0.285,0.905,61,0.0572232645403377,0.2461286751461811,0.1086745451154067,0.205,0.215,0.225,7.860000610351562,12.619998931884766,30.030000686645508,99.19319930725032,10.746704486242766,3.7489362843557377,1.3246288083134308,0.5197087882111521,4.051538046192949,2.202776979253627,12.26704489987686,8.004948011604254,unmatched_ignored,
334,476,0.5787765747014465,0.2448617666331344,0.205,0.555,0.825,0.6196684109814027,0.0929998314160182,0.515,0.615,0.735,0.8000496296180772,0.2067641664558601,0.485,0.875,0.975,366,0.7689075630252101,0.5976083946154743,0.2322438390136955,0.215,0.565,0.825,6.809999465942383,1.5300025939941406,19.47000026702881,10.419316847990558,45.68437709923373,0.5844921416701692,0.417602897621265,0.3234341928715781,0.6341973227895377,0.456473866121287,2.9921776935332964,1.552040816835468,unmatched_ignored,
335,2685,0.6943925896864142,0.1972528581309658,0.245,0.775,0.835,0.8274079885784696,0.1475289112071009,0.585,0.875,0.985,0.4959014236565213,0.2854624089874737,0.135,0.485,0.905,329,0.1225325884543761,0.7684673903606221,0.1158363949617817,0.765,0.795,0.815,5.040000915527344,5.539997100830078,16.389999866485596,27.921590460202424,96.1621439089231,1.067641997387326,0.6382582706827138,0.3124633080466952,0.5876833208667835,0.4143160747624689,4.028615351162809,1.8999919638004776,unmatched_ignored,
336,3364,0.6997185948988097,0.1575325636845921,0.445,0.755,0.815,0.8946877585438288,0.1274481103966064,0.695,0.955,0.995,0.3978486481481988,0.2915470523900061,0.085,0.305,0.865,368,0.1093935790725326,0.7559066577713288,0.1406278768211416,0.525,0.805,0.825,5.239999771118164,6.590000152587891,15.839999675750732,34.53159929122921,97.41801912008265,1.2505130401962976,0.7505214795772001,0.2579794838294761,0.9930170966119544,0.7699885233495063,4.032403101947482,1.9367361122700053,unmatched_ignored,
337,1038,0.7219626166156147,0.1614321639772126,0.505,0.785,0.835,0.9277732101823554,0.1013489699479937,0.775,0.975,0.995,0.7174431618560116,0.2466348145613905,0.335,0.805,0.965,60,0.0578034682080924,0.7769010002414386,0.0808588633235927,0.655,0.805,0.835,5.560001373291016,2.60000228881836,9.399999618530272,14.456016296389862,71.80401424002423,1.26469510013574,0.7574638049516988,0.2656953377878602,1.1243902914737878,0.6322582895869917,6.125352277921114,2.381903797805427,unmatched_ignored,
338,25982,0.6496463392723328,0.1344151212790585,0.505,0.675,0.775,0.998230186421586,0.008537084565673,0.995,0.995,0.995,0.1833147358881001,0.2313445093269535,0.015,0.085,0.545,586,0.0225540758986991,0.7595256257789533,0.0274012652058059,0.725,0.765,0.795,12.239997863769531,11.809999465942385,24.26000022888184,144.55436823425407,179.73860158895718,2.8041123297279267,0.936545707045258,0.1260119397592837,2.368062931517537,1.3439161784487157,5.512834225818326,2.996131789984891,unmatched_ignored,
339,77668,0.6990835647931236,0.1850901078090992,0.405,0.765,0.865,0.9996506860975184,0.0099103086702285,0.995,0.995,0.995,0.412915337980144,0.3325315324343323,0.035,0.325,0.935,1013,0.0130426945460163,0.7860931658203486,0.0154390155622202,0.765,0.785,0.805,13.759998321533203,15.879999160766602,32.6899995803833,218.5087617980971,355.44570094523493,3.607302338060287,0.377436738752672,0.2179985375061081,3.50509925022706,1.9489811196503404,21.6328125893732,6.333807878517794,unmatched_ignored,
340,5492,0.680918942127602,0.1689629549413997,0.445,0.745,0.805,0.9011199282236716,0.1256800361434456,0.685,0.955,0.995,0.4576835053587978,0.2709540940844562,0.125,0.415,0.875,1135,0.2066642388929351,0.7182624903675743,0.1660783169379208,0.495,0.795,0.815,5.64000129699707,4.920001983642578,9.269999623298643,27.7488175689723,197.91834323567545,1.2438940987865497,0.6867335116097563,0.4843659757922262,0.804720238735681,0.4951186758756621,3.2765777483012712,1.800046038544424,unmatched_ignored,
341,3520,0.7276214934832586,0.1492701868165347,0.635,0.775,0.815,0.947747863219543,0.1132645243667474,0.795,0.995,0.995,0.5410757164182066,0.3282543279091757,0.055,0.585,0.945,436,0.1238636363636363,0.7141106169363227,0.2118823961974182,0.215,0.805,0.825,6.279998779296875,2.970001220703125,9.259999990463257,18.651604040525854,188.7237147192172,1.1004824525638612,0.4679483328154435,0.2525206168877407,0.9129222557357952,0.4710656869379964,5.227960013894534,1.864991345789507,unmatched_ignored,
342,526,0.5978687404665544,0.257654522146767,0.195,0.735,0.845,0.6801091362314986,0.1339568290014738,0.525,0.655,0.895,0.6040905031761572,0.2891713883298578,0.165,0.665,0.945,166,0.3155893536121673,0.7869325560259531,0.1417146090977379,0.565,0.835,0.845,3.6199989318847656,5.1100006103515625,7.3500001430511475,18.49819675140316,28.43520409415588,0.8363088380683499,0.5841437585596416,0.2106274227007085,0.5720325346259416,0.4091164074786917,3.4577284553318424,2.2367013321611675,unmatched_ignored,
343,1646,0.6518184244655353,0.2207321663717536,0.215,0.755,0.825,0.7629813946611537,0.1690558777300106,0.535,0.745,0.995,0.5890446998595394,0.3060159551157657,0.105,0.625,0.955,247,0.1500607533414338,0.8012326746153445,0.1093728478424004,0.785,0.825,0.845,16.30999755859375,4.279998779296875,26.230000495910645,69.80676964111626,23.57937501566473,1.5136662439120463,0.7225280079706254,0.1539143371774437,0.9244928919060312,1.2525766893435133,5.324724707612146,3.252789736290107,unmatched_ignored,
344,464,0.5557242170265265,0.2319610089689633,0.205,0.535,0.805,0.7069244780417147,0.1231377301011593,0.545,0.695,0.885,0.4869450174060304,0.261719676877065,0.155,0.435,0.915,59,0.1271551724137931,0.3892599041179075,0.19090721416816,0.215,0.235,0.755,2.3799991607666016,1.7199974060058594,5.650000095367432,4.093592382814677,113.3478755598432,0.6740980359068695,0.5372026778976845,0.194501431636429,0.6135569236738369,0.2260742038067456,4.347270239529939,1.8309818140707372,unmatched_ignored,
345,1402,0.5455111174840219,0.2412121931220492,0.195,0.545,0.795,0.7037882258565552,0.1265457716189023,0.535,0.695,0.885,0.4975292702029984,0.2762894858550614,0.095,0.515,0.875,312,0.2225392296718973,0.5025859324333186,0.24297822222855,0.195,0.505,0.785,5.299999237060547,8.119998931884766,19.699999809265137,43.03598814392171,32.57738605446694,1.0810941523155198,0.7270397640294916,0.4028887428948287,0.7694380340708614,0.6978236041436056,3.2683002396929117,2.080475164841184,unmatched_ignored,
346,3477,0.4029570024740192,0.2845508173490385,0.125,0.215,0.815,0.8406749948332082,0.1462756031454722,0.605,0.885,0.995,0.6366344891220164,0.2649016744951049,0.265,0.695,0.945,360,0.1035375323554788,0.5257543205697504,0.2559574607217295,0.195,0.515,0.815,4.420000076293945,3.329998016357422,8.160000562667847,14.718591486358491,236.2318434629128,0.9072911842180866,0.7483380444401279,0.322939450867378,0.6184514952085235,0.3405187225473791,6.730850601679709,2.7604794676576825,unmatched_ignored,
347,541,0.3611032038155853,0.2249212192022202,0.145,0.215,0.745,0.6271011697166288,0.0850752024725,0.525,0.615,0.735,0.5425927456526013,0.3268771086101769,0.085,0.605,0.945,141,0.2606284658040665,0.3204136499804808,0.1848714880314028,0.195,0.215,0.525,3.559999465942383,3.1899986267089844,6.330000162124634,11.35639340744092,47.63836374720224,0.8759352308333688,0.5096453598626761,0.1768783334644953,0.8806019174674301,0.3051529794230333,2.870447118819972,1.470901475592589,unmatched_ignored,
348,1491,0.5937981201519429,0.2432910703266335,0.195,0.735,0.825,0.7313015593289529,0.148458344963346,0.535,0.715,0.945,0.612218585962181,0.2788450876309157,0.195,0.695,0.935,359,0.2407780013413816,0.7191085504331629,0.1646265410456233,0.495,0.795,0.825,3.270000457763672,2.549999237060547,6.329999923706055,8.338498672485002,178.80916680120532,0.844773975086977,0.3630543302735844,0.197307889876669,0.9098535091780408,0.3876833363289086,4.238479054589787,2.184349993007774,unmatched_ignored,
349,10932,0.7248242524583022,0.1317572910154218,0.615,0.755,0.835,0.9977729338954928,0.0104428027962236,0.995,0.995,0.995,0.2577340958696449,0.2995246056051125,0.015,0.115,0.815,558,0.0510428100987925,0.794491746840084,0.0148894693272231,0.775,0.795,0.815,6.079998016357422,16.210002899169922,32.19999885559082,98.55678547210118,110.9208254676139,2.0871516728727846,0.3601016465253999,0.1060832028288572,1.5938594733794011,1.2424799816332344,7.543329766189882,5.162402974817838,unmatched_ignored,
350,713,0.7385160812447148,0.1352804487372431,0.695,0.775,0.815,0.957394029281584,0.0382777517595461,0.915,0.965,0.995,0.4856853166149849,0.3198162476595359,0.035,0.525,0.905,145,0.2033660589060308,0.7985808828781391,0.0260102094911932,0.785,0.795,0.825,2.55999755859375,6.079998016357422,30.980000495910645,15.564780078129845,45.808549585730425,1.0774205894297093,0.3102445046317624,0.1557106169268944,0.9934555001731772,0.6864869412903698,3.56125494573908,4.966775718569743,unmatched_ignored,
351,2515,0.6716932772938348,0.193430687401035,0.305,0.755,0.815,0.927541099604271,0.0887352267792127,0.795,0.965,0.995,0.3980595676414841,0.3141588279036729,0.035,0.315,0.875,520,0.2067594433399602,0.8016053361388353,0.0220388097822013,0.775,0.805,0.835,7.659996032714844,13.669998168945312,31.32999992370605,104.71213174134029,24.01822938924163,2.47422315108598,0.8025825573992775,0.2157951187791777,1.55772328324221,1.645032065780588,4.844118637486433,7.288079787181179,unmatched_ignored,
352,573,0.5139351500942653,0.266172581560352,0.205,0.525,0.815,0.7307429741190367,0.1093222747871743,0.565,0.745,0.865,0.7711806174385545,0.2266010350053845,0.405,0.845,0.985,341,0.5951134380453752,0.503556979454158,0.2665808092254708,0.215,0.515,0.825,1.25,2.4399986267089844,3.210000514984131,3.0499982833862305,187.86895819621,0.5817173148668651,0.5846301800572089,0.1914641180195319,0.4718488481235775,0.2121738529695148,2.452630898091181,0.6763865333628636,unmatched_ignored,
353,443,0.7621536862029448,0.1557436976601619,0.535,0.815,0.855,0.7610183055460049,0.1064029958023156,0.605,0.775,0.885,0.6447675292165719,0.321023629896607,0.135,0.775,0.975,207,0.4672686230248307,0.8154891182259085,0.0734859400228663,0.785,0.835,0.855,5.5500030517578125,4.260002136230469,21.86999988555908,23.643024856573906,18.73702720727905,0.8914274602342418,0.6595259030787102,0.4252505036701529,0.609121979144979,0.4140113525711449,3.1312702094997293,1.5504925393700004,unmatched_ignored,
354,755,0.6497424589877097,0.25816749521492,0.215,0.795,0.855,0.7446258623078958,0.1177052642169344,0.565,0.755,0.895,0.5967775140204374,0.2477226362571292,0.275,0.575,0.945,62,0.0821192052980132,0.8078451577213502,0.121876599518622,0.805,0.835,0.845,2.4800033569335938,3.8800010681152335,6.640000343322754,9.62241567383171,78.4626257680005,0.7849844060712772,0.5988715728473762,0.2600147205719781,0.7072298886491756,0.2317104129040191,6.143811277995836,1.666436395724293,unmatched_ignored,
355,2304,0.7616509912703704,0.1333008345167183,0.675,0.805,0.845,0.9297138244017132,0.0987136736289459,0.775,0.975,0.995,0.6225646928568899,0.296143436666259,0.185,0.685,0.965,271,0.1176215277777777,0.8218142407296768,0.0603844723692895,0.805,0.835,0.845,3.389999389648437,4.380001068115234,8.790000438690186,14.848200947570149,155.17031377306628,0.9320020452351516,0.5166119493335511,0.3256307668344494,0.6474011261494693,0.3396573918091423,6.016316175564295,1.867101499887094,unmatched_ignored,
356,1841,0.7663763572483656,0.1196909037886371,0.705,0.795,0.835,0.8938095935462027,0.1234179246495152,0.695,0.965,0.995,0.6307132157126805,0.2841893236660017,0.185,0.685,0.965,224,0.1216730038022813,0.8051010868512094,0.0711871763500724,0.745,0.825,0.845,4.479999542236328,4.150001525878906,9.24999976158142,18.592004936217563,99.02105804703712,1.1663746139741025,0.9457562972026368,0.5675033658543783,0.7652566574089963,0.4295788416853313,4.719868015491852,1.2864425556536223,unmatched_ignored,
357,2759,0.6805403510155174,0.2338480701143242,0.215,0.805,0.855,0.7663235008911017,0.1467762316339884,0.555,0.775,0.965,0.6762546897909208,0.2541842286877313,0.275,0.735,0.955,483,0.1750634287785429,0.8168067956501406,0.0780423734481132,0.805,0.835,0.855,5.099998474121094,4.459999084472656,9.450000047683716,22.745988525392026,121.2961132430031,1.1418085862286358,0.6294254143804714,0.3766401895744554,0.8494301698719434,0.4497038326342704,5.532455621659215,1.9270979193804132,unmatched_ignored,
358,1724,0.5373681753316328,0.2743605264434868,0.205,0.585,0.835,0.7181900100060793,0.1541228328924946,0.535,0.685,0.995,0.6148171065434092,0.2873853850916609,0.165,0.685,0.945,279,0.1618329466357308,0.6087590250383569,0.2649353994726428,0.215,0.775,0.835,6.429996490478516,6.540000915527344,31.989999771118164,42.0521829345671,40.996682685475136,1.9492982977341848,1.228076540198536,0.5510577522655515,0.99280944779034,0.9606080652076492,5.5161158140757385,4.192969610018192,unmatched_ignored,
359,548,0.7547084064406417,0.1790182891808171,0.515,0.815,0.845,0.8158726300636348,0.1251713605837879,0.615,0.855,0.955,0.6486401644329405,0.2721501187043,0.245,0.735,0.945,164,0.2992700729927007,0.8172831538065177,0.0658591592323475,0.785,0.825,0.845,2.6999969482421875,3.19000244140625,4.720000267028809,8.612996856682003,63.62477649981482,0.8037016432323972,0.7181625609323007,0.3777314527903396,0.7228412187673809,0.3066285959439153,4.103569058388689,1.6303663847381886,unmatched_ignored,
360,576,0.6079081165500813,0.2614033488306432,0.165,0.775,0.835,0.6857661624542541,0.1440335960926601,0.535,0.655,0.995,0.6946619325549869,0.2647093752897247,0.225,0.785,0.955,241,0.4184027777777778,0.7238512650997807,0.1832990679555325,0.515,0.815,0.835,4.009998321533203,7.0,29.34000015258789,28.069988250732425,20.52013683992086,1.0161632637316995,0.7986128443145055,0.306569364567994,0.8097325289787789,1.053434366140759,5.145950347288615,6.660365774597158,unmatched_ignored,
361,551,0.5559944571443781,0.2472857725905261,0.205,0.555,0.825,0.6441214776947797,0.1141489926929841,0.525,0.625,0.795,0.6280850188877644,0.2981013089066536,0.165,0.715,0.965,185,0.3357531760435571,0.5541080793818912,0.2555459341412476,0.225,0.545,0.825,6.620002746582031,5.279998779296875,29.780000686645508,34.953606420895085,15.76375248279431,1.0019745277573122,0.4663590115583784,0.1999090734345381,0.6968727880475475,0.9062464421100358,2.8786418618069805,3.80496165487037,unmatched_ignored,
362,611,0.655790350367902,0.2569786470751007,0.205,0.815,0.845,0.7185416660605398,0.1528437227715553,0.525,0.695,0.935,0.6512810939081919,0.2907674296981998,0.155,0.735,0.965,271,0.4435351882160392,0.8060016564447502,0.1108644310140147,0.805,0.825,0.845,2.079998016357422,7.969997406005859,26.83999919891357,16.577578794865985,36.85701075896707,0.7995888610591079,0.6475325656385682,0.3021222301743731,0.4940384035362697,0.374251382968118,2.332422398384386,2.2858320945794897,unmatched_ignored,
363,1157,0.7270250620132082,0.1490265371049184,0.505,0.785,0.815,0.8333270445710745,0.1314214167033408,0.605,0.865,0.975,0.5782492379643838,0.2924506781389994,0.145,0.635,0.935,306,0.2644770959377701,0.7458026405740408,0.157675805224139,0.525,0.805,0.825,2.7800025939941406,2.540000915527344,3.549999713897705,7.061209133913508,163.85295748332555,0.7137877958096154,0.3616383591128247,0.1383258604188868,0.7940935093730154,0.2870068556529336,1.9930655273931648,0.9593318530067249,unmatched_ignored,
364,1695,0.7776060316151222,0.0874010314092345,0.745,0.795,0.825,0.926578090957484,0.0970642195515482,0.775,0.975,0.995,0.5975392965137667,0.2640387449824022,0.205,0.625,0.925,494,0.2914454277286136,0.8045480468796815,0.0620625056805968,0.785,0.815,0.835,3.3800010681152344,2.200000762939453,5.320000171661377,7.436004928589682,227.9449807090801,0.7074473437121871,0.2554628929163097,0.1191268345422084,0.7166662208818955,0.3262870330345189,3.2306647210434125,1.1943345785194526,unmatched_ignored,
365,284,0.7556798779733584,0.1647613588682379,0.505,0.815,0.845,0.7229484911535827,0.1051618142363539,0.575,0.715,0.865,0.6151526120487892,0.3107384279448493,0.105,0.725,0.965,89,0.3133802816901408,0.8300461206543311,0.0368075998613753,0.805,0.835,0.855,2.9399986267089844,2.1100006103515625,3.990000247955322,6.203398896788713,45.781353855386776,0.6310161770779817,0.4504738282809217,0.1987006290786914,0.633191811357784,0.454583362966004,2.96187016661738,1.301849537317657,unmatched_ignored,
366,1158,0.6778795266578647,0.225711441287335,0.235,0.805,0.845,0.7161778092693171,0.1398188883667425,0.535,0.705,0.915,0.68013319383953,0.2647129560208315,0.265,0.755,0.965,326,0.2815198618307427,0.7776130786611258,0.1489365817517375,0.565,0.825,0.855,3.94000244140625,2.979999542236328,7.200000286102295,11.74120547180064,98.62701089604629,0.7945503774930158,0.5955539923118357,0.2587036457153686,0.6061077603819508,0.4002024871799568,4.660460986312807,2.5823215271839093,unmatched_ignored,
367,343,0.7066571252208756,0.1977343294470536,0.245,0.805,0.835,0.6660747602799196,0.0958469828573592,0.525,0.675,0.795,0.5338443953831715,0.3229643875759135,0.085,0.545,0.945,52,0.151603498542274,0.8229364855931356,0.0368412207980177,0.815,0.825,0.845,2.229999542236328,2.060001373291016,2.639999866485596,4.593802119445172,74.66581952847082,0.6896005834876324,0.5012848524812624,0.1302709427866412,0.5783746623772502,0.2133741749333373,2.3736459916951707,0.966650704297479,unmatched_ignored,
368,1327,0.6821785857613228,0.2377123004007723,0.215,0.805,0.845,0.7649193851230912,0.1534363635203,0.535,0.775,0.965,0.7106052282271231,0.2579116245053994,0.275,0.795,0.955,346,0.2607385079125848,0.817586076612762,0.0841928347106096,0.805,0.835,0.855,4.460002899169922,2.6599998474121094,8.039999842643738,11.863607031249558,111.8546826866897,1.0081280528891754,0.6408227482077536,0.2674881741438547,0.5872336200261091,0.3575961143217016,5.206704891797018,2.780548950886988,unmatched_ignored,
369,838,0.7299764994931961,0.2083583915957088,0.245,0.825,0.855,0.8178652693519729,0.141035176480875,0.595,0.855,0.975,0.6984891508092441,0.2594574174683688,0.265,0.775,0.965,136,0.162291169451074,0.8241530253606684,0.0328192072660636,0.805,0.825,0.845,4.259998321533203,2.540000915527344,8.27999997138977,10.820399636839284,77.4463077266512,0.9620032582956032,0.7503046498191305,0.3125485738729752,0.6281120948801989,0.280103550041262,5.315476553110064,2.3708916872533243,unmatched_ignored,
370,3235,0.708323375063112,0.1683704519907693,0.465,0.775,0.825,0.7595383198036477,0.12324162377996,0.575,0.775,0.915,0.583937710448898,0.2847603170574774,0.165,0.605,0.935,653,0.2018547140649149,0.7652963925649342,0.1037879438064221,0.735,0.795,0.825,2.6699981689453125,2.8699989318847656,4.850000381469727,7.662891893007327,422.1643793450952,0.698958191451099,0.5011255979822985,0.2124022788342808,0.5195634452800432,0.2492921831443633,2.9287182939292107,1.2985708209254434,unmatched_ignored,
371,543,0.7395760226260671,0.1236715568144889,0.535,0.775,0.815,0.8474289502667239,0.10047708701383,0.685,0.875,0.935,0.5882633591334904,0.2739892078203735,0.155,0.615,0.935,109,0.2007366482504604,0.7890388528141407,0.0494275792220696,0.765,0.795,0.825,2.0999984741210938,1.5499992370605469,4.369999885559082,3.254996032716008,166.8204798231088,0.5643471971379895,0.2956626983828678,0.1267836668609967,0.4988921117089242,0.2298394888705149,1.749503393803293,0.8135788808380101,unmatched_ignored,
