instance_id,num_points,confidence_mean,confidence_std,confidence_p10,confidence_p50,confidence_p90,semantic_probability_mean,semantic_probability_std,semantic_probability_p10,semantic_probability_p50,semantic_probability_p90,verticality_mean,verticality_std,verticality_p10,verticality_p50,verticality_p90,num_clustered_seeds,seed_fraction,seed_confidence_mean,seed_confidence_std,seed_confidence_p10,seed_confidence_p50,seed_confidence_p90,x_span,y_span,height,bbox_area,point_density_bbox,xy_radius_rms,base_vote_radius_rms,seed_base_vote_radius_rms,offset_xy_magnitude_mean,offset_xy_magnitude_std,offset_z_abs_mean,offset_z_abs_std,target_status,target_is_true_tree
1,485937,0.4609201588890446,0.2512071307150011,0.145,0.415,0.825,0.9998249293817848,0.0062033975690484,0.995,0.995,0.995,0.5183498300997694,0.2983423423335992,0.095,0.535,0.915,2510,0.0051652786266532,0.8102399903702071,0.0169471645089899,0.785,0.815,0.825,25.82999920845032,24.34000015258789,30.670000076293945,628.7021846750258,772.9208070927561,7.842616323752906,0.5319579392495752,0.1969009687566971,7.097151289568721,2.9884517417582317,21.823362289126724,5.10352041984457,tp,1.0
2,64313,0.6891247073973502,0.1922410926041257,0.355,0.755,0.865,0.9995998569435172,0.0102135617056523,0.995,0.995,0.995,0.528288906549959,0.3042381556286453,0.095,0.555,0.925,991,0.0154090152846236,0.8092364595468061,0.0149819231940684,0.785,0.815,0.825,16.589999675750732,13.93000030517578,23.84999942779541,231.0987005460738,278.2923480228657,4.281086255681867,0.2607346104240168,0.1230092957926391,3.880659150338445,2.0411156240641444,18.538589596562996,4.035780376124353,tp,1.0
3,1677,0.7860494236604543,0.1229832367886435,0.715,0.825,0.855,0.9871801838109944,0.0615369034614901,0.995,0.995,0.995,0.8139600407112263,0.2284769474893558,0.495,0.905,0.985,444,0.2647584973166368,0.8118672016169037,0.032005716490799,0.795,0.815,0.825,10.760000109672546,8.010002136230469,18.690000534057617,86.18762386431717,19.45754999163285,1.5484178448096435,0.4002304463901627,0.0822037401309128,1.1871267482196772,1.26099030854151,5.809982631451044,3.015371345513969,tp,1.0
4,83890,0.4825388040251933,0.2739491933643344,0.125,0.525,0.825,0.9992068636799644,0.0140177085262288,0.995,0.995,0.995,0.4568679397468014,0.3058908207994761,0.055,0.435,0.895,1297,0.015460722374538,0.7966792621608872,0.0535273780835232,0.765,0.805,0.825,13.580001831054688,15.670000076293944,25.16999912261963,212.79862972869887,394.2224633069912,4.685979602721582,3.553410294921315,0.4197829134951662,4.9453771767023165,2.910569254214653,15.72311851624042,5.057539708561918,unmatched_ignored,
5,43914,0.677433509918475,0.1731152988128692,0.415,0.725,0.855,0.998553610076864,0.0181729955858561,0.995,0.995,0.995,0.592920118587016,0.287555489258387,0.155,0.645,0.945,1259,0.0286696725417862,0.8101439003472389,0.0502412297105114,0.785,0.815,0.835,14.540000200271606,14.25999927520752,23.75,207.3403923173903,211.7966475764057,3.854524302133521,0.3424128093067055,0.1541970462394582,3.4800303590111827,1.808704846805884,14.305553086175642,3.654843746159631,tp,1.0
6,73434,0.5484729202258615,0.2432544898586354,0.175,0.595,0.835,0.9992505547790403,0.0131593501260048,0.995,0.995,0.995,0.4901557186389324,0.3093361252441705,0.065,0.485,0.915,1157,0.0157556445243347,0.7875749495205636,0.0270229092235443,0.765,0.785,0.815,13.679999351501465,18.790000915527344,25.300000190734863,257.047200339126,285.6829403437092,3.78004010084566,0.4407245458719978,0.2800719819353042,5.662346979868624,2.4992338932589027,19.714853478075177,4.510148032646953,unmatched_ignored,
7,167864,0.5352923716440859,0.2339116887672556,0.225,0.545,0.835,0.999474631772365,0.0111413444630861,0.995,0.995,0.995,0.4677297071459783,0.3042030582945549,0.065,0.445,0.905,2802,0.016692084068055,0.8059741281435627,0.0229531890169495,0.785,0.805,0.825,17.53999948501587,18.049999237060547,26.05000114440918,316.5969773225788,530.2135270513475,5.578037807768339,0.5249385421334657,0.2947393303555418,5.805156015770436,2.9122702554137847,19.65208254640164,4.444535316902769,unmatched_ignored,
8,179896,0.5758648654393822,0.2236889505440017,0.245,0.605,0.845,0.999717293705359,0.0072975144109442,0.995,0.995,0.995,0.5232921945259891,0.2983157106179664,0.095,0.535,0.925,1318,0.0073264552852759,0.818123654910393,0.0174279877299659,0.795,0.825,0.835,21.420000076293945,17.59999942779541,25.33000087738037,376.9919890861511,477.1878586494042,5.684268632564766,0.2871578595196943,0.1309167513021477,5.250745012919353,2.363173140227576,18.61721263933596,4.292126070975632,tp,1.0
9,23583,0.6486252060757386,0.1507178796317596,0.455,0.655,0.835,0.999089909462722,0.015072614513047,0.995,0.995,0.995,0.5290699710503968,0.2908648587916236,0.125,0.525,0.925,939,0.0398168171988296,0.805530046312192,0.0178603503522494,0.785,0.805,0.825,11.90999984741211,9.209999084472656,15.87999987602234,109.691087690735,214.9946772931118,2.559915482830648,0.358641738726957,0.11362364192818,3.918168605602136,1.94729588731043,11.252316103630209,3.275073262896113,tp,1.0
10,22127,0.7282953417149116,0.1360595421103395,0.515,0.775,0.855,0.9995845753414844,0.0103724222616542,0.995,0.995,0.995,0.5913133045285539,0.2676202936824006,0.205,0.625,0.935,422,0.0190717223301848,0.8160623382618077,0.0126186189624376,0.805,0.815,0.835,6.970001220703125,8.330001831054688,23.670000076293945,58.06012293091044,381.1049457530494,2.1507670782033097,1.536510820589713,0.0898101549132483,3.052501830443453,1.2415288378364724,17.554911000067452,3.9913000288010094,unmatched_ignored,
11,19815,0.7424239225702517,0.118523402577755,0.595,0.775,0.835,0.9993797927019484,0.0130194041743112,0.995,0.995,0.995,0.5916906235395726,0.2727645546820874,0.195,0.615,0.935,362,0.0182689881402977,0.8024634733713792,0.01979977478322,0.775,0.805,0.825,9.8100004196167,11.779998779296877,23.0,115.56179296798656,171.46670617588325,1.8625192366597676,0.410139198417784,0.0877721140418927,3.186496219484796,1.4767345270366885,17.267833636453695,3.9500242674186343,unmatched_ignored,
12,1402,0.7296577901147657,0.1193582970423104,0.565,0.765,0.825,0.811656437399724,0.1376426248367636,0.615,0.825,0.975,0.4568007162683437,0.2932889292576713,0.075,0.435,0.895,264,0.18830242510699,0.7593881700075034,0.1253883548463806,0.565,0.805,0.835,16.610000610351562,9.589999198913574,23.210000038146973,159.28989254722546,8.801562846081662,2.692073045140124,1.1086498494569224,0.2885070689989717,1.3829486200443186,1.4981095876139885,4.606832234393513,3.471750842302899,unmatched_ignored,
13,14464,0.7685449297531648,0.1468981882614723,0.705,0.815,0.845,0.9626193666435052,0.1163723790048152,0.895,0.995,0.995,0.5957594819002047,0.2832741806401371,0.135,0.655,0.935,266,0.0183904867256637,0.7493528959278325,0.1653791865463112,0.735,0.795,0.825,6.829999923706055,5.6100006103515625,19.46999979019165,38.31630374069209,377.4894389053285,1.516731372872248,0.4038314554686714,0.3718402397109059,1.5927500931325291,0.8421539803010624,13.60104763479615,4.701020951069733,tp,1.0
14,44545,0.7040034146287624,0.1408631678719952,0.515,0.735,0.855,0.997325743938726,0.0296857967652711,0.995,0.995,0.995,0.5874319275616934,0.2842639724139757,0.165,0.625,0.945,548,0.0123021663486362,0.8014480180385775,0.079139338349706,0.775,0.815,0.835,11.75,12.43000030517578,25.18000030517578,146.05250358581543,304.9930600732694,3.6520890290257113,0.3458499277112762,0.1269294471342185,3.88143246467408,1.465615782009565,18.943908248774022,4.264186024821977,tp,1.0
15,147655,0.6222369669232531,0.2326797468234369,0.225,0.705,0.865,0.9997070871267052,0.0096713729952526,0.995,0.995,0.995,0.5004677404306878,0.3019572436542295,0.085,0.495,0.915,968,0.0065558226947953,0.8155346804660214,0.0162441864657204,0.795,0.815,0.835,20.1399998664856,18.42999839782715,26.81999969482422,371.1801652715685,397.7987344554642,5.087717303251838,0.258812829646811,0.1007221269262683,4.774029777640997,2.5098063474365677,19.82142716955268,3.852813605546406,tp,1.0
16,4283,0.7951645629235636,0.0627516893666534,0.715,0.805,0.855,0.9973313307584014,0.0223652180660009,0.995,0.995,0.995,0.578537715575934,0.3188156434989813,0.075,0.665,0.945,699,0.1632033621293485,0.79775152134793,0.0205013825441807,0.775,0.795,0.825,5.140000343322754,11.400001525878906,18.660000801086422,58.5960117568975,73.09371186846751,1.0287539848883598,0.2149376564735249,0.117578938357605,1.154692133197884,0.7538112319795439,7.3134421214040355,5.04400262482207,tp,1.0
17,107745,0.6432860186669707,0.1971355930509689,0.335,0.695,0.855,0.9992586867118568,0.0119792834994294,0.995,0.995,0.995,0.4703549115543247,0.3032113657015335,0.075,0.445,0.905,1092,0.0101350410691911,0.8260073506242627,0.0370712089890403,0.805,0.825,0.855,15.190000534057615,15.969999313354492,23.739999771118164,242.5842980987545,444.1548807752499,4.700542858360504,0.228054838583444,0.1550385895657271,4.528000656532155,2.093735440935533,18.45191184751205,3.2787388535504234,tp,1.0
18,30226,0.68629004210845,0.1462889654494562,0.475,0.725,0.835,0.99836931853041,0.0190709028179123,0.995,0.995,0.995,0.5126027366403652,0.3081237297269855,0.075,0.525,0.925,525,0.0173691523853635,0.800459868993078,0.094631932223528,0.785,0.825,0.845,8.139999389648438,14.899999618530272,21.88000011444092,121.28598780059838,249.2126299840457,2.7220630878151253,0.2531847187658086,0.1056176819724137,3.4499656547493345,1.7888932242220463,15.429456242317222,4.192449133206996,tp,1.0
19,46552,0.7863335912656035,0.0923675590143536,0.685,0.815,0.865,0.9954941182852324,0.0322782676830885,0.995,0.995,0.995,0.623129397920969,0.2741536259681664,0.185,0.675,0.945,1174,0.0252191098126825,0.8220777441025593,0.0384230837662129,0.805,0.825,0.845,10.65999984741211,9.56999969482422,19.3700008392334,102.0161952865601,456.3197036434948,2.517336469850004,0.2248652572394039,0.1292918995430525,2.463972039977152,1.2539012252873254,14.144093449147409,4.248577060479773,tp,1.0
20,12560,0.7770303526279297,0.08603558598902,0.665,0.805,0.855,0.998809100032612,0.0187109384994208,0.995,0.995,0.995,0.6834661920591338,0.260832645527552,0.275,0.755,0.965,367,0.0292197452229299,0.8037897218069523,0.0363860829969528,0.775,0.805,0.825,10.020000457763672,5.409999847412109,20.65999984741211,54.20820094757073,231.69925916094917,2.127020447744011,0.1522319741723559,0.0955704816729824,2.4781551641817625,1.255491677066623,15.596652870295438,3.764731682251627,tp,1.0
21,8701,0.6643055699471975,0.1152814332927811,0.505,0.675,0.805,0.9988680846621808,0.0178451298698279,0.995,0.995,0.995,0.6403739903980423,0.2956280668071211,0.135,0.725,0.955,289,0.0332145730375818,0.805689466453341,0.039421731754702,0.785,0.805,0.825,11.18000030517578,6.159999847412109,19.75,68.86880017395015,126.34168125512343,2.052041443828898,0.2365027887419999,0.078168968983965,3.866328608500437,1.4903321666709484,14.499512136760451,3.637202528679582,tp,1.0
22,19139,0.7346025374255974,0.1258558686767641,0.575,0.765,0.855,0.98650086609334,0.0705550402817416,0.995,0.995,0.995,0.5093224065346739,0.3070152348831806,0.085,0.525,0.925,351,0.0183395161711688,0.811250059692948,0.0607941524064447,0.795,0.815,0.835,7.100000381469727,7.380000114440918,18.20000028610229,52.39800362777714,365.2620076130928,2.1242524684486086,0.2246560486517159,0.111430431204157,2.811614862029547,1.257706205151535,14.523096888465814,3.297834640798431,tp,1.0
23,1908,0.7299602265963702,0.1844363269909536,0.475,0.805,0.855,0.9104912404119344,0.1552091641570266,0.615,0.995,0.995,0.6156141878379898,0.2973098148001153,0.165,0.665,0.965,203,0.1063941299790356,0.7915649828065205,0.0869482709202821,0.765,0.805,0.845,5.329999923706055,5.009998321533203,17.880000114440918,26.703290671539435,71.45186799144423,1.4086095639642793,0.7243629176008083,0.1011246325126258,1.224800065053851,0.7922125868219573,9.15369310729846,4.189017494994886,tp,1.0
24,301,0.363025871102398,0.1758731882044726,0.185,0.265,0.585,0.7536259628213521,0.1739910998704534,0.535,0.765,0.995,0.85975762420764,0.2035667160178491,0.585,0.955,0.995,123,0.4086378737541528,0.3118340467534414,0.1305645065219872,0.215,0.225,0.505,9.069997787475586,14.709999561309814,17.239999771118164,133.41966347484686,2.2560392685801256,2.79073218897093,1.2817428175454988,0.2538297415942985,1.5530656491666657,2.1962507941563474,5.942019769618677,5.310850643954786,unmatched_ignored,
25,65350,0.6737898611404464,0.1684955115926462,0.415,0.725,0.845,0.9987819431105368,0.0161861194336795,0.995,0.995,0.995,0.5737901741632208,0.2898708739604241,0.145,0.615,0.935,1681,0.0257230298393267,0.8086467594493364,0.052770838687429,0.795,0.815,0.835,13.559999465942385,13.189998626708984,20.769999504089355,178.8563743339546,365.3769693328384,4.191770427053648,0.2397379019970488,0.2194928140523709,3.937807735338673,1.8965485240193087,15.545545107553547,3.842666921957425,tp,1.0
26,283,0.5302341381357752,0.2060113522402222,0.215,0.505,0.795,0.611834729518149,0.0959391292626926,0.515,0.585,0.775,0.5454529335762641,0.2973604228343798,0.065,0.605,0.905,142,0.5017667844522968,0.5707891367270913,0.2301525904871053,0.215,0.535,0.805,5.070001602172852,2.920001983642578,8.210000157356262,14.804414735415776,19.115919477924034,1.088685350902099,0.847285383266525,0.7742638284175404,0.5284529546226145,0.4578698872272527,2.428259376186364,1.2075086295079396,unmatched_ignored,
27,6475,0.5562890510301333,0.1672496338152828,0.335,0.565,0.785,0.99847154378891,0.0158236118593896,0.995,0.995,0.995,0.4620753340437917,0.3024718504909583,0.055,0.425,0.905,167,0.0257915057915057,0.7873944848062036,0.0707950213028152,0.765,0.805,0.815,6.119998931884766,5.3899993896484375,13.339999675750732,32.986790507507976,196.29069395297049,1.8748041283291144,0.3564010312431959,0.1391435365884505,4.617830753390817,1.5558033744789883,9.90738323036308,1.971184354143281,tp,1.0
28,17675,0.5198657646328422,0.149596690356125,0.325,0.525,0.715,0.9994990766031572,0.0114011609556678,0.995,0.995,0.995,0.5367544762531409,0.3110524007006064,0.085,0.565,0.945,275,0.0155586987270155,0.8132941813902421,0.012661917812781,0.795,0.815,0.825,13.029999732971191,4.150001525878906,25.07999992370605,54.074518774032185,326.8637502602785,2.447383885663969,3.916760131316397,0.1104736176981825,2.79776498870925,1.5243471942499571,16.997309229534114,4.090281472153383,unmatched_ignored,
29,64056,0.585491482222173,0.2246039293773836,0.245,0.645,0.835,0.9994724061862574,0.0100969308600384,0.995,0.995,0.995,0.5732804523546746,0.2824764796853767,0.155,0.605,0.935,1584,0.0247283626826526,0.7972090642316022,0.0382750341988687,0.745,0.805,0.825,12.230000019073486,13.970000267028809,22.25,170.85310353221894,374.91856264654,3.652927796175167,0.5372625696418185,0.1675167381337032,5.048033061108531,2.3331969660089107,16.094710726668726,4.025292806564029,tp,1.0
30,25009,0.6911514570595522,0.1329853268506381,0.515,0.715,0.835,0.9989751762847888,0.0179552948478185,0.995,0.995,0.995,0.5375370175507554,0.2980166887276796,0.105,0.555,0.935,296,0.0118357391339117,0.7889583087652117,0.0477152636575937,0.735,0.805,0.825,22.51000046730041,5.1699981689453125,21.170000076293945,116.37666119890127,214.8970398562707,2.9663364365425955,2.2393383942033886,0.3035196161062,1.8124849911943988,1.7093482250146947,16.161885320405034,3.787827329132377,unmatched_ignored,
31,91181,0.6934369286802888,0.1867206711680177,0.385,0.755,0.865,0.9994567457863816,0.0128993395531593,0.995,0.995,0.995,0.5856453902335016,0.2859924180743668,0.145,0.635,0.935,897,0.00983757581075,0.8163588017125593,0.0213651625930692,0.785,0.815,0.845,15.0,12.109996795654297,25.06999969482422,181.64995193481445,501.9599456471122,4.042376466686668,0.2259952484600009,0.1414603991118344,3.9808983491846335,2.0969731819125914,19.7142341354283,3.894197978787183,unmatched_ignored,
32,354,0.745374671736006,0.158565390909424,0.535,0.795,0.825,0.8266899016617382,0.1201262473466773,0.645,0.875,0.955,0.7475819432276622,0.2707012187580239,0.195,0.865,0.965,280,0.7909604519774012,0.7475684278777668,0.1671945583133625,0.515,0.805,0.835,5.44999885559082,1.4300003051757812,16.77999973297119,7.793500026702532,45.42246728518703,0.5304634965024592,0.2725830215908345,0.1893939322285209,0.3819750975717821,0.5128183458285835,1.6150705990313137,1.3382105868334178,unmatched_ignored,
33,4181,0.7780576602276704,0.0750714135099536,0.675,0.805,0.845,0.9971301784158408,0.0316851431882807,0.995,0.995,0.995,0.5088811369430686,0.3292093514846831,0.045,0.515,0.935,216,0.0516622817507773,0.7957836651691684,0.015004143548322,0.775,0.795,0.815,7.150001525878906,5.959999084472656,20.809999465942383,42.61400254821638,98.11329023293064,1.179013716989468,0.2390139241532138,0.0977327113787673,1.5395523349869007,0.9504863317305272,13.23790443811768,4.316421309291822,unmatched_ignored,
34,83376,0.757974532377897,0.1156071814733399,0.605,0.795,0.875,0.9995757662849344,0.0112435986453771,0.995,0.995,0.995,0.5354167217036393,0.2993891634051251,0.105,0.555,0.925,721,0.0086475724429092,0.7966349413424689,0.0169277358030109,0.775,0.795,0.815,13.789999544620514,11.889999389648438,25.6200008392334,163.96308616879014,508.5047003455974,3.6894006647931374,0.1941149067721576,0.1311799928928464,3.430351574812421,1.6003362720424057,19.68086636273147,4.5341207020339445,tp,1.0
35,7266,0.5363044930909607,0.2027652419319075,0.245,0.565,0.785,0.9975201517893136,0.0214661403261331,0.995,0.995,0.995,0.3066057226215015,0.3051859079716761,0.015,0.175,0.845,232,0.0319295348197082,0.8085306525744241,0.0320575852001666,0.775,0.815,0.835,9.080000400543211,6.219999313354492,18.690000534057617,56.4775962566373,128.65278414086353,2.1680170829235577,0.4805841294578464,0.1047577595308712,4.180854715417179,1.82219880261432,8.106265626086895,2.2858129257965283,tp,1.0
36,33254,0.5923441367356833,0.1715626397601466,0.335,0.635,0.795,0.9989854653047814,0.0166886092400129,0.995,0.995,0.995,0.5624857809936084,0.2817539690907593,0.145,0.585,0.925,743,0.0223431767606904,0.8003542278047204,0.0492693240188099,0.785,0.805,0.825,11.06999957561493,9.270000457763672,22.65000009536743,102.61890113339405,324.05336280860394,2.9034208275465176,0.5842620641659512,0.1371479267011348,4.787126981407277,1.7702623466403813,16.019064101939744,4.23974215942222,tp,1.0
37,26800,0.8319451059509458,0.0521472200738392,0.765,0.845,0.885,0.9993984172370896,0.0119787937447036,0.995,0.995,0.995,0.6036615593036987,0.2859263948719144,0.145,0.665,0.945,781,0.0291417910447761,0.7933764928586963,0.0163393498513366,0.775,0.795,0.815,6.840000152587891,6.120002746582031,22.61999988555908,41.8608197204594,640.2167988817846,1.5361241813267392,0.1794094594410876,0.1483553609661551,1.691884002690705,0.9681271581900458,16.66752139568718,5.04987884843461,unmatched_ignored,
38,17646,0.7967359656013087,0.0783867014319452,0.685,0.825,0.865,0.9993240374476005,0.0148634427196012,0.995,0.995,0.995,0.5687743305764029,0.3037216379994878,0.125,0.615,0.945,312,0.0176810608636518,0.8025164669140791,0.0176797785964117,0.785,0.805,0.825,5.010000228881836,7.329998016357422,22.97000026702881,36.72329173965409,480.512480338077,1.6458503035445011,0.1663721489563275,0.0892584713944469,2.5718481268588413,0.9107264743418352,16.991552489221426,3.839550075594812,unmatched_ignored,
39,15930,0.8155146581407845,0.0419163325674079,0.755,0.825,0.855,0.9996297623590336,0.0096813436883038,0.995,0.995,0.995,0.6965263108007392,0.2467878071280361,0.335,0.765,0.965,296,0.0185812931575643,0.8065773075496828,0.0144519546793537,0.785,0.805,0.825,4.510000228881836,6.210002899169922,23.670000076293945,28.00711449661321,568.7840495644901,1.1738770206064362,0.1459519220969781,0.0827811155511746,1.727249539733834,0.8079586533101974,18.430725657096165,4.054562021353364,unmatched_ignored,
40,18840,0.8209209098178111,0.0689632107367324,0.755,0.835,0.875,0.9991734833442736,0.0143186469498471,0.995,0.995,0.995,0.7020486665190581,0.2575131049586984,0.285,0.785,0.965,900,0.0477707006369426,0.801144566933314,0.0183603079826568,0.775,0.805,0.825,5.059999465942383,13.949996948242188,23.710000038146973,70.58697710800334,266.9047573913442,1.438695589450932,0.5077282610266323,0.2449757639706765,1.2304127367289837,0.9494668890661582,15.904646598312,5.89222106369656,unmatched_ignored,
41,49358,0.7864039477424766,0.0957055549582372,0.665,0.815,0.865,0.9995852139192336,0.0112683452719874,0.995,0.995,0.995,0.5968530040438276,0.2828382454082253,0.155,0.645,0.945,569,0.0115280197738968,0.8078873354437481,0.0184926757487968,0.785,0.805,0.835,8.860000610351562,9.889999389648438,25.1899995803833,87.62540062866174,563.2841578570233,2.664443176257556,0.2321839884840487,0.1059611812772984,2.812364306048989,1.5005134259421258,20.18947936905926,3.804585930230049,unmatched_ignored,
42,15010,0.7578053588249897,0.0953617898619016,0.655,0.775,0.845,0.9991711204684154,0.015360435738325,0.995,0.995,0.995,0.5961309284662518,0.3130266672028943,0.085,0.675,0.955,449,0.0299133910726182,0.8004397710075888,0.0165794944057488,0.775,0.805,0.815,4.329999923706055,7.339996337890625,24.07999992370605,31.782183583069127,472.27717884041374,1.4229478316445725,0.4180632333572533,0.1058720053313297,1.802922278404239,0.9510681509417076,16.54615880037291,5.211843625991119,unmatched_ignored,
43,13729,0.4784251929910864,0.205927234839448,0.235,0.445,0.805,0.998729954687833,0.0193373621415076,0.995,0.995,0.995,0.5734521453879773,0.2871115412612736,0.145,0.605,0.935,388,0.0282613445990239,0.7986140008439723,0.0155771403184441,0.775,0.795,0.815,8.289999961853027,7.060000419616699,21.420000076293945,58.5274032093048,234.57387902385764,2.3263311224334653,0.3193893321248681,0.0652667921276837,5.846757634405575,2.1341313883529565,15.71006354950089,3.970437656718361,tp,1.0
44,11771,0.6808792873204296,0.1383081987612057,0.495,0.715,0.825,0.9990242692205092,0.0122736290911567,0.995,0.995,0.995,0.3820092842905405,0.3251164634143423,0.025,0.285,0.885,478,0.0406082745731033,0.7981899951791165,0.0266532127445416,0.775,0.805,0.815,15.130000352859495,7.020000457763672,19.710000038146973,106.2126094030382,110.82488290381173,2.053177357184258,0.3993578749651746,0.1094363209319965,2.678642720737664,1.4676531512949462,10.473425582839946,4.2085545435021245,tp,1.0
45,18242,0.5670486679326193,0.1910680999009502,0.305,0.575,0.815,0.9985784868042062,0.0163027734337085,0.995,0.995,0.995,0.5573004818909176,0.2822739189324451,0.135,0.575,0.925,617,0.0338230457186711,0.8008845986578028,0.0152446778866793,0.785,0.805,0.815,7.640000343322754,8.370000839233398,18.80999994277954,63.9468092853549,285.2683379181169,2.469116690085837,0.3289005694315008,0.1784102827473332,4.669755953575763,1.9607468892000768,12.925063985734509,4.134313738334648,tp,1.0
46,35000,0.7625485967657396,0.0980098211147986,0.635,0.795,0.855,0.9994693253721508,0.0122528076152756,0.995,0.995,0.995,0.6017297381197271,0.2787068373057,0.185,0.635,0.945,790,0.0225714285714285,0.8109079727643653,0.0141485317840357,0.795,0.815,0.825,10.730000495910645,10.94000244140625,23.90999984741211,117.38623162155272,298.16103231627903,3.237513282129272,0.2942983107617971,0.2111793429836048,2.975409042353116,1.445779571202853,18.76048293784644,4.256837181681012,tp,1.0
47,605,0.7298553807737906,0.1409321191753635,0.515,0.775,0.815,0.7404356249107802,0.0916401980030535,0.615,0.745,0.835,0.2597530736223061,0.2969953520169441,0.005,0.105,0.795,96,0.1586776859504132,0.7721064969276389,0.1264301214127703,0.555,0.805,0.835,10.079999923706056,14.099998474121094,18.239999771118164,142.1279835433961,4.2567268240689184,1.1824949378126572,0.5972332957296363,0.5260817658516905,0.5444608346867187,0.7163375962284338,2.9853434684848,2.455433346311739,tp,1.0
48,158237,0.6380467869943967,0.2128626114065282,0.285,0.705,0.855,0.999749766749106,0.008493213654312,0.995,0.995,0.995,0.5336319943977246,0.2929688112215516,0.115,0.545,0.925,967,0.0061110865347548,0.8120901556271432,0.0145301697004025,0.795,0.815,0.825,15.590001106262209,15.75,25.15999984741211,245.54251742362976,644.4382897931961,4.767501944374139,0.236192018155547,0.1110875027404518,4.640924772949551,2.1559890504388166,18.946234301002782,3.639594514932218,tp,1.0
49,58650,0.615959146383448,0.1901502108379227,0.335,0.635,0.845,0.999149318798322,0.0142851650530336,0.995,0.995,0.995,0.6020105917745864,0.2800244364260077,0.175,0.645,0.945,807,0.0137595907928388,0.8042839284353835,0.0421897874997979,0.785,0.815,0.825,9.529998779296877,14.75,23.88999938964844,140.5674819946289,417.23732379470965,3.5127271201852426,1.41113448764539,0.1443052196587278,3.763248433022312,2.1628018285723103,15.853945105235644,3.771258951350717,unmatched_ignored,
50,9864,0.8302121958155291,0.0550016668586296,0.785,0.835,0.875,0.997431268234226,0.0299376040724226,0.995,0.995,0.995,0.6992894460443816,0.2419918245548614,0.345,0.755,0.965,340,0.0344687753446877,0.8084152534165803,0.0582814194781617,0.795,0.815,0.835,4.50999927520752,6.070001602172852,20.300000190734863,27.375702826308043,360.3195162726817,1.360071928678812,0.1456038565223141,0.1278972456338094,1.2464619157456651,0.7054514828963009,15.217831873445975,3.8145179536773,tp,1.0
51,1336,0.8049273145368356,0.062570172394245,0.765,0.815,0.845,0.9861571346660574,0.0522674450297186,0.975,0.995,0.995,0.7142465896185151,0.2149953335416467,0.425,0.775,0.945,219,0.1639221556886227,0.8030825507014854,0.0650964306757038,0.785,0.815,0.835,2.560000419616699,6.799999237060547,17.049999713897705,17.408000900268235,76.74631956041627,0.8834687595075312,0.2201468935923735,0.1292436081363988,1.1536483528190589,0.6700603095690547,7.79848728734933,3.5784552555328517,tp,1.0
52,2148,0.778057471264563,0.0598858875184722,0.735,0.785,0.835,0.98459685162348,0.0385047350923194,0.975,0.995,0.995,0.5000456419700613,0.3121511629812771,0.065,0.505,0.915,438,0.2039106145251396,0.805522942107562,0.0197930040958968,0.775,0.805,0.835,4.529999732971191,3.7199974060058594,17.769999980926514,16.851587255860068,127.46573764160064,0.8390452307778946,0.1661577813068779,0.1207007697940972,0.7521244567879256,0.4123718784879412,3.9925361213515367,2.0396711193042867,tp,1.0
53,10363,0.7862306264713788,0.092775002986754,0.685,0.815,0.855,0.9990876006376072,0.0139207957317152,0.995,0.995,0.995,0.5692275101723223,0.2947026396980904,0.135,0.605,0.935,500,0.0482485766669883,0.8046653096675873,0.0149447036823958,0.785,0.805,0.825,6.340001106262207,5.880001068115234,19.07999992370605,37.279213276673545,277.98333411945595,1.560872586825962,0.2043012397794257,0.0795964611641395,1.5316844978502662,1.015382073424569,13.7994796183683,4.546915413879893,tp,1.0
54,6151,0.7637659267143415,0.0732313730069432,0.695,0.775,0.835,0.9979989782540204,0.0203047554596943,0.995,0.995,0.995,0.3186864786675866,0.3051147103263977,0.025,0.195,0.845,342,0.0556007153308405,0.8005294067817822,0.0166464106426115,0.775,0.805,0.815,6.159999847412109,6.75,19.179999351501465,41.57999897003174,147.93170159607882,1.2309283659771824,0.1817586115499418,0.1355936948595758,1.1593312282025898,0.71077131305441,8.199696118720972,3.82174735137757,tp,1.0
55,2490,0.8314671908905468,0.0597771261798231,0.795,0.845,0.865,0.983423063266708,0.0417590339318051,0.955,0.995,0.995,0.6803256990334621,0.2628981263015739,0.225,0.745,0.955,507,0.2036144578313253,0.815865649685587,0.0307493480552554,0.795,0.815,0.845,5.160003662109375,5.900000095367432,16.080000400543213,30.44402209854161,81.78945580647444,0.5642801521686853,0.2336907325664833,0.1235129065766476,0.5505783122025004,0.3067190368898254,8.023409177344966,3.836373738038284,unmatched_ignored,
56,6744,0.7296435305437743,0.1209909763799061,0.595,0.765,0.835,0.9987011573068612,0.0151241321681441,0.995,0.995,0.995,0.5228296207517341,0.2935634163141217,0.115,0.525,0.925,307,0.0455219454329774,0.800946819277462,0.0386665965308423,0.785,0.805,0.825,16.279999256134033,5.0200042724609375,21.59000015258789,81.72566582145373,82.51997621816425,2.131758040395658,0.915912395987692,0.093493066526702,1.5755484016234145,1.6554013223578383,15.316892671698213,6.170628777880982,unmatched_ignored,
57,5391,0.7738364833949383,0.0663046700128148,0.695,0.785,0.835,0.998010418649906,0.0226783319495789,0.995,0.995,0.995,0.626499661800591,0.2893065087178795,0.135,0.715,0.935,308,0.0571322574661472,0.8074341617621384,0.0161693331164525,0.785,0.805,0.825,6.659999847412109,5.719999313354492,17.920000553131104,38.09519455413829,141.51391174387308,1.3838161841317511,0.2453016371103422,0.0979948784751053,2.523229303976898,1.1265701847719014,11.475059826859203,3.6702490356773474,tp,1.0
58,11759,0.7687526382990603,0.0938186301940113,0.645,0.795,0.855,0.9992592879344904,0.0145505612796772,0.995,0.995,0.995,0.6250434034848673,0.2719474798650648,0.205,0.685,0.945,404,0.034356662981546,0.8100016078736523,0.0128269163971991,0.795,0.815,0.825,6.470000267028809,5.579998016357422,18.0,36.10258865585274,325.7107159847304,1.8740787301542403,0.1828160625620385,0.0745697367228303,2.5596486188912104,1.318880984537322,13.300411043645411,3.20990908808353,tp,1.0
59,11150,0.7709262001634714,0.0816566846525294,0.665,0.795,0.855,0.9988964403103284,0.0151512726304489,0.995,0.995,0.995,0.5012459938705851,0.2961533152071328,0.105,0.505,0.905,323,0.0289686098654708,0.7930035556525269,0.05000267813185,0.775,0.795,0.815,5.460000991821289,5.149997711181641,16.980000019073486,28.118992610929126,396.5291415051008,1.4124626376597789,0.120404148886452,0.0726565622426346,2.046454820852817,0.9721276385298856,12.80439526037785,3.332263883422597,tp,1.0
60,28014,0.8318433925430196,0.0554266689153025,0.775,0.845,0.875,0.9968852574738308,0.0308508307480896,0.995,0.995,0.995,0.605998715397261,0.2932135947698113,0.155,0.655,0.965,622,0.0222031841222246,0.7780274769524861,0.1265410794131931,0.775,0.815,0.835,7.200000762939453,6.239999771118164,26.489999771118164,44.9280031127928,623.530939705248,1.881873922755807,0.1133806850732404,0.1694559674316567,1.7435681643584475,0.8677487592885613,21.51231721420717,4.9068823292592505,tp,1.0
61,1282,0.6879537078245381,0.1820136320155385,0.475,0.765,0.825,0.7611483059788643,0.1387552303658697,0.565,0.765,0.935,0.3471312169354738,0.2984900845738288,0.025,0.245,0.825,267,0.2082683307332293,0.753802468044481,0.1294017726815756,0.515,0.815,0.835,6.970000267028809,10.849998474121094,16.989999771118164,75.62449226188619,16.95217993081472,1.4641043591029854,0.6471605257024357,0.4116199481997431,0.7734936525077561,0.7549863453602433,3.017282692637068,1.8048625533078504,unmatched_ignored,
62,18153,0.798412906804988,0.0738026563642652,0.715,0.815,0.865,0.9992741029768064,0.0144246848276028,0.995,0.995,0.995,0.5723745602391102,0.2905684792421656,0.155,0.585,0.965,509,0.0280394425163884,0.8079200669215564,0.0113185655380148,0.795,0.805,0.825,8.470000267028809,5.94000244140625,20.24999952316284,50.31182226486271,360.8098292372503,2.0119287730403776,0.1182550065170481,0.0624951544632317,1.8187435064626536,1.0679194683770792,14.992055822663522,3.443143609071273,tp,1.0
63,14540,0.7539612345930389,0.085154725910081,0.655,0.775,0.845,0.9987057290223148,0.0185423909076712,0.995,0.995,0.995,0.5528683444993027,0.310115168451467,0.095,0.605,0.935,666,0.0458046767537826,0.7965066000684962,0.0447953493787012,0.775,0.805,0.815,6.420000076293945,6.200000762939453,16.52999973297119,39.80400537109381,365.28987131931046,1.897416768024091,0.2046677531498929,0.1735064541489641,2.873208697391584,1.4137734554446495,12.308166912798622,3.532222395603563,tp,1.0
64,22076,0.711630748404812,0.1605528542801105,0.465,0.775,0.855,0.9973987032158,0.0318056612723138,0.995,0.995,0.995,0.5262661906272958,0.3256424733983324,0.065,0.555,0.935,502,0.0227396267439753,0.8040010566967892,0.0184914686905055,0.785,0.805,0.825,5.130001068115234,10.799999237060549,19.320000171661377,55.40400762176432,398.454930385359,2.0481283637098144,0.3938410690836619,0.1350130876768829,2.669460298055495,1.6683922550560155,12.865731813784397,3.350378637280012,tp,1.0
65,6184,0.503262380939242,0.2038249505591388,0.245,0.495,0.795,0.9976222264022598,0.0206515467272249,0.995,0.995,0.995,0.5551916290499046,0.3017291132818483,0.105,0.595,0.935,322,0.0520698576972833,0.8007571104890812,0.035999740513958,0.775,0.805,0.825,5.729995727539063,13.270000457763672,18.87999963760376,76.03704592742724,81.32877763165936,2.248320765255132,0.818499012885079,0.1380834928012903,4.529444044530265,1.9329458778728212,8.645601255604744,2.2740301149191557,tp,1.0
66,4663,0.7958051068322829,0.0927331993226926,0.735,0.815,0.865,0.9793309096663186,0.0646286594746674,0.955,0.995,0.995,0.5919984076393185,0.3159430481823236,0.075,0.685,0.955,707,0.151619129315891,0.7970332023193678,0.0298724936566705,0.775,0.795,0.835,9.040000915527344,7.300003051757812,19.750000715255737,65.99203427124303,70.66004331422722,1.3066788521866208,0.4332057061482751,0.2074707095337527,1.1198210938183153,0.6583142982843966,7.47775574352208,3.912236981681372,unmatched_ignored,
67,16790,0.7391669605044895,0.125748001798742,0.565,0.785,0.835,0.9992684594820908,0.0149904425491206,0.995,0.995,0.995,0.6212539494256029,0.286223681012591,0.175,0.685,0.955,380,0.0226325193567599,0.804838840114443,0.016572828041958,0.785,0.805,0.825,8.09000015258789,6.209999084472656,24.25999915599823,50.23889354095445,334.2032201866248,1.7407844944725197,0.3817804565782217,0.0601492786150344,2.5269748663084357,1.4132691803666273,18.22394894390606,4.606152931734431,unmatched_ignored,
68,68487,0.7514290849330354,0.1099668190597412,0.605,0.785,0.865,0.993152490120752,0.0337008998520866,0.995,0.995,0.995,0.5391348915380674,0.3006963001816226,0.105,0.565,0.935,2688,0.03924832449954,0.7817062041500494,0.0491164029581426,0.715,0.795,0.825,9.64999771118164,11.510002136230469,22.350000202655792,111.07149427031982,616.6028507127132,2.8331686270425864,0.2585349263679054,0.1728153761348923,2.546307035206663,1.292394124201115,14.719382646615609,5.595467827645881,unmatched_ignored,
69,54174,0.823842387490477,0.0710870460205945,0.745,0.845,0.885,0.9955186372890412,0.0324586440727007,0.995,0.995,0.995,0.6999064546633971,0.24753792583202,0.305,0.765,0.965,878,0.016207036585816,0.7826919134426226,0.1270588932102239,0.775,0.815,0.835,9.780000686645508,8.879999160766602,26.76000022888184,86.8463978897089,623.7909840405655,2.584029356486187,0.1509841513812417,0.1794012391133845,2.4587062501673094,1.3987022550521178,21.05179425371687,5.249775308664542,tp,1.0
70,24547,0.7082962619126555,0.208784859947372,0.335,0.815,0.875,0.9993199444052188,0.0144190966175213,0.995,0.995,0.995,0.5736319876846757,0.2990578545870159,0.115,0.625,0.945,382,0.0155619831343952,0.8055565486715727,0.0156690159243056,0.785,0.805,0.825,10.799999237060549,6.430000305175781,24.760000824928284,69.44399839019752,353.4790704601043,2.952583030388616,0.4102058708260607,0.1121164179681603,3.232791653505977,2.269633363191385,18.72319482632861,3.92704559899859,unmatched_ignored,
71,166120,0.5148778820824342,0.2191177659206227,0.215,0.525,0.815,0.999659833809338,0.0092888167869036,0.995,0.995,0.995,0.4575122068834577,0.3007376828905242,0.065,0.435,0.885,1097,0.0066036600048157,0.8063982561054073,0.0197185543573104,0.785,0.805,0.825,15.849998474121094,19.929999351501465,19.84000015258789,315.8904593105326,525.878497130227,5.914885845405636,0.4109762548270246,0.1195675364888224,5.539878819239282,2.437263906363641,13.92080619419186,3.057033326534638,tp,1.0
72,88431,0.3974051990409554,0.2269305606603426,0.165,0.315,0.785,0.999672379243893,0.0084571472100893,0.995,0.995,0.995,0.5041480983311655,0.30566307294514,0.085,0.495,0.925,756,0.0085490382331987,0.8111634293088207,0.0202570741391934,0.785,0.815,0.835,15.790000915527344,18.190000534057617,22.86999988555908,287.22012508621265,307.8858070041448,4.589995362225585,0.4834452615316848,0.1326983076912139,6.979996471057714,2.281234324988717,15.614711172312308,3.226463925477209,unmatched_ignored,
73,206,0.4868975901632633,0.2421540885234154,0.125,0.555,0.815,0.7233731865304188,0.1674628677832339,0.525,0.675,0.995,0.7685375057654772,0.3418799616178788,0.025,0.945,0.975,63,0.3058252427184466,0.6925020558493478,0.1376374058634785,0.535,0.795,0.825,7.470000267028809,4.0,19.640000343322757,29.880001068115234,6.894243394784257,2.257049190506837,0.954578093239289,0.1912853825524986,1.8170911442098288,1.832803259719511,4.989575462433899,4.203712533105074,fp_counted,0.0
74,15967,0.7622958179114159,0.1072938168065201,0.635,0.795,0.855,0.9995529683222938,0.0109765015420646,0.995,0.995,0.995,0.380608395613745,0.3097429460917282,0.025,0.315,0.895,253,0.0158451806851631,0.8031627449534627,0.0557863795067394,0.785,0.815,0.825,7.739999771118164,6.880001068115234,17.250000149011612,53.25120669250464,299.8429705490116,1.9750612507857608,0.2281257301937131,0.101316161070103,2.154828082565535,1.139069947699266,12.375204147672193,2.51021099009948,tp,1.0
75,31026,0.745120950797721,0.1231071602692901,0.635,0.775,0.845,0.9947289777860217,0.0202343342901232,0.995,0.995,0.995,0.4807455778219319,0.2856720655151706,0.095,0.465,0.885,2649,0.0853800038677238,0.7750689887739479,0.0353732359161211,0.725,0.785,0.815,11.520000457763672,7.459999084472656,23.30000075697899,85.93919286804157,361.0227064575762,2.351999003718806,0.6694373106388161,0.3004381990183707,1.719530293198379,1.4529371980230807,7.225539953876708,5.126695541870686,unmatched_ignored,
76,23970,0.752791034265215,0.1016905670137212,0.615,0.775,0.845,0.9991205184271696,0.0123777825888864,0.995,0.995,0.995,0.6399741931460798,0.2682554911213968,0.225,0.695,0.955,449,0.0187317480183562,0.7900108559625452,0.0246054892727197,0.755,0.795,0.815,12.539999008178713,7.480003356933594,24.78000032901764,93.7992346771207,255.5457950431093,2.88312713869385,0.9040218262096116,0.2002160848763786,2.3148291464153443,1.3091066541298166,19.20651850615305,4.599267259793921,unmatched_ignored,
77,923,0.6729065704755768,0.1768622122926402,0.245,0.725,0.775,0.9964747113112122,0.0115500613085703,0.995,0.995,0.995,0.3064398081608183,0.2361091238818836,0.045,0.245,0.675,128,0.1386782231852654,0.7831952092237771,0.0143133931991355,0.765,0.785,0.805,6.90000057220459,13.119998931884766,18.61999988555908,90.52800013732848,10.195740528895309,2.399924988242072,1.0596275722427475,0.1611492502808911,1.6600330331232993,1.3808176263838592,3.4251246467830043,3.838168143541128,fp_counted,0.0
78,78801,0.634142401055712,0.2248860278550731,0.275,0.725,0.865,0.9980171002988713,0.0214173562430926,0.995,0.995,0.995,0.669266098433689,0.25730975266072,0.265,0.725,0.955,1955,0.0248093298308397,0.8038159554419311,0.0507991243048068,0.775,0.815,0.835,13.469999313354492,14.830001831054688,20.77999973297119,199.7601144813525,394.4781479756112,4.056563810718036,0.2793830510414885,0.361084417196841,4.238276513805288,2.25550522497661,14.502553047906712,3.657189277308267,tp,1.0
79,132826,0.6808711183194788,0.1946997699162743,0.355,0.755,0.865,0.999529377268838,0.0094109481131226,0.995,0.995,0.995,0.6084292691446089,0.2671198478445551,0.205,0.645,0.935,2083,0.0156821706593588,0.820914919966983,0.013025800119375,0.805,0.825,0.835,16.62999725341797,13.539999723434448,22.710000038146973,225.17015821199493,589.891667060721,4.370634325055234,0.3241484973916481,0.1346342337951761,4.011397264205341,2.1773879580127944,16.57545104812614,4.231335337261037,tp,1.0
80,74609,0.7385669201283428,0.1332999998786235,0.535,0.785,0.865,0.9995731388602708,0.0108885138833883,0.995,0.995,0.995,0.5119595259215464,0.298192096867843,0.095,0.515,0.925,635,0.0085110375423876,0.8163793181340525,0.0275588962584706,0.805,0.815,0.835,13.239999771118164,12.829999657347798,22.949999809265137,169.86919252673098,439.2144266433677,3.6167866781212448,0.1692798307377901,0.0874807292176958,3.364266134104364,1.695063457198749,17.688881533759837,3.236604060492584,tp,1.0
81,67724,0.6828436235532052,0.1840351730525691,0.385,0.745,0.855,0.9995327446712928,0.0092045333223567,0.995,0.995,0.995,0.4828993816243427,0.3106130640238972,0.065,0.475,0.915,632,0.0093319945661803,0.8140524040105976,0.0164816038014668,0.795,0.815,0.835,16.04999542236328,16.970001220703125,22.76000022888184,272.36844190978445,248.6484833747074,3.9887916893693687,1.6284387161590996,0.0796561932676602,3.127706509345952,1.9925683640383467,13.110931694630374,3.712043054034393,unmatched_ignored,
82,22182,0.8259965110136566,0.0737121138812424,0.765,0.845,0.885,0.9971954149912264,0.0303144577690582,0.995,0.995,0.995,0.6323383705164066,0.2932807078305638,0.155,0.705,0.965,434,0.0195654133982508,0.7590121481619123,0.1513666936860635,0.525,0.805,0.835,7.569999694824219,7.470001220703125,27.10999965667725,56.5479069610592,392.2691606477191,1.694652915946787,0.2121255938596188,0.1911734932219652,1.564368285277014,0.8345053865748105,19.945180377456914,4.646319144954791,tp,1.0
83,15105,0.7845556502634624,0.0809934421656737,0.715,0.805,0.845,0.999396191460926,0.0108881111750817,0.995,0.995,0.995,0.5805568757754503,0.3078124363330893,0.115,0.635,0.955,555,0.0367428003972194,0.8049385246929822,0.0138126580917568,0.785,0.805,0.825,5.850000381469727,7.189998626708984,26.020000457763672,42.06149470901437,359.11705241332726,1.4101254916605432,0.3049710845136901,0.1170684387605559,1.9072392121604105,0.8911307523972609,16.12906524936358,5.738119855283728,tp,1.0
84,12519,0.7650117972016582,0.092445099831495,0.655,0.795,0.845,0.9901098354868886,0.0573466712737303,0.995,0.995,0.995,0.6214856834733531,0.273540150699184,0.195,0.675,0.945,377,0.0301142263759086,0.7981078303777255,0.0227087226260524,0.775,0.805,0.825,5.8899993896484375,5.629999160766602,20.68000030517578,33.1606916206365,377.5252984231849,1.6841821080811867,0.2652998236186043,0.1245321102351764,2.270442903862857,1.2412009733097271,15.531206504213932,3.975265995690664,tp,1.0
85,40703,0.7726733674263511,0.1236996898893747,0.585,0.825,0.875,0.996637635192007,0.0329022653370299,0.995,0.995,0.995,0.6107708418288985,0.271184876309388,0.205,0.655,0.945,604,0.0148392010416922,0.8025272060062317,0.0702010494760471,0.775,0.815,0.835,8.689998626708984,11.649999618530272,22.489999771118164,101.23848068618828,402.0506799797621,2.565940882052097,0.2444076390924199,0.1217658072242808,2.644522756884811,1.4591393931067145,16.491996983550408,3.4372906430330867,tp,1.0
86,19636,0.7112417932126248,0.1335048235403665,0.515,0.735,0.855,0.9970182220321198,0.0337170762503675,0.995,0.995,0.995,0.6783403616648401,0.2551361352857226,0.285,0.745,0.955,163,0.0083010796496231,0.7862263935292425,0.0795256450286876,0.725,0.815,0.825,4.6399993896484375,12.69999885559082,24.75,58.92798693847726,333.2202747821782,2.7303027559195283,1.527893705937884,0.2526897364032266,2.8691021876128384,1.488412322087515,20.26533650690043,3.950918169623169,unmatched_ignored,
87,1464,0.7755116851633934,0.1347424654230643,0.705,0.815,0.855,0.9584681588362476,0.0955611216702387,0.865,0.995,0.995,0.6207545863145972,0.3164567618404951,0.085,0.735,0.955,372,0.2540983606557377,0.7945342244560359,0.1026288402695694,0.785,0.815,0.845,4.430000305175781,12.25,17.480000019073486,54.26750373840332,26.97747084622165,1.053623197953361,0.451809626138922,0.1809009200789313,0.9019124686401232,0.7493811804087522,6.35106287019256,3.548358254571692,tp,1.0
88,6782,0.7711734424203204,0.094664872030973,0.685,0.785,0.855,0.9942135292673068,0.0262710309732386,0.985,0.995,0.995,0.468577045308885,0.3168743620300626,0.055,0.455,0.915,472,0.0695959893836626,0.7971287868538145,0.0255787928091064,0.765,0.795,0.825,12.219999313354492,8.179999828338623,20.520000457763672,99.95959228553784,67.84741558996154,1.527564263670996,0.4672517428890888,0.3856354398839965,1.5122603725978467,0.973041900553855,7.216035943521191,3.144813577516522,tp,1.0
89,7792,0.7649438855323359,0.1062551546815775,0.675,0.785,0.855,0.9764573009688506,0.0865097456138692,0.985,0.995,0.995,0.4136684122203374,0.3233497339602693,0.035,0.345,0.915,481,0.0617299794661191,0.7406117378766968,0.1661676960342794,0.535,0.805,0.835,6.649999618530273,5.869998931884766,15.010000228881836,39.0354906578068,199.6132203974656,1.4140338305441242,0.179762039184795,0.2373984609991279,1.5903284494890648,0.9584712777362836,10.500074543701428,3.4399740659707607,tp,1.0
90,8705,0.8229180742480986,0.0435008554683317,0.785,0.825,0.865,0.9989255635441204,0.0168182612032184,0.995,0.995,0.995,0.6241221413766115,0.2722850885153242,0.215,0.665,0.955,224,0.0257323377369327,0.8025486025560115,0.0624962615295733,0.795,0.805,0.835,6.130000114440918,4.6100006103515625,17.919999599456787,28.25930426902778,308.04013846656113,1.0025718051191774,0.1455481528848629,0.0662316837159457,0.8972919627762831,0.4896048339077891,13.636088100347896,2.967053973634893,tp,1.0
91,11349,0.7144219256489116,0.162479661133626,0.645,0.765,0.825,0.9972587952856262,0.0207630764673321,0.995,0.995,0.995,0.5247068422157107,0.2958402031169052,0.105,0.545,0.915,1577,0.1389549740065204,0.7764235623062753,0.0454190840687281,0.745,0.785,0.805,5.999999523162842,14.199999809265137,21.640000343322757,85.19999208450326,133.20423772743789,2.579798861068144,0.906990345922348,0.283764562498725,1.746094235612209,1.327375682496013,5.710202176176049,4.056111532361539,tp,1.0
92,69482,0.6638996630192047,0.1554248727701908,0.435,0.705,0.825,0.9978784767487332,0.0226335170046425,0.995,0.995,0.995,0.5309028400059415,0.2992281134819883,0.095,0.555,0.925,484,0.0069658328775798,0.7918181026523764,0.0828546447810774,0.785,0.805,0.815,12.099998474121094,9.690000534057615,19.920000553131104,117.24899167632977,592.602111170454,3.096578538574936,0.4908565567872542,0.121669847298349,3.6155355277943055,1.5990918161887269,13.002563940972516,3.47814281693338,tp,1.0
93,15705,0.6980756514170526,0.1531022766846888,0.465,0.755,0.845,0.9975170417486274,0.0219011076163971,0.995,0.995,0.995,0.500137535328937,0.3063383920359727,0.075,0.505,0.925,417,0.0265520534861509,0.8023983647497438,0.0187006961596462,0.775,0.805,0.825,9.419998168945312,12.760000348091124,20.229999542236328,120.19917991475997,130.65812937440427,2.199860402211781,0.4117378071816356,0.1307910664589353,2.9465265528154787,1.648420256113704,11.721634495970893,2.785828885492714,tp,1.0
94,48349,0.7496098495153645,0.1275498547487751,0.565,0.795,0.865,0.995845673118728,0.0396751752927056,0.995,0.995,0.995,0.5410974520141748,0.2877590196799918,0.135,0.545,0.935,574,0.0118720138989431,0.8126660438338846,0.0749131437025352,0.795,0.825,0.845,10.55999755859375,10.909998893737791,23.59000015258789,115.2095616821316,419.6613483644446,2.923619433840273,0.2613269443501035,0.1696505334972897,3.4010455733842164,1.6989699437283974,18.136634547548084,3.685886557951647,tp,1.0
95,6680,0.8026245256305901,0.0984704694751325,0.735,0.825,0.875,0.9654081203891132,0.0933258939784545,0.835,0.995,0.995,0.5899165467511616,0.3049264751016695,0.115,0.665,0.945,196,0.0293413173652694,0.7962394416788403,0.0668757758310709,0.785,0.805,0.825,6.159999847412109,9.5,16.070000410079956,58.51999855041504,114.14901171340894,1.5233538283112946,0.8343510283339617,0.2102854526564918,1.0448822948621714,0.8451991252555742,11.095552471828851,3.760061574744804,tp,1.0
96,66405,0.5835462622037069,0.2726429188745704,0.135,0.715,0.845,0.9869250127237144,0.0676289906056362,0.995,0.995,0.995,0.4945092022532839,0.3076840773072056,0.065,0.495,0.915,842,0.0126797680897522,0.8138710484616547,0.0447399850448849,0.795,0.825,0.835,12.43999481201172,45.77999687194824,24.809999465942383,569.5029235809488,116.60168411859124,5.025300093521785,2.5099590887257017,0.6326871497443982,4.103229763568953,2.942160391834144,14.696221186757294,5.465901516257588,unmatched_ignored,
97,4918,0.7636423864140167,0.1301780959212773,0.625,0.805,0.855,0.9542217134532524,0.1230640611862304,0.775,0.995,0.995,0.4504695323050519,0.3241514506837351,0.045,0.425,0.905,214,0.0435136234241561,0.7562671607342836,0.146496214803237,0.575,0.805,0.835,9.169998168945312,4.769999980926514,21.88000011444092,43.740891090965306,112.43483791339165,1.4738242987074806,0.5369788709549521,0.2337916672642127,1.441348139156323,1.0109197244359969,9.345313610779458,3.074350501185448,tp,1.0
98,19179,0.6525631878806469,0.1532967466662128,0.435,0.675,0.825,0.9993646388892008,0.0131227155791305,0.995,0.995,0.995,0.6351336436198268,0.2717151807009828,0.205,0.705,0.945,447,0.0233067417487877,0.800170024369387,0.0141535594627929,0.785,0.805,0.815,8.670005798339844,7.969999313354492,21.910000801086422,69.09994025954802,277.55450913504814,2.3936564011762926,0.5520443043926656,0.0884954018659898,4.044093321545465,1.691530738189025,17.207802973578488,3.976927428492515,unmatched_ignored,
99,40583,0.7510305358724785,0.1133785881624737,0.605,0.785,0.865,0.999175046338474,0.0117498791133692,0.995,0.995,0.995,0.5102006933406663,0.3120287658444319,0.075,0.515,0.935,941,0.0231870487642608,0.8113592001317538,0.0291955856237532,0.795,0.815,0.835,12.720001220703123,9.299999237060549,20.1899995803833,118.29600164794827,343.06315881052325,2.8739178449588567,0.1831658560921194,0.1383074275356023,2.6032173442650164,1.4475350520096015,14.431724302405144,3.810937537577918,tp,1.0
100,9053,0.758216182594403,0.0999862754644525,0.645,0.785,0.835,0.9978174760857036,0.0248440786726384,0.995,0.995,0.995,0.5766674505683892,0.2885716957464122,0.135,0.615,0.935,343,0.0378879929305202,0.8090652495883297,0.052177309865445,0.795,0.815,0.835,8.230000019073486,7.430000305175781,18.27999973297119,61.14890265331269,148.0484457967548,1.3612311278890608,0.5130601132463867,0.0900989294078397,1.4525279524901824,0.7942833093241521,15.079459714738752,3.730845200826872,unmatched_ignored,
101,6398,0.6982821858219893,0.15973885070443,0.435,0.775,0.845,0.9967691400584744,0.0313632905605618,0.995,0.995,0.995,0.5647304439240809,0.2843622297463251,0.125,0.595,0.925,240,0.0375117224132541,0.8036284762745102,0.040820544331725,0.785,0.805,0.825,7.4599997997283936,6.25,19.710000038146973,46.62499874830246,137.22252379112268,2.046703581602153,1.5417830213763384,0.1441583624710615,1.7501940265693003,1.0198407189966514,14.898220290044726,4.722807824711574,unmatched_ignored,
102,16186,0.7249519917301499,0.1035088025086541,0.575,0.755,0.835,0.9994776196603824,0.0120278625497777,0.995,0.995,0.995,0.490817301409201,0.3011623620571783,0.075,0.495,0.905,250,0.015445446682318,0.8113704116344452,0.0136019795576006,0.795,0.815,0.825,8.199999809265137,5.599998474121094,18.85999965667725,45.919986419678025,352.48268263998955,1.95476141499828,0.3205642748354262,0.0781346235500026,2.799493603859959,1.185095037171473,14.570680896186436,3.170498787453924,unmatched_ignored,
103,9869,0.7519105621760305,0.1127498845617126,0.575,0.785,0.845,0.9971829742292876,0.0289246299241286,0.995,0.995,0.995,0.515856999669997,0.2940215982679631,0.115,0.515,0.915,202,0.0204681325362245,0.7972051369966847,0.0521847305953848,0.775,0.805,0.825,6.910003662109375,7.060000419616699,17.769999504089355,48.78462875404512,202.2973270895637,1.8679896313353117,0.2302032227208,0.0974323369553616,2.148639152334815,1.1923485000774592,10.536321713970851,2.4388526634261507,tp,1.0
104,1456,0.6360151642411538,0.1628073372713063,0.435,0.665,0.815,0.8805506829131435,0.148864924522116,0.655,0.995,0.995,0.62217949098136,0.2657481926762336,0.225,0.665,0.945,150,0.103021978021978,0.6802452274163564,0.1818792376651988,0.475,0.775,0.825,2.840003967285156,15.55000114440918,23.309999465942383,44.16206494141079,32.969472825413746,2.3896617162291927,1.0672592199749933,0.44329622879917,1.5196618805481874,2.053477622220392,12.705377201089163,8.233518347749397,unmatched_ignored,
105,16367,0.6467843708419083,0.1804271000296571,0.335,0.705,0.825,0.9994521040576158,0.0107711897167597,0.995,0.995,0.995,0.4562580605014274,0.3203064968820184,0.045,0.425,0.905,286,0.017474185861795,0.8050371623122609,0.0166098719098141,0.785,0.805,0.825,9.94000005722046,5.959999084472656,19.68000030517578,59.242391240692086,276.27176515383337,1.9841278536229332,1.0667757241877731,0.08671286134421,2.794799305167991,1.6129969698973796,12.231558876377155,3.639250815995013,unmatched_ignored,
106,1138,0.5537818826617172,0.2356690074790607,0.185,0.565,0.815,0.6627604032233226,0.1227284178287311,0.535,0.645,0.805,0.3689092214530565,0.3127574431262045,0.025,0.285,0.835,85,0.0746924428822495,0.4940761076176868,0.2057713853603661,0.215,0.505,0.775,10.629997253417969,10.050000190734863,18.390000343322757,106.83147442436166,10.6522914350089,1.1759877800957657,0.8191030784330631,0.3858495844425355,0.7779778503996728,0.7397259738964035,6.040731705031202,2.9786908123388804,tp,1.0
107,82638,0.7150130330880282,0.1548395277008834,0.485,0.765,0.865,0.9984083398576136,0.018417969489457,0.995,0.995,0.995,0.5189547401266751,0.3001209888448216,0.095,0.525,0.925,914,0.0110602870350202,0.815278880656809,0.0495664724189441,0.795,0.825,0.835,12.390003204345703,12.25999927520752,24.56999969482422,151.90143030509716,544.0238438441288,3.4330030262832745,0.2475236862728536,0.1354392619968794,3.4847386288499305,1.8216855823154592,18.37558326778475,4.138223081672943,tp,1.0
108,38488,0.677034385645589,0.18319534402243,0.405,0.735,0.865,0.9995993729398148,0.0107245269986038,0.995,0.995,0.995,0.5811939607338383,0.283607739244215,0.155,0.615,0.935,435,0.0113022240698399,0.8039893760078255,0.0161374715958314,0.785,0.805,0.825,11.93000030517578,10.90999984741211,21.08999919891357,130.1563015090942,295.7060054238772,2.706135111915798,0.3716856226518519,0.0785589901554805,3.708379248221058,1.7081566509676016,14.685326133675236,3.543034444952176,tp,1.0
109,3007,0.5849037955657247,0.1625950502426418,0.345,0.605,0.795,0.9945572583747536,0.0327552388772417,0.995,0.995,0.995,0.6484882483281936,0.2634623338939472,0.245,0.715,0.945,240,0.0798137678749584,0.8045505066712697,0.0406021806935773,0.785,0.805,0.835,14.14999771118164,9.849998474121094,16.980000019073486,139.37745586395613,21.57450773771534,2.286984761076885,1.2054324589845495,0.1422769776637978,3.676847787013064,1.4907087204837746,12.358233721689563,4.4999535110538025,unmatched_ignored,
110,8783,0.6644602843654546,0.1460152201925155,0.485,0.685,0.825,0.9997630599934108,0.0016755043962046,0.995,0.995,0.995,0.4595124860169134,0.3204607288509057,0.055,0.435,0.915,111,0.0126380507799157,0.8060863291895067,0.0180837359303303,0.785,0.805,0.825,8.550000309944153,5.1399993896484375,15.660000085830688,43.9469963746069,199.854386523556,2.122910049879011,0.3613238352082234,0.1817497099857124,2.62327886164983,1.6323109897516284,12.916496601243722,3.92578447819643,unmatched_ignored,
111,31479,0.8033919983290706,0.0702178460747579,0.715,0.815,0.875,0.999830581220588,0.0060730247255135,0.995,0.995,0.995,0.6295013630343701,0.2776050240855778,0.195,0.685,0.955,401,0.0127386511642682,0.8036856333216527,0.0185810326091507,0.785,0.805,0.825,11.320001602172852,7.80999755859375,23.170000076293945,88.40918487624731,356.06028993552445,2.797870765852377,0.1941397021813765,0.1118054768826742,2.591905917282016,1.3434208461529014,18.12155449558836,3.401689781635409,unmatched_ignored,
112,22759,0.7622540674462349,0.0989427676453281,0.625,0.795,0.855,0.9990737457555932,0.0152073089331207,0.995,0.995,0.995,0.5597319164734846,0.3024403586342891,0.115,0.595,0.945,770,0.0338327694538424,0.8145480982668988,0.0187446435965489,0.795,0.815,0.835,9.029998779296877,6.279998779296875,23.429999351501465,56.708381311036646,401.3339734592393,2.469722857451408,0.1712515236773356,0.1587000266539204,3.2776421895093613,1.5331170657075188,17.183138915077077,4.421197447642716,unmatched_ignored,
113,4261,0.6283732866459653,0.1270200669287328,0.475,0.645,0.765,0.9981139896201908,0.0162805625796461,0.995,0.995,0.995,0.3628710555109979,0.3101666429453666,0.025,0.275,0.865,116,0.027223656418681,0.8011592559773346,0.0221409345969828,0.775,0.795,0.835,5.9100000858306885,5.779998779296875,16.759999752044678,34.159793281745806,124.73728880194888,1.7986097594471944,1.1480500721430884,0.1607242793846534,2.3468593230930512,1.2405092527130497,11.500182123540016,5.264256157415289,unmatched_ignored,
114,6707,0.779932085442991,0.09841932033229,0.675,0.815,0.855,0.999699395753702,0.006737647539471,0.995,0.995,0.995,0.6338974689391915,0.2903797494624976,0.175,0.715,0.955,146,0.0217683017742656,0.8207913526933487,0.0115069118365389,0.805,0.815,0.835,6.1599999368190765,3.3199996948242188,17.3100004196167,20.45119791035654,327.9514495629401,1.3546389271909056,0.7077298103657113,0.0778247129169018,1.450041538096595,0.950500928349056,14.101725739801411,3.2491005066121823,unmatched_ignored,
115,92521,0.6084986067077475,0.2231037919284448,0.255,0.675,0.855,0.9994909626920844,0.011246432015221,0.995,0.995,0.995,0.4625305153146507,0.3052041532433693,0.065,0.435,0.905,976,0.0105489564531295,0.8118956460022047,0.0252843060806732,0.795,0.815,0.825,18.07000064849853,12.419999808073044,21.530000686645508,224.4294045862316,412.2499017923965,4.511252405274825,0.5190824128755535,0.135467392526749,4.24404915026584,2.3117167008809223,14.162992528165974,3.69461317858766,tp,1.0
116,29161,0.6870254999382629,0.1560111383389756,0.445,0.735,0.845,0.997239414922274,0.0165842824037278,0.995,0.995,0.995,0.4031936494068266,0.3065038373032874,0.045,0.345,0.875,573,0.0196495319090566,0.7668679648096857,0.0976021557174101,0.625,0.805,0.825,13.05999755859375,29.269996643066406,22.269999504089355,382.2660846984945,76.28455980603201,2.322830684523086,0.5612242998130418,1.3723196632429593,2.929639649877955,1.4937584839397386,9.977701533044865,3.470950402276028,unmatched_ignored,
117,46333,0.7093379175781283,0.1615082314423234,0.465,0.765,0.855,0.9993894902387735,0.0121573320507701,0.995,0.995,0.995,0.5479054029483812,0.3048004094973997,0.105,0.575,0.945,780,0.0168346534867157,0.8065892147903259,0.0310867855620307,0.785,0.815,0.825,14.56999969482422,12.060001373291016,18.88000011444092,175.71421632842976,263.68384396057274,3.349718568164708,0.4055307172315156,0.1837250896738119,2.975919504942723,1.6586211994609108,13.322786031768842,3.173785692037753,tp,1.0
118,35688,0.6978536272058011,0.1677445826606177,0.425,0.765,0.845,0.9818771913784604,0.077312887189236,0.995,0.995,0.995,0.5331972326694062,0.3187137167408002,0.075,0.565,0.935,1120,0.0313830979600986,0.786718647142074,0.0709430411166964,0.765,0.795,0.815,14.560001373291016,15.179998397827148,18.410000324249268,221.0207975189187,161.46896762937078,2.914020300586917,0.8946191860229906,0.7288215117456657,2.8260248472552734,1.7187888446700703,11.538033188073303,3.450372218210424,tp,1.0
119,79395,0.6668985830732659,0.170529856518315,0.405,0.705,0.855,0.9993933843037848,0.0126338166086198,0.995,0.995,0.995,0.609803494671335,0.283746096234922,0.155,0.665,0.945,972,0.0122425845456262,0.8057136596352966,0.0660451193228601,0.785,0.815,0.835,13.900001525878906,31.63999938964844,25.75999927520752,439.79603979492094,180.52686430969743,4.37693085884245,0.5633255497571519,0.3484135951019781,4.012620763858592,2.0223308090507763,19.983037758938828,3.881572539478574,unmatched_ignored,
120,25018,0.6551969186211888,0.2378427856677381,0.245,0.785,0.865,0.9993977602155806,0.0130102137125058,0.995,0.995,0.995,0.6177805349915804,0.2700116213311273,0.205,0.665,0.935,262,0.0104724598289231,0.7925200780839411,0.0866608659162806,0.765,0.805,0.835,6.150001525878906,32.41999816894531,25.36999988555908,199.38303820800505,125.47707279844003,3.25263126017231,0.8599946351035896,0.1031241540932544,3.761831547571537,2.152518345820703,19.732440282101017,3.8748724860248913,unmatched_ignored,
121,58519,0.6979659071057537,0.2130666479609561,0.295,0.795,0.865,0.993496156038896,0.0434664685424239,0.995,0.995,0.995,0.5234573400360639,0.3008745380512436,0.095,0.545,0.925,1062,0.0181479519472308,0.80147741259323,0.0622194904864839,0.785,0.815,0.835,12.080000877380373,13.169999837875366,27.6899995803833,159.09360959663377,367.8274705588061,3.4906369946108544,0.6099335626985658,0.3750711855022703,3.5360295439468614,2.199432085439376,16.47601977649652,4.729572824667967,tp,1.0
122,40212,0.7089675218252285,0.196969941895236,0.335,0.795,0.855,0.9992257987834512,0.0148677333764942,0.995,0.995,0.995,0.5053611777358326,0.3059141352704277,0.085,0.505,0.925,566,0.0140754003779966,0.8017003387212753,0.0220116109758624,0.785,0.805,0.825,9.610000610351562,9.849998474121094,23.77999973297119,94.65849134826568,424.8113341681392,2.982305328266849,2.8171540625367038,0.1471794195381452,2.503327145430078,1.6167054720097214,16.04517373842724,3.689556511852712,unmatched_ignored,
123,4910,0.6231207983830067,0.1948542977486506,0.345,0.675,0.815,0.9964511819138304,0.0168893491426207,0.995,0.995,0.995,0.3715534907018767,0.3232714566513188,0.015,0.275,0.875,735,0.1496945010183299,0.80571911651261,0.0150530806415024,0.785,0.805,0.825,18.20000457763672,15.109996795654297,20.88000011444092,275.0020108489844,17.85441489988339,4.026203795724407,0.6406073541359671,0.1092495569620678,2.990384584073983,2.802890238605909,6.987309474554179,4.200196213529482,unmatched_ignored,
124,8350,0.6296008642410447,0.2265779458978161,0.235,0.735,0.845,0.9986955038658872,0.019444748960083,0.995,0.995,0.995,0.7164770766558728,0.2566114489767625,0.305,0.815,0.965,197,0.0235928143712574,0.8046699953714603,0.0472633909394061,0.785,0.815,0.825,4.3699951171875,37.79999923706055,25.32999992370605,165.18581209564582,50.54913551028939,5.1443281182539815,1.7973226817619254,0.1141418957758721,3.7084608348817056,3.612685060132249,19.176410411264367,5.254035391421458,unmatched_ignored,
125,6189,0.7582278921357514,0.1156214564153296,0.615,0.795,0.845,0.9992327491346056,0.0129052605274528,0.995,0.995,0.995,0.4828806144287663,0.3072236289989191,0.075,0.475,0.915,132,0.0213281628696073,0.7996861266367363,0.0140378617062636,0.785,0.805,0.815,11.789993286132812,26.95999526977539,21.800000190734863,317.85816322482424,19.470948731376325,1.7725651419775896,0.3280549864077358,0.1133362697613084,1.7813153453974988,1.2752009623626015,10.356682378422525,2.172823083602633,unmatched_ignored,
126,21407,0.8064006513543506,0.0898387750577769,0.715,0.835,0.875,0.9993730412196896,0.0132835181370491,0.995,0.995,0.995,0.5721446990236525,0.3063259424727053,0.115,0.615,0.955,387,0.0180781987200448,0.7987193415947355,0.0206423191602875,0.775,0.805,0.825,15.580001831054688,21.599998474121094,23.420000076293945,336.5280157775851,63.61134585046884,2.4182062240567994,0.2350996179873189,0.0941678021132409,2.225229421329727,1.672474910270379,18.22755605297541,3.9508266833091046,unmatched_ignored,
127,29287,0.6795164043517601,0.1801452616158559,0.395,0.725,0.865,0.9996190135072016,0.0088384989098041,0.995,0.995,0.995,0.503429270659716,0.3251004109335987,0.055,0.525,0.925,587,0.0200430225014511,0.803864723982153,0.0157830018868673,0.785,0.805,0.825,27.59000396728516,12.099998474121094,23.10999965667725,333.8390059051453,87.7279151985056,2.2715576511770923,0.2572717286779103,0.0753097395808804,3.30997545286977,1.608974625532985,13.746984140702793,4.222159475706887,unmatched_ignored,
128,25486,0.6761435849014279,0.182496186942172,0.375,0.745,0.845,0.9979265563778756,0.023017924822309,0.995,0.995,0.995,0.6028703110614163,0.2727820518547499,0.195,0.635,0.935,588,0.0230714902299301,0.8053627797104672,0.0667737231441169,0.785,0.815,0.835,8.100000381469727,12.18000030517578,20.19000005722046,98.6580071182252,258.3267262783777,2.489671409547404,0.3700511084134862,0.3374507479955532,3.281845008080382,1.9748274021110817,14.230899114262588,3.460024960368608,tp,1.0
129,9958,0.6638333831576518,0.1454887566412128,0.465,0.705,0.815,0.9592475964975636,0.1127995313241354,0.805,0.995,0.995,0.5154717569099837,0.2990055021511984,0.065,0.535,0.915,278,0.0279172524603334,0.7984615635100029,0.0193524743728426,0.775,0.795,0.825,7.210000991821289,8.859999895095825,19.37000036239624,63.88060803117742,155.8845525568561,2.055712265933723,1.0638394138032017,0.1091236421585638,3.3099693412104467,1.6952148530376647,13.072400881155676,4.4548243406626975,tp,1.0
130,11958,0.8183472642463513,0.0757796573131257,0.755,0.835,0.875,0.9992892542677312,0.0141635288584843,0.995,0.995,0.995,0.6036126100436351,0.2825107056636297,0.175,0.655,0.945,325,0.0271784579361097,0.8028872695335975,0.0191102126071589,0.775,0.805,0.825,4.949996948242188,24.020004272460938,22.37999963760376,118.89894784544596,100.5727991432181,1.8645796797526757,0.2220918002758104,0.0677090575555206,1.715342521192058,1.250606364262838,16.190168372662416,4.140562614883132,unmatched_ignored,
131,21219,0.5308625639883146,0.2346811024883713,0.195,0.565,0.825,0.9991339210897854,0.0145458604251319,0.995,0.995,0.995,0.5213374011341947,0.3084294276470455,0.075,0.545,0.935,388,0.0182854988453744,0.7834134046948448,0.0605563329600457,0.725,0.805,0.825,8.389999389648438,22.38999938964844,23.02999973297119,187.85208121337928,112.95589520723784,4.64715130877008,4.844941784857021,0.1904517651562695,4.356180381744953,3.722870327220544,15.407518242667749,6.393360380041246,unmatched_ignored,
132,55167,0.5251475567128486,0.2120083220870886,0.195,0.565,0.775,0.999328088907964,0.0147570258255823,0.995,0.995,0.995,0.5576645804753554,0.2847089883382772,0.135,0.585,0.925,74,0.0013413816230717,0.5387477059722752,0.2640484569982939,0.155,0.725,0.775,21.57999420166016,10.05999755859375,22.34999942779541,217.09468898316845,254.11492219543496,3.888352760867824,2.485262995575789,0.4664113497973035,4.724581252852897,2.871697157864006,16.85239929647258,3.2981154804864823,unmatched_ignored,
133,43595,0.7558009054513067,0.1400876868004238,0.555,0.815,0.875,0.9989717872047904,0.0201871353134687,0.995,0.995,0.995,0.5963831522795964,0.2952007731329735,0.125,0.665,0.945,636,0.0145888289941507,0.8027715874168108,0.0158553813103389,0.785,0.805,0.825,7.869998931884766,11.650001525878906,21.57999992370605,91.68549956512288,475.4841300617565,2.824577514437638,0.2639520052745378,0.1482114969359396,2.7390179888147297,1.4825101021837577,15.050806117420802,3.838116336763512,tp,1.0
134,3040,0.6316501531088234,0.1354406640188505,0.495,0.655,0.795,0.9987510542336264,0.0195205343086597,0.995,0.995,0.995,0.6410771991380994,0.2863458872656116,0.165,0.715,0.965,165,0.0542763157894736,0.7951870958010355,0.0124825051874994,0.785,0.795,0.815,7.730003356933594,19.22000503540039,22.049999713897705,148.5707034439256,20.46163832795861,2.303145461352308,0.4383793029738008,0.0860417184298478,3.105001178805171,2.158132372390277,14.050859067696882,4.567723997810991,unmatched_ignored,
135,56412,0.7503726215611651,0.1492925363906074,0.525,0.805,0.875,0.9989336953301434,0.0195778982960327,0.995,0.995,0.995,0.5595326965428968,0.2962151572451892,0.125,0.585,0.945,977,0.0173190101396865,0.7961481724815213,0.0166624088133168,0.775,0.795,0.815,33.07999801635742,10.099998474121094,23.63000011444092,334.1079294891388,168.84364308939232,3.014492434324077,0.6642606940759277,0.2864486423540733,2.8002810165201333,1.7106956537275535,17.0935175436158,3.932026733894209,unmatched_ignored,
136,3049,0.6722097061977655,0.2383083213809148,0.225,0.785,0.845,0.998994328949091,0.0155055915134536,0.995,0.995,0.995,0.5690677023100477,0.3195847490211023,0.105,0.625,0.945,82,0.0268940636274188,0.8109466251803608,0.0107189718421933,0.795,0.815,0.825,15.31999969482422,12.080001831054688,20.679999828338623,185.06562436523384,16.475236881284264,4.769336583716084,1.397414148060959,0.1308394578546361,3.040568549330096,3.3444801171233456,12.938558442557824,5.390641397877132,unmatched_ignored,
137,29090,0.5786197769637779,0.1522241320791129,0.385,0.575,0.805,0.9994921386364852,0.0117361622735446,0.995,0.995,0.995,0.5881447519566811,0.28611834093074,0.145,0.625,0.935,678,0.0233069783430732,0.8077564981483076,0.0151231309174813,0.795,0.805,0.825,8.569999694824219,8.359999656677246,19.18000030517578,71.64519450645457,406.02862760571134,2.3848636335809665,0.323177016692877,0.124502578908749,4.573758463548715,1.6935964546706397,14.249337535058768,3.4086121287228144,tp,1.0
138,11888,0.5936925712732215,0.1354130440438382,0.415,0.595,0.795,0.9989247366254536,0.0162810256004378,0.995,0.995,0.995,0.5836533375590237,0.2702662715330459,0.195,0.605,0.935,401,0.0337314939434724,0.8068734178519309,0.017633968655815,0.785,0.805,0.825,6.580001831054688,6.880000114440918,18.34000015258789,45.2704133506777,262.5997670467932,1.9460177817060988,0.2995784588117325,0.0906064655891369,4.423328217430824,1.5225740029743249,13.380832873986757,3.542289613113607,tp,1.0
139,8174,0.618549020333361,0.1231102758855882,0.485,0.625,0.785,0.9992205857472224,0.015764318396076,0.995,0.995,0.995,0.579008504570586,0.2806364679183731,0.165,0.615,0.925,256,0.0313188157572791,0.8011313385795802,0.0146729369036349,0.785,0.805,0.815,6.650001525878906,7.05999755859375,16.980000019073486,46.94899453734979,174.1038350352159,1.753790807628465,0.3217051449825503,0.0659344623576366,4.420348934888724,1.4371476396308849,13.102736706022151,2.915473095209813,tp,1.0
140,10086,0.7325126536732719,0.1213954247218856,0.605,0.755,0.845,0.9989226742760424,0.0152040127167986,0.995,0.995,0.995,0.4361177828110998,0.3210975457969024,0.045,0.375,0.905,345,0.0342058298631766,0.8095608801081561,0.0151059638808519,0.785,0.815,0.825,8.010002136230469,10.489999771118164,21.050000190734863,84.02492057571362,120.03581712298858,1.9309504407001097,0.4549282650429436,0.1007688324460372,1.8445170084871203,1.0792354694533044,10.981373516728594,2.7442168546526053,tp,1.0
141,11759,0.7762182593543328,0.0831847601759682,0.675,0.795,0.855,0.9943025084780291,0.0377931080683074,0.995,0.995,0.995,0.6194945334664661,0.2765713133822218,0.175,0.685,0.945,444,0.0377583127816991,0.7927862656814558,0.0954542784491107,0.775,0.815,0.835,6.920001983642578,4.299999713897705,20.289999961853027,29.75600654983464,395.1807168850535,1.7491978944520732,0.1488962679218706,0.1270690464144773,2.40801970159645,1.3030363568166423,14.530769418075698,4.009199414172289,tp,1.0
142,6774,0.7290726919568566,0.1316165892805924,0.535,0.785,0.835,0.9859557542295488,0.0628943613903351,0.995,0.995,0.995,0.6653367594946612,0.271386791118976,0.245,0.745,0.965,285,0.0420726306465899,0.7738358299198903,0.1200043381888073,0.755,0.805,0.825,6.6100006103515625,4.809999465942383,18.61999988555908,31.79409940566984,213.05840160995385,1.4727368843990258,0.8910320351398715,0.2714753239578155,2.824417035871809,1.0900476614946188,13.768155719384282,3.834572057858398,tp,1.0
143,1211,0.5682353105897454,0.1995344028430202,0.255,0.585,0.815,0.9632054667252336,0.1034404385542822,0.915,0.995,0.995,0.8149416895674981,0.18282913830079,0.625,0.865,0.975,113,0.0933113129644921,0.7939408268548745,0.0182947170638748,0.775,0.795,0.825,4.909999847412109,4.290000915527344,25.22000026702881,21.063903840637067,57.49171707020924,1.1363562427770355,1.85899622081178,0.2749765600163506,1.3794339039500847,0.6661418453752911,16.97776099874597,8.501268187352006,unmatched_ignored,
144,409,0.4208079034366934,0.2459104989426226,0.165,0.455,0.795,0.6875224314575382,0.1316097815103988,0.535,0.685,0.825,0.3819287651099496,0.2675063643367018,0.045,0.345,0.765,93,0.2273838630806846,0.5912769270199602,0.2507068192961746,0.215,0.755,0.825,9.270000457763672,8.230003356933594,12.830000400543211,76.29213488617097,5.3609720138286105,2.8629082544931994,1.5485865397042489,0.4335507505277532,1.887516098039308,1.6150295246840334,5.247898479545612,2.835774603570751,unmatched_ignored,
145,2447,0.692334347797697,0.1779712374452477,0.425,0.785,0.855,0.9936836353603264,0.0406243919315464,0.995,0.995,0.995,0.6274469997884643,0.266665365168477,0.215,0.665,0.945,436,0.1781773600326931,0.8115660442945061,0.0153792147228376,0.795,0.815,0.835,5.269996643066406,12.69000244140625,19.18000030517578,66.87627026671544,36.58995919241448,2.269947523238949,0.9505835497233772,0.0806531366067477,2.7493134435033486,2.2738513923210357,9.082729663954105,4.490148818404111,unmatched_ignored,
146,38417,0.7832291443330958,0.1102719864027062,0.615,0.825,0.875,0.999474382941682,0.0116268491976712,0.995,0.995,0.995,0.6094966539117761,0.284212327653095,0.165,0.665,0.945,497,0.0129369810240258,0.8067611478104199,0.0480338081951664,0.785,0.815,0.835,8.729999542236328,9.639999866485596,23.34000015258789,84.15719442157751,456.4909781515965,2.3971431970864834,0.2208220416710756,0.0932117472398652,2.5571131350486094,1.425974301951883,17.87971871741426,3.6506505745138775,tp,1.0
147,42064,0.7589146834932772,0.1167805610518574,0.595,0.795,0.865,0.9997760735880108,0.007449026025216,0.995,0.995,0.995,0.6353841627170165,0.2707906938463066,0.225,0.685,0.955,429,0.0101987447698744,0.8138363708705058,0.0167625395705932,0.795,0.815,0.835,8.189998626708984,10.21999979019165,21.46999979019165,83.70178424663573,502.54603744233447,2.536466677104188,0.1600408331872258,0.099214917509913,3.343429452688452,1.4419132236895926,16.225725265482662,3.3214252361056915,tp,1.0
148,18065,0.7565060630729414,0.1059024843762047,0.635,0.785,0.855,0.9991377270686932,0.0170684117720646,0.995,0.995,0.995,0.5608258454830652,0.2984960393594183,0.125,0.585,0.945,371,0.0205369499031275,0.8105604240515162,0.0231989135182231,0.785,0.805,0.845,7.620002746582031,5.169999837875366,20.789999961853027,39.39541296443895,458.5559241708351,1.7762131592221446,0.1957084683063153,0.1160040018465797,2.872201648263393,1.2268512798023623,15.787765313211056,3.6024089003933826,tp,1.0
149,122103,0.5972545949847257,0.213031674663748,0.285,0.645,0.845,0.9995656791117452,0.0090900927605555,0.995,0.995,0.995,0.5282508023985995,0.3005531439994726,0.085,0.555,0.925,1009,0.008263515228946,0.7926208628240023,0.0831065233068445,0.785,0.805,0.825,15.79999542236328,15.380001068115234,21.899999618530277,243.00394647216308,502.4733210001069,4.333105755615324,0.4024140501931581,0.2048152695403421,4.394586417868184,2.0092055766224743,14.155692082348615,3.9873462234985326,unmatched_ignored,
150,15816,0.7229597795863961,0.1748656471496772,0.425,0.785,0.865,0.9983263177835828,0.0221429568077044,0.995,0.995,0.995,0.5977911129868841,0.2868570588931905,0.165,0.635,0.955,323,0.0204223571067273,0.8148726815409705,0.013188161351519,0.795,0.815,0.835,15.030006408691406,14.100000381469728,20.43000030517578,211.9230960960413,74.63084624260283,2.434262951578299,0.2908047639012063,0.0800277955716587,3.328059855510119,1.7412018722486156,14.35976971786132,3.918608685002756,unmatched_ignored,
151,19614,0.6395842712211101,0.1553674930455875,0.395,0.685,0.805,0.9996096998091514,0.0107044159952443,0.995,0.995,0.995,0.5554530396074676,0.2895887467301132,0.135,0.575,0.925,353,0.0179973488324666,0.7977092858752177,0.0160577541948212,0.775,0.795,0.815,5.6399993896484375,8.289997100830078,22.60999965667725,46.75557858886896,419.5007439105776,1.978421020497657,0.1893695076863949,0.0774084940870283,4.555675489432127,1.6817461182665543,17.76587047269187,3.521472464429816,unmatched_ignored,
152,4396,0.639564073411536,0.1663436081301337,0.365,0.685,0.805,0.9980476190004705,0.0194494319927829,0.995,0.995,0.995,0.6368535825455378,0.2811860534583007,0.205,0.705,0.955,278,0.0632393084622384,0.8059917486828866,0.0189763653302187,0.785,0.805,0.825,7.350002288818359,13.880001068115234,14.700000047683716,102.01803961944825,43.09041828678667,1.83306552752078,0.3670999268690012,0.0902626045396321,3.447569051861694,1.5852420476927036,8.612382718630549,2.486196959588097,tp,1.0
153,201,0.3821724699578475,0.241076080834098,0.085,0.455,0.775,0.6353422432989624,0.1481908565632234,0.515,0.595,0.995,0.5228251611619298,0.2711987769846326,0.155,0.555,0.895,53,0.263681592039801,0.4629692577247349,0.173844135475029,0.215,0.525,0.575,6.650001525878906,5.53000020980835,18.94000005722046,36.7745098333362,5.465742464303166,1.8062786064158527,1.281391574629924,0.276465044353865,1.1904026149712117,1.7643420126120963,5.397766973841843,4.999414581398203,unmatched_ignored,
154,3034,0.8221521914869684,0.047770076787484,0.765,0.835,0.865,0.9952576389498198,0.0323857030211593,0.995,0.995,0.995,0.6905689437656399,0.2815754169872477,0.205,0.805,0.955,315,0.1038233355306526,0.8074626530919756,0.0226222079913331,0.785,0.805,0.835,2.8499984741210938,3.0800018310546875,17.269999980926514,8.778000518796034,345.6367988932558,0.892560574991185,0.2143478864357993,0.1387419164693759,1.232680191094386,0.7134594363421771,11.625946286866832,4.832045259576325,unmatched_ignored,
155,63849,0.786593755483478,0.0966431231962198,0.655,0.815,0.875,0.999684532085737,0.0090776332061501,0.995,0.995,0.995,0.6661518200142353,0.2540804352012283,0.275,0.715,0.955,848,0.0132813356513022,0.799804909892802,0.0179445775785211,0.775,0.805,0.825,7.790000915527344,10.720001220703123,26.38999938964844,83.50881932373159,764.5779274220364,2.817033550377972,0.2361922553308647,0.1603452140261267,3.022979090540379,1.4584309010840533,20.428869723717305,4.087658583014839,unmatched_ignored,
156,10510,0.6887292316720443,0.1331102232851558,0.485,0.725,0.825,0.9990729007632476,0.0154759509152097,0.995,0.995,0.995,0.3859832595261824,0.2994763568830115,0.035,0.315,0.845,579,0.0550903901046622,0.7907496137940204,0.0235989791350054,0.755,0.795,0.815,7.2900004386901855,6.950000762939453,21.76000022888184,50.66550861072574,207.43895182718177,1.9849778382706504,0.1756263715646198,0.1372796021956355,3.1247619914658262,1.6583535539199683,10.492901013659704,4.799540593447161,tp,1.0
157,505,0.6585317426683879,0.1258941661624183,0.415,0.705,0.775,0.9998411812404596,0.0006723979342023,0.995,0.995,0.995,0.4016480278768946,0.3115733174926283,0.045,0.305,0.895,65,0.1287128712871287,0.7652576639102056,0.0185679097450035,0.735,0.765,0.785,6.460000514984131,6.4199981689453125,15.510000228881836,41.473191477583896,12.176540603897111,2.9504510652334086,0.2374513121577027,0.0552808182179865,2.446972996190067,2.018712628422788,8.02328417301178,7.062379247123112,unmatched_ignored,
158,29956,0.8094897491740264,0.0909365587265808,0.695,0.845,0.885,0.9997736766490682,0.0082113816705165,0.995,0.995,0.995,0.5491534062152167,0.3150052555780641,0.095,0.585,0.945,417,0.0139204166110295,0.8112949711813343,0.013570689706627,0.795,0.815,0.825,6.950000762939453,9.179999828338625,22.38000011444092,63.80100581073748,469.5223785164608,1.9528771987416125,0.1531799997836954,0.0652302872071646,1.9833515467861864,1.1129319636028363,16.690826863187176,3.778794268966864,tp,1.0
159,25269,0.8071562960827052,0.0702844757820701,0.725,0.825,0.875,0.9992851765231556,0.0120960457853697,0.995,0.995,0.995,0.5861242306170702,0.2950987808856805,0.125,0.635,0.945,652,0.0258023665360718,0.8050072134638125,0.0230781356885757,0.775,0.805,0.835,6.689998626708984,7.200000047683716,22.860000133514404,48.16799043130868,524.6014993304644,1.8817844454704529,0.1359476600555016,0.1153344172654583,2.176303796099127,1.0134439102794002,15.411972728554309,4.361321528758489,tp,1.0
160,29441,0.8093659694052124,0.0755731968805822,0.725,0.825,0.875,0.9896356598671951,0.0573827460718493,0.995,0.995,0.995,0.5326062864440732,0.2915440134920064,0.125,0.545,0.925,940,0.0319282633062735,0.7912334768299727,0.0966334555222526,0.775,0.815,0.835,6.6399993896484375,8.140000306069851,23.57999992370605,54.04959706404191,544.7034131469317,1.9096891041143051,0.1986824226128934,0.3254731582741787,1.7978569104175794,1.037509553870124,16.67139976210009,4.710950758194301,tp,1.0
161,8250,0.7444993286530177,0.0898320719891654,0.645,0.765,0.835,0.9963844382112677,0.0172041018712914,0.995,0.995,0.995,0.3571200034825654,0.3201223089235603,0.015,0.255,0.865,433,0.0524848484848484,0.8022056768452598,0.0239186705495369,0.775,0.805,0.825,4.720001220703125,6.170000076293945,24.26000022888184,29.1224078918458,283.28701495558613,1.3828056036790686,0.3348740469154523,0.2107172627926033,1.5820352420525312,0.8777394134117217,7.409201655395103,2.923197632833958,tp,1.0
162,718,0.596605431630917,0.2606894106866816,0.195,0.785,0.825,0.9671230224845802,0.0708463097319407,0.875,0.995,0.995,0.7416910439856808,0.2728461248218078,0.285,0.855,0.985,219,0.3050139275766017,0.8010594207946569,0.0150207664186267,0.785,0.805,0.815,7.109996795654297,12.779999613761902,19.670000076293945,90.86575630231027,7.901766619442585,3.169479816046108,1.2845043608105444,0.0861785098132107,1.8497846309520365,2.021100469418717,8.536871481282134,6.266780871427876,unmatched_ignored,
163,4150,0.662707596861993,0.1651334576258425,0.385,0.725,0.805,0.9248328851073622,0.1017335998950768,0.775,0.965,0.995,0.4217331387623843,0.2933014856726606,0.055,0.375,0.875,550,0.1325301204819277,0.7017725371366197,0.1633179163229297,0.495,0.765,0.815,5.799999237060547,11.650001525878906,13.550000429153442,67.56999996185186,61.41778899427222,2.781512832765705,1.0996921625389786,0.8282753253443488,1.800162087585096,1.751459762398323,4.919217185726367,2.9940942696203248,unmatched_ignored,
164,1234,0.3626267897052693,0.1854421273443994,0.105,0.415,0.575,0.8630867816350835,0.1327571949258207,0.655,0.885,0.995,0.2598527446663727,0.2504216189686286,0.035,0.185,0.695,77,0.0623987034035656,0.5126700352925759,0.094755611493946,0.465,0.505,0.545,27.55000305175781,6.599998474121094,17.90000009536743,181.82997810363304,6.786559690925597,7.019020406431808,3.624483562099028,0.1887939845546782,5.164883723754056,6.852268050972566,7.00246868039839,8.261115437111092,unmatched_ignored,
165,8997,0.72963498448304,0.10790036414491,0.605,0.745,0.835,0.99930431281141,0.0124209286219436,0.995,0.995,0.995,0.6411593007775366,0.2984980273911933,0.135,0.725,0.965,288,0.0320106702234078,0.7973218574706051,0.0254718357668229,0.775,0.795,0.825,7.090000152587891,2.509994506835937,23.75999927520752,17.795861436461564,505.5669843307634,1.6202889035229937,1.259938692941267,0.1422232983373907,2.6674620694935003,1.2622334315221595,16.716805436156836,6.387713352759392,unmatched_ignored,
166,3033,0.436565306906039,0.1913382966245936,0.165,0.445,0.725,0.725844175380093,0.15488334429275,0.535,0.695,0.965,0.4092344762465278,0.2977814406164137,0.055,0.335,0.855,371,0.1223211341905703,0.567854869960132,0.1810267875397685,0.395,0.515,0.785,14.65999984741211,11.330000400543211,16.12999963760376,166.09780414314264,18.260325689713326,1.443575664685682,1.9205934325962997,1.025449276451763,2.3585604994270897,1.4390112407999782,4.603400245736308,2.66356205302159,fp_counted,0.0
167,115535,0.5608481817018719,0.2414834544096396,0.215,0.605,0.845,0.998782810138419,0.0145325824123296,0.995,0.995,0.995,0.4740828318161214,0.3022408345554634,0.075,0.455,0.905,960,0.0083091703812697,0.8080476539830367,0.0265019489189449,0.795,0.815,0.825,19.76999855041504,18.02999973297119,21.669999599456787,356.453068584824,324.1240157047673,5.173722743534354,0.3876552836602174,0.1424980943879752,4.79922074058509,2.422758846361637,13.974694373973977,4.294524413293893,tp,1.0
168,2339,0.3217748034046266,0.1736353512333483,0.135,0.255,0.575,0.9998637349649392,0.0037306844604859,0.995,0.995,0.995,0.4900254085255464,0.2891778822137468,0.095,0.485,0.895,282,0.1205643437366395,0.5487488290519579,0.0556322577578683,0.475,0.555,0.605,13.419999599456789,13.48000144958496,19.84999942779541,180.90161405410709,12.929680103906716,4.458234671016603,1.064975373112234,0.2109924642336674,6.632503406781509,2.243437145347598,13.405446647629365,5.640792069904856,fp_counted,0.0
169,6975,0.7762095320534536,0.0999139336935195,0.675,0.805,0.855,0.9785968403235132,0.0888219187420842,0.995,0.995,0.995,0.6878850867840404,0.2600863151208443,0.255,0.765,0.955,230,0.0329749103942652,0.7978423943338186,0.0442485720469931,0.765,0.805,0.825,5.040000915527344,8.21999990940094,22.30999994277954,41.42880706901542,168.36111134893378,1.3564634689870785,0.3610240282179656,0.1362485631753309,2.175609370827279,0.9714071969284064,14.919207288693356,5.1904381355866045,tp,1.0
170,1231,0.6048604965688106,0.2294192306726691,0.195,0.725,0.805,0.6835780415372283,0.1438093473231178,0.515,0.645,0.915,0.3329518408527787,0.2835517153641578,0.015,0.275,0.765,72,0.058489033306255,0.7444597211562924,0.1413387764989189,0.735,0.785,0.815,2.670001983642578,2.8299998939037323,3.849999785423279,7.556105330431251,162.91461621667773,0.6646296373354824,0.5991454383113027,0.2140015299247127,0.6602549345504042,0.2697854063184763,4.397348413420924,0.9187127492593128,unmatched_ignored,
171,5997,0.8174610840309177,0.049283327048633,0.765,0.825,0.865,0.996682356988984,0.0223152313544841,0.995,0.995,0.995,0.653955255925842,0.2630209632837974,0.235,0.715,0.955,482,0.08037352009338,0.8079964077076971,0.0233361220667913,0.785,0.815,0.825,2.69000244140625,3.809999942779541,21.22000026702881,10.248909147834638,585.1354435381087,0.8232904100108402,0.1855972800416954,0.0704710109233307,1.0866274322629923,0.7088629756627853,11.018899560859248,5.260863123930444,tp,1.0
172,1946,0.7089058257417346,0.166175482655044,0.465,0.755,0.815,0.9818471291572436,0.0353475381947886,0.945,0.995,0.995,0.5508970668666259,0.3049755571237667,0.095,0.585,0.945,511,0.2625899280575539,0.7955362937921647,0.0243188120283514,0.765,0.795,0.825,5.439998626708984,6.240000128746033,20.65000009536743,33.945592131042304,57.32703063442623,1.5570869721776173,0.5471770211258603,0.2141055381015343,1.3037973001433596,1.039125230802663,4.749571452558592,4.207142825628166,unmatched_ignored,
173,24145,0.8039738578760839,0.095016498757834,0.685,0.835,0.885,0.9992263607984746,0.0111103538153534,0.995,0.995,0.995,0.652013029353408,0.2618976303852628,0.235,0.705,0.955,336,0.0139159246220749,0.8055060030449004,0.0195017597373141,0.775,0.805,0.825,23.59000396728516,8.930000305175781,22.38999938964844,210.65874262695436,114.616652975838,2.012890964036373,0.1614771934866172,0.0929524916603758,2.1813837518882964,1.4107466187175848,14.86798185048994,3.907502497485115,unmatched_ignored,
174,16616,0.8173637399732435,0.0653435896055774,0.745,0.835,0.875,0.9990157756737408,0.0177899353301608,0.995,0.995,0.995,0.708305360491973,0.2372582599251584,0.345,0.775,0.965,289,0.0173928743379874,0.7921073548109061,0.0152812341894918,0.775,0.795,0.815,3.959999084472656,6.870002746582031,23.36999988555908,27.20520458678948,610.7654859566295,1.5212778112560417,0.1749652781356063,0.0664264175852498,2.505098939640723,1.1018100366415895,18.522510495052984,4.0186390587143626,unmatched_ignored,
175,1127,0.6888297615703377,0.1732211689146456,0.455,0.755,0.825,0.748984754455756,0.1369597757603905,0.555,0.735,0.945,0.3710704393779483,0.2992593562902965,0.065,0.265,0.875,86,0.0763087843833185,0.6961197378330453,0.2000462944261087,0.235,0.805,0.825,5.059999465942383,6.529998779296875,18.25999975204468,33.0417903358466,34.1083212666395,1.2664733119994438,1.218808308988043,0.3186896934373574,0.8395063306892551,0.3928274449329044,4.323997693243763,1.7578217528431364,fp_counted,0.0
176,18733,0.7327169067471597,0.1699943877154514,0.435,0.805,0.865,0.9992590425445056,0.0137443478322703,0.995,0.995,0.995,0.5659461887052861,0.3106919516570965,0.085,0.625,0.945,316,0.0168686275556504,0.7991126170264015,0.0206515439369647,0.775,0.805,0.825,8.080001831054688,21.920001983642575,22.78000020980835,177.1136561645544,105.76824173622936,2.7754795011119167,0.6118304249872117,0.1916047301243918,2.4120987396146454,2.0587970826867803,14.810924331865648,4.035330151106113,unmatched_ignored,
177,13849,0.7702918805155619,0.0913135916173311,0.675,0.795,0.855,0.9996309368969672,0.0079579004344094,0.995,0.995,0.995,0.4808399558847611,0.2904594728829862,0.105,0.455,0.905,445,0.0321322839194165,0.7990861567218652,0.0154514574818396,0.775,0.795,0.815,6.910003662109375,23.790000915527344,21.729999542236328,164.38899344787933,84.24529957591669,1.5735271782183191,0.2894117996012074,0.1260524054746197,1.83577485045816,1.1247325304579416,9.29618232369991,2.37688308858211,unmatched_ignored,
178,3737,0.562532759550934,0.2483572773064481,0.175,0.675,0.815,0.9954399046076152,0.0328868262849843,0.995,0.995,0.995,0.4906115529431362,0.3094671062448634,0.045,0.475,0.915,468,0.1252341450361252,0.8061507914820288,0.0169905779265338,0.785,0.805,0.825,8.490001678466797,8.830001831054688,19.480000019073486,74.96673036651919,49.84877934157547,2.9732700329674464,0.7457934815399511,0.1199686571276153,3.79371765310867,2.68994172307839,8.6568904193983,3.847745230541161,unmatched_ignored,
179,55670,0.5954780834416326,0.2023249383517954,0.295,0.635,0.825,0.9992422654692138,0.0127065109314421,0.995,0.995,0.995,0.5828135540701908,0.2919603639886193,0.145,0.635,0.935,633,0.0113705766121789,0.7961374362121449,0.0434672743128395,0.775,0.805,0.825,14.919998168945312,12.93000030517578,22.84000015258789,192.915580877685,288.5718185473918,3.888265980658104,2.770959706090167,0.1979007019676263,3.8629387014930208,2.3161778461443148,16.846465498155467,4.750918622991229,unmatched_ignored,
180,49748,0.411616311713354,0.174120791520699,0.165,0.415,0.635,0.99633847539104,0.0282597745439491,0.995,0.995,0.995,0.495676937683598,0.3069843941303353,0.075,0.505,0.915,182,0.0036584385301921,0.7831787902575272,0.0257328543205908,0.755,0.785,0.815,13.150001525878906,15.549999237060549,21.82999992370605,204.482513694762,243.28730658241284,4.549596646016534,6.817408489791929,0.3441428122803233,4.818069337052123,3.567935165891272,15.420799476988275,6.323288080978752,unmatched_ignored,
181,6481,0.770034325111797,0.0554542996009703,0.705,0.785,0.825,0.9990241534454994,0.0175651143291124,0.995,0.995,0.995,0.7204382905431095,0.2406142211249203,0.335,0.785,0.955,210,0.0324024070359512,0.804094371057692,0.0177516095237831,0.775,0.805,0.825,5.5,4.270000457763672,20.40999984741211,23.485002517700195,275.96335129687105,1.1431698392267484,0.1508747037110855,0.0738806848249207,2.752294474523926,0.9274577361842532,15.667496617930002,3.972291461492201,unmatched_ignored,
182,4971,0.773337794774688,0.074890870395472,0.715,0.785,0.835,0.9527355213564326,0.0852194667062027,0.855,0.985,0.995,0.4812870590640523,0.3064240289037144,0.065,0.475,0.915,532,0.1070207201770267,0.810041741068874,0.0511950371693265,0.785,0.815,0.835,4.710002899169922,9.87000012397766,20.59999990463257,46.48772919874227,106.93144375256968,1.0720152147815087,0.2675100152711208,0.1347385030639295,0.9063112981918344,0.5224770241380983,5.7009201417372655,3.443605280022471,tp,1.0
183,26977,0.744944182621826,0.1486050575398348,0.505,0.815,0.865,0.999251991564523,0.013511756758994,0.995,0.995,0.995,0.6347280535356201,0.2728386665547357,0.215,0.695,0.945,391,0.0144938280757682,0.8061068348796167,0.0477917463236146,0.785,0.815,0.825,5.299999237060547,9.81999969482422,23.0,52.04599089050316,518.330029622368,2.2958706524613373,0.2371872924446851,0.1529187993682612,2.540112167436082,1.695697660991461,15.766604152450736,4.137656355732664,tp,1.0
184,27919,0.8298964473676782,0.0609445186500252,0.755,0.845,0.885,0.9996314819556192,0.0100328700298467,0.995,0.995,0.995,0.5762646793537745,0.2850915675491657,0.155,0.605,0.945,403,0.0144346144202872,0.8053864817465505,0.0156269511783325,0.785,0.805,0.825,7.549999237060547,8.910000324249268,24.09999990463257,67.2704956502912,415.0259297201885,2.02015664570172,0.1104454864743232,0.0613705454129187,1.9398370601925696,1.0807930666947632,18.14898125355764,4.099084643017572,tp,1.0
185,21937,0.8062511078794962,0.0730529708651749,0.725,0.825,0.865,0.9994787783029766,0.0124344520296824,0.995,0.995,0.995,0.6773318692506416,0.2587911022587681,0.265,0.745,0.955,372,0.0169576514564434,0.8142660433246244,0.0135370235106731,0.795,0.815,0.825,7.319999694824219,6.029999732971191,24.59000015258789,44.13959620513924,496.99140649242827,1.571578202763783,0.1536830384589821,0.0561247601900301,1.962942918365873,1.128000740329204,17.857057774453295,4.054409075272834,tp,1.0
186,13845,0.7426216427267739,0.1166436754656354,0.585,0.785,0.845,0.9993595146323508,0.0134444665003448,0.995,0.995,0.995,0.5079231419623246,0.3047842887033083,0.075,0.515,0.915,229,0.0165402672444925,0.8030340780857869,0.0141222443121089,0.785,0.805,0.815,18.709999084472656,21.26000213623047,20.61999988555908,397.7746205047588,34.80614218783313,1.7864437684832055,0.3588703778180245,0.082971762767384,2.761012092419934,1.340693260896192,13.864897826476492,3.0830877630240785,unmatched_ignored,
187,1652,0.5688885950187974,0.237378476468125,0.205,0.525,0.845,0.6554016991547753,0.1180745101856369,0.525,0.635,0.815,0.3571452022244191,0.2922472970051289,0.075,0.235,0.865,75,0.0453995157384987,0.6499159508943557,0.2300967658595168,0.225,0.805,0.835,3.910003662109375,2.680000305175781,15.479999601840971,10.478811007691547,157.65147389216355,0.7547960333382197,0.2146697698976471,0.2437430602450205,0.96138064256676,0.5215390281159565,5.732714255518544,1.2037270434716294,unmatched_ignored,
188,36210,0.7369222373441088,0.1471800548142249,0.515,0.785,0.865,0.995177354097564,0.0378278817649712,0.995,0.995,0.995,0.6158802275008957,0.286539886427378,0.155,0.675,0.955,616,0.0170118751726042,0.8158977793215157,0.0159686931959598,0.795,0.815,0.835,11.429996490478516,15.670000076293944,21.299999713897705,179.10804587783787,202.1684722343369,3.137482120840394,0.3371959999937639,0.1150719816902922,2.662806276167522,1.587072241864701,14.30482182357768,3.218943430190103,tp,1.0
189,72181,0.5754528486075776,0.2541356361838501,0.195,0.655,0.855,0.992632735324843,0.0456592643526549,0.995,0.995,0.995,0.4972386878570897,0.2926913308134739,0.095,0.495,0.905,716,0.0099195079037419,0.8019524800939767,0.0771701904932896,0.785,0.815,0.835,11.579994201660156,16.71999979019165,20.96000051498413,193.61750062217837,372.8020440716911,3.8489762502458738,0.4708042727300853,0.2152831017842048,4.629278102746169,2.424057434106303,12.679953030072918,3.527318158129225,tp,1.0
190,29372,0.5920039663743468,0.1579079809741754,0.365,0.615,0.785,0.9983437212107212,0.0242324451595102,0.995,0.995,0.995,0.4962605777799376,0.2983587221427473,0.075,0.505,0.895,337,0.0114735121884788,0.800316307859534,0.0722137918770069,0.785,0.815,0.835,8.189998626708984,8.770000100135803,19.899999618530277,71.82628877634988,408.9310543589058,2.4808537761089706,0.3536524587781975,0.1014785531499244,4.827748931507777,1.7926629397409273,14.666668984805629,2.9137234831775185,tp,1.0
191,40796,0.6605013986406237,0.2016260827269645,0.355,0.735,0.845,0.9762526619713708,0.0843704502719439,0.985,0.995,0.995,0.4596648055871096,0.3165150465967783,0.055,0.425,0.915,1197,0.0293411118737131,0.6523336686019661,0.237271265805994,0.195,0.785,0.815,34.19999694824219,9.93000030517578,22.27999973297119,339.6059801330557,120.12744882765716,3.284271472300769,0.3115706861265861,0.383368542102645,3.441440347910414,1.7551239330945665,14.57315336345548,5.6170696803951765,unmatched_ignored,
192,1729,0.7431032628493202,0.1482697610248007,0.545,0.795,0.835,0.8667565511443699,0.1209165146672955,0.685,0.905,0.995,0.6077819527121462,0.2733539168742075,0.165,0.655,0.935,601,0.3475997686524002,0.771562058621159,0.1058157860796106,0.695,0.805,0.825,29.209999084472656,9.090003967285156,20.57999992370605,265.5190075622522,6.51177486641753,2.299050706029979,0.385494151901349,0.2378826084636812,1.0128134451479314,2.022696413127312,3.729820804660757,3.493609722238556,unmatched_ignored,
193,411,0.5014713268427953,0.2378412658836401,0.165,0.495,0.785,0.6927873339966266,0.1623747368468924,0.525,0.635,0.985,0.4702547245606958,0.3363103399033601,0.025,0.525,0.905,74,0.1800486618004866,0.7667827984771213,0.0766573978259432,0.735,0.785,0.815,5.099998474121094,5.060001373291016,15.639999866485596,25.80599928283482,15.92652915686089,0.934785151161584,0.8604477931894361,0.3754419398245953,0.8354590690957003,0.5028012601681503,4.011301904844252,2.374229208164781,unmatched_ignored,
194,9810,0.7776864227891029,0.1137277815327939,0.585,0.825,0.865,0.979971520610298,0.0571893684548692,0.935,0.995,0.995,0.6300603414234394,0.3323092390987871,0.085,0.765,0.965,875,0.0891946992864424,0.823863714831216,0.0122090121765682,0.815,0.825,0.835,7.409999847412109,6.010000228881836,20.230000019073486,44.53410077896115,220.28063502821308,1.6728416454403845,0.5042051481523144,0.1070984852575072,1.624245514504686,1.182019895420959,9.658992264905107,5.297391224930457,tp,1.0
195,139,0.5150605966504529,0.1955353306665881,0.205,0.525,0.765,0.7285116992408424,0.1420447417532466,0.605,0.685,0.995,0.8453677410675253,0.2709695514924349,0.265,0.955,0.985,71,0.5107913669064749,0.4484635199039755,0.2323303518259649,0.205,0.485,0.785,3.770000457763672,2.8800048828125,22.050000190734863,10.857619726564735,12.802069284109889,1.1242941281223349,0.4704664311576233,0.2045420482736006,0.8267107556454212,1.1161206607383478,6.158756597222184,6.932739924696416,unmatched_ignored,
196,12102,0.8372002113084126,0.0517431705481507,0.785,0.855,0.875,0.9995255992592238,0.0118053512493959,0.995,0.995,0.995,0.6905568935947913,0.245050778753111,0.305,0.755,0.965,324,0.0267724343083787,0.7891470105559738,0.0254199374217212,0.765,0.795,0.815,5.959999084472656,4.6300048828125,23.34000015258789,27.594824862666428,438.5604931442428,1.3732226409615798,0.2293516683913505,0.0774210386296517,1.8081208067360517,1.1872291975609162,18.551449970764093,4.3849823255090845,unmatched_ignored,
197,2515,0.7087612602126527,0.1134963813352821,0.565,0.725,0.825,0.9935111746873344,0.0343040581939602,0.995,0.995,0.995,0.6020535851728308,0.2845223341906888,0.185,0.655,0.935,208,0.0827037773359841,0.8069012607806004,0.0439785372757624,0.785,0.815,0.825,3.4099998474121094,5.730003356933594,13.580000400543211,19.53931057281443,128.71487919840874,1.5996771232444509,0.2922310496009795,0.1145829541380027,2.5892978538243687,1.4329479162522234,8.333403715378722,3.010712209361272,tp,1.0
198,949,0.6860380981851554,0.1565702484752559,0.475,0.765,0.815,0.9943275329812936,0.0356776165137653,0.995,0.995,0.995,0.6329265113476393,0.2280050614469781,0.325,0.675,0.905,131,0.1380400421496312,0.8035425684834254,0.0120656818913528,0.795,0.805,0.825,2.84000015258789,6.450000762939453,14.27999997138977,18.318003150940054,51.8069569144767,1.830588467645264,0.2888131762215941,0.0791858453332947,2.495442210530188,1.8922016032518885,7.299763468124593,3.6287792671669528,fp_counted,0.0
199,1224,0.6529937230805362,0.216844449826461,0.305,0.775,0.825,0.9775219504642332,0.0668778400301734,0.965,0.995,0.995,0.468635511297346,0.2751220485330937,0.105,0.425,0.895,113,0.0923202614379085,0.8179789085303788,0.0160746926020152,0.795,0.825,0.835,21.279998779296875,26.18000030517578,21.1899995803833,557.1103745361324,2.197051169652227,2.558557740175464,0.5968672662175964,0.111457235230256,2.4815400076868586,2.602957522036508,8.828409885293713,5.097321044214856,unmatched_ignored,
200,1476,0.6313102696732009,0.1942345916174147,0.405,0.735,0.805,0.6893206203209998,0.1083395156177882,0.545,0.675,0.845,0.2531790865506109,0.3285257025331351,0.005,0.065,0.875,255,0.1727642276422764,0.6460651691345608,0.1970581834178,0.455,0.765,0.825,4.069999694824219,3.84000015258789,5.890000343322754,15.628799449157668,94.4410352696381,0.9124289129402396,0.582081457746842,0.5926689074343172,0.7097321066603487,0.3785956476103551,3.369485261559809,0.9837481589150396,unmatched_ignored,
201,21537,0.7954771266715266,0.0837033123151173,0.675,0.825,0.875,0.9993029440014444,0.0150761970424165,0.995,0.995,0.995,0.6155534794943301,0.2790332509428317,0.185,0.655,0.955,413,0.0191763012490133,0.7942944443254725,0.0170057779693844,0.775,0.795,0.815,6.9199981689453125,6.189994812011719,24.93000030517578,42.83475276490208,502.792676736236,1.9362107153361672,0.1927974149372453,0.0913494750364914,2.8663842652132336,1.5052943142624835,20.46823170932797,4.343252364647305,unmatched_ignored,
202,27557,0.7290289694596848,0.1511303732136964,0.505,0.785,0.865,0.9967482163861368,0.0334703559537841,0.995,0.995,0.995,0.613938523237987,0.2701817172018057,0.195,0.655,0.945,785,0.0284864099865732,0.8101660433088897,0.0157714501389427,0.785,0.815,0.825,8.460002899169922,9.389999389648438,20.899999618530277,79.43942205962958,346.8932588572321,2.5768229257496884,0.1979922332787626,0.1814111400456208,3.4713048426943858,1.7271696331252633,16.4679127780035,3.920001337422461,tp,1.0
203,25589,0.7320953697650988,0.1132718262865829,0.595,0.765,0.845,0.998894027526188,0.0114173835889437,0.995,0.995,0.995,0.4908186586470908,0.2992136536718516,0.085,0.485,0.905,629,0.0245808745945523,0.7988221398976725,0.0143538063595091,0.785,0.805,0.815,9.150001525878906,8.700000762939453,15.649999499320984,79.60502025604364,321.4495758897476,2.393147783790209,0.405817692113666,0.1330351435327891,2.444168061328142,1.3034596243153886,10.351880393218003,2.784379636460183,unmatched_ignored,
204,24418,0.7425378752142028,0.1103443627025073,0.595,0.775,0.845,0.9981393471856952,0.0227116489030025,0.995,0.995,0.995,0.5987973338540531,0.2808421392281353,0.155,0.655,0.935,588,0.0240805962814317,0.8048324106501884,0.0331522172885886,0.775,0.805,0.835,12.55999755859375,9.15999984741211,18.84999918937683,115.04957572021522,212.23894001470484,2.3448970772726816,0.3743421556928364,0.1776830259327619,2.5967533357759525,1.6575056345431671,11.91085042631839,3.756967741326478,unmatched_ignored,
205,9976,0.839503470272029,0.0451421256553022,0.795,0.855,0.875,0.9992483462286932,0.0138888948993332,0.995,0.995,0.995,0.7911494710086266,0.2136533023210147,0.475,0.865,0.985,285,0.0285685645549318,0.8128391567552299,0.0409673181232046,0.785,0.815,0.835,4.1699981689453125,4.7200000286102295,23.02999973297119,19.68239147672648,506.8489777675726,1.1081765337203469,0.1577138230251348,0.0670460752250896,1.0149237625539091,0.6410126867786063,16.285310640468083,4.698209002968417,tp,1.0
206,16900,0.8139124249849887,0.1109650576837323,0.745,0.845,0.885,0.973465166518674,0.0995191833925462,0.995,0.995,0.995,0.6273264992981458,0.2873290241453859,0.155,0.695,0.955,511,0.0302366863905325,0.7547224837914839,0.1567197532535796,0.535,0.805,0.835,6.119998931884766,6.509999752044678,23.269999980926517,39.84119152908352,424.1841007105231,1.6604646852448748,0.3832964667925662,0.2217101942153695,1.4864137343984285,0.9524608137369854,17.18000327844944,5.217499412958569,tp,1.0
207,565,0.6025623256653811,0.2280044410533909,0.215,0.745,0.825,0.6800935331699067,0.1072342386454895,0.555,0.665,0.835,0.4103243979262878,0.32985156469331,0.025,0.355,0.875,134,0.2371681415929203,0.4585571096681837,0.2425606674012335,0.215,0.515,0.825,7.210002899169922,2.279998779296875,18.790000438690186,16.43879780883435,34.36990992713373,1.01264999822719,0.4711210197863327,0.1879374856262466,0.48642132670811,0.4739854863009063,3.6618717225779474,2.3363408133095063,unmatched_ignored,
208,25248,0.7644055053964729,0.0817342321637072,0.645,0.785,0.845,0.9996195560078052,0.0107070695430037,0.995,0.995,0.995,0.6510681992892827,0.2515074104861506,0.275,0.695,0.945,331,0.013109949302915,0.7867519594391307,0.0209382414779073,0.755,0.785,0.815,8.970001220703125,8.680000305175781,23.179999351501465,77.85961333313026,324.2759489695109,2.4970097504427686,0.2109226848961836,0.1175795142483307,3.179799233347456,1.217518257384414,18.38534229214413,3.226726248805683,unmatched_ignored,
209,9277,0.7232653871379408,0.1491163459346585,0.465,0.785,0.835,0.9979866387207498,0.0188135314021145,0.995,0.995,0.995,0.4434803006137871,0.2905000114441243,0.075,0.395,0.865,443,0.0477525061981243,0.8058033867089528,0.0323754094015089,0.785,0.805,0.825,29.30000305175781,10.970001220703123,19.480000019073486,321.4210692443885,28.862451431105,2.075067987389932,0.3662454784113712,0.0949026131642834,2.239937279400856,1.7386032339739723,9.28225431872928,2.882942181621616,unmatched_ignored,
210,6051,0.374265555369324,0.2349781186164777,0.145,0.285,0.815,0.9983289269470336,0.0182807516493041,0.995,0.995,0.995,0.5426011343174411,0.2847957116526808,0.145,0.545,0.925,482,0.0796562551644356,0.8095893636036711,0.015638299001831,0.795,0.805,0.835,9.170001983642578,6.590003967285156,22.789999961853027,60.43034945221734,100.13180553894637,2.730319238591902,2.4849863472212115,0.1289569355223703,2.717078296311833,1.391043785396513,16.672023193380337,6.265490364090753,unmatched_ignored,
211,788,0.7691009611193904,0.1247632726889213,0.755,0.795,0.825,0.9664237667158776,0.0739337103353699,0.895,0.995,0.995,0.8406789838820979,0.1980225550053912,0.635,0.905,0.985,531,0.6738578680203046,0.7961415023228992,0.0273480748275536,0.775,0.795,0.815,7.1100006103515625,11.239997863769531,20.68000030517578,79.91639167175163,9.860305045260665,1.2867960888420371,0.3337771035641855,0.1092059901525314,0.5729283032787754,1.1266091145185793,3.076173547447333,3.430663228198444,unmatched_ignored,
212,2480,0.7818047466597731,0.0742118562173778,0.685,0.805,0.855,0.99750039000665,0.0259147369641472,0.995,0.995,0.995,0.4576292237214455,0.3142274226172395,0.095,0.395,0.945,135,0.0544354838709677,0.8065454584580881,0.0198616777345383,0.785,0.805,0.835,3.680000305175781,3.8899993896484375,13.299999952316284,14.315198941039853,173.24244044490055,1.1558753763348728,0.1304280149408204,0.1027145418479233,1.7497124399017308,0.9395640805674672,9.552195684095064,3.0087371305143558,tp,1.0
213,3220,0.7868165879516128,0.0754983255351455,0.705,0.805,0.845,0.9975517079696892,0.0245684831659599,0.995,0.995,0.995,0.5512542308847012,0.3192082548897864,0.095,0.595,0.945,264,0.0819875776397515,0.8067092967755867,0.0152076198035746,0.785,0.805,0.825,3.7600021362304688,6.049999237060547,19.61999988555908,22.74801005554036,141.5508430028919,1.1167610654416753,0.358358614567877,0.0557242393956337,1.737203994481542,0.8420077862767519,11.610521643493117,4.200794179980934,tp,1.0
214,18229,0.811101973294669,0.070015554374116,0.735,0.825,0.875,0.9983673208314018,0.0213038816622591,0.995,0.995,0.995,0.6042945537518896,0.2897794412285326,0.145,0.655,0.955,329,0.0180481650117943,0.8060446375227989,0.0638168836063315,0.795,0.815,0.835,6.709999084472656,4.979999542236328,21.68000030517578,33.41579236908001,545.5205071500112,1.56609948882773,0.1698299381131174,0.1762045019530499,2.661587677286731,1.2608961669819505,16.811157391350616,3.623383391788115,tp,1.0
215,15550,0.8330396326149775,0.0542990678947241,0.765,0.845,0.885,0.9993172053738806,0.0137710906409991,0.995,0.995,0.995,0.6648637485473067,0.2615165177597499,0.265,0.725,0.965,307,0.0197427652733118,0.8136578260493201,0.015554780540436,0.795,0.815,0.835,6.060001373291016,6.850002288818359,21.920000076293945,41.51102327728586,374.5992936895078,1.6508233512925103,0.1661664586107052,0.0542959991631254,1.8248183590977003,1.0646749828182938,16.94520624784028,3.717390597570034,tp,1.0
216,24410,0.7370091198669233,0.1285639509040927,0.535,0.775,0.865,0.9994298195995204,0.0111499364424007,0.995,0.995,0.995,0.5528753575889535,0.2980683207617453,0.115,0.585,0.935,418,0.0171241294551413,0.8136251190917914,0.0246399517081073,0.785,0.815,0.835,6.909999847412109,7.989997863769531,21.1899995803833,55.21088401947054,442.1229696556141,2.1168222806370585,0.182560566265873,0.0787553611633762,3.262525695175009,1.4725378143278351,15.9151119025228,3.6762515679847594,unmatched_ignored,
217,1864,0.8005395016189297,0.0732240379282536,0.725,0.825,0.855,0.994121019005008,0.0364984130359909,0.995,0.995,0.995,0.4946217428937182,0.3437806489348465,0.045,0.465,0.945,176,0.0944206008583691,0.8211077004671097,0.0157685633957799,0.795,0.825,0.835,4.329998016357422,3.829999923706055,10.149999737739565,16.583892072296294,112.39822303920124,0.9296884432658734,0.1950160729002137,0.1191508421309673,0.8022195062670897,0.5336296299378913,6.779618575337619,2.2318356303942504,tp,1.0
218,2889,0.5880152465921964,0.1960348122279693,0.245,0.645,0.795,0.9123342505950504,0.1487832085621859,0.605,0.985,0.995,0.4565833561837088,0.3014415192393358,0.065,0.435,0.875,273,0.0944963655244029,0.759341320057055,0.1281042431009659,0.545,0.795,0.825,10.830001831054688,10.109999656677246,15.96000039577484,109.49131479377684,26.38565447351996,2.2445477858412195,1.7542389263785223,1.017855068188308,2.672397711311904,1.4565592876536968,6.304667718654358,2.545738411696766,tp,1.0
219,2659,0.7696004417178863,0.0558702263544257,0.705,0.775,0.835,0.9803726634346216,0.0445052811717762,0.945,0.995,0.995,0.4392334480730408,0.3011550323129552,0.055,0.405,0.905,248,0.0932681459195186,0.8027477585860798,0.062056568797935,0.775,0.815,0.835,4.020000457763672,4.680002212524414,21.75,18.81361103668314,141.3338457362295,1.054515815197029,0.3434567131802912,0.3394664310454283,1.2238679894989095,0.5761350112491631,5.756029697996013,3.3140648608217207,tp,1.0
220,3128,0.790605551996709,0.1420222376734153,0.715,0.835,0.865,0.9714531878681134,0.1045390503372438,0.985,0.995,0.995,0.5943529118800222,0.3000382088525212,0.105,0.655,0.945,169,0.0540281329923273,0.8103458350579414,0.0621775576670304,0.795,0.825,0.835,6.239997863769531,5.290000915527344,16.91000008583069,33.00959441222949,94.76032819237336,1.014585524028821,0.4231109264683704,0.1427667034065768,1.159637704095737,0.6697842179611527,9.171116337299232,3.1932240519419093,tp,1.0
221,2755,0.7981780017028054,0.05297004008222,0.735,0.805,0.855,0.9975131576593472,0.0219206646402531,0.995,0.995,0.995,0.4068293187053457,0.3297444137116998,0.035,0.315,0.925,102,0.0370235934664246,0.7966707325449177,0.012447640252472,0.785,0.795,0.815,3.350006103515625,3.450000762939453,13.769999772310255,11.55752361298073,238.37286362155868,0.913953265285314,0.2136054076899882,0.1369388392091451,0.9367127342495158,0.5435539593003553,9.481236201373289,2.8499435854881967,tp,1.0
222,3794,0.7951656255319235,0.0615445778796157,0.725,0.815,0.845,0.9952528781179508,0.0296100255436343,0.995,0.995,0.995,0.5311994395375907,0.3057083866012613,0.085,0.545,0.925,321,0.084607274644175,0.8107033247516905,0.0164279537419974,0.795,0.815,0.825,6.349998474121094,2.889999389648437,13.809999763965608,18.35149171447847,206.7406867533668,1.599563538960588,0.3609241513330865,0.1779221118768849,1.5321126525295703,1.0740217118259157,8.91369617732932,3.101614903075637,unmatched_ignored,
223,5916,0.8142916796158463,0.0491859524952085,0.765,0.825,0.865,0.99724751223254,0.0227084846650199,0.995,0.995,0.995,0.5011254054803956,0.2998081423832952,0.095,0.495,0.915,114,0.0192697768762677,0.7953105694369266,0.0178690023602531,0.765,0.795,0.815,5.160003662109375,3.970001220703125,15.730000019073486,20.48522083740681,288.7935671748851,1.1588373156550944,0.2074014587703465,0.1940796914653426,1.2205798431559676,0.6988485041781084,12.09022630538799,2.582829949521192,unmatched_ignored,
224,4187,0.6170346073455734,0.1260897803479884,0.455,0.625,0.805,0.997880633617034,0.0272116764655567,0.995,0.995,0.995,0.6873381719363146,0.2390507764764327,0.325,0.735,0.955,196,0.0468115595892046,0.8105412706428644,0.0152432575429718,0.795,0.815,0.825,6.460002899169922,2.6199989318847656,18.800000190734863,16.925200695797685,247.38259092192507,1.670372204034296,0.3002359739900637,0.0618895824309247,4.358493505818914,1.6547562407298526,14.465905066297536,4.037273742290647,unmatched_ignored,
225,4186,0.6715770868759832,0.1312539797220785,0.495,0.675,0.825,0.9977683068403944,0.0205308690925181,0.995,0.995,0.995,0.5175251994131016,0.3153020652887884,0.065,0.505,0.945,389,0.0929288103201146,0.810799908362195,0.0137957163336429,0.795,0.805,0.825,6.080001831054688,4.479999542236328,15.229999542236328,27.23840541992104,153.680068104814,1.8626373784765704,0.3112815735820094,0.0853045127426254,3.289464656208584,1.8704968836121565,9.722936222248196,4.026002858080325,unmatched_ignored,
226,3261,0.7553262168216545,0.11772232129078,0.595,0.805,0.855,0.9981964933144758,0.0206116124828159,0.995,0.995,0.995,0.4859172182454991,0.3332731060485349,0.035,0.495,0.935,164,0.0502913216804661,0.8049899826689464,0.0145447508640401,0.785,0.805,0.825,5.549999237060547,4.3899993896484375,15.329999446868896,24.36449326324509,133.84230752376703,1.4938497343493111,0.2188306782966113,0.0803263140166569,2.1666102868907817,1.3107568704408683,9.382950229097895,3.2446831462331973,tp,1.0
227,5981,0.8093146721997043,0.0746018190712517,0.725,0.835,0.865,0.9983451167011596,0.0221330040555515,0.995,0.995,0.995,0.5383131788071738,0.318609904813455,0.075,0.575,0.945,245,0.0409630496572479,0.8034381552618377,0.015966300562324,0.785,0.805,0.825,5.879997253417969,3.979999542236328,17.97000026702881,23.402386376954382,255.57222685160943,1.3770192369644014,0.2068242869320904,0.0673862301144727,1.4778367350021728,0.8981593748794017,11.291083280719,2.9962429045950474,tp,1.0
228,4960,0.7297917808841674,0.1771010968863176,0.385,0.815,0.865,0.998840673940797,0.0167845577473403,0.995,0.995,0.995,0.5403257258757046,0.311744715460544,0.065,0.575,0.925,166,0.0334677419354838,0.8097552793571748,0.0248980602159729,0.785,0.815,0.835,7.090000152587891,3.8499984741210938,15.130000352859495,27.2964897689817,181.7083457242288,1.7872142082242983,0.3084192602083906,0.0620653481185755,2.367901173488896,1.4786472705849456,10.364850606937562,2.538947240275084,tp,1.0
229,10570,0.7819448359430456,0.0770395130980988,0.675,0.805,0.855,0.9996179273530008,0.008882270068261,0.995,0.995,0.995,0.5546133224767591,0.2955465108391727,0.105,0.585,0.925,251,0.0237464522232734,0.8087438173977978,0.0111054032906488,0.795,0.805,0.825,4.670000076293945,5.409999847412109,21.050000190734863,25.264699700164783,418.37030027833896,1.322853224550092,0.1389510436572646,0.0964527709623138,2.7957904417111425,1.0764706090663168,16.44685297389581,3.76457805246576,tp,1.0
230,14179,0.7683559918019615,0.0756977968124395,0.675,0.785,0.845,0.9983138096745356,0.0218939794702117,0.995,0.995,0.995,0.5712501593840335,0.2924955891959619,0.145,0.605,0.935,550,0.038789759503491,0.8017645074562593,0.0328560789541396,0.785,0.805,0.825,5.990001678466797,15.269996643066406,20.51000022888184,91.46730552215011,155.01713884603663,1.687044932824794,0.2911479566278054,0.1477181769590134,2.2740950260600723,1.2076092438899353,14.903147186119991,4.297239648667212,fp_counted,0.0
231,3839,0.6990118651532217,0.1777437998092363,0.415,0.775,0.835,0.7256597694427777,0.1387712646365693,0.555,0.715,0.965,0.3389128418250714,0.2984934934891349,0.035,0.225,0.845,224,0.0583485282625683,0.807656256215913,0.0502973311744323,0.785,0.815,0.835,4.789999008178711,8.699999570846558,19.78999948501587,41.67298931551022,92.12202107543956,1.1719711532716022,0.4956198794429639,0.1605012995485161,1.289681526317398,0.7526224846826123,7.357455152006129,1.90783711072408,tp,1.0
232,4376,0.7006224206490426,0.1797363055724097,0.345,0.775,0.835,0.9936388732092472,0.0321656783487096,0.985,0.995,0.995,0.4260942315261854,0.2993956446583356,0.075,0.355,0.875,359,0.0820383912248629,0.7990612370639126,0.0618854488669446,0.785,0.805,0.825,6.560001373291016,7.370000839233398,13.56999996304512,48.34721562652703,90.511934209485,1.8910667034730464,0.3938891012055758,0.1127301747849746,1.954899269455146,1.4843505834348725,6.8392821427884165,2.2790960662919653,tp,1.0
233,12746,0.8112305237903019,0.050376700669121,0.745,0.825,0.865,0.9990224281398128,0.0139825409025049,0.995,0.995,0.995,0.4657258471743982,0.3354694986605027,0.035,0.475,0.915,454,0.0356190177310528,0.8008277270499831,0.0164476982740585,0.785,0.805,0.815,5.700000762939453,4.879999160766602,22.60999965667725,27.81599893951352,458.2254992070012,1.1922555084979352,0.1568894016590034,0.1386738611790388,1.132119266774087,0.5883524323128168,13.538344193822208,5.543693327708825,tp,1.0
234,5352,0.7735156894275871,0.0748017981037122,0.675,0.785,0.855,0.9973842426577668,0.0130073321381039,0.995,0.995,0.995,0.3777368336422361,0.3115847323193017,0.025,0.295,0.865,175,0.0326980568011958,0.8109470381055559,0.0233721076492728,0.775,0.815,0.835,4.819999694824219,5.239997863769531,10.59999966621399,25.2567881042487,211.9034288092905,1.379798737223961,0.1837424172828879,0.2021366866106644,1.7511704320178445,0.8760482837233278,7.297960279395272,2.23017817491598,tp,1.0
235,3797,0.7461516153413683,0.1313246836253517,0.575,0.795,0.855,0.9969228306097956,0.0301179119490245,0.995,0.995,0.995,0.5547926356084492,0.3094058927498345,0.115,0.565,0.955,182,0.0479325783513299,0.7919803671129457,0.0156475348307257,0.775,0.795,0.805,6.650001525878906,3.4200000762939453,15.119999647140505,22.743005725860712,166.95242685897455,1.355707258700328,0.2897802274330873,0.0911188759062762,2.692545305369507,1.2543299304353142,10.855748918485352,2.746896211055656,tp,1.0
236,2158,0.6639873292331651,0.1658600927386891,0.445,0.725,0.835,0.9642447493935868,0.0460664760087682,0.905,0.985,0.995,0.4419290042298145,0.2961383581404145,0.065,0.425,0.865,229,0.1061167747914735,0.8123342264687651,0.0211221630804368,0.785,0.805,0.845,5.799999237060547,3.780000686645508,16.890000343322754,21.92400109863229,98.43093832606245,1.6124461516834525,0.3974462135904472,0.1294436437699848,2.460760630060693,1.5243181100120864,5.521326462015772,2.069170356042453,tp,1.0
237,13249,0.7646013749834366,0.1157467533844209,0.635,0.795,0.855,0.9992929733342084,0.0146625060269345,0.995,0.995,0.995,0.5027047127812274,0.310761333779923,0.085,0.485,0.935,317,0.0239263340629481,0.8122191827755997,0.0198343320357624,0.785,0.815,0.835,10.619998931884766,11.280000686645508,16.96999955177307,119.79359524383472,110.59856725254994,2.332789136367932,0.2567153983970427,0.0990700877597341,2.097408170122813,1.2546202809576716,11.935445570017412,2.610653514400903,tp,1.0
238,33189,0.6333898080296754,0.2001102145618421,0.285,0.705,0.835,0.997922089392331,0.0167092362001798,0.995,0.995,0.995,0.4701425385984458,0.3048972611104694,0.065,0.455,0.905,1028,0.0309741179306396,0.8019220608101745,0.0223450231081713,0.785,0.805,0.825,9.800003051757812,14.639999389648438,15.970000267028809,143.4720386962872,231.32730462035929,3.3327119143700146,0.4723659976295316,0.1895077564845945,3.662823844026684,1.7992410656939986,9.346353258280852,2.7641603903531617,tp,1.0
239,49042,0.6196907199947329,0.2385989979860195,0.235,0.705,0.865,0.9941563875736164,0.0466022980563316,0.995,0.995,0.995,0.5266557079258264,0.2960709322758563,0.105,0.535,0.925,612,0.0124790995473267,0.8016018041598252,0.0808065485346726,0.795,0.815,0.835,9.959999084472656,17.940000295639038,22.660000324249268,178.682386520004,274.46465740208595,3.3493016208321165,0.571987300707243,0.1467206219324019,4.200946356778704,2.2693568092144862,14.970079153198864,3.921438595430905,tp,1.0
240,1858,0.450070408881673,0.2258334381805795,0.175,0.455,0.795,0.7249797070950301,0.181796044624302,0.525,0.665,0.995,0.3676880489133994,0.3074740060395798,0.015,0.305,0.855,51,0.0274488697524219,0.3557824911732299,0.1976312094409664,0.065,0.245,0.565,9.159996032714844,15.50000023841858,17.269999980926514,141.97994069099332,13.086355656703445,2.6252128350558337,1.0040583931838796,0.1044380404618274,2.5001199365526685,2.3801318603009007,7.558844798476113,4.2048767018649285,fp_counted,0.0
241,77858,0.6393139629146718,0.1784679652992991,0.385,0.675,0.845,0.9997251120030476,0.0079157407855587,0.995,0.995,0.995,0.4950998357848595,0.3101442616777252,0.075,0.495,0.915,609,0.0078219322356084,0.8065152524531572,0.0128798596932852,0.785,0.805,0.825,18.799999237060547,20.61000061035156,22.38000011444092,387.4679957504268,200.9404669647848,4.331852227310476,0.2386264917525188,0.1109553844558085,4.552956041875159,2.1240398984020885,17.740048972772506,3.432116484365001,unmatched_ignored,
242,68789,0.5918437461742749,0.2241397370372888,0.245,0.625,0.845,0.9993329209617576,0.0132174835339038,0.995,0.995,0.995,0.5018187243686607,0.3047619742943869,0.085,0.495,0.915,520,0.007559348151594,0.8128052504016803,0.0172713916151554,0.785,0.815,0.835,18.290000915527344,20.420000076293945,22.770000457763672,373.4818200904847,184.18299445829587,4.807350028070613,0.2252714836799034,0.1059112855169338,5.187033823357493,2.163282934678864,17.73730034281762,3.665613887762249,unmatched_ignored,
243,92172,0.7266356683964396,0.1498132059970681,0.505,0.775,0.865,0.9994159385278056,0.0121500113186956,0.995,0.995,0.995,0.574210147106997,0.2836295881692785,0.145,0.615,0.935,748,0.0081152627696046,0.8014570362865925,0.0437381925082066,0.765,0.805,0.845,14.909996032714844,13.139999389648438,23.86999988555908,195.91733876953367,470.4637199488813,4.084530246458473,0.6473276992224486,0.437702310352749,3.5962093654452616,1.6773160177781945,18.4779905088478,3.4073246990785715,tp,1.0
244,8036,0.8009062653918314,0.0742806167878754,0.725,0.815,0.865,0.9992281307756988,0.0131096205832188,0.995,0.995,0.995,0.5129369309819931,0.3035870669481136,0.095,0.515,0.925,203,0.0252613240418118,0.8040812179960054,0.0145043379298295,0.785,0.805,0.825,12.80999755859375,23.259998321533203,20.679999828338623,297.96052171173505,26.970015872688364,1.4724685195620588,0.2939503837823635,0.3320716935343302,1.5552600005396768,0.8463311654941291,11.198044574679042,2.8511031153709885,unmatched_ignored,
245,64772,0.7020206257878293,0.1935103602204116,0.365,0.785,0.865,0.9997081527106736,0.0090094889019753,0.995,0.995,0.995,0.5816253803189607,0.2821543207119815,0.155,0.625,0.935,517,0.0079818440066695,0.8012931164735982,0.0201047984978513,0.775,0.805,0.825,27.770004272460938,19.09000015258789,25.40999984741211,530.1293857986457,122.18149330171592,4.019993926928877,0.2156718840675235,0.0892547251607936,3.848423759659876,2.172277718799148,19.605415470493167,3.57070239302601,unmatched_ignored,
246,799,0.6674399790872769,0.2001232240172897,0.245,0.775,0.825,0.6339341538570104,0.0974654984023183,0.515,0.615,0.775,0.3930017481150352,0.2662029327228039,0.075,0.355,0.805,168,0.2102628285356695,0.6893452876025722,0.1850866738884775,0.505,0.815,0.845,4.010002136230469,4.730003356933594,15.619999408721924,18.967323565681,42.12507880899394,0.8375105633456698,0.576737436346518,0.5046983850127597,0.5628588972432055,0.3404399762664832,2.8733977003300444,1.1517914914695218,unmatched_ignored,
247,3482,0.7277304029059026,0.0803267374481343,0.625,0.735,0.815,0.9942185867113468,0.0188794790083491,0.985,0.995,0.995,0.3576119849434792,0.2927327373723247,0.035,0.285,0.815,89,0.0255600229753015,0.8048874501431926,0.0178115650115936,0.775,0.805,0.825,5.680004119873047,4.25,16.21999979019165,24.14001750946045,144.24181749807795,1.4274280214059836,0.1707637224824964,0.1666718287221777,2.0868987267222745,0.901830246347404,6.97240355266777,1.5195376026901308,unmatched_ignored,
248,81891,0.6655201747225777,0.1820231744060235,0.385,0.725,0.845,0.99640315391309,0.033366991978461,0.995,0.995,0.995,0.5294793979299652,0.2982031915338563,0.105,0.545,0.925,2712,0.0331171923654614,0.7716524349113482,0.1149163738445235,0.755,0.805,0.815,14.43000030517578,14.990001678466797,19.5600004196167,216.30572879486132,378.5891407326676,3.840848957415216,0.7800582175121826,0.7458877752112879,3.522401424453463,1.8103366952758917,11.89963675115816,3.366329838892249,fp_counted,0.0
249,12465,0.8121462107493702,0.0869368742376065,0.735,0.835,0.875,0.9975486407498017,0.0205786153531089,0.995,0.995,0.995,0.5870026888172075,0.3049561264951698,0.115,0.635,0.955,275,0.0220617729643,0.808704292123968,0.0388864032322888,0.795,0.815,0.835,7.950000762939453,10.31999969482422,21.960000038146973,82.04400544738746,151.93066125950492,1.622272186933866,0.2691947149287072,0.0777184382460727,1.7938612504935685,0.9415143312144204,15.364756657758775,4.372273771439214,tp,1.0
250,27653,0.7596405161778345,0.1163354877580407,0.595,0.795,0.865,0.9977157248496424,0.0205579499758781,0.995,0.995,0.995,0.6207401708827631,0.2873214024923974,0.175,0.685,0.955,583,0.0210827035041406,0.8161727362799603,0.0147177921850056,0.795,0.815,0.835,8.90999984741211,10.0999998152256,22.479999542236328,89.99099681252244,307.286295068042,2.322152633249373,0.3001105872280014,0.1284885588872786,2.541607705046474,1.3751266500870272,15.314889294515616,4.210830636969086,fp_counted,0.0
251,4962,0.7786483355076719,0.1005494232914137,0.635,0.815,0.865,0.9980620593132872,0.019155016250479,0.995,0.995,0.995,0.5281077383360888,0.314328093590256,0.085,0.545,0.935,193,0.0388956066102378,0.80550217103464,0.023318170519785,0.785,0.805,0.825,6.030006408691406,25.62000274658203,22.03999948501587,154.48878075258108,32.11883721153064,1.5371556797573789,0.3358258385177584,0.2319111102395368,1.6324663965124655,1.1885557837884697,9.086353586685604,3.302978219353571,unmatched_ignored,
252,1757,0.7946873699517907,0.089802835129694,0.715,0.815,0.855,0.9961086166603836,0.0351792229255475,0.995,0.995,0.995,0.5501669747176002,0.2772711948427532,0.165,0.555,0.915,73,0.041548093340922,0.8089027143504521,0.0125893836533515,0.795,0.815,0.825,13.789993286132812,16.659996032714844,18.03000020980835,229.741233438137,7.647734687004333,1.5683725950522642,0.2324293513871576,0.1012695662697052,1.8186988862123636,1.34014656216773,8.653271310307048,2.366227741237592,unmatched_ignored,
253,464,0.6598350357842343,0.2773489077506986,0.115,0.805,0.845,0.8504213814077706,0.1154895343040431,0.695,0.865,0.995,0.6560821526358707,0.2687245945836402,0.255,0.715,0.965,146,0.3146551724137931,0.78022858439243,0.1316735018382888,0.525,0.825,0.845,18.480003356933597,10.169998168945312,19.63000059127808,187.94160030211788,2.468852022405448,5.492512958517022,0.955915823184632,0.249411175309019,2.9081355010355425,4.849844402850368,6.564935907593061,6.95457896148984,unmatched_ignored,
254,14027,0.818271406429381,0.0647233939471567,0.745,0.835,0.875,0.998120004392073,0.0253332477429601,0.995,0.995,0.995,0.6184648136962719,0.271623003369662,0.215,0.655,0.955,365,0.0260212447422827,0.7912762441659627,0.0965446050865706,0.775,0.815,0.835,5.830001831054688,5.970001220703125,20.07000064849853,34.80511804809794,403.0154410226619,1.6491332574810391,0.1489251782987194,0.1096883211392405,1.7301785210044744,1.0002954005294111,15.717646692330876,3.4687204407260137,tp,1.0
255,34755,0.7614404610330175,0.1132536401790262,0.595,0.805,0.865,0.9976589643977526,0.023354417106766,0.995,0.995,0.995,0.5141800029775306,0.2992525831045753,0.085,0.525,0.915,952,0.0273917421953675,0.8067916232247313,0.0361370540054142,0.785,0.805,0.835,9.249998092651367,9.320001602172852,19.670000076293945,86.20999704360656,403.1435006594455,2.516763659498628,0.2378646873649653,0.2559704109697149,2.2971335033513576,1.3378665249109196,13.66323104660608,4.284545684852056,tp,1.0
256,23148,0.7433369904544114,0.1259536923118829,0.565,0.785,0.865,0.9984337071567408,0.0214466952281106,0.995,0.995,0.995,0.5525746322081361,0.2875227172303514,0.135,0.575,0.935,420,0.0181441161223431,0.8039794623851776,0.0173481157671315,0.785,0.805,0.825,10.159996032714844,9.040000915527344,20.540000438690186,91.84637343749635,252.02954818627396,2.67848999096803,0.2846316840974868,0.0815006569236872,2.4747548218795115,1.2979369290419174,14.792126727430947,3.1524780082675115,tp,1.0
257,1022,0.802930581921059,0.0896665581210648,0.745,0.825,0.855,0.9681859802010008,0.083680409844216,0.915,0.995,0.995,0.6479613203764939,0.2850085112626109,0.195,0.705,0.955,187,0.1829745596868884,0.7883772630901897,0.1202521966545604,0.755,0.825,0.845,12.160003662109377,17.729999542236328,12.300000190734863,215.5968593627913,4.740328792453558,1.282286080601298,0.2308277058214735,0.1637658519408049,0.7322210244613054,1.1456768212235808,6.891156596957238,3.223121869120541,unmatched_ignored,
258,18262,0.8101799348435538,0.0922742853700191,0.705,0.835,0.885,0.9987028956857156,0.0098167392050988,0.995,0.995,0.995,0.5415467572977503,0.3004946199490039,0.105,0.575,0.925,374,0.0204796845909538,0.8085279334037699,0.0158737509502529,0.785,0.815,0.825,20.720001220703125,11.68999481201172,24.36000061035156,242.216706774896,75.39529474724377,1.894362713457712,0.3629525213215794,0.1817433341301828,2.2723043196833714,1.382302658401534,17.76393313482673,5.18594856517663,unmatched_ignored,
259,5680,0.6134272544008588,0.1715559916526477,0.385,0.635,0.805,0.9984265702815962,0.0198471456226747,0.995,0.995,0.995,0.5806645288257565,0.2864396584820743,0.155,0.625,0.935,418,0.0735915492957746,0.7886072844979866,0.0197783036799668,0.775,0.785,0.805,23.529998779296875,12.089996337890623,21.080000400543213,284.4775990722701,19.966422728972148,2.662419944109528,0.3958450170966732,0.0830881795704265,4.261169189854226,2.2578368893461622,14.18310250153529,5.262896168642245,unmatched_ignored,
260,1536,0.3909243799450148,0.2246067299682906,0.065,0.415,0.775,0.6132565621131411,0.1116435881035348,0.515,0.565,0.785,0.291003549744398,0.3050219647143674,0.025,0.155,0.805,251,0.1634114583333333,0.6053928350547395,0.2578655372652414,0.205,0.785,0.815,9.069997787475586,4.8899993896484375,16.579999923706055,44.35228364486829,34.63181315079185,1.823569942197163,1.5348809121485514,0.6532962028982026,0.9082184401356684,0.6365867027455012,4.503000137202132,1.9682488778476117,fp_counted,0.0
261,4783,0.7970580883712018,0.0947498338660506,0.715,0.825,0.865,0.9965248847391572,0.0329089170427618,0.995,0.995,0.995,0.5251996262803847,0.3401285306431648,0.055,0.555,0.955,465,0.097219318419402,0.8191434127028271,0.0130821721093925,0.805,0.825,0.835,7.069999694824219,5.700000762939453,19.489999771118164,40.29900365447975,118.68779786738745,1.0580418762113868,0.3197617141304641,0.0766707621910523,0.9529257443719872,0.5762457591067671,9.261633560581734,3.30566596016263,tp,1.0
262,5830,0.6880966999754948,0.1511204499895231,0.445,0.735,0.815,0.9936492547878476,0.0235143939231727,0.985,0.995,0.995,0.3978374829350027,0.3146994857121779,0.025,0.335,0.885,532,0.0912521440823327,0.7930891695327329,0.0387786101149595,0.765,0.805,0.825,7.880001068115234,8.669998168945312,19.600000381469727,68.31959483184619,85.3342297235409,2.010532505855535,0.905190111355442,0.4892174664769365,1.523961414844852,1.1922874442060938,6.837680369682009,3.3539305720207984,fp_counted,0.0
263,38343,0.7196609713235278,0.1620117896936537,0.435,0.785,0.845,0.9984025029519528,0.0177958421819973,0.995,0.995,0.995,0.55306933569209,0.2865875260647937,0.125,0.585,0.925,1598,0.0416764468090655,0.8128528284638635,0.0200945880041096,0.785,0.815,0.835,9.189998626708984,9.829998016357422,20.050000190734863,90.33766827087676,424.4408864420635,2.7439781757734645,0.2726890160048223,0.1046033417913141,3.132429857759196,1.7496059273556614,13.834980443550092,4.124643561143763,tp,1.0
264,17102,0.7407634025196742,0.1039936831306826,0.625,0.755,0.845,0.9947651602234592,0.0426238393610376,0.995,0.995,0.995,0.4679323357745067,0.3131606090653103,0.065,0.445,0.905,404,0.0236229680739094,0.7562885126191201,0.1595337658233073,0.505,0.815,0.835,5.909996032714844,9.660000801086426,20.83999967575073,57.09056641044299,299.5591229039148,1.8041415136202803,0.358609848574795,0.3110546007670815,2.320684762549834,1.1456284741754763,13.468348327846837,3.543388734181912,tp,1.0
265,16701,0.7916070459871497,0.0831649084941553,0.695,0.815,0.865,0.9993338452457032,0.0128376416444545,0.995,0.995,0.995,0.5768092701133501,0.3057534169802601,0.085,0.625,0.945,463,0.0277228908448595,0.8022042174318696,0.0239481502979295,0.775,0.805,0.825,8.580001831054688,9.799999237060549,21.88000011444092,84.08401139831403,198.62277884062595,1.958613022249795,0.2280123078104788,0.2103492868612863,1.9004787465596824,1.057224599164469,15.08369795275526,4.998766619208788,tp,1.0
266,12372,0.7716503668946237,0.0647533293029018,0.685,0.785,0.845,0.9985553482435992,0.0158611456675762,0.995,0.995,0.995,0.4558212738513773,0.2907436906770483,0.075,0.415,0.885,871,0.0704009052699644,0.7870837582102052,0.0260155458747973,0.755,0.795,0.815,6.270000457763672,4.1399993896484375,14.150000095367432,25.957798068237025,476.6197798240392,1.5564310919086075,0.1245248704781543,0.1484367417398908,2.027229033592163,1.0880848276507769,7.523101309171645,2.6304427548948603,tp,1.0
267,2289,0.7396650512980655,0.0594222092834056,0.685,0.745,0.805,0.8281364886715924,0.1052103877152484,0.675,0.845,0.945,0.4289703850098779,0.2861096189640487,0.075,0.385,0.845,665,0.290519877675841,0.778217100346447,0.0565270733013838,0.745,0.785,0.815,5.399999618530273,4.689998626708984,13.5,25.325990795136025,90.38145905192438,1.1619252866071792,0.6702194333188414,0.5975971549238366,0.6969006980014213,0.3073900890346852,2.330048954059797,0.6321369972477939,tp,1.0
268,3727,0.7862807901804556,0.0618417746456828,0.715,0.795,0.855,0.9972070907983506,0.0230226954277902,0.995,0.995,0.995,0.3781948425359108,0.340374902711042,0.025,0.235,0.915,275,0.0737858867722028,0.7964209328998219,0.0229191369048957,0.775,0.795,0.815,4.239999771118164,4.330001831054688,21.710000038146973,18.359206772613103,203.00441332572493,0.8913000945508507,0.1868398647375627,0.1194850195556537,0.867883627070397,0.5702702273215133,7.8598090247987,4.051051128740042,unmatched_ignored,
269,1336,0.7250160111370915,0.1616417132240269,0.485,0.775,0.835,0.9884947405871516,0.0376914324008778,0.975,0.995,0.995,0.5451040783755706,0.3231427131966139,0.065,0.635,0.915,209,0.156437125748503,0.8040219715052244,0.0431136157241236,0.785,0.805,0.835,3.839999675750733,5.959999084472656,16.420000076293945,22.886394551849666,58.375293538406005,1.0343125557251966,0.6957312364777379,0.2239709863891067,1.4619536980768957,0.984173724511822,6.292244958730336,3.0451589348988626,unmatched_ignored,
270,5688,0.7697657403626522,0.0686018153732308,0.675,0.795,0.835,0.9990290578260872,0.0143272338550611,0.995,0.995,0.995,0.6263801708160179,0.2463642880648586,0.275,0.655,0.935,190,0.0334036568213783,0.8043266961449071,0.0151552735394215,0.785,0.805,0.825,6.25,5.310001373291016,22.07999992370605,33.18750858306885,171.38978618304077,1.614061145100545,0.3057619532611583,0.0887915314830146,2.823451016899372,1.0340162399803818,17.265506295479426,4.462171403602767,fp_counted,0.0
271,3391,0.7332134101373965,0.0848540727884929,0.625,0.745,0.825,0.9984246051547028,0.0143738046188458,0.995,0.995,0.995,0.5408359770707798,0.3153719417728143,0.045,0.605,0.925,102,0.030079622530227,0.8153655587458143,0.013153911782957,0.805,0.815,0.825,6.30999755859375,4.409999847412109,19.539999961853027,27.82708827056922,121.85967741319256,1.366634313729038,0.2947055709198798,0.1238067832238703,2.2213657216108973,1.0578994080727746,10.77814162308331,3.245701522033206,fp_counted,0.0
272,8777,0.622920888192231,0.1502851685158846,0.415,0.635,0.815,0.9844713836035696,0.0681365774504458,0.995,0.995,0.995,0.4948866846356641,0.3175126216933792,0.075,0.485,0.935,427,0.0486498803691466,0.8090247577470695,0.0221447034717626,0.795,0.815,0.825,6.729999542236328,6.75,16.630000114440918,45.427496910095215,193.2089724725624,1.881474521953305,0.2692028869970417,0.197834720943689,3.934356496181525,1.6945264007512593,11.400399945004866,3.5302584070052774,tp,1.0
273,32418,0.764062753117859,0.1232625934890746,0.585,0.815,0.865,0.9995689769872752,0.0108865193463562,0.995,0.995,0.995,0.6012010652195839,0.2893881595009732,0.165,0.645,0.955,722,0.0222715775186624,0.8069275651447,0.0147382680193632,0.785,0.805,0.825,8.669998168945312,11.729999542236328,21.76000022888184,101.69907455291832,318.7639626271284,2.98245260423331,0.2265243530139689,0.1435192256261168,2.7960886702153456,1.518539017534517,16.784682934810167,3.861097549433047,tp,1.0
274,13999,0.721201248906052,0.1254402428930322,0.555,0.755,0.845,0.9879707710488675,0.0631135066360142,0.995,0.995,0.995,0.4699541763044504,0.3225372180568302,0.045,0.445,0.925,551,0.0393599542824487,0.7617240393037372,0.1310526550544708,0.685,0.795,0.825,7.020000457763672,13.920001983642578,20.18000030517578,97.71842029724212,143.2585581860362,1.816981463611633,0.3473237647110137,0.3968315709974772,2.362741725832839,1.5316155675455667,10.514882700752084,3.581382461286152,fp_counted,0.0
275,33053,0.7721316738182248,0.106104342716808,0.625,0.805,0.865,0.9984732231000863,0.0245489542999023,0.995,0.995,0.995,0.5332127713456076,0.279061853260424,0.155,0.535,0.925,445,0.0134632257283756,0.7978487399186981,0.0161504032057109,0.775,0.795,0.815,9.439998626708984,9.889999389648438,21.86999988555908,93.36158065643394,354.032137926557,2.70774304005246,0.2317944124369087,0.0680059169130204,2.4818147465757057,1.2837745461233383,16.645914788600486,3.0201001729100545,tp,1.0
276,2928,0.7747186483672815,0.0744156607166749,0.705,0.785,0.855,0.9944849192607598,0.0347539726120017,0.995,0.995,0.995,0.5491685467933449,0.3279283251468193,0.075,0.595,0.955,331,0.1130464480874317,0.7983880966811742,0.0202325235698435,0.775,0.805,0.825,2.879999876022339,5.989997863769531,21.81999969482422,17.251193105030325,169.72739115338152,0.917323033405633,0.3672954209774011,0.1285638309019668,1.0905576176080545,0.5715370583504173,7.179887594675513,4.866274568361906,unmatched_ignored,
277,458,0.4699323733365692,0.2402945560480505,0.165,0.435,0.815,0.9476836410932666,0.1094977943656578,0.775,0.995,0.995,0.39388438588341,0.3524057615242991,0.025,0.215,0.855,111,0.2423580786026201,0.8077655069462888,0.0169303155868941,0.785,0.805,0.825,2.6599998474121094,4.44000244140625,18.019999504089355,11.810405816650018,38.77936178571637,1.2038810774731885,0.724214012680178,0.1744022580475721,1.5480523020252486,1.053117916371094,9.411442106402598,5.180927423607249,unmatched_ignored,
278,10947,0.5308766686786764,0.1422150910988045,0.335,0.525,0.725,0.9995032722431416,0.0107809773425559,0.995,0.995,0.995,0.5076284971247245,0.2878120265493248,0.115,0.505,0.915,174,0.0158947656892299,0.8101694895618263,0.0146519095099072,0.795,0.815,0.825,6.029998779296875,11.25,20.88000011444092,67.83748626708984,161.37095582963462,1.8530034004567728,0.4311290891258043,0.097378570627524,4.9979956519056605,1.5565055197166566,13.027198445611196,2.436903707480974,tp,1.0
279,17126,0.7272872142841761,0.1406038586705804,0.505,0.775,0.855,0.999230323353062,0.0140786440529824,0.995,0.995,0.995,0.5838651818472079,0.2860842720586514,0.155,0.625,0.945,430,0.0251080228891743,0.8083472678827684,0.0170999119645061,0.785,0.805,0.825,5.320001602172852,10.260002136230469,22.179999351501465,54.58322780304297,313.7593852418753,1.9764932893744376,0.2773277296929444,0.0876313636320456,3.3200146519222704,1.3992352672127404,15.441738775182476,3.993796321051232,tp,1.0
280,17353,0.6629794642989563,0.1599839859682956,0.405,0.725,0.825,0.999247210493474,0.0126622375619421,0.995,0.995,0.995,0.5903924688549298,0.2775307790229778,0.165,0.635,0.925,472,0.0271999077969227,0.8067858385837684,0.014193866914218,0.785,0.805,0.825,10.789997100830078,7.789999932050705,21.10999965667725,84.05407668229361,206.4504267364761,2.0997194048597616,0.2607848669671729,0.0642486500830378,3.801514986297316,1.8322832341600557,15.721766127586118,4.211065243902159,tp,1.0
281,2024,0.6932359872488931,0.1914141316163825,0.435,0.785,0.855,0.7875042902268911,0.1436551123105467,0.575,0.805,0.975,0.3613339130340349,0.3062397389989214,0.025,0.265,0.855,54,0.0266798418972332,0.8006673124101427,0.0287422417699428,0.745,0.805,0.825,3.399993896484375,3.930000305175781,16.079999804496765,13.361977050779387,151.47459034753712,0.957987348805156,0.3698544140939095,0.2634826751357786,0.8464183856205781,0.5438067537856117,6.092255911764067,1.97046113886692,tp,1.0
282,4362,0.7031501548117943,0.1556976238730785,0.455,0.765,0.825,0.941100947138696,0.1295176666264336,0.765,0.995,0.995,0.5898363348184148,0.2753013941464224,0.165,0.625,0.935,782,0.1792755616689592,0.7827802573990487,0.0736944760846446,0.745,0.795,0.825,7.430000305175781,8.64999771118164,16.919999837875366,64.2694856338494,67.87046694057601,2.213811827581132,0.9788547025683958,0.4650808726460314,1.649910150165627,1.150452113239811,5.232128000171263,2.797962273849288,tp,1.0
283,5372,0.682836624790241,0.1144440413257764,0.535,0.705,0.815,0.9983682572087156,0.0247722717258904,0.995,0.995,0.995,0.3965678773004855,0.3027918973977568,0.035,0.325,0.845,119,0.0221518987341772,0.8085628953300604,0.0120115964488961,0.795,0.805,0.825,6.799999237060547,6.799999237060547,15.230000495910645,46.23998962402402,116.1764966575376,1.4127996874480435,0.3887232974066814,0.1930141739734691,3.451688124923049,1.0501240589985172,10.576562546864873,1.8238514496889435,tp,1.0
284,8754,0.6582783892272419,0.0972573165190519,0.525,0.665,0.795,0.9992204531363382,0.0151879707071856,0.995,0.995,0.995,0.5684475677600441,0.2905526972443168,0.125,0.605,0.925,250,0.0285583733150559,0.7988384075164795,0.0128264181407275,0.785,0.805,0.815,5.1399993896484375,7.830001831054687,17.980000019073486,40.24620463256724,217.5111934136582,1.7826807936430664,0.2890640019222708,0.1068495861716072,3.9139086759488992,1.337381031610041,13.83442609126175,3.152519785873746,tp,1.0
285,1239,0.7646543163147734,0.068149019100187,0.695,0.785,0.825,0.99822975710768,0.0038542037568697,0.995,0.995,0.995,0.5344254259256679,0.3831625783934042,0.035,0.625,0.975,303,0.2445520581113801,0.8139915218447694,0.0159975093064446,0.795,0.815,0.835,4.700000762939453,3.0699996948242188,22.90999984741211,14.429000907897716,85.86873116917147,0.7502826706186527,0.2015320620350723,0.0901488870640855,0.6529104385025499,0.4980094132734937,4.468564085536084,2.5054240547040294,unmatched_ignored,
286,37431,0.7832461551955622,0.0651543992446627,0.705,0.795,0.845,0.9995276222695636,0.0116734120732612,0.995,0.995,0.995,0.6721531556883419,0.2645761300410258,0.245,0.745,0.965,694,0.0185407817050038,0.8011342046583764,0.0163151263070139,0.785,0.805,0.825,8.429998397827148,5.1199951171875,25.549999237060547,43.16155063477345,867.230195614043,2.0995863693392938,0.1979245952965272,0.1548025281819046,2.874168885519391,1.138233729477304,19.20101764671569,4.364624597188717,unmatched_ignored,
287,12865,0.5427579226148207,0.1416228831142862,0.345,0.555,0.725,0.998590858196684,0.0203729720657105,0.995,0.995,0.995,0.5565508965778461,0.2759600578202842,0.145,0.585,0.915,237,0.0184220753983676,0.7896796427195585,0.0596894393409791,0.775,0.795,0.815,9.889999389648438,6.799999237060547,19.65999984741211,67.25198830413865,191.29545942671103,1.8861605085325397,0.3887411337450818,0.1956525057146506,5.410328444478913,1.4479597804499234,15.47391542960038,3.213765551024375,tp,1.0
288,2679,0.7489106425373756,0.1409623257067529,0.585,0.795,0.845,0.9383058109893956,0.1250319617035474,0.745,0.995,0.995,0.4882596070144074,0.3295104222330234,0.035,0.505,0.925,232,0.0865994774169466,0.7938325997313549,0.0734944931866244,0.785,0.805,0.825,9.540000915527344,4.980001449584961,19.26000022888184,47.509218388368026,56.38905650057834,1.242284881461096,0.5118008316982702,0.1214039178985828,0.9583534073395616,0.9017461395924452,7.109402955429418,3.6027390362634244,tp,1.0
289,9594,0.7693463384092463,0.1103561929659672,0.615,0.805,0.865,0.9992048097993772,0.0153049071740103,0.995,0.995,0.995,0.6114202518218158,0.2980867358054152,0.145,0.675,0.955,317,0.0330414842609964,0.8069882938162386,0.0180759251245488,0.785,0.805,0.835,6.400001525878906,4.709999084472656,20.170000076293945,30.14400132751325,318.2722789772204,1.6101055599709266,0.1597134239023268,0.0882045527324629,2.70893262190461,1.3762186768033304,15.296559974249885,3.8081846757715314,tp,1.0
290,45171,0.7120139620757289,0.1347374959626129,0.575,0.745,0.835,0.9983397749215526,0.018522480248523,0.995,0.995,0.995,0.540920417346583,0.2952978230603726,0.115,0.555,0.935,762,0.0168692302583515,0.7991855895425392,0.046779541215146,0.775,0.805,0.825,16.609999895095825,5.1399993896484375,25.60999965667725,85.37538932285315,529.0868991435299,4.0724416620277255,3.344099945543454,0.3030597033199559,2.6306356190875486,1.887702778212138,17.85891635655172,4.7969914284382735,unmatched_ignored,
291,17495,0.7025347970675216,0.1545326883236423,0.495,0.745,0.855,0.9987965635757304,0.0127711741403167,0.995,0.995,0.995,0.5701545151050446,0.3022852092809856,0.115,0.625,0.945,337,0.0192626464704201,0.8005206286022855,0.047161601963309,0.785,0.805,0.825,15.690001010894775,6.6100006103515625,25.539999961853027,103.7109162584311,168.69005338266652,3.43409729748301,2.9660691581119805,0.1960371371264725,2.727053432224005,1.6640876040636567,15.204624282860626,5.498099414429508,unmatched_ignored,
292,6586,0.3834918440824995,0.1679915140093999,0.195,0.415,0.555,0.6909995854281018,0.1386566349865464,0.535,0.665,0.905,0.4184596686862042,0.2972695147303363,0.055,0.365,0.865,325,0.0493470999088976,0.5331193950313788,0.1811393155049927,0.215,0.515,0.805,11.59000015258789,4.849998474121094,15.920000076293944,56.21148305511451,117.16467244855517,1.9107413188229,1.0148375394392686,0.4557528374208253,1.1615107626667676,1.314671585032837,6.173563803381247,1.617750183686137,tp,1.0
293,62442,0.7410099197487879,0.1382017369709077,0.535,0.785,0.875,0.9975352958873271,0.0300237096424415,0.995,0.995,0.995,0.5419007613665411,0.2852562558513286,0.135,0.555,0.925,440,0.0070465391883668,0.798078602687879,0.0213816394655932,0.765,0.795,0.825,9.989997863769531,9.949996948242188,23.989999771118164,99.4004482574528,628.1863019196018,2.9217481225763278,0.1921353483622205,0.0578737514164254,3.4394849621332693,1.7069301248913789,18.975951237428205,3.0049106379247386,tp,1.0
294,176,0.4031811457931656,0.2076044507297027,0.065,0.465,0.765,0.6062373258173466,0.1057793260053316,0.515,0.555,0.785,0.5286943127549338,0.3636296710237497,0.075,0.575,0.975,74,0.4204545454545454,0.5242997519671917,0.1871024800862063,0.205,0.505,0.795,2.7399978637695312,2.4399986267089844,19.269999504089355,6.685591024783207,26.325271669711075,0.8648241227920029,0.5687722022749522,0.2489580261200617,0.6232547716915515,0.4500709639996559,3.0308129118586127,2.5607509629282066,fp_counted,0.0
295,2039,0.7708616650180526,0.0740374549199339,0.705,0.785,0.835,0.9977433560466346,0.0246444702044496,0.995,0.995,0.995,0.5108978728300124,0.3275107217644034,0.055,0.525,0.925,216,0.1059342815105443,0.8010779001094677,0.0107350257620289,0.785,0.805,0.815,4.830001831054688,6.029998779296875,19.0600004196167,29.12490514526144,70.00881169673924,1.1821278190671785,0.3298146573341585,0.0815439135099576,1.3685547813093066,1.0226442099971953,8.121025530174704,3.603235615530701,tp,1.0
296,37894,0.7472599023989356,0.1208557906929913,0.575,0.785,0.865,0.9993980706615764,0.0124288929832064,0.995,0.995,0.995,0.5340832138536031,0.3060748565250962,0.095,0.545,0.935,1023,0.0269963582625217,0.8028788231568136,0.014785656808779,0.785,0.805,0.825,7.840000152587891,8.830001831054688,22.13999938964844,69.2272157028201,547.3858744033861,2.3635204071814875,0.313891045352312,0.2310309219326651,3.02573826634788,1.3093785376413891,15.370110917409278,4.086717674169327,tp,1.0
297,10788,0.7982113559736912,0.0789318335811824,0.685,0.825,0.865,0.9991611118035092,0.0164441680944504,0.995,0.995,0.995,0.6013983852968262,0.2837063837479787,0.165,0.645,0.945,287,0.0266036336670374,0.8029995423576143,0.0148597563634479,0.785,0.805,0.815,8.170001983642578,9.970001220703123,19.78999948501587,81.45492975006346,132.44133943890114,1.8371787392210888,0.196755115040914,0.0907569923203161,1.917496019966905,1.1277170366583544,15.3366082630171,3.6759551424655976,tp,1.0
298,10348,0.7809591654027158,0.0847208424324735,0.665,0.805,0.855,0.999373297428458,0.0135422419645357,0.995,0.995,0.995,0.6093644714528154,0.2872507974696977,0.165,0.675,0.945,279,0.026961731735601,0.7965309489585165,0.0149135098476593,0.775,0.795,0.815,4.779998779296875,8.80999755859375,19.18000030517578,42.111777575686574,245.7269817547304,1.540400477140063,0.1864086980750302,0.0786714832441884,2.179378121069014,1.1926064882912522,14.7360571143356,3.4116767055874164,tp,1.0
299,11116,0.7509932926936077,0.1267541001757479,0.645,0.785,0.855,0.9628508315911264,0.0909812426427689,0.835,0.995,0.995,0.4348859007724561,0.3211853706359272,0.045,0.385,0.905,302,0.0271680460597337,0.8012417010124157,0.0206107319207103,0.775,0.805,0.825,9.400001525878906,6.1100006103515625,22.230000495910645,57.434015060425736,193.5438431094356,1.8090593140073985,1.0978306398868414,0.1734097040582717,1.8586839759935108,1.1632124546948033,12.02250678177766,6.216632273300493,unmatched_ignored,
300,9342,0.4370940730675139,0.1952558709930992,0.195,0.405,0.735,0.945062852887111,0.1119345559071465,0.765,0.995,0.995,0.4997905774486424,0.3243838041841264,0.055,0.525,0.925,249,0.0266538214515093,0.7253539760009831,0.171634492808383,0.485,0.795,0.825,11.34000015258789,4.05999755859375,24.140000343322757,46.04037293395959,202.90886899200805,2.9045999388930914,3.3933853873486783,0.3816785961633916,3.618328254143453,2.0170960926175168,14.153259527143168,7.176375058607464,unmatched_ignored,
301,1233,0.6862911299922461,0.2103969042638655,0.365,0.815,0.845,0.982069172224956,0.034782742012911,0.955,0.995,0.995,0.5468671180659849,0.3122160624023794,0.095,0.545,0.925,101,0.0819140308191403,0.8115988680631807,0.0207374972474875,0.785,0.815,0.835,4.619998931884766,3.3800010681152344,12.87999963760376,15.61560132446175,78.95949533935095,1.3155242632604205,0.4972660227768149,0.0979316871239041,1.645746590965292,1.226209158841694,7.413440127418182,2.7928329661437536,tp,1.0
302,6755,0.6860898280975379,0.1628913238213793,0.475,0.745,0.825,0.9988243771605276,0.0143212930827032,0.995,0.995,0.995,0.5029277199265243,0.307755806704802,0.085,0.505,0.915,204,0.0301998519615099,0.8049140578391505,0.0231529439231842,0.775,0.805,0.825,9.669998168945312,4.659999847412109,14.330000162124634,45.06218999176053,149.90394388810506,1.509746869115157,0.6411831761897292,0.0817080919397239,2.815309130542924,1.1056577369632767,10.92028768404072,2.801078380846535,tp,1.0
303,9644,0.8066826650524401,0.0494588323075706,0.765,0.815,0.855,0.9986340419008048,0.0212994486105601,0.995,0.995,0.995,0.60471968474825,0.2901799392836776,0.155,0.665,0.955,228,0.0236416424720033,0.7928905942591659,0.0941979402722184,0.785,0.805,0.825,4.239997863769531,4.239997863769531,21.780000686645508,17.97758188477019,536.445894771308,1.15983313360571,0.1427395282390528,0.1242068886754185,1.929261334507923,0.8301979428748679,17.18927094255652,3.821108346072791,tp,1.0
304,538,0.5917793382582389,0.2475135956349057,0.195,0.725,0.845,0.6595168747423307,0.1214002545293259,0.515,0.655,0.835,0.5372983326863447,0.3066390818502882,0.065,0.595,0.915,139,0.258364312267658,0.7860097946237317,0.0763854810494338,0.745,0.805,0.835,3.909999847412109,2.560001373291016,5.609999775886536,10.009604978942662,53.74837479918516,0.821909756731762,0.5125841661235425,0.1401341294831047,0.4550259484981177,0.2706866150485599,4.4419693636628335,1.5613353919346828,fp_counted,0.0
305,6633,0.7314524059155112,0.1606275316766944,0.535,0.785,0.855,0.9982604594426908,0.0193382378331655,0.995,0.995,0.995,0.4538522395006536,0.3202350861737916,0.045,0.425,0.905,291,0.0438715513342379,0.8000071239225643,0.0157472130202122,0.775,0.805,0.825,19.150001525878903,10.219993591308594,20.09000015258789,195.7128928680322,33.89148207253052,3.0852443690526083,0.3270548606148288,0.116425269989454,2.229720819420646,2.587440978937868,10.78754932073362,4.085586756573801,unmatched_ignored,
306,1659,0.7802262481138101,0.0783714975590734,0.725,0.795,0.835,0.9626975627531842,0.0822589001211386,0.885,0.995,0.995,0.5854527398707571,0.3568235284671609,0.045,0.715,0.975,423,0.2549728752260398,0.7820527094898494,0.0999218190708617,0.765,0.805,0.825,2.6499977111816406,2.159996032714844,19.88999938964844,5.72398454285576,289.8330677832869,0.6330026499962542,0.3114990342363581,0.2842527602822328,0.5348687074892053,0.3851743215410541,4.7397548134891725,3.338957476349904,unmatched_ignored,
307,1220,0.7240330651616219,0.1426725675720367,0.615,0.765,0.825,0.8924496969727219,0.1357260518890682,0.645,0.955,0.995,0.3948436643063762,0.2945341036330489,0.045,0.335,0.875,61,0.05,0.7459544155929909,0.1499053274664736,0.505,0.805,0.845,6.240001678466797,8.229999542236328,16.269999980926514,51.35521095733566,23.756109209901577,1.1797942958155605,0.7365139207944947,0.3419209241199401,0.9535353806394176,0.6405868988397649,6.032464877235108,1.759094412639039,tp,1.0
308,7914,0.6888260096848192,0.1354294130049502,0.505,0.715,0.835,0.9992887378341476,0.0133442023643855,0.995,0.995,0.995,0.5748012280805262,0.2947497429016698,0.135,0.615,0.945,253,0.0319686631286328,0.8017311513188328,0.0133392842433754,0.785,0.805,0.815,6.569999694824219,6.200000762939453,19.10999965667725,40.73400312042213,194.2848577048468,1.6314619223889493,0.5680851269657223,0.129394039752718,3.670403071769788,1.4841097257728189,14.355116897080698,3.7047191693278183,tp,1.0
309,8723,0.6722982599519882,0.1098717691267816,0.535,0.675,0.805,0.999186184138972,0.0152137956713871,0.995,0.995,0.995,0.5893721829193649,0.2857538158941072,0.155,0.645,0.935,260,0.029806259314456,0.7940563057477658,0.0145695449674743,0.775,0.795,0.815,6.5500030517578125,6.509998321533203,18.539999961853027,42.64050887298072,204.57072934998092,1.597741063460384,0.1686540797123234,0.0866611077938309,3.851817963529445,1.2864014785736626,14.390890736178555,3.357913390210546,tp,1.0
310,2561,0.7883922351216581,0.0718841545131408,0.695,0.805,0.855,0.9904619583344376,0.0431265908416752,0.985,0.995,0.995,0.7173091908948651,0.2584051030413816,0.305,0.815,0.975,392,0.1530652089027723,0.8072457312397203,0.0502916007606646,0.785,0.815,0.835,2.389999389648437,4.789997100830078,14.299999833106996,11.448090147401672,223.70543619288847,1.1931695023969606,0.2294789656039443,0.076504036983972,1.3456859508233754,1.003791463753827,7.946674648182134,3.79169631766013,tp,1.0
311,10692,0.778084079886543,0.1185138631531887,0.685,0.815,0.865,0.9527127896238702,0.1276985713830261,0.715,0.995,0.995,0.4581477741525276,0.3025615059954021,0.075,0.415,0.905,277,0.0259072203516647,0.7984739243446274,0.0729378009191883,0.785,0.815,0.835,6.6100006103515625,8.769999980926514,18.600000381469727,57.96970522670745,184.44116557408412,1.6191162938133423,0.6875606966659832,0.4539710056439959,1.3590014126071286,0.6886578947833037,7.9325859528606335,2.54709256975225,tp,1.0
312,42238,0.6920183482688149,0.1445920086635254,0.475,0.735,0.835,0.9930358106814876,0.0410413870722992,0.995,0.995,0.995,0.5794267670710342,0.2843401623521146,0.155,0.615,0.935,661,0.0156494152185236,0.8161706025409265,0.0366416523892414,0.795,0.815,0.835,12.309999465942385,10.580000460147858,20.58999919891357,130.2398000140903,324.30946604210374,3.465871621502631,0.2514336943489857,0.1152139396429634,3.572526796762928,1.6805110038202722,15.386617202479858,4.030448230232516,tp,1.0
313,2526,0.6148346791092545,0.2194875448880043,0.225,0.735,0.835,0.8274216068140212,0.1424142340623646,0.605,0.855,0.985,0.4933492612705005,0.2930677580188717,0.095,0.495,0.875,552,0.2185273159144893,0.7452487033940312,0.1484188283108419,0.505,0.805,0.835,7.30999755859375,7.940000534057617,15.30000014603138,58.04138451919425,43.52067099923595,1.2487648727030685,0.6770408814684634,0.1750061603881399,0.8791848958186701,0.6685102506834826,4.653588474333664,2.395387438814637,fp_counted,0.0
314,38682,0.4985530530274697,0.2597169614037896,0.125,0.515,0.825,0.9995107189199128,0.0120856990164153,0.995,0.995,0.995,0.5084791418394902,0.2995654831348469,0.085,0.515,0.915,378,0.009771986970684,0.8117171134898271,0.0306584971903866,0.795,0.815,0.835,17.089996337890625,11.820001602172852,22.45000028610229,202.00378409499532,191.49146226790089,4.280165386577164,1.503383317557535,0.079677285620751,5.778184273936063,2.2371638866945776,17.055187959246137,3.162410986921272,unmatched_ignored,
315,2689,0.6432780441646241,0.1323444405668961,0.485,0.675,0.775,0.990756477286444,0.0517936747517574,0.995,0.995,0.995,0.5473100353748332,0.303310208705325,0.105,0.565,0.945,130,0.0483451097062104,0.5755213131125156,0.287564534946218,0.215,0.795,0.815,9.529998779296877,13.799999713897703,20.3100004196167,131.51398042774235,20.44649543154399,2.7022777430643288,0.3512110706139974,0.1664020857156752,3.344548724087447,1.1678830049393345,14.24583855978438,4.008721329921094,fp_counted,0.0
316,688,0.7756093451320085,0.1407810627409891,0.735,0.815,0.835,0.9639203955614288,0.0868909102121997,0.875,0.995,0.995,0.8563593029546737,0.1864086832278877,0.755,0.905,0.985,350,0.5087209302325582,0.8086641848938806,0.046754496359017,0.795,0.815,0.825,4.959999084472656,11.910000324249268,17.890000343322754,59.073590704345406,11.646490280967315,1.6094704978770509,0.3522191564614367,0.0858915647051562,0.7418511450991797,1.30847782697765,4.711176722476984,4.30409062213316,unmatched_ignored,
317,36581,0.7934876610017169,0.1031353832599369,0.655,0.825,0.875,0.9996188523236178,0.0102072513948802,0.995,0.995,0.995,0.6240323595331079,0.2733366773310084,0.195,0.685,0.945,433,0.0118367458516716,0.8087544289802568,0.0181440352084813,0.785,0.805,0.835,11.830001831054688,10.479999542236328,22.829999446868896,123.97841377410803,295.0594291894358,2.709355937070819,0.2733559803115046,0.1044007919028303,2.706879702826254,1.2373126905592275,17.965166030759864,3.3172490479867824,tp,1.0
318,15617,0.438063973701549,0.1846251653425691,0.185,0.445,0.685,0.9917780887785188,0.0457394244634888,0.995,0.995,0.995,0.5940004884979381,0.2800775067597889,0.165,0.635,0.935,72,0.0046103605045783,0.6289731856021616,0.1669723967298122,0.475,0.545,0.805,8.94000244140625,10.160003662109377,24.480000495910645,90.83045754395424,171.93571872565647,2.5160106009385355,5.298137855825514,0.1141110145315674,4.722026695601947,3.788147409899888,18.34411448776329,6.2846416240266185,unmatched_ignored,
319,2753,0.7020620019559075,0.2105238156342727,0.185,0.775,0.825,0.994824651259316,0.0234683718788665,0.995,0.995,0.995,0.5140073648683736,0.2867034585691858,0.135,0.505,0.905,339,0.1231383944787504,0.7982294468049806,0.0402835698144398,0.775,0.805,0.815,15.080001831054688,12.870002746582031,23.5600004196167,194.0796649841359,14.184896703243128,4.566294881230901,0.8762019387758131,0.1282775609470328,2.513535652780494,4.474787882277414,6.169017897306508,5.994003844524072,unmatched_ignored,
320,24573,0.747532893286803,0.0939226103606391,0.635,0.765,0.845,0.998915992500445,0.0173390964164103,0.995,0.995,0.995,0.6760956811779149,0.258352419562125,0.275,0.745,0.965,507,0.0206324014161885,0.7972662295756726,0.0717203745864407,0.785,0.805,0.825,6.660003662109375,10.299999237060549,23.38999938964844,68.59803263854701,358.21727030392697,1.9777392508537144,0.9946876642056516,0.142170993609226,2.070236086593212,1.033171969522648,16.066005587372857,4.690967128581196,unmatched_ignored,
321,12753,0.7606141381564537,0.0942043874207613,0.645,0.785,0.845,0.999289866784858,0.0132077353153816,0.995,0.995,0.995,0.6484305298781831,0.2722847601172756,0.215,0.725,0.955,172,0.0134870226613345,0.7849383724983349,0.0566841811788149,0.745,0.795,0.815,4.120002746582031,31.80000305175781,23.299999237060547,131.01609991455916,97.33918204187684,2.40675171236041,0.646569788164251,0.180056453568051,2.0002339062583663,1.4445650138396051,16.93438153736434,4.463810811755099,unmatched_ignored,
322,8774,0.5439173691250692,0.2491769505341411,0.185,0.605,0.825,0.9810184259905966,0.0850210657243935,0.995,0.995,0.995,0.5016238561766906,0.3181184498353303,0.065,0.535,0.915,432,0.0492363802142694,0.8118190173473623,0.0167277451945017,0.785,0.815,0.825,7.6199951171875,13.000000953674316,15.70999962091446,99.05994379043112,88.57263253209659,2.707389880135273,1.2041032809632644,0.1158813552455107,3.42165176520768,1.7394606563902966,8.799335095248496,3.155505421855596,fp_counted,0.0
323,14060,0.7643405273577906,0.129427820440485,0.595,0.815,0.865,0.9993114440107074,0.0129693162625005,0.995,0.995,0.995,0.6097526655979081,0.2928173218086242,0.155,0.675,0.955,299,0.0212660028449502,0.8103530408945371,0.0155036205133839,0.785,0.815,0.825,7.0,7.670000076293945,16.859999656677246,53.69000053405762,261.8737168959647,2.0884223334850684,0.2336444367508139,0.0711999561291545,2.415359306941061,1.4537244204181747,11.905093540168588,2.647729258472165,tp,1.0
324,4349,0.7388424870508187,0.116251705492949,0.565,0.775,0.845,0.9965441197355634,0.0199629722908674,0.995,0.995,0.995,0.4250928489483647,0.3096723266177223,0.045,0.355,0.895,262,0.0602437341917682,0.8005230040040635,0.0245815769515812,0.785,0.805,0.825,6.280006408691406,6.680000305175781,17.71000075340271,41.950444726564456,103.66993790762042,1.6469806340798516,0.2608821374029628,0.0976310775776415,2.207482855364906,1.112421381973125,7.416753217317532,2.758057671922248,tp,1.0
325,25851,0.6559176637175872,0.1722746201015567,0.395,0.695,0.845,0.9995097066949292,0.0121751747440347,0.995,0.995,0.995,0.4677071503236278,0.3120010498351596,0.055,0.455,0.905,407,0.015744071796062,0.8037040656848973,0.014992584102354,0.785,0.805,0.825,8.570003509521484,7.260000228881836,19.799999713897705,62.218227440644114,415.48917517236777,2.1856107412197745,0.1791344741956802,0.0980895451896236,3.8125642575885696,1.6491098328892992,14.193775294024286,3.2134282000675074,tp,1.0
326,15527,0.7550935187374217,0.118069391786604,0.635,0.785,0.855,0.9713269284137428,0.0980903439268656,0.995,0.995,0.995,0.6110650893327039,0.279515611419815,0.175,0.655,0.945,765,0.0492690152637341,0.7085810288592101,0.1924767782515164,0.455,0.795,0.835,6.930000305175781,7.440000534057617,18.670000076293945,51.55920597152726,301.14893562508576,1.9478858820815743,0.3857351805494949,0.3486850904503281,2.2087712342542267,1.2611296477833562,13.207055918647308,3.895925437910346,tp,1.0
327,4538,0.72519008182531,0.1298235163508412,0.545,0.765,0.855,0.988030374273428,0.0472454636172458,0.985,0.995,0.995,0.4247343957194706,0.3422683711680673,0.035,0.335,0.925,496,0.1092992507712648,0.7661871801340773,0.1061657898420221,0.595,0.805,0.825,10.240005493164062,7.94999885559082,17.18000054359436,81.40803195189801,55.74388535373748,1.815975263097498,0.5840310462886066,0.4021098593686356,2.026906079279289,1.2300624359463612,6.716154357280505,3.2596172234270657,tp,1.0
328,4625,0.5851010834526371,0.2141448883345219,0.255,0.635,0.825,0.9942716489611444,0.0398979582024966,0.995,0.995,0.995,0.6782691870415977,0.3192326517980438,0.115,0.835,0.965,419,0.0905945945945946,0.7943192054662045,0.0163882973383225,0.775,0.795,0.815,8.870002746582031,10.599998474121094,24.210000038146973,94.02201557921944,49.190606811690266,2.975160111856645,1.5297758425388333,0.0738555109651315,2.538356048481693,2.7980327379554306,13.79096548159058,7.22806864758355,unmatched_ignored,
329,1209,0.743426735485951,0.0848654975782672,0.655,0.755,0.825,0.9759487845958807,0.0622013826620835,0.945,0.995,0.995,0.3541274989569098,0.3227349673085605,0.045,0.215,0.905,124,0.1025641025641025,0.803890512114571,0.0339421326593613,0.785,0.805,0.835,2.790000915527344,5.619998931884766,13.169999599456789,15.67980216522119,77.10556467872023,1.0408608617679784,0.4162139805162862,0.168669948355878,1.2450287885286373,0.8677632835245369,5.366069036108389,2.281036034012476,tp,1.0
330,1639,0.790542922227611,0.0604930925225225,0.725,0.795,0.855,0.9867763461828086,0.0412252868352884,0.975,0.995,0.995,0.5919422284374525,0.3462887088978445,0.065,0.745,0.965,260,0.1586333129957291,0.7942821962902179,0.0408707964811863,0.775,0.795,0.825,7.069999694824219,4.540000915527344,18.07999992370605,32.097805087279994,51.06268156165973,0.7267450326282207,0.2620681898718175,0.1020781855710476,0.6047094884196214,0.3965329774075768,4.98726527526511,3.056870795452996,unmatched_ignored,
331,108,0.7629161690948186,0.1404733280182791,0.755,0.795,0.815,0.7725146109307254,0.0929826542100314,0.685,0.775,0.875,0.8296481652564749,0.2504145989323838,0.635,0.905,0.975,70,0.6481481481481481,0.7949288942984172,0.0705543741444048,0.785,0.805,0.815,0.9900016784667968,1.5,12.759999752044678,1.485002517700195,72.72714942413582,0.2955501183509612,0.1582656324428005,0.0776064431995359,0.3970955680211016,0.1668284272109236,1.6894748699333932,1.7147106121971638,unmatched_ignored,
332,17331,0.7100407629977308,0.1542158969305907,0.525,0.765,0.835,0.9987967034500804,0.0182241510875497,0.995,0.995,0.995,0.674703782559937,0.2822008226427602,0.205,0.765,0.965,523,0.0301771392302809,0.8097611171109727,0.0280703030170918,0.785,0.815,0.835,9.06999969482422,14.300003051757812,24.489999771118164,129.70102331542876,133.62269284376856,2.98948044652194,1.1973409061089748,0.0822484366792162,1.7654028172760392,1.9569928465765056,15.574541517783832,5.389162104320127,unmatched_ignored,
333,2123,0.5908070148736084,0.2757918609180659,0.165,0.775,0.835,0.8901601280460816,0.1396433005381563,0.625,0.945,0.995,0.4423656469789138,0.3125268096242198,0.045,0.445,0.895,125,0.0588789448893075,0.6602097283601761,0.187932390150928,0.455,0.785,0.845,11.980003356933594,14.760002136230469,21.830000400543213,176.82487514038803,12.006229317648147,5.312556179657844,1.3935606725782714,0.549155566100325,4.2257217475587,5.218615304110946,10.253015844652351,7.412550406917854,unmatched_ignored,
334,7920,0.6063116890251298,0.1409366392586999,0.435,0.625,0.775,0.9393936804599232,0.1393446250636708,0.655,0.995,0.995,0.5382911990923634,0.2814313543478734,0.135,0.555,0.915,280,0.0353535353535353,0.6973836610359805,0.1864484591077723,0.495,0.805,0.835,6.220001220703125,14.810001373291016,22.25,92.11822662048507,85.97647057003554,3.091263634622984,1.3977806050005013,0.4177154715183824,2.907036510443464,1.6030156043807642,17.094461659048545,6.560589451167588,unmatched_ignored,
335,4812,0.4782877437312059,0.1156069571257764,0.335,0.475,0.615,0.9940985765862445,0.044405515848028,0.995,0.995,0.995,0.5576091495381793,0.2775424665613339,0.155,0.575,0.915,84,0.0174563591022443,0.7577354622383913,0.1206703740846603,0.495,0.805,0.815,8.720001220703125,15.729999542236328,21.730000495910645,137.16561520996038,35.08167839756514,2.938895678189067,0.9158654825834128,0.2324717007630723,5.2078964240545575,1.1827321387726253,15.389384422602994,5.062670795073049,unmatched_ignored,
336,4629,0.8007087438500295,0.0740212917297275,0.725,0.825,0.855,0.996465246101568,0.0304763819594563,0.995,0.995,0.995,0.6026965184913956,0.2931671897919889,0.135,0.655,0.955,203,0.0438539641391229,0.7955192742236142,0.0462877911087393,0.765,0.795,0.825,4.240001678466797,3.799999237060547,17.239999771118164,16.112003143309266,287.30133421816373,0.8676084869073433,0.2386393025763159,0.0824191784628045,2.004481969756777,0.7287523774056942,12.84598149783824,3.662041654866615,unmatched_ignored,
337,5312,0.812251254170011,0.0669574127098305,0.755,0.825,0.865,0.996994645166469,0.0315689211143023,0.995,0.995,0.995,0.5319500731998671,0.3163827626507229,0.075,0.565,0.945,205,0.0385918674698795,0.7960228460591013,0.0272179366581144,0.765,0.795,0.825,7.970001220703125,4.029998779296875,17.21999979019165,32.1190951904282,165.3844844789721,1.2218446716322169,0.211619998849994,0.0806153753225219,1.275006997994668,0.6652735640458937,13.407017759462615,3.3117856983346754,unmatched_ignored,
338,4904,0.7230923777965746,0.1018163062570718,0.625,0.735,0.825,0.9972074079960828,0.011212868877209,0.995,0.995,0.995,0.4479674794290253,0.3250266265552066,0.045,0.405,0.905,185,0.0377243066884176,0.8056346877201184,0.0157157657980123,0.785,0.805,0.825,3.69000244140625,16.520000457763672,21.15000057220459,60.95884202118032,80.44772238777259,1.7688135593749028,0.6281420673547923,0.1461466662161824,2.168607267511175,1.2041799330165572,6.748176831673059,2.474694721952642,unmatched_ignored,
339,885,0.6011731550097466,0.1754494353373196,0.285,0.675,0.725,0.9973541359443449,0.010198174549639,0.995,0.995,0.995,0.5470743965083933,0.2769931527151479,0.155,0.565,0.895,93,0.1050847457627118,0.7151251486552659,0.0253126979036381,0.685,0.715,0.745,3.3600006103515625,16.85999870300293,20.390000343322757,56.6496059326164,15.622350507657377,1.694980265831331,2.016817129358337,0.1160082560633934,2.257530055901847,0.9478828952648088,5.498391416921454,4.100537667502514,unmatched_ignored,
340,29469,0.8089113491330246,0.0685835666509487,0.725,0.825,0.875,0.999247453617586,0.0142948857220212,0.995,0.995,0.995,0.5834273311496803,0.2948832442940649,0.135,0.625,0.945,687,0.0233126336149852,0.8078526222896715,0.0156434416938144,0.785,0.805,0.825,8.110000610351562,8.709999084472656,21.140000343322757,70.63809789123479,417.1828075746741,2.066315172834713,0.1617743605049425,0.119602574961141,1.939993936333733,1.0586936559642803,15.918821626464538,3.62240086665762,tp,1.0
341,4272,0.617932619202589,0.1865519243641421,0.335,0.655,0.835,0.9948228844598438,0.0369505654382393,0.995,0.995,0.995,0.4957218247256285,0.299024899178065,0.075,0.495,0.905,155,0.0362827715355805,0.7762710271343108,0.1137439405098096,0.745,0.805,0.835,7.240001678466797,11.219999313354492,14.089999914169312,81.23281386108283,52.589585377475615,2.139979371305136,0.7296524496630554,0.2753995250947317,3.2935565873640464,1.6611452835179412,10.888749591169065,2.415319741341288,tp,1.0
342,543,0.633138287627236,0.15151793778589,0.405,0.675,0.785,0.9643776613265332,0.1017641694889558,0.885,0.995,0.995,0.5477620070582255,0.2843679962786792,0.155,0.495,0.925,82,0.151012891344383,0.7647172043599734,0.0948448618839496,0.725,0.795,0.825,4.970001220703125,7.670000076293945,16.47000026702881,38.11990974197397,14.244524808045409,2.064908422276921,0.5524976277366667,0.1497878922684842,1.8831985149103112,1.016502764237277,9.414764697380487,4.946301192288336,fp_counted,0.0
343,27068,0.699105147220463,0.1659350134405778,0.415,0.765,0.845,0.9992335028863824,0.0150332347996204,0.995,0.995,0.995,0.595802138359177,0.2936974459217813,0.135,0.655,0.945,590,0.0217969558149844,0.7970112575312792,0.0132260934228212,0.775,0.795,0.815,9.05999755859375,13.549999237060549,16.679999828338623,122.76296000671572,220.48995884849347,3.2353696662948908,0.4629385083311985,0.2137712663406921,3.3492816214540624,1.69147990492304,11.914882509530832,2.540134848480462,fp_counted,0.0
344,7431,0.6443945146939697,0.2188114144323661,0.285,0.755,0.835,0.9980706507722328,0.0225130498207153,0.995,0.995,0.995,0.5954116746329032,0.3178113793044642,0.125,0.655,0.965,588,0.0791279773920064,0.8002530360708431,0.0151322804320875,0.785,0.805,0.815,7.589996337890625,14.130001068115234,16.460000038146973,107.24665636138523,69.28887344478156,2.8558419564326205,0.6751930039341062,0.215974222875147,3.30437513787378,1.940677085412716,9.306119382778483,3.0216497350714224,fp_counted,0.0
345,610,0.600991687954205,0.2931522308785832,0.155,0.795,0.825,0.9781476370623854,0.057221404118802,0.935,0.995,0.995,0.7142532391122497,0.3118547364650973,0.185,0.845,0.985,360,0.5901639344262295,0.810331758360068,0.0146586858874148,0.795,0.815,0.825,22.04000473022461,14.880001068115234,16.109999895095825,327.955293927007,1.860009615017124,3.2281068741321426,0.9791461540227222,0.1021999824887354,1.036922650070915,2.635007383497716,5.1709106985174245,5.209093154961355,unmatched_ignored,
346,721,0.5166515535293935,0.255134615908915,0.195,0.515,0.815,0.598239479795739,0.0750586167168739,0.515,0.585,0.685,0.3620855734221706,0.3086592818670629,0.045,0.245,0.835,121,0.1678224687933426,0.5670477263321562,0.2671015883887935,0.225,0.565,0.835,12.34000015258789,5.319999694824219,15.220000267028809,65.64879704589839,10.982684107614531,1.3848329861981357,0.8276703466679998,0.2929255130723906,1.1169377161110194,0.6148461759060945,3.783557771313703,1.5888678314235416,fp_counted,0.0
347,5657,0.6486461774181177,0.1778022186050306,0.395,0.675,0.845,0.9972045394205596,0.0305287904849843,0.995,0.995,0.995,0.5633543079987526,0.3103312088769657,0.095,0.625,0.945,229,0.0404808202227328,0.7987732529379915,0.0579550632880259,0.775,0.805,0.825,9.309999465942385,7.210000991821289,17.69000005722046,67.12510538330025,84.27547290536364,2.1604062207316246,0.7502860381162917,0.1097163345876123,3.505694224351472,1.8027930779950423,11.27155913683094,3.2565778810414763,tp,1.0
348,11609,0.3761583138262078,0.206672216358274,0.135,0.335,0.685,0.9967610443970248,0.0147889497462379,0.995,0.995,0.995,0.6271919962325385,0.2873175882192594,0.165,0.695,0.955,87,0.0074941855456973,0.7289846436730747,0.0424541298909885,0.675,0.735,0.765,8.720001220703125,22.819995880126957,23.22000026702881,198.9903919311473,58.3395001504235,5.490885635303653,4.033078832894962,0.4441218864738397,5.3123537514048245,3.672028104641824,17.659317317330586,7.346819239048627,unmatched_ignored,
349,5075,0.7520034102148611,0.1134434314332673,0.615,0.785,0.845,0.9969327986534006,0.0237476630458754,0.995,0.995,0.995,0.4541871876182292,0.3427393634586516,0.035,0.425,0.915,407,0.0801970443349753,0.8052234692128343,0.0204381008991061,0.775,0.805,0.825,4.700000166893005,6.789997100830078,22.420000076293945,31.91298750710439,159.02616446893967,1.1729275447650855,0.3054127270397881,0.1231329380884091,1.298482411629839,0.7641473961797217,9.789897643621332,4.581700576154115,unmatched_ignored,
350,4460,0.7110593875026489,0.1478066571390113,0.565,0.745,0.825,0.9959679061922792,0.023445522646464,0.995,0.995,0.995,0.4173511055158438,0.3296251598772307,0.035,0.405,0.875,337,0.0755605381165919,0.8052190984392025,0.0215570954265638,0.775,0.805,0.835,7.769999861717224,7.840003967285156,20.039999961853027,60.91682974166815,73.21457828507586,1.6789166830423308,0.726213083135763,0.1630531075127773,1.884249547535925,1.3108347668226468,6.840241671423741,4.3234111329592135,unmatched_ignored,
351,5830,0.700657234861041,0.1359129679295725,0.495,0.745,0.825,0.998372162104062,0.0179562286050669,0.995,0.995,0.995,0.3555492467733939,0.314115448217888,0.025,0.245,0.855,309,0.0530017152658662,0.7988482927813113,0.0192538046079258,0.785,0.805,0.815,7.240001678466797,7.440000534057617,16.520000457763672,53.86561635437101,108.23230837359417,2.234442120905798,0.2816254841175515,0.0859901938788288,2.47051679589891,1.6884989373850054,9.15372956324094,3.068321099558419,tp,1.0
352,11467,0.7626227841978035,0.1011053228533642,0.625,0.795,0.855,0.9985059369428536,0.0200589964832034,0.995,0.995,0.995,0.5155685580138875,0.318339496545743,0.065,0.545,0.925,362,0.03156884974274,0.7920780740060859,0.0245682255792273,0.765,0.795,0.815,7.1100006103515625,5.990001678466797,17.699999809265137,42.58891558990581,269.2484615109065,1.7540886551083248,0.4530683032287249,0.1189995520523618,2.0789459153999577,1.212923632052585,11.600209138413245,3.603833006516058,tp,1.0
353,5405,0.8228643082351071,0.0693692770584829,0.775,0.835,0.865,0.997985891111464,0.0200753136668464,0.995,0.995,0.995,0.6381953322858904,0.2677188713025197,0.225,0.675,0.955,192,0.0355226641998149,0.8085260769973198,0.0142849460339754,0.795,0.805,0.825,5.130001068115234,3.460002899169922,17.75000023841858,17.749818568423507,304.5101548032363,0.9601725905575788,0.311150249527198,0.0551898434324974,0.9468818137338836,0.5620496865971074,12.852383160993636,3.3891118868422034,unmatched_ignored,
354,12845,0.6958187171205467,0.1455978747837758,0.475,0.745,0.815,0.999101550159588,0.0149014968877433,0.995,0.995,0.995,0.63998179548754,0.2834132983990525,0.195,0.705,0.955,661,0.0514597119501751,0.8037399234822226,0.0121981207659922,0.785,0.805,0.815,9.06000518798828,20.169998168945312,23.77999973297119,182.74028805235864,70.29101320185977,2.621941888902964,0.7614857005686074,0.168019661297253,2.478308739902249,1.6057536028588069,15.583465912744384,5.075285314477247,unmatched_ignored,
355,61591,0.7941772869168494,0.0884752887745158,0.725,0.815,0.865,0.9994424977656516,0.0127044750308425,0.995,0.995,0.995,0.543733372489129,0.3050259202380389,0.105,0.565,0.935,644,0.0104560731275673,0.8059751765328165,0.0125700444397845,0.785,0.805,0.825,8.930000305175781,20.020004272460938,26.76000022888184,178.77864426269662,344.50982808381985,2.147857489075044,0.3734605442518277,0.1125655009936493,1.8642628795716127,1.0714997861233408,19.18611810744216,4.737488251255482,unmatched_ignored,
356,38379,0.7329365798772591,0.1380887075002769,0.525,0.775,0.865,0.9986757146687526,0.0129784620672004,0.995,0.995,0.995,0.5047272545908564,0.3169176845066679,0.065,0.515,0.925,691,0.0180046379530472,0.8100309345208098,0.0236806856319568,0.795,0.815,0.825,8.840003967285156,23.659996032714844,23.050000190734863,209.15445879515028,183.49596858266884,2.7784379470621987,0.4321813915852436,0.2811334394211492,2.859151401629413,1.7145877322212282,14.405423157901923,4.239773953414994,unmatched_ignored,
357,1411,0.4631410686392931,0.2153827483073269,0.185,0.475,0.745,0.7505413595029937,0.1480433305478847,0.555,0.725,0.985,0.2483277880378677,0.229675041969967,0.035,0.185,0.595,98,0.069454287739192,0.5637529943974651,0.2396938465844947,0.225,0.525,0.825,4.969999313354492,3.040000915527344,3.850000262260437,15.108802462767926,93.3892678441641,1.407269475624352,0.8852027342401758,0.3004709906589149,1.2029563483848695,0.4764135359273211,3.531864684663877,1.0762530767536609,fp_counted,0.0
358,18566,0.8345351964524244,0.055224068592191,0.795,0.845,0.875,0.9994346527855263,0.0126586651238679,0.995,0.995,0.995,0.6508535995294038,0.2710564193202045,0.215,0.715,0.955,380,0.0204675212754497,0.7898000754808124,0.0163375065206111,0.765,0.795,0.815,5.120002746582031,7.659996032714844,24.32999992370605,39.21920072630746,473.3905754368496,1.4748574991947971,0.1295974127182381,0.1017301313573567,1.877947788095028,1.0670897457557442,19.529727502870788,4.315356415927649,unmatched_ignored,
359,8032,0.6200887049507513,0.1239634059627337,0.445,0.635,0.785,0.9999608734540968,0.0005886400335791,0.995,0.995,0.995,0.5833327599398308,0.2817098858639166,0.165,0.605,0.935,211,0.0262699203187251,0.7929203756047651,0.0150248548009162,0.775,0.795,0.815,4.25,8.71999740600586,21.63000011444092,37.0599889755249,216.72969210283577,1.7700933061251265,0.4411596369551129,0.071005772773666,4.485401375787871,1.5644035744874387,17.036044801485193,3.937027619553609,unmatched_ignored,
360,3419,0.7533098126811464,0.1466909009960862,0.535,0.815,0.865,0.996321190358882,0.0328873824395556,0.995,0.995,0.995,0.7295329853228089,0.273393318191636,0.285,0.835,0.985,382,0.1117285756069026,0.8091860387025703,0.0152452047405104,0.795,0.815,0.825,17.080001831054688,8.260002136230469,20.359999895095825,141.08085161133204,24.23433060511364,1.8964169747159263,0.5411612334640574,0.0560393738626686,2.009826065148004,1.58390888515242,9.997031079560005,4.6692819844938,unmatched_ignored,
361,13812,0.7682827013897254,0.1211046181497677,0.605,0.805,0.875,0.9991786228835392,0.0154390523048766,0.995,0.995,0.995,0.6550685183634009,0.2852558398882622,0.185,0.745,0.965,319,0.0230958586736171,0.8045429471518178,0.0144297096725523,0.785,0.805,0.815,16.139999389648438,14.639999389648438,22.96000051498413,236.28958121337928,58.45369875841962,2.2335314834604887,0.3573883416473842,0.0643283463056185,3.0484555913709226,1.734059388917412,16.742369355329078,4.339906036132056,unmatched_ignored,
362,10340,0.7330011656615933,0.1503495958879409,0.535,0.785,0.845,0.814558294720991,0.1559392127625598,0.585,0.835,0.995,0.2807765424586569,0.2854707720616167,0.015,0.155,0.765,493,0.0476789168278529,0.7783380500125957,0.134993888000143,0.765,0.815,0.845,5.870002746582031,7.639999389648437,15.249999888241293,44.84681740112137,230.56262627326268,1.589890902941585,0.3310417330976576,0.1668063718041399,1.6305645255786567,1.0512772971375766,6.357544786062243,1.862920818444705,tp,1.0
363,64044,0.6990197923688932,0.1910232333291827,0.395,0.765,0.875,0.99386415271382,0.0461855229432931,0.995,0.995,0.995,0.5709988576701677,0.2776970241321078,0.155,0.605,0.925,791,0.0123508837674099,0.6883913776289798,0.2143877399453752,0.235,0.805,0.835,19.56999969482422,15.510002136230469,22.87000036239624,303.53073707275325,210.99675313821447,4.083224792677188,0.6818759194994585,0.6248630219303436,3.623339548912522,1.9385122025224657,17.01966835524305,3.805295374960093,unmatched_ignored,
364,36517,0.4946251700079581,0.1964538861575983,0.265,0.475,0.795,0.9999234783909624,0.0038880609921697,0.995,0.995,0.995,0.5365079566880538,0.2887204817474068,0.115,0.565,0.915,407,0.0111454938795629,0.8055968312432198,0.0153338293908988,0.785,0.805,0.825,9.630001068115234,14.21999740600586,22.01000022888184,136.9385902084323,266.6669778359628,2.5750973750534776,0.5560095838694395,0.0951384774432521,5.87247673981358,1.7601439458282908,16.23527705820508,3.1024514268864154,unmatched_ignored,
365,51464,0.7524930226768428,0.1219230831084172,0.575,0.795,0.865,0.9997060367182886,0.0092972294796524,0.995,0.995,0.995,0.623537054526084,0.2590659524677724,0.235,0.665,0.945,753,0.0146315871288667,0.7996992756962618,0.014411399102536,0.785,0.795,0.815,12.560001373291016,13.3800048828125,24.019999504089355,168.0528797027655,306.23694215192376,2.647600137986676,0.4542310724380982,0.1923692026396092,3.3580056336898214,1.700147498297824,18.99744646800353,3.715467991861038,unmatched_ignored,
366,14138,0.7427977741513997,0.1218599112551578,0.585,0.785,0.845,0.9991055796820604,0.0155018929485197,0.995,0.995,0.995,0.4996905490000687,0.3168437893657667,0.065,0.495,0.935,393,0.0277974253784127,0.8045634888207336,0.020112203538392,0.775,0.805,0.825,12.240005493164062,24.31999969482422,21.86999988555908,297.6769298583968,47.494443075334615,2.7594731039264118,0.6105233490385743,0.21763946086048,1.8751105944033104,1.4722333339694078,10.207179920206592,2.9415323879986874,unmatched_ignored,
367,24272,0.8018312161466341,0.0880294558160612,0.715,0.825,0.875,0.9998987847834768,0.0041304093537651,0.995,0.995,0.995,0.6019892088965664,0.2714018007904074,0.185,0.645,0.935,447,0.0184162821357943,0.78530394910966,0.0142287538345434,0.765,0.785,0.805,13.879997253417969,24.770004272460938,23.5,343.8075912689092,70.59762674354579,2.494581999071096,0.3336416509196774,0.140885890388503,2.25876768234011,1.277433441080377,18.365545252540645,4.354322897262335,unmatched_ignored,
368,2879,0.5641116992405157,0.2200827327370562,0.205,0.625,0.815,0.9918875386003572,0.0425842419380801,0.995,0.995,0.995,0.4205084478818195,0.3168778665739066,0.035,0.385,0.895,65,0.0225772837790899,0.816618116085346,0.0246113841903875,0.795,0.815,0.835,15.629997253417969,8.589996337890625,19.88000011444092,134.26161916810088,21.443209294201772,3.6711552651190633,1.4041642123996394,0.0893482980434828,3.591162967359645,3.161497334712253,11.65803447947522,5.617801156089934,unmatched_ignored,
369,2388,0.7780446486244949,0.1450308212154342,0.605,0.825,0.865,0.9977271470991612,0.0238780620405895,0.995,0.995,0.995,0.7711025013750122,0.2393088007718488,0.395,0.865,0.975,258,0.1080402010050251,0.8122253339419994,0.0177249679394585,0.785,0.815,0.835,6.279998779296875,24.39999771118164,22.10999965667725,153.23195584106725,15.58421666611658,2.8405250428272244,0.3594174908001241,0.0664432125225683,1.688452027855175,2.3912087586148125,10.105816207202135,4.911108986448044,unmatched_ignored,
370,5755,0.6751448768277618,0.1541073972211333,0.485,0.715,0.825,0.997908463020308,0.0248943270481859,0.995,0.995,0.995,0.6133854239502338,0.3007213256415981,0.135,0.675,0.955,247,0.0429192006950477,0.7982787653984811,0.0184605531667153,0.775,0.795,0.825,2.970001220703125,24.890003204345703,22.34999990463257,73.92333990021143,77.8509197199238,3.7488964329402887,1.9951343959227683,0.0728022280730924,2.9591125095857564,3.067902940180174,13.558461613410664,5.2749477712230775,unmatched_ignored,
371,32286,0.7089958150166621,0.1480808305698595,0.485,0.755,0.855,0.9952082038258028,0.0297490285154731,0.995,0.995,0.995,0.4463515476176998,0.3235242224788228,0.045,0.415,0.915,466,0.0144335005884903,0.7994443504339636,0.0327941887401537,0.775,0.805,0.825,17.099998474121094,20.449996948242188,22.530000686645508,349.69491661072243,92.32619196446744,2.483731513107274,0.4125743047246418,0.2328894285970962,2.844046038532594,1.465985838793478,11.326681540786844,4.373506228688914,unmatched_ignored,
372,19987,0.8320489414041865,0.0532145727007398,0.775,0.845,0.875,0.9989555582173764,0.0168668969271908,0.995,0.995,0.995,0.6467038523119454,0.2579537843021878,0.255,0.695,0.945,405,0.0202631710611897,0.7973910539238541,0.0183598586225553,0.775,0.795,0.825,6.770000457763672,5.069999694824219,26.229999542236328,34.32390025482164,582.3056194551298,1.5785331141103864,0.1589482874546598,0.1467567197422692,2.4156043166757395,1.2154435699406438,20.81081796865779,4.651393828511799,unmatched_ignored,
373,4997,0.685515713652647,0.2016002097389856,0.295,0.785,0.845,0.9980558924778048,0.0175073864234523,0.995,0.995,0.995,0.5631301247476594,0.2915799591853413,0.135,0.615,0.925,401,0.0802481488893336,0.8000299581268482,0.017167897950063,0.775,0.805,0.815,8.210002899169922,14.35000228881836,14.830000400543211,117.81356039429376,42.41447235170755,2.9943619702145456,0.9208109412172742,0.2294123400934377,2.8695622220747747,1.744161657905331,9.546826389752225,3.421365623882525,fp_counted,0.0
374,3756,0.6388448126776752,0.1756641414299632,0.395,0.695,0.815,0.9956329119757722,0.0366158985243212,0.995,0.995,0.995,0.3533547440231226,0.3272758581815633,0.025,0.215,0.895,281,0.0748136315228967,0.8046934617371746,0.0165813685928282,0.785,0.805,0.825,8.39999771118164,8.720001220703125,16.899999618530273,73.24799029540736,51.2778573835561,2.597568564468371,0.6431189909627151,0.0981517893276116,3.004934225798281,1.8594965185128751,8.958261280700453,2.847954081402946,tp,1.0
375,44233,0.6451865898656767,0.2188480177643157,0.275,0.735,0.855,0.995749254139689,0.0311085536303244,0.995,0.995,0.995,0.5327525489484778,0.3100615000440946,0.075,0.565,0.925,492,0.0111229172789546,0.7957457790105809,0.0702881132052279,0.765,0.805,0.835,12.849998474121094,11.43000030517578,21.75,146.87548648071242,301.1598535594205,3.3539411557551526,0.3591510650264973,0.2050209485788902,3.678484162645088,2.0580571161314096,13.092840200282549,3.689192734994767,tp,1.0
376,73596,0.7581763834595806,0.1172835877312614,0.585,0.795,0.865,0.9996127850784609,0.0101767318049871,0.995,0.995,0.995,0.5871185662054227,0.2869237633528235,0.145,0.635,0.935,951,0.0129218979292352,0.8090733494041595,0.0107279393538702,0.795,0.815,0.825,13.139999389648438,8.030000686645508,22.16999912261963,105.5142041213985,697.4985084977253,3.0676784247736206,0.259555610142003,0.0640863520264834,2.871354093769229,1.5225252637477174,16.407680075187415,3.886716094035064,unmatched_ignored,
377,1469,0.7549736333733273,0.1134281238024899,0.715,0.775,0.825,0.8161942817630858,0.0883874313939642,0.695,0.825,0.915,0.354492663224318,0.2812907959177986,0.045,0.295,0.805,291,0.1980939414567733,0.8072828451792399,0.0640730797157056,0.785,0.815,0.845,15.479995727539062,12.89000129699707,20.259999632835388,199.5371650054876,7.362037041869367,1.4347019706995776,0.6903024003781898,0.3236951996144911,0.7655254571283359,0.8536585378738871,2.955582827755673,3.4975296530140736,unmatched_ignored,
378,38191,0.5544977381436053,0.2072155490363652,0.255,0.595,0.805,0.991828274003952,0.0456418435831471,0.995,0.995,0.995,0.6185309849212832,0.2711478497940043,0.195,0.675,0.935,55,0.0014401298735304,0.6321500031785532,0.2499001177719726,0.065,0.755,0.815,6.1399993896484375,15.079999446868896,21.679999828338623,92.5911873996738,412.4690596649001,2.9203566847234432,3.385824381212416,0.3510423972635586,3.0248528717933216,1.7213729794490995,15.365493309352376,3.968006707439672,unmatched_ignored,
379,7962,0.6950406453431147,0.1423434105552959,0.465,0.755,0.835,0.9985093219784508,0.0218909066962792,0.995,0.995,0.995,0.7445816741279613,0.215608937999526,0.425,0.805,0.965,291,0.0365486058779201,0.7808167399819365,0.0578318568319371,0.765,0.795,0.805,4.100006103515625,7.680000305175781,22.32999992370605,31.48804812622257,252.8578452396806,1.9974735049481729,2.0342747756837265,0.1387817600919276,2.5100173202918388,1.9461843698646208,16.235446317550437,4.807736987164793,unmatched_ignored,
380,7199,0.5208198431941896,0.1887337108623803,0.265,0.525,0.775,0.9594032008592612,0.1071804470220144,0.785,0.995,0.995,0.5348919004890103,0.2895820723519677,0.125,0.555,0.915,121,0.0168078899847201,0.5668987283283029,0.2578820224128388,0.215,0.555,0.825,9.050003051757812,10.379997253417969,23.1299991607666,93.93900682067031,76.63483193667247,2.815335317459956,1.7958867316198284,0.2717930526112401,3.049325672926236,1.8398417518889283,16.402873544034602,4.777430847759885,unmatched_ignored,
381,13957,0.3087989582844383,0.1897512731380013,0.095,0.265,0.595,0.9876338750147466,0.0577216853747683,0.995,0.995,0.995,0.6459496358896366,0.2781281757444793,0.195,0.725,0.955,259,0.0185569964892168,0.6904291328200962,0.1512646637373889,0.475,0.755,0.785,9.040000915527344,10.580001831054688,24.07000064849853,95.64322623901536,145.9277415540232,2.9655455104897768,7.358217909494333,0.3224882943276093,7.655217964054583,4.9534859489036585,20.95779159757459,8.554666190081152,unmatched_ignored,
382,4601,0.7897807175722285,0.1000040046507407,0.715,0.805,0.865,0.9986506471994572,0.0186175316779923,0.995,0.995,0.995,0.6462077827978714,0.2980478545962523,0.135,0.745,0.965,230,0.049989132797218,0.8072615291761316,0.0185674669493309,0.785,0.805,0.825,12.55999755859375,21.380001068115234,22.66999912261963,268.5327612182591,17.133849810825804,1.944780627103075,0.3785674100000584,0.0684310719373326,1.711188640289195,1.533756910011695,12.1390874834748,3.9825505914957047,unmatched_ignored,
383,10847,0.6924794665631792,0.1379223278851672,0.515,0.725,0.835,0.9989439709192928,0.0158923203137109,0.995,0.995,0.995,0.4363136462023652,0.3224432463231141,0.035,0.385,0.895,224,0.0206508712086291,0.79475194641522,0.0137424046734882,0.775,0.795,0.815,12.919998168945312,21.720001220703125,22.489999771118164,280.6223760009743,38.65336811189404,2.0055056685157457,0.2762018435499873,0.0676512926225393,3.109495329546046,1.319344910358059,11.306123731965412,3.4233225070142823,unmatched_ignored,
384,2815,0.3536627212674961,0.2284271995881509,0.115,0.305,0.755,0.9673402845753658,0.0970572414962794,0.915,0.995,0.995,0.3554680951276365,0.3082453843497624,0.035,0.255,0.885,224,0.0795737122557726,0.7926741614937782,0.0572815264627056,0.775,0.805,0.815,10.75,12.800000190734863,16.330000162124634,137.60000205039978,20.4578485323636,3.5263911502316385,1.5167351787720706,0.4117838370601189,4.722065883252687,2.8621157573439886,6.887630122592987,2.108775195927564,fp_counted,0.0
385,10333,0.5669060771954806,0.1864028530233011,0.285,0.615,0.775,0.9857393152529418,0.0579535243221155,0.985,0.995,0.995,0.2966947701476206,0.2814321853323152,0.025,0.195,0.785,301,0.0291299719345785,0.7250049872033025,0.1001048315699044,0.635,0.755,0.795,9.260002136230469,8.800000384449959,7.460000038146973,81.48802235883556,126.80391180066006,2.7754825945579835,0.8322153076325696,0.2951746680833773,3.2750478895607285,1.570180304738448,5.98536613620194,1.3064216960965624,tp,1.0
386,11854,0.7690016882896664,0.0967654556074648,0.695,0.795,0.845,0.9855561919833428,0.0352437271921942,0.965,0.995,0.995,0.3931110743454352,0.296356746397748,0.055,0.315,0.865,521,0.0439514088071537,0.8037308370712394,0.0581523412773018,0.785,0.815,0.835,6.949996948242188,8.350000381469727,12.689999103546144,58.0324771690357,204.2649319530499,1.5804629320171937,0.6114179986447635,0.2312042885720464,1.447911172072909,0.7366635796058483,6.703446975793368,1.7537055269340835,tp,1.0
387,29870,0.6567887427560314,0.1725919292277026,0.395,0.705,0.845,0.9967467995842524,0.0300036375643663,0.995,0.995,0.995,0.5555426997684121,0.2963236091141731,0.125,0.585,0.935,1102,0.0368932038834951,0.8104346257156123,0.0407093628786112,0.785,0.815,0.835,9.349998474121094,8.920000076293945,21.019999504089355,83.40198710250843,358.1449439962039,2.5552005585240622,0.7872621568135765,0.1080306666613119,3.1710004585156497,1.8886127858146475,15.788907336977037,4.541869001828291,unmatched_ignored,
388,57603,0.7146498644426513,0.1524938677960549,0.475,0.755,0.855,0.9948022433770372,0.0346178084834601,0.995,0.995,0.995,0.5721565019592337,0.2979136235454264,0.135,0.615,0.945,2100,0.0364564345606999,0.8047308956583341,0.0599694742342585,0.785,0.815,0.835,5.0,11.56999969482422,22.27000057697296,57.84999847412109,995.7303633425056,3.0686276954832983,1.003938168586256,0.4240940733951949,2.497835597834445,1.7136511114086934,16.558813350028693,4.507441821605775,unmatched_ignored,
389,19531,0.7665036256640568,0.1214133120290772,0.585,0.815,0.865,0.9993145589296014,0.014259660798185,0.995,0.995,0.995,0.5902548201674561,0.2850932419767239,0.165,0.625,0.945,361,0.0184834365879883,0.8104264489336357,0.0258195555278345,0.795,0.815,0.825,12.649993896484377,7.659999847412109,21.61999988555908,96.89895131683444,201.5604888863936,2.1902579108899527,0.2420129244443501,0.0868508926850298,2.9589638569246053,1.3848226867036288,15.881922824619082,3.638128613116637,unmatched_ignored,
390,20430,0.7462676076739079,0.0973285128451854,0.615,0.755,0.855,0.9993141659497632,0.0146473480372609,0.995,0.995,0.995,0.5601742356873887,0.2894023301781743,0.155,0.585,0.935,377,0.0184532550171316,0.8039020306235599,0.0129794940224749,0.785,0.805,0.825,7.650001525878906,8.25999927520752,22.899999618530277,63.18900705909618,323.31573086586525,2.2976494692724785,1.0716199712913956,0.0699652345682768,2.2009200021822557,1.2896940119692948,17.121257137941544,3.6010534663045264,unmatched_ignored,
391,16280,0.7409815356162828,0.0796294055932646,0.625,0.755,0.835,0.9996015032400956,0.0111827581793486,0.995,0.995,0.995,0.7102776442458355,0.2244576269342618,0.375,0.765,0.955,325,0.0199631449631449,0.799343226322761,0.0170071175378435,0.775,0.805,0.815,7.019996643066406,15.779999732971191,22.11999988555908,110.77554515304656,146.96384456973504,2.267090240006323,0.8585227592936885,0.0747800003304753,2.4173114482816818,0.8941838841857414,17.505006391741794,3.716739890729156,unmatched_ignored,
392,1147,0.7507840862080338,0.113679316610342,0.715,0.775,0.825,0.8626046318434172,0.0948672669842269,0.725,0.895,0.955,0.3515061928139376,0.3340601860958688,0.035,0.185,0.895,208,0.1813426329555361,0.7651413424083819,0.1573287646853189,0.555,0.815,0.835,2.459999084472656,3.7399978637695312,7.560000061988831,9.200391320802735,124.66861028036402,0.8034098420609145,0.4484829606022829,0.2350597180895907,0.4925929803766707,0.3035877353889571,3.879033112406419,1.758697083682639,tp,1.0
393,28140,0.7528528957555565,0.1171179285757876,0.655,0.785,0.845,0.9980776240195292,0.0171771281178061,0.995,0.995,0.995,0.6318458644638504,0.2529855337478776,0.255,0.675,0.935,836,0.0297085998578535,0.8114911801934812,0.0147354488104473,0.795,0.815,0.825,16.400001525878906,15.44000244140625,19.57999992370605,253.2160635986365,111.13039038709518,2.723908344207129,0.5705571074329097,0.1072915555212489,2.2195294079959718,1.2692256813699514,12.668433331665875,3.944761606103933,unmatched_ignored,
394,31792,0.7214571238829598,0.1383962391768724,0.525,0.755,0.855,0.9995624583887586,0.0108244682570061,0.995,0.995,0.995,0.5742652882936415,0.2927308350246753,0.135,0.605,0.945,465,0.0146263210870659,0.8178595636480598,0.017931059689982,0.795,0.825,0.835,21.990005493164062,12.670001983642578,24.7800008058548,278.61341321869986,114.10793052897498,3.0544717589562644,0.3058913110397772,0.1200333084158546,3.323995579929324,1.673931172550024,19.3344544802132,3.9189653250740286,unmatched_ignored,
395,10563,0.8035219331798928,0.0573326007329604,0.735,0.815,0.855,0.999243740521743,0.0149836601935131,0.995,0.995,0.995,0.6947526144451965,0.2677930460417547,0.245,0.765,0.975,344,0.0325665057275395,0.7976452573094257,0.018569450718863,0.775,0.795,0.825,4.6699981689453125,15.529999732971191,22.980000495910645,72.52507031669666,145.64618764069223,1.4695634529332064,0.4019901635878104,0.071031212095902,1.5557909884851406,0.91197730129828,17.433583597689204,4.704884671638003,unmatched_ignored,
396,7839,0.7365962009425978,0.1040049988424141,0.595,0.765,0.845,0.9983644551472908,0.012647338418461,0.995,0.995,0.995,0.4228110251093094,0.3143116910174235,0.045,0.375,0.895,90,0.0114810562571756,0.8032708863417307,0.0245651333368686,0.765,0.815,0.825,11.550003051757812,7.360000610351562,21.789999961853027,85.00802951049991,92.2148183546797,1.8934084849856403,0.8793619568231154,0.082932805739176,1.6413140001416495,0.8936279801963176,9.78265417639524,3.1604822243134456,unmatched_ignored,
397,5449,0.7921474038321265,0.0802578582542429,0.695,0.815,0.865,0.9989298778534984,0.0138415366975239,0.995,0.995,0.995,0.5043759487257752,0.3085134510868156,0.085,0.495,0.925,168,0.0308313452009543,0.8064571540980112,0.0118356540549128,0.795,0.805,0.825,6.129997253417969,5.690000295639038,18.269999504089355,34.879686184214734,156.22273581308818,1.280004688872682,0.2843770424127468,0.0920769589206948,2.2556396567569594,0.979510736932186,8.811504659329582,1.6908730198295914,unmatched_ignored,
398,21227,0.7778151955204755,0.1090988042047522,0.615,0.815,0.875,0.9994190202962496,0.0134977740430208,0.995,0.995,0.995,0.6813714283432428,0.2494197602142781,0.305,0.735,0.955,361,0.0170066424836293,0.8058858213332221,0.0181543647909202,0.785,0.805,0.825,10.0,7.870000004768372,21.980000019073486,78.70000004768372,269.7204572698695,1.9146021159226043,0.5327479308733647,0.0665740387567968,2.324871300881124,1.5088252577339043,16.392229819351705,3.6863229082965976,unmatched_ignored,
399,18113,0.7239206275013014,0.1032629828906988,0.585,0.745,0.835,0.999032763065089,0.0182033794210439,0.995,0.995,0.995,0.6532164862556671,0.2671935160301286,0.235,0.725,0.955,338,0.0186606304863909,0.7848100217400923,0.0915414937742185,0.775,0.805,0.815,9.579994201660156,5.640000343322754,20.63000011444092,54.03117058639327,335.2324186839183,2.25885762831875,0.6620862487993733,0.3072907113695517,3.004044472770881,1.4764613110088465,15.344244739068396,3.707358839678975,unmatched_ignored,
400,7431,0.7813185222307553,0.0690071302892985,0.685,0.795,0.855,0.9989309102284798,0.0177849397612163,0.995,0.995,0.995,0.661691176581023,0.2790714985437757,0.205,0.755,0.965,249,0.0335082761404925,0.8006238724333216,0.0231674801566895,0.785,0.805,0.815,6.150001525878906,11.199999809265137,22.68000030517578,68.88001591682405,107.88325033160986,1.7039036465964903,0.5344010646217638,0.0999698949075379,1.5961928179389644,1.006257083248111,16.090448478902044,4.411649239735873,unmatched_ignored,
401,1436,0.7427428398737917,0.0875979211272127,0.655,0.765,0.825,0.9775194238902468,0.0361264252185895,0.945,0.995,0.995,0.387965556215065,0.3123238608190078,0.025,0.315,0.845,189,0.1316155988857938,0.8095859670765185,0.0230776849878021,0.775,0.815,0.835,3.270004272460937,6.469997406005859,18.179999828338623,21.156919160450343,67.87377638065492,0.9335719269245634,0.3114916164080079,0.1292397256933946,1.0289919240886785,0.5657883187731647,4.315755734412119,1.78120848165147,unmatched_ignored,
402,3139,0.7513913843542214,0.0896783155217905,0.645,0.775,0.825,0.9889470116087266,0.0439286583588776,0.985,0.995,0.995,0.5012696103007654,0.3041291866498567,0.075,0.535,0.895,211,0.0672188595093978,0.8148883510539882,0.0179952643846001,0.795,0.815,0.835,26.209999084472656,10.760002136230469,19.68000030517578,282.0196461395244,11.130430248277928,1.2091185695361544,0.6070753377588852,0.1223626717012695,1.730461858210899,1.0147089766858337,8.463988304119194,2.819269560083456,unmatched_ignored,
403,20217,0.7439248000788068,0.122866054873559,0.605,0.775,0.855,0.9734183205614554,0.0759830719422307,0.925,0.995,0.995,0.4889840226753438,0.3030094621083343,0.085,0.485,0.915,1318,0.0651926596428748,0.7129977893406505,0.1941244237394018,0.375,0.805,0.825,7.900001525878906,7.720000147819519,21.57999992370605,60.98801294755958,331.4913705646312,2.1257679789527075,0.4143805855952123,0.3522554085908368,2.3151181711326667,1.4927855017493847,9.152565752256455,4.154418422013948,unmatched_ignored,
404,31534,0.6419586856120181,0.1355575301758358,0.445,0.665,0.805,0.999644027741368,0.010437802882931,0.995,0.995,0.995,0.6446162816923022,0.2760002557330616,0.195,0.715,0.955,339,0.0107503012621297,0.7622155934835957,0.1171628061855873,0.745,0.795,0.815,7.430000305175781,13.079999923706056,22.00999975204468,97.18440342483518,324.4759332642215,2.9738477559269056,2.745896197036578,0.1693868529315565,2.672758779514405,1.4256918242618402,16.17793513732502,3.1381946739778943,unmatched_ignored,
405,21710,0.7041719697371215,0.1127037936838073,0.525,0.725,0.815,0.998326233491981,0.0117805500549467,0.995,0.995,0.995,0.5583413773906767,0.3000515054376441,0.115,0.595,0.935,1397,0.0643482266236757,0.7832653262227794,0.0262855935457548,0.745,0.785,0.815,7.410003662109375,10.850000143051147,21.300000190734863,80.39854079389625,270.0297764813189,1.991988411214169,2.126749302575916,0.145730021064941,2.021138256293878,1.4028562433760052,12.009778669822442,6.156340163447393,unmatched_ignored,
406,10091,0.7957533703436377,0.0888670332454719,0.725,0.815,0.855,0.9906755094544264,0.0507437709175214,0.995,0.995,0.995,0.7583847805175078,0.2220001502242578,0.435,0.825,0.975,830,0.0822515112476464,0.8150504954069494,0.0285821496747283,0.795,0.815,0.835,10.069999933242798,7.800000190734863,27.51000022888184,78.54600139999388,128.47248516970063,1.8962449768464111,0.4902488621608216,0.1030623691633898,1.5778871901533134,0.9552036108305444,9.899711221718638,3.902507426229447,tp,1.0
407,52726,0.6964943795348885,0.1398846346025374,0.485,0.735,0.835,0.9996557765643604,0.0089705117280718,0.995,0.995,0.995,0.5043445361551311,0.2930748527409439,0.105,0.495,0.915,555,0.0105261161476311,0.8006639169143127,0.0166644113619476,0.785,0.795,0.825,11.520004272460938,10.96999979019165,21.59000062942505,126.3744444519034,417.2204295629318,3.065290801805841,0.3270393001547245,0.1430742920177305,3.500247160593364,1.6186607778189774,15.936713308997474,3.221824653531525,unmatched_ignored,
408,5595,0.696827019138513,0.1821966978781978,0.415,0.765,0.835,0.9939335897524938,0.0295302340782718,0.995,0.995,0.995,0.4666770084668388,0.314007633050972,0.065,0.445,0.915,354,0.0632707774798927,0.8033925355911928,0.0448266282134489,0.785,0.805,0.825,14.350006103515623,8.96999979019165,20.730000495910645,128.71955173778406,43.46659015250172,3.270365598816431,0.6099759148255691,0.1266475351279598,2.477106314731029,1.9773167122857849,9.992153669532865,4.621709186699932,unmatched_ignored,
409,24692,0.7985221691346335,0.0623677970225394,0.715,0.815,0.865,0.9988286322057874,0.0193985743003141,0.995,0.995,0.995,0.6465856698555644,0.2668219261826288,0.225,0.705,0.945,345,0.0139721367244451,0.7998007977354353,0.0838761944049207,0.785,0.815,0.835,8.130001068115234,5.940000534057617,20.61000061035156,48.29221068649349,511.3039897944853,2.040629962721629,0.1143740030244958,0.0932479637427779,2.486832213023252,1.0731472820285348,16.96671975905615,2.867117202264214,tp,1.0
410,14417,0.8073126348181903,0.0692320937358592,0.725,0.825,0.865,0.9990905575764828,0.0148564120227872,0.995,0.995,0.995,0.5781991352506644,0.2850581137190967,0.165,0.595,0.955,396,0.0274675730040923,0.810589225454764,0.01505286936845,0.795,0.815,0.825,5.590000152587891,6.429998397827148,19.780000686645508,35.94369202499365,401.0995862632881,1.8070719803435535,0.1345486095954821,0.080592076243718,1.7935232258443004,1.073658698205049,15.28184482467915,3.561134914509484,tp,1.0
411,9580,0.785565354844598,0.0869333455635108,0.675,0.815,0.855,0.999199011716564,0.0141434773236769,0.995,0.995,0.995,0.6007338530365814,0.2865988243868629,0.175,0.635,0.965,304,0.031732776617954,0.8127859238731233,0.0143690650650183,0.795,0.815,0.835,4.090000152587891,6.1699981689453125,19.1899995803833,25.23529345245333,379.62704963387887,1.5313494870983742,0.1461831706486797,0.0894332587087336,2.328110024025782,1.0948217503756916,15.275234529851996,3.5501242525653685,tp,1.0
412,15755,0.6216331786397751,0.1615540467046852,0.395,0.655,0.805,0.9991376505583592,0.0126995023115819,0.995,0.995,0.995,0.4744513022168788,0.3062167379395641,0.075,0.445,0.915,453,0.0287527768962234,0.796265392442939,0.04763199644538,0.775,0.805,0.825,11.320000268518925,6.679999351501465,20.36000061035156,75.61759445270283,208.3509811972981,2.349545464901569,0.8857651906349172,0.1342254283686814,3.5588144320206334,1.9462288103334109,11.85278763715822,3.0147788261295,tp,1.0
413,3150,0.7573162544010178,0.1068426595161623,0.605,0.795,0.855,0.9979467353177448,0.0238076042649992,0.995,0.995,0.995,0.559862587716812,0.3221852449008062,0.065,0.625,0.945,196,0.0622222222222222,0.809826523977883,0.0178015894587495,0.785,0.815,0.835,4.1699981689453125,5.379999160766602,15.199999809265137,22.434586649324046,140.4082031569282,1.4244988987537868,0.2391111389966102,0.0817245299649405,2.342320897209796,1.3040921364260316,10.351123533088064,3.375532289891766,tp,1.0
414,11798,0.7860463264698718,0.0918672939900492,0.665,0.815,0.865,0.9990307535735564,0.0165784030845587,0.995,0.995,0.995,0.6847829195255574,0.2767227976428344,0.205,0.775,0.965,310,0.0262756399389727,0.7985581485494491,0.0394672369036813,0.785,0.805,0.825,7.270000457763672,5.64000129699707,19.699999809265137,41.0028120109564,287.7363629803596,1.7556268509439423,0.1514098780941618,0.079777071218393,2.6044231543297256,1.2373946252174848,14.012017303115636,3.4999714708170138,tp,1.0
415,1552,0.5787784384861204,0.223075832651307,0.235,0.585,0.825,0.7642319669812611,0.1712241446530619,0.535,0.765,0.995,0.4785892611332773,0.3345026588682172,0.035,0.505,0.915,217,0.1398195876288659,0.6769368776939981,0.2035073130420782,0.245,0.805,0.825,7.879997253417969,4.329999923706055,18.300000190734863,34.120387506103725,45.4860015796235,1.7662097317238363,0.8932063810332824,0.1357597781053267,1.1717493148681306,1.1371355861203936,7.779107293680541,3.6121825528049896,unmatched_ignored,
416,8819,0.6929241165768831,0.1039056780075363,0.565,0.705,0.815,0.996466256381568,0.0366192624292386,0.995,0.995,0.995,0.7419303342414537,0.2110178880065619,0.445,0.805,0.965,338,0.0383263408549722,0.8057366229549667,0.0309938738992473,0.785,0.805,0.825,6.740001678466797,5.689999580383301,22.140000343322757,38.35060672225882,229.957248495926,1.8048727151146189,0.3673437339431427,0.1154809864813673,4.5035975671079465,1.5797585007067625,16.675449678388997,4.6069891519708,tp,1.0
417,39545,0.7355329944436221,0.1450490204910904,0.515,0.785,0.875,0.9992071544329728,0.0121350282333115,0.995,0.995,0.995,0.502994614184835,0.3146824927812059,0.065,0.515,0.925,1119,0.0282968769755974,0.7818820018977113,0.0269510914144896,0.745,0.785,0.815,8.46999740600586,8.630000114440918,23.289999961853027,73.09607858314484,541.0002939489923,2.4510829097177966,0.2281791534634291,0.1935833961690649,3.1525153730828968,1.69510964695439,15.330615657558086,5.428408302164176,tp,1.0
418,24099,0.8031815127168356,0.0884985634518414,0.705,0.825,0.875,0.999335611438874,0.0141568955692958,0.995,0.995,0.995,0.6909340550179962,0.2403150568417533,0.325,0.745,0.965,441,0.0182995145026764,0.8013530561442819,0.0236685085549809,0.765,0.805,0.825,7.970001220703125,8.0,24.13000011444092,63.760009765625,377.9641830135434,2.282027220581732,0.220192738444591,0.0885616036819584,2.779549711949026,1.412731634091838,18.90384939444763,4.16047531484569,tp,1.0
419,1159,0.4249883362504302,0.2857193674141651,0.115,0.265,0.795,0.785077058929529,0.1994456585876082,0.535,0.765,0.995,0.5543846084050853,0.2882718826487754,0.145,0.565,0.925,265,0.2286453839516825,0.6644437426103735,0.2071956721237204,0.235,0.785,0.835,6.699996948242188,18.529998779296875,23.22999908402562,124.15093527222052,9.335410945223323,5.120990553729087,1.6684266753201595,0.3821155780571155,3.4892705706112963,3.497354974784696,7.411594399714696,7.065908019942046,unmatched_ignored,
420,22143,0.7680212666313753,0.1103101179942644,0.635,0.795,0.865,0.9996587521569148,0.009963723802718,0.995,0.995,0.995,0.5275345625499196,0.2999423013326994,0.095,0.545,0.935,361,0.0163031206250282,0.8081106219925709,0.018371167208106,0.785,0.805,0.835,13.580001831054688,8.390000343322754,21.40999913215637,113.93622002487244,194.3455732967633,2.025349354698009,0.2695719089235333,0.0724099800965307,2.740186414574177,1.240847706375994,14.463603548803492,3.516828652140232,unmatched_ignored,
421,8259,0.744014641734406,0.1526943334457643,0.475,0.795,0.855,0.997789414566385,0.0126817430405084,0.995,0.995,0.995,0.6131575044145556,0.2965800218444903,0.135,0.685,0.955,643,0.0778544617992493,0.8031338614586909,0.0248321452623546,0.775,0.805,0.825,8.779998779296875,27.630001068115234,22.93000030517578,242.5913756500231,34.04490360743463,2.8046770987029856,1.1051084863906817,0.1371112264262698,1.4090246503780144,2.196595110529705,11.993082831353798,6.317324592526176,unmatched_ignored,
422,10872,0.758608082587597,0.1054653925033234,0.665,0.785,0.835,0.9989246461181364,0.0176956562412612,0.995,0.995,0.995,0.6276341580477355,0.2891030550350998,0.165,0.705,0.955,337,0.0309970566593083,0.7832182454779877,0.0199820502173196,0.755,0.785,0.805,5.040000915527344,24.689998626708984,22.26000022888184,124.43761568298214,87.36908000308813,2.006138611006155,0.6820539155320979,0.1621885887037741,1.3619490367294718,1.282309975218363,16.109906583536496,4.8009707512091335,unmatched_ignored,
423,5494,0.7331478372650186,0.1133652164926954,0.645,0.765,0.825,0.9995394454442418,0.0073929608496557,0.995,0.995,0.995,0.5939021151457281,0.2734256701190777,0.195,0.625,0.935,170,0.0309428467419002,0.7921118396169999,0.0189550395072747,0.765,0.795,0.815,12.150001525878906,19.88999938964844,22.8899998664856,241.66352293395903,22.734088840960005,2.284737310002948,0.3681021667460906,0.135504960713196,2.468981818457769,2.0010883964505237,13.478808413929274,3.725630576757624,unmatched_ignored,
424,5932,0.6998169857943312,0.1600864331401882,0.445,0.775,0.845,0.9427871141012504,0.0852152805925746,0.855,0.975,0.995,0.5010068949707115,0.2928949615119084,0.105,0.485,0.905,1110,0.1871207012811868,0.7273671609861356,0.1507832986352019,0.505,0.795,0.825,24.59000396728516,16.51000213623047,21.80999994277954,405.9810180297936,14.611520579921963,1.3241601278443846,0.3900584563054341,0.2547503720245045,1.043298358047044,0.7505614775445288,5.149533616365088,3.240376903091584,unmatched_ignored,
425,3961,0.7652694737838243,0.1260449398038538,0.685,0.795,0.845,0.9933591995748478,0.0414522119074235,0.995,0.995,0.995,0.571741653062309,0.3094363448297046,0.115,0.645,0.945,210,0.0530169149204746,0.7930474038634981,0.0880408175636432,0.785,0.815,0.835,27.150001525878903,18.689998626708984,22.770000457763672,507.4334912338236,7.805949091710198,1.920869405528039,0.4014450961926465,0.2150399694518171,1.3516935353885309,1.46058382671432,11.339691953731212,3.548106546241668,unmatched_ignored,
426,25406,0.6680861120253372,0.1802982006886707,0.385,0.735,0.845,0.9995880665989698,0.0111096162752329,0.995,0.995,0.995,0.5690136793459732,0.2794411324947009,0.155,0.595,0.925,258,0.0101550814768165,0.7967042705809423,0.0232821682869711,0.765,0.795,0.825,9.40999984741211,9.290000915527344,19.679999351501465,87.41890719757066,290.62362839404176,2.9460170650590296,0.3352943973284473,0.1505282051567561,3.547600650700357,1.9439063249091657,14.409269067150518,3.0123713368613942,unmatched_ignored,
427,7982,0.6729353845784073,0.1324902329053474,0.515,0.705,0.805,0.9985076152525638,0.0210983860010788,0.995,0.995,0.995,0.6059617494669951,0.2813612292489298,0.165,0.665,0.935,256,0.0320721623653219,0.7815835778601468,0.0177433148839005,0.755,0.785,0.805,9.489997863769531,8.680000305175781,19.199999809265137,82.37318435363704,96.90046660976958,1.81820432563366,0.3865621735258999,0.0794550314455311,3.329739845581764,1.4415237216339871,13.234991892694351,3.757323595344758,unmatched_ignored,
428,1910,0.5376627687033246,0.2105130101582166,0.165,0.645,0.705,0.9691003403426464,0.0709787155672449,0.905,0.995,0.995,0.2988941107130261,0.2788527168883802,0.025,0.195,0.765,190,0.0994764397905759,0.7168501518274608,0.0348459088664194,0.665,0.725,0.755,19.199996948242188,15.580001831054688,21.019999504089355,299.1359876098577,6.385055891339562,4.655189467663773,1.356889689963835,0.5623246688756433,3.474918495488809,2.8000649632962684,6.034805960227682,6.536076932402816,unmatched_ignored,
429,3915,0.7426815797885259,0.1061180679562198,0.695,0.765,0.805,0.9957169731610276,0.0160003167815885,0.995,0.995,0.995,0.399428469181249,0.3084991776588309,0.035,0.325,0.895,455,0.1162196679438058,0.7856093406677246,0.0497546686175492,0.755,0.785,0.825,4.279998779296875,7.899999618530273,21.609999895095825,33.81198872375535,115.78733306655316,1.266623388536978,0.6239520938053394,0.1937055145038022,1.16645758598955,0.913987089861564,5.360871343419317,3.315993856282047,unmatched_ignored,
430,12035,0.7966329347644052,0.092857061165384,0.695,0.825,0.865,0.9980944297399864,0.0253306378654327,0.995,0.995,0.995,0.6494867417283543,0.3003475754046482,0.125,0.765,0.955,263,0.0218529289572081,0.7929045348906245,0.0915541972532043,0.775,0.815,0.835,4.6499998569488525,7.409999847412109,22.980000495910645,34.45649823045733,349.28099540195973,1.5356652636169488,0.2138450002615431,0.1237550920264014,2.873454004500782,1.149222129708619,17.34356860112094,4.192424794458221,unmatched_ignored,
431,26729,0.8112218312685273,0.0669617784227922,0.735,0.825,0.875,0.998091025036091,0.025660831437479,0.995,0.995,0.995,0.5790058237092438,0.2931624610974616,0.125,0.625,0.945,334,0.012495791088331,0.8009609000054662,0.0245185711689947,0.775,0.805,0.825,6.679999828338623,7.0,25.6899995803833,46.75999879837036,571.6210583164416,1.751638348885031,0.1967945123807844,0.0792373505800084,2.281801851664364,0.942267212232662,19.28426832768036,4.128165001724436,unmatched_ignored,
432,7068,0.7547448170806181,0.0907921667890049,0.665,0.775,0.845,0.9961910192313408,0.0201318695096742,0.995,0.995,0.995,0.432019628850075,0.3082073376813539,0.065,0.375,0.895,465,0.0657894736842105,0.7914509880927301,0.0283026074024851,0.765,0.795,0.815,6.069999694824219,10.179999351501465,35.97000026702881,61.79259295692464,114.3826413778602,1.61733527376375,0.5687902556265866,0.4137208484826248,1.3413142541268237,0.8311776785146145,6.943541180892691,2.919873510994046,tp,1.0
433,3347,0.7889943208588854,0.0607349874914611,0.715,0.805,0.845,0.996434613434564,0.0227419144589322,0.995,0.995,0.995,0.4316901652074463,0.3154818641144749,0.035,0.385,0.895,376,0.1123394084254556,0.8110729971147598,0.0198493638167398,0.785,0.815,0.835,4.0500030517578125,3.6000003814697266,12.169999599456789,14.580012531281682,229.56084522005384,1.1366158559219732,0.2227399156549747,0.1014514503880587,1.1644085753177649,0.8462209212684596,7.1061859021426885,3.207411377593661,tp,1.0
434,27114,0.5342627522369582,0.2038775005980592,0.255,0.555,0.805,0.9993861560282686,0.0122785820409586,0.995,0.995,0.995,0.5343983238305541,0.2991186927881433,0.105,0.565,0.915,623,0.0229770598214944,0.8120824200957775,0.0162517826190797,0.785,0.815,0.835,10.109999656677246,8.970000267028809,20.170000076293945,90.68669962005606,298.9854092562382,2.6680384365303524,0.3174788468849689,0.1020063059069157,4.95730989797835,2.048364357672294,13.114856610730694,2.8055109241912364,tp,1.0
435,52355,0.7949510371848114,0.0823831554852363,0.685,0.825,0.875,0.9990675604795388,0.0174539054699721,0.995,0.995,0.995,0.5485571719504341,0.2944032432038819,0.115,0.565,0.935,607,0.0115939260815585,0.8101195143857937,0.0367130236888312,0.795,0.815,0.825,8.769999504089355,10.859999656677246,23.679999351501465,95.24219160347002,549.7038562276481,2.956770399131865,0.1329806483174416,0.075089718769353,2.864061041991368,1.3542419168675714,18.976037195833047,3.368152501955566,tp,1.0
436,40231,0.7388477105816686,0.1408288985502969,0.535,0.795,0.865,0.9712737041109848,0.0851397577652308,0.905,0.995,0.995,0.5383956594082567,0.3037365888568101,0.095,0.565,0.935,1661,0.0412865700579155,0.7978396401760235,0.0620442445270635,0.775,0.805,0.835,8.930000305175781,8.410000801086426,21.460000038146973,75.10130972023035,535.689725650188,2.492123565783147,0.2665553126282963,0.1570606632312604,2.767711912372682,1.9158584766255624,14.338919969556024,5.585451595089909,tp,1.0
437,29189,0.7666842576352816,0.1074189171580498,0.635,0.795,0.865,0.9992603317794968,0.0137187881981296,0.995,0.995,0.995,0.5536198665829193,0.3019215090086267,0.125,0.575,0.955,545,0.0186714173147418,0.8200770906352122,0.0152899683030769,0.805,0.825,0.835,10.260000228881836,7.989999890327454,21.88000011444092,81.97740070352552,356.0615456150307,2.6680020943525884,0.1783402558626073,0.09396093235522,3.0134033345610347,1.3878538202875563,17.22574485925595,3.65120098444241,tp,1.0
438,36704,0.4234520859882169,0.2069163049517682,0.175,0.395,0.715,0.9996074489248816,0.0108031693151943,0.995,0.995,0.995,0.5027238939870903,0.3035129049567112,0.095,0.495,0.935,438,0.0119333042720139,0.8073960948208151,0.014750242359644,0.785,0.805,0.825,11.349999904632568,11.139999628067017,19.890000343322757,126.43899471616749,290.29019158522885,3.223124250024443,0.2841465205764729,0.0843190154762609,6.400683908414294,2.09823481182762,15.49530506298253,2.8165030074924866,tp,1.0
439,13275,0.7653230863787136,0.1218777869853373,0.675,0.795,0.855,0.9990841234246666,0.0137162969775278,0.995,0.995,0.995,0.5497111153843236,0.296727222279315,0.125,0.565,0.945,325,0.0244821092278719,0.8074377848551824,0.0279236147301455,0.785,0.805,0.825,13.349999904632568,8.400000095367432,20.38999938964844,112.14000047206878,118.378811700705,2.231078252583438,0.246385707990547,0.073906183744012,2.863263784296469,1.72184118540339,14.812597508180165,4.381117152892495,tp,1.0
440,18627,0.7365798444994189,0.1477652728196704,0.555,0.785,0.845,0.999239622061844,0.0145980115773905,0.995,0.995,0.995,0.6174967535828151,0.2798687405217269,0.175,0.665,0.955,403,0.0216352606431524,0.8096099129089942,0.0242510852088077,0.795,0.815,0.825,12.06000518798828,8.010000228881836,22.359999179840088,96.60064431610226,192.8248008268728,2.083603172311409,0.7035404342325696,0.0777399251938817,2.4127799925306816,1.3706100236224386,17.808388689824966,3.76932153826704,unmatched_ignored,
441,8800,0.7240488148946315,0.1224386572525799,0.565,0.755,0.825,0.9978393572027032,0.0223657089315388,0.995,0.995,0.995,0.3589291524723392,0.2905428848927902,0.035,0.275,0.835,397,0.0451136363636363,0.7908643704817938,0.0213667337845895,0.765,0.795,0.815,10.34000039100647,7.130001068115234,17.329999923706055,73.72421383218807,119.36376859888482,2.05627114585407,0.594971116692579,0.3509214250374268,2.1518824318755607,1.043490446371684,8.485469416251236,2.9956909145881028,unmatched_ignored,
442,56532,0.667420546869593,0.1570741588245549,0.435,0.695,0.845,0.9992260193336392,0.0120573438257835,0.995,0.995,0.995,0.5138701346243881,0.2966008263908138,0.095,0.525,0.915,1349,0.0238625910988466,0.7956807987613975,0.0202416382878744,0.775,0.795,0.815,9.540000200271606,11.53000259399414,20.22000026702881,109.99622705583624,513.9449007764898,3.0205144198924745,0.5090796356305183,0.1702623836264874,3.625469641481476,1.7509836880144551,13.514898836535044,4.24094845438245,unmatched_ignored,
443,6875,0.6892427769119089,0.1670477770853414,0.475,0.745,0.825,0.8873573251030662,0.1445245869858077,0.625,0.965,0.995,0.2707310096308462,0.2685554954029343,0.035,0.165,0.745,444,0.0645818181818181,0.6885353647642307,0.2029469859922905,0.445,0.815,0.845,4.649999618530273,5.979999542236328,24.38000011444092,27.806995590210136,247.2399428300857,1.3400693757680613,0.9596049275038936,0.4445179922593423,1.0614218633124184,0.4920084273813782,5.683265911600807,1.8935975948562864,tp,1.0
444,888,0.6693940771626191,0.1044908365196123,0.555,0.675,0.785,0.9282337913776304,0.0860571120632222,0.815,0.955,0.995,0.2452952199633269,0.2617099027589353,0.015,0.125,0.705,52,0.0585585585585585,0.6755905956603013,0.2188615046636933,0.235,0.815,0.835,3.710000991821289,3.1599998474121094,4.439999938011169,11.723602568054048,75.74463522157724,1.0656464796145608,0.5012318521184755,0.1284099452104769,1.653562976258612,0.5846892344399506,4.953553517391016,0.7063808681388267,fp_counted,0.0
445,4170,0.7336778565472979,0.1060942660134486,0.595,0.755,0.835,0.9965263302091786,0.0224654876650841,0.995,0.995,0.995,0.4170958631649849,0.3501845469289397,0.025,0.315,0.925,523,0.1254196642685851,0.8040030697791571,0.0223389040341589,0.775,0.805,0.825,9.730003356933594,8.509998321533203,20.58000087738037,82.80231223601731,50.360912484109775,1.6166189447466677,0.3894944714493726,0.1550663713744714,1.6827412057883118,1.0902915335320036,6.55357167387752,3.257563571152078,tp,1.0
446,24590,0.7596259239865615,0.1158374191425415,0.605,0.795,0.865,0.999393550454722,0.0107583149811276,0.995,0.995,0.995,0.5576157674691908,0.2980463984906162,0.115,0.585,0.935,609,0.0247661651077673,0.8120151879556465,0.0120753851885709,0.795,0.815,0.825,10.029998779296877,7.919998168945312,21.649999856948853,79.43757196655497,309.5512537864696,2.4389504015017462,0.1952566350416251,0.1346166934472623,2.525352508588316,1.6295900701880968,14.313222738852003,4.136183154095664,tp,1.0
447,55645,0.7042587165039487,0.1334001253188694,0.515,0.735,0.845,0.9997961266801968,0.0068274489061424,0.995,0.995,0.995,0.390950474078096,0.3015879852568326,0.035,0.325,0.875,609,0.0109443795489262,0.8069426244115595,0.0216320765413796,0.785,0.805,0.835,24.269996643066406,14.909996032714844,18.96000099182129,361.8655536621227,153.77258055337387,3.109695420744149,0.1862264388661512,0.0842568294041745,3.009751560423944,1.4274306887834216,13.573552677836826,3.014845332357143,unmatched_ignored,
448,5414,0.5695107334314412,0.1746304452422603,0.315,0.595,0.785,0.9997081038561704,0.0025924452322145,0.995,0.995,0.995,0.4260124832462219,0.3365968819858451,0.045,0.335,0.935,144,0.0265977096416697,0.8095843042764399,0.0245523006935113,0.795,0.815,0.825,26.950000762939453,15.439998626708984,15.209999561309814,416.1079747695912,13.011045998332186,2.80534168035744,0.3298998696476978,0.0686587447937763,3.981894096054056,1.7195351240635803,8.791962481806715,2.677328214131495,unmatched_ignored,
449,1055,0.6192931250443956,0.202009245621039,0.205,0.705,0.775,0.9994383123813648,0.0016138317029177,0.995,0.995,0.995,0.3389499040179221,0.26836125361917,0.025,0.265,0.755,67,0.0635071090047393,0.7789450812695632,0.0176883476579929,0.755,0.775,0.805,6.249999523162842,10.779998779296877,19.229999542236328,67.37498723030149,15.658630055005345,2.1867647739709364,0.8121728306508595,0.1302434432903515,2.260627024534755,1.6358457477784123,7.420353753306855,7.177680690870853,fp_counted,0.0
450,970,0.3067380462494707,0.1793032907713874,0.155,0.185,0.485,0.7468939724656725,0.0874626293847342,0.645,0.755,0.835,0.2579710201692429,0.2798263062585438,0.025,0.125,0.775,107,0.1103092783505154,0.41369155397482,0.1514526453426314,0.185,0.455,0.495,22.150001525878903,10.239997863769531,18.160000324249268,226.81596830749183,4.276594841351654,1.902174657479338,0.4917665258343149,0.2269816997912703,1.0434830501923558,1.7386078569194856,1.871383851582242,2.489453011942829,unmatched_ignored,
451,299,0.6465384930770931,0.1932236840178306,0.255,0.735,0.835,0.8084760318233017,0.1636711927869772,0.595,0.775,0.995,0.6846496608843373,0.3131188620881404,0.165,0.815,0.995,53,0.177257525083612,0.5474607992284702,0.2348874559656996,0.215,0.555,0.825,5.209999084472656,3.149999618530273,15.610000610351562,16.41149512863194,18.21893725443433,1.1835232380240963,0.4879087011782047,0.14647430977581,1.090789333164676,1.087759337311488,6.8378611086403644,5.248881607358793,unmatched_ignored,
452,8903,0.7159849729296479,0.118486505611033,0.585,0.745,0.835,0.9916331323361004,0.0371692045683207,0.985,0.995,0.995,0.3467704392316513,0.3287288127526397,0.025,0.195,0.865,628,0.0705380208918342,0.7953200419047836,0.0566642215510254,0.765,0.805,0.825,10.129997253417969,9.909999907016754,19.059999465942383,100.38827183945205,88.6856585621705,1.9741434439230616,0.4841008028325269,0.161724073047027,2.3589602599042103,1.2741906739555688,8.967290211685263,3.4785639044371464,unmatched_ignored,
453,7098,0.7613011542880878,0.1177391363226691,0.625,0.795,0.855,0.9557766081263024,0.0917228088067763,0.865,0.995,0.995,0.6701340111983843,0.2398225551083402,0.295,0.725,0.945,632,0.0890391659622428,0.705833832350194,0.1895959397774605,0.435,0.795,0.825,6.489999771118164,6.830000400543213,12.579999923706056,44.32670103626242,160.12921859881536,1.5859287698801985,0.5839942666119069,0.3440362663073074,1.7403318587614554,1.154376996351332,6.598208740225524,1.9817031696118463,fp_counted,0.0
454,28479,0.8278746051720561,0.0609649992446389,0.745,0.845,0.885,0.9993714828258308,0.0135418694981684,0.995,0.995,0.995,0.6054412592574557,0.2958964666740099,0.135,0.665,0.955,396,0.0139049826187717,0.8139902178687278,0.011207494615858,0.795,0.815,0.825,6.349998474121094,6.940000534057617,24.90000009536743,44.068992801665445,646.2366890972768,1.775855565270041,0.1119344443731718,0.0569505725271444,2.4266732370240622,1.0899986437718845,18.06329335575212,4.464859135889307,tp,1.0
455,90515,0.7294265726979303,0.1401278854442864,0.525,0.775,0.865,0.9997157138809608,0.0093505719662755,0.995,0.995,0.995,0.5728735513244543,0.2843227021133266,0.145,0.605,0.935,557,0.0061536761862674,0.8134132974665725,0.014212271147191,0.795,0.815,0.835,16.87999725341797,14.079998016357422,23.59000015258789,237.67032784424373,380.84266059210654,3.4968313427856117,0.3551076953188462,0.0778741481181829,3.324771663901961,1.5261102191746678,16.24937451558239,3.64313506992812,unmatched_ignored,
456,79402,0.6706099339591072,0.1682701125652531,0.415,0.725,0.845,0.993737553414258,0.0420570129301006,0.995,0.995,0.995,0.5372786608255915,0.2913947515872013,0.115,0.555,0.925,628,0.007909120677061,0.8042817966549829,0.079216826567995,0.795,0.815,0.835,12.029999732971191,13.830000877380373,23.35999965667725,166.3749068618772,477.2474497366285,3.802914277517661,0.4628189676080567,0.2192464756577376,3.911539654653084,1.82919329686301,16.509059474175455,3.798722388868194,tp,1.0
457,139834,0.6376699030997461,0.1969452295522909,0.335,0.695,0.855,0.9942462610595192,0.0379172907003509,0.995,0.995,0.995,0.4704466741637552,0.3027354131036511,0.075,0.455,0.905,902,0.0064505055994965,0.8000859435804667,0.0665464706604293,0.765,0.815,0.835,14.62999963760376,15.249999046325684,22.670000076293945,223.10748052120243,626.7562148670817,4.551587986481262,0.4276496807367085,0.7030361375061116,4.3955564355407,1.968293343323772,16.565594867620334,3.621647201437981,tp,1.0
458,11523,0.7959075864192038,0.0613947881558409,0.725,0.815,0.845,0.9978178037720236,0.0184336101118758,0.995,0.995,0.995,0.6376234181444481,0.2920750810230836,0.145,0.725,0.955,657,0.0570164019786513,0.7936121753588478,0.0402302581716502,0.765,0.795,0.815,3.900001525878906,15.730000495910645,22.93000030517578,61.347025936127466,187.8330664635214,1.387996412752354,0.5519251296050979,0.1924694522762625,1.0591547344518446,0.8966161138614669,12.904985574074816,6.487386397135301,unmatched_ignored,
459,7584,0.7441986718898804,0.0796566562587195,0.645,0.765,0.825,0.9988899444886148,0.0177234473064335,0.995,0.995,0.995,0.696092371140311,0.2740060036172272,0.225,0.795,0.965,281,0.037051687763713,0.7930404857808585,0.0171907268645653,0.775,0.795,0.815,2.8700027465820312,7.1100006103515625,22.86999988555908,20.405721279908903,371.660471882808,1.6154073720126725,1.269079448980759,0.1025143910123342,1.5207355346279594,1.0058669429369234,14.680504822360849,5.072790327985,unmatched_ignored,
460,546,0.55870984655706,0.2846544992218384,0.105,0.725,0.805,0.9770120200001712,0.0698147228970052,0.955,0.995,0.995,0.4153952282634239,0.3289967179884091,0.045,0.305,0.915,74,0.1355311355311355,0.7963008091256425,0.0133048848035696,0.785,0.795,0.815,17.019996643066406,7.150001525878906,17.999999523162842,121.69300196837868,4.486700066301885,6.081102426604445,0.7299723402289717,0.109694282107586,4.83303719301948,5.727700577237139,14.358719640107818,10.45425709033448,unmatched_ignored,
461,81277,0.7040888552289384,0.1453557003138511,0.505,0.745,0.855,0.9996495198669316,0.0089032160575655,0.995,0.995,0.995,0.4424023295787995,0.2999221914652162,0.065,0.405,0.895,670,0.0082434144961059,0.8042323080906227,0.0416961086416751,0.785,0.815,0.825,12.159999618306756,14.419999122619627,21.300000190734863,175.34718382703844,463.5204183271698,3.67670920303387,0.2253055711446585,0.1356100276299378,3.4661384165047617,1.5599366868639015,15.63834860308924,3.780015534952978,tp,1.0
462,11426,0.6232462171060873,0.1601128804316299,0.385,0.665,0.805,0.9946750497183656,0.0382077264499361,0.995,0.995,0.995,0.5072361971503606,0.3178548475175827,0.055,0.525,0.925,364,0.0318571678627691,0.8055896815526616,0.0330012445433941,0.785,0.805,0.835,12.729995727539062,9.970001220703123,24.829999446868896,126.91807294311002,90.02657962764381,2.886309793428271,1.095178164649366,0.1119065821009977,2.906869129698913,1.984867948778742,12.79409854162309,4.902660617528353,unmatched_ignored,
463,1998,0.7177269732107868,0.1930044093118579,0.245,0.795,0.845,0.7175876939738238,0.1104466159778115,0.575,0.715,0.865,0.4089452628768276,0.3095714221544399,0.035,0.335,0.875,564,0.2822822822822823,0.7448109489277746,0.1913659703077561,0.255,0.825,0.855,8.0,12.3800048828125,20.119999647140503,99.0400390625,20.17365924844947,1.2249079602019175,0.5214311010054712,0.299973385098647,0.6884166855293162,0.6815546101418205,2.487926820988531,2.24786046140749,unmatched_ignored,
464,11539,0.6697105376148504,0.1564867456676712,0.435,0.715,0.825,0.9905217202576104,0.0338852732353845,0.985,0.995,0.995,0.484731269498183,0.3274973724140523,0.055,0.475,0.935,481,0.0416847213796689,0.7764297688763255,0.0888599392194512,0.715,0.805,0.825,6.459999084472656,14.119998931884766,23.66999971866608,91.21518017273048,126.50306646491369,2.191777298413847,1.2121740110586547,0.4169819149906152,1.6614980397839758,0.9380740282372536,9.410303665448213,3.835786737872027,unmatched_ignored,
465,1262,0.7208535051454454,0.0433974791448892,0.675,0.715,0.775,0.9865613292589808,0.0281076435786381,0.975,0.995,0.995,0.3009004947896744,0.2500606751751009,0.045,0.235,0.725,162,0.1283676703645007,0.7753385147194803,0.0185952700635128,0.745,0.775,0.795,9.239997863769531,5.9200000166893005,16.90000009536743,54.700787507724726,23.07096583978399,0.8435907133923787,0.2903443074749179,0.2609899826634463,1.1313783688289356,0.4537687019232278,3.2919172770247784,1.0144927812796891,unmatched_ignored,
466,41198,0.7153216576562416,0.1457443942488858,0.495,0.765,0.865,0.9996121946503984,0.0098999046007551,0.995,0.995,0.995,0.6480487789143,0.2639361517312046,0.235,0.705,0.945,495,0.0120151463663284,0.810290160805288,0.0186024029813096,0.785,0.815,0.835,9.68000030517578,9.509998321533203,20.359999418258667,92.05678665466256,447.5281127783463,2.769066932159692,0.3429757309784093,0.0784794676139888,3.303496814880739,1.768384143124733,14.614824279797002,3.150121749520012,unmatched_ignored,
467,7624,0.5931382632280767,0.2136860003970364,0.225,0.695,0.795,0.907752624823314,0.1441644973975191,0.655,0.995,0.995,0.4701638841252591,0.3049714598845719,0.075,0.455,0.905,411,0.0539087093389296,0.6594206771276293,0.2455529682633156,0.215,0.795,0.835,4.699996948242188,9.000003814697266,23.770000755786896,42.2999904632452,180.23644725462896,1.914947060102668,2.264982996045675,0.482783331185578,1.741789986803212,1.296685936151879,14.757385096466804,9.126538574340003,unmatched_ignored,
468,5103,0.7927100938846499,0.0913030956752405,0.695,0.825,0.855,0.9380506792303022,0.0883607525967244,0.825,0.975,0.995,0.8019413945746289,0.1858244439492955,0.555,0.855,0.975,986,0.1932196747011561,0.8201243866529716,0.0149280711606438,0.805,0.825,0.835,11.829999923706056,5.460000991821289,15.270000219345093,64.59181131668083,79.00382255857485,1.6598585819169758,0.3848938331015227,0.1161921224320173,1.3841834256232826,0.9916431661631612,5.742975390993472,2.4407409002159737,tp,1.0
469,2291,0.7414556246272006,0.1060995888641964,0.575,0.775,0.825,0.9931465747677984,0.0222803196855852,0.985,0.995,0.995,0.5517590295442026,0.2964125942229227,0.125,0.605,0.925,571,0.2492361414229594,0.8035735977510229,0.0214502246096603,0.775,0.805,0.825,3.459999084472656,2.910003662109375,15.870000928640366,10.068610006710514,227.5388557579544,0.9673667514451638,0.5801777422784391,0.1037263104203579,1.540555550992741,0.9852703516421843,4.705686108019351,3.67496151657181,unmatched_ignored,
470,879,0.527508177558242,0.2190464713095767,0.185,0.575,0.755,0.6980196483712962,0.1297799124772736,0.535,0.685,0.895,0.3422234767154749,0.2119418002347591,0.125,0.285,0.685,56,0.0637087599544937,0.5381405603672776,0.247650200954404,0.185,0.675,0.795,6.3600006103515625,6.960000991821289,11.440000414848328,44.26561055603088,19.857401467158628,1.1157097558341402,0.8698668459804137,0.644771033208543,1.3555116803189853,0.5378317882049549,3.3044448039908727,0.9662411721639234,unmatched_ignored,
471,2252,0.7311492642060213,0.1109489169874895,0.605,0.765,0.825,0.9965582467734708,0.0225785836574877,0.995,0.995,0.995,0.3564359848711612,0.3012584165792196,0.025,0.275,0.865,79,0.0350799289520426,0.8072318827049642,0.008877526132641,0.795,0.805,0.815,4.409999847412109,9.079999923706056,15.919999927282332,40.04279827804567,56.23982580744633,1.205936791596658,0.3177984251559805,0.1672297521545781,1.542357916120715,0.8233497646880326,7.232715929373701,1.7289012038672789,tp,1.0
472,20674,0.7599543381579306,0.1160500023116857,0.625,0.795,0.855,0.988685564713078,0.0603868211885666,0.995,0.995,0.995,0.4942719195885344,0.3097157463711776,0.075,0.485,0.925,833,0.0402921543968269,0.8095274890313486,0.0195567496698355,0.785,0.815,0.835,7.290000915527344,9.920001983642578,19.33999967575073,72.31682354278746,285.8809193654348,1.9655716650355937,0.3387840115751542,0.1420940707618558,1.7307414449411271,1.2181196569552462,12.850673313636529,4.997071581454279,tp,1.0
473,14211,0.743590473393941,0.1151163004994136,0.605,0.775,0.845,0.9940552122906152,0.0404045414139686,0.995,0.995,0.995,0.5175143183803314,0.288962316693362,0.105,0.535,0.915,344,0.0242066005207233,0.8135877457815547,0.0209665310397224,0.795,0.815,0.835,6.760002136230469,7.720001220703125,18.83999967575073,52.18722474365495,272.3080230804534,1.868573708783078,0.2579308364064201,0.0964265553617931,2.733549235872617,1.2976031987341954,13.697146643955849,3.409445430878454,tp,1.0
474,51725,0.7638259097618317,0.1298250243966446,0.545,0.815,0.865,0.99983327159794,0.0065519857779225,0.995,0.995,0.995,0.5608908668704903,0.2949365694849196,0.125,0.585,0.935,458,0.0088545190913484,0.790889116614146,0.0207823370025024,0.765,0.795,0.815,10.890000343322754,8.05999755859375,23.70000004768372,87.7733761802665,589.3017023039953,2.931471412536772,0.2899832475464272,0.0711155730188921,2.8791782140926787,1.479836345962859,18.50486862223756,3.1812457189063164,unmatched_ignored,
475,41852,0.7621794526577302,0.1280879611955765,0.565,0.805,0.875,0.9915771411400184,0.057435469916035,0.995,0.995,0.995,0.6038284099342924,0.2758059045333216,0.185,0.645,0.945,739,0.0176574596196119,0.7703844892801226,0.1249335147978631,0.495,0.815,0.835,13.619999885559082,13.990001678466797,21.01000022888184,190.54382125968917,219.64501248749795,3.0379041577583874,0.37368238036305,0.6159856444611509,2.7490855862078045,1.5289548123213546,15.665691815125838,3.769523755515482,tp,1.0
476,13180,0.7886596687183304,0.0918859129464412,0.655,0.815,0.865,0.9994443802849836,0.0138965631847997,0.995,0.995,0.995,0.5874823777806603,0.3089970296427418,0.105,0.655,0.955,246,0.0186646433990895,0.8033490769746827,0.0156755726351938,0.785,0.805,0.815,5.870002746582031,5.969997406005859,19.780000686645508,35.043901170342,376.099679540084,1.5397945313585013,0.2299429503182633,0.0596281896494307,1.4825465442572932,1.0561286538826131,13.76118033140762,3.2170391150745417,unmatched_ignored,
477,15093,0.7633257126966922,0.1157883974336719,0.625,0.795,0.865,0.9978015862480828,0.0270282996203745,0.995,0.995,0.995,0.6585079032689347,0.2582174758029603,0.265,0.715,0.945,316,0.0209368581461604,0.7939341846806339,0.0697482933317526,0.775,0.805,0.825,7.340000152587891,8.360000610351562,20.28000020980835,61.36240575561533,245.96493266756943,2.1030347317427847,0.3783756528948918,0.3294733396254473,2.2240965862926387,1.3015839909674076,13.089608902360323,3.3640722045602502,unmatched_ignored,
478,39081,0.7400167838289191,0.1264939176857942,0.555,0.785,0.865,0.9963590954810618,0.0218009802352335,0.995,0.995,0.995,0.5544420277618011,0.2902043140209404,0.125,0.585,0.935,402,0.0102863283948721,0.8101854032248407,0.0190730565594054,0.785,0.815,0.835,11.119998931884766,9.550003051757812,20.71000051498413,106.19602373504313,368.0081289814229,2.8277043865027123,0.3383638416542814,0.0750647321938677,2.7170186346682765,1.366836793996852,14.104643690857872,3.42470417404107,unmatched_ignored,
479,18169,0.7704903436556595,0.106393412666577,0.645,0.805,0.855,0.9902085961108754,0.0552066341581349,0.995,0.995,0.995,0.547813408138082,0.3022148949391001,0.095,0.595,0.925,522,0.0287302548296549,0.8058281988476428,0.018788885886078,0.785,0.805,0.825,6.529998779296875,7.329998016357422,19.179999828338623,47.86487809906248,379.5893925060654,1.998058715486084,0.2828175716810605,0.1003448239822534,2.249141112818111,1.1054030153887158,14.067592532828682,3.4601346892703866,tp,1.0
480,22568,0.8081413342708901,0.0785366513854735,0.715,0.825,0.875,0.9995413637386278,0.0110877508144765,0.995,0.995,0.995,0.5628254122383524,0.2899177950937648,0.135,0.595,0.935,375,0.0166164480680609,0.8006283833185832,0.013843799396184,0.785,0.805,0.815,7.840000152587891,7.290000915527344,21.420000076293945,57.15360829010024,394.8657079610681,2.112561308055806,0.1720902532354343,0.0892931673733134,2.066086374430389,0.9617749643136204,17.139093236835954,3.2768407367934453,tp,1.0
481,25975,0.7487392189051809,0.1227657464295692,0.555,0.795,0.865,0.9993656949496704,0.0127703598414059,0.995,0.995,0.995,0.5167332933702331,0.3090553942432124,0.075,0.535,0.925,374,0.0143984600577478,0.7983762990025913,0.0256593930200396,0.785,0.805,0.815,9.359996795654297,9.150001525878906,21.06999969482422,85.64398496245849,303.2904180181011,2.333268435053176,0.2143579275877306,0.0784359195551472,2.749306790528364,1.36990943647152,16.607021089958618,3.178349198560669,unmatched_ignored,
482,16450,0.8270395039764762,0.071766978450003,0.765,0.845,0.885,0.993532311923598,0.0437208941079985,0.995,0.995,0.995,0.5986379592812461,0.2837764399572486,0.175,0.635,0.955,313,0.0190273556231003,0.7866802274133451,0.0934215475716584,0.775,0.805,0.825,7.369998931884766,5.600001335144043,21.75,41.27200385856486,398.5752680284812,1.865297052793936,0.2702247932724517,0.0764094057543572,1.7030243355965398,0.9208116472677612,17.18977625288228,4.013197582500964,tp,1.0
483,1069,0.8034287886545968,0.0668048603751348,0.755,0.815,0.845,0.991144301514407,0.0439262142497463,0.985,0.995,0.995,0.5922834508609326,0.3083145263017778,0.075,0.655,0.945,248,0.2319925163704396,0.8062093180994834,0.016486056625696,0.785,0.805,0.825,5.489999771118164,3.3799972534179688,18.4300000667572,18.55618414764467,57.60882687379925,0.5597078607211785,0.1800529438738692,0.1423314142385931,0.5486375828000744,0.3488522142864151,5.446812623733667,2.561152700360973,unmatched_ignored,
484,7965,0.6097146412934138,0.1409780780083106,0.415,0.625,0.805,0.999121697025335,0.0127160615326425,0.995,0.995,0.995,0.6384444826917017,0.2649907957804804,0.225,0.695,0.945,182,0.0228499686126804,0.8079966761908688,0.0178027275887997,0.785,0.805,0.835,11.669998168945312,4.75,17.320000171661377,55.43249130249024,143.68829206206328,1.5917245001727145,1.3227909486450409,0.115114271019942,2.37268884693528,0.9670956215117712,12.17927053128109,3.2475316480711185,unmatched_ignored,
485,2273,0.809646482837132,0.0671808030683314,0.745,0.825,0.865,0.9984664322256884,0.0183980508196804,0.995,0.995,0.995,0.5759618405087592,0.2693803977921594,0.185,0.585,0.935,74,0.0325560932688077,0.8155682707155073,0.0132635120256601,0.795,0.815,0.835,4.759998321533203,4.179996490478516,19.40000033378601,19.89677627869241,114.23961189301656,0.7729633949182642,0.200472588082037,0.0701700222314792,0.9179202467325354,0.5263975035708445,8.436978831290673,2.0955534701614518,tp,1.0
486,4242,0.7972522548653224,0.0794113519281498,0.725,0.815,0.865,0.9981210112065878,0.0160890685783918,0.995,0.995,0.995,0.4720765422118012,0.3179948194565851,0.055,0.455,0.925,181,0.0426685525695426,0.8121220818540668,0.0186599135454622,0.785,0.815,0.835,5.200000762939453,4.869998931884766,14.800000429153442,25.323998161315103,167.50909445571165,1.4017632518055194,0.1708351001822674,0.0677209825905376,1.256755254189358,0.7502185738749186,7.66970501928285,1.728511350168867,tp,1.0
487,42185,0.6914959115234861,0.1608415471625923,0.435,0.745,0.855,0.9992226290804552,0.0152873244744305,0.995,0.995,0.995,0.4771251658206034,0.2963172044966776,0.085,0.455,0.905,631,0.0149579234324997,0.8027158508965784,0.0250058826385514,0.785,0.805,0.825,12.31999969482422,14.870000839233398,21.50999975204468,183.19840580139132,230.26947104405212,3.154163389344872,0.2170771091980447,0.1338794379534936,3.550021573917191,1.6866840778213292,14.82176563328542,3.99587043596685,tp,1.0
488,61917,0.676160985165891,0.1638022562770567,0.445,0.705,0.865,0.9995583902409652,0.011163303629281,0.995,0.995,0.995,0.4610298436676763,0.306737487629554,0.065,0.435,0.905,679,0.0109662935865755,0.8158075811563605,0.0393011760621866,0.795,0.825,0.835,13.320001602172852,12.739999294281006,21.88000011444092,169.696811011504,364.8683769066383,3.8538392590013086,0.3687533892160687,0.1066911074981784,3.858525209300793,1.8886472995722992,16.600180279789928,3.417969728263088,tp,1.0
489,25278,0.5332479016954541,0.1633925436128354,0.275,0.565,0.715,0.9991289535644208,0.0147272175188089,0.995,0.995,0.995,0.5183350302653931,0.310207233752647,0.075,0.535,0.935,675,0.0267030619511037,0.6795840898708061,0.0969608984559484,0.555,0.655,0.805,13.080001831054688,5.979995727539063,19.08999991416931,78.21835506591015,323.1722270137191,2.689167021141055,4.80329530567204,0.3498060405275985,4.835020596991344,3.447505140726909,15.782342357679925,7.952432384468338,unmatched_ignored,
490,2886,0.8086719526725351,0.0640821102354321,0.735,0.825,0.865,0.9958344877633633,0.0339970503211431,0.995,0.995,0.995,0.51607287051208,0.291881952165355,0.115,0.525,0.915,216,0.0748440748440748,0.8036504180894958,0.0227082475102566,0.785,0.805,0.825,5.180000305175781,3.970001220703125,22.15999913215637,20.56460753479041,140.33819975010834,0.9608969518276258,0.2477626310475901,0.1207252331697903,1.1951904738742043,0.6552772535911899,8.55560740215119,3.5597241179880417,unmatched_ignored,
491,1128,0.7299415596582471,0.097238369627501,0.615,0.755,0.815,0.9908107068944484,0.0283602603972795,0.985,0.995,0.995,0.5310766498175788,0.302578684352158,0.075,0.595,0.905,165,0.1462765957446808,0.7951610066673972,0.0227361746217518,0.765,0.795,0.825,5.200000762939453,3.9900054931640634,19.50000023841858,20.74803160858573,54.36660312071352,1.48204272780917,0.5126554665138512,0.1777985015981367,2.02552519375662,1.1692835740764147,4.501589663670207,2.253823170328686,unmatched_ignored,
492,6930,0.8227521807557404,0.0557890472357889,0.765,0.835,0.875,0.9991981024521942,0.015016356309993,0.995,0.995,0.995,0.525271180150534,0.3072717156517833,0.095,0.545,0.935,195,0.0281385281385281,0.8052088459332783,0.0127151586900406,0.795,0.805,0.815,6.629997253417969,4.630001068115234,14.700000286102297,30.696894364926266,225.75573664279528,1.5055539943697651,0.1231677990915971,0.0798398808970412,1.3749894336667592,0.7603839042717864,10.429350211394986,2.284055877602984,unmatched_ignored,
493,1085,0.8136570651410362,0.0525314969889431,0.775,0.825,0.855,0.9959409763186758,0.0296759370148352,0.995,0.995,0.995,0.5681532128749432,0.3380392877850927,0.065,0.715,0.955,142,0.1308755760368663,0.8046604445282842,0.0160190348183293,0.785,0.805,0.825,3.680000305175781,3.279998779296875,15.320000171661375,12.07039650878869,89.88934201208639,0.6189258015785647,0.2295214993208149,0.0581916784296359,0.516244651963262,0.3208414120797042,8.071356305328932,3.349225872774635,unmatched_ignored,
494,12421,0.817514308439381,0.059199765812906,0.755,0.835,0.865,0.9992769416495132,0.0151988379835753,0.995,0.995,0.995,0.6536784148851028,0.2674482454099063,0.235,0.705,0.965,259,0.020851783270268,0.804678669077089,0.014619514279678,0.785,0.805,0.825,4.759998321533203,9.730003356933594,19.899999141693115,46.31479964751634,268.1864132962105,1.603721868865865,0.2084769487870575,0.0639147947158647,1.4410701278311686,0.8558499889335204,15.49803768468214,3.1749616017572464,unmatched_ignored,
495,9332,0.7143791666501104,0.1007758651980818,0.585,0.725,0.825,0.9965526114205562,0.0263635436346918,0.995,0.995,0.995,0.6203085166711089,0.2644973071076568,0.225,0.665,0.945,288,0.0308615516502357,0.8095698259356949,0.0152138849201968,0.785,0.815,0.825,7.310001373291016,6.909996032714844,16.350000143051147,50.51208048858098,184.74788426324352,1.8645542511895987,0.4583421375269192,0.0683893177390909,2.543937348164385,1.0264824126089886,10.93980459787472,3.2082140034703137,unmatched_ignored,
496,38517,0.7432014316329705,0.106408848663682,0.595,0.775,0.845,0.998209680281476,0.0193383339135447,0.995,0.995,0.995,0.5255815474780476,0.3037961804591015,0.085,0.545,0.925,811,0.0210556377703351,0.8075262437472361,0.0186786239900415,0.785,0.815,0.825,10.459999084472656,9.369998931884766,19.01000022888184,98.01018024902442,392.9897884294871,2.640223105879711,0.2990179436263708,0.1152753841768807,2.677647806980168,1.365224341056171,14.035274468669508,3.922628754205584,tp,1.0
497,10969,0.7393752999256656,0.0841970354657726,0.635,0.755,0.835,0.9986092307007034,0.014372243957167,0.995,0.995,0.995,0.3133968821356107,0.317168093413914,0.015,0.175,0.875,212,0.0193271948217704,0.7939518893945892,0.0405843536601182,0.745,0.805,0.825,7.770000457763672,7.279998779296875,17.550000190734863,56.56559384765569,193.91646500772308,1.879841176894916,0.3472697924839236,0.1346645949923844,1.8071979062207213,0.9289602488624676,8.518151002490908,2.7911684586282868,tp,1.0
498,6399,0.7497425496503699,0.0946429047888633,0.645,0.765,0.835,0.9986631270776896,0.0204216453384244,0.995,0.995,0.995,0.6161817883297113,0.2983635148221499,0.135,0.695,0.955,215,0.0335989998437255,0.80770302844602,0.0330657028996018,0.785,0.815,0.835,4.89000129699707,4.340000152587891,17.430000066757202,21.222606375122268,301.51810229591246,1.2981591185953043,0.2765596109768319,0.0790500459635008,2.1562573304122505,1.0860154161703963,13.247771323216224,3.157858920823424,tp,1.0
499,24646,0.7978798639412283,0.0743205264402184,0.705,0.815,0.865,0.9994869049948976,0.0124597801986224,0.995,0.995,0.995,0.5860762274417223,0.2890678750651392,0.145,0.625,0.945,409,0.0165949849874218,0.8124221034329795,0.0109776398782837,0.795,0.815,0.825,7.200000762939453,8.140003204345703,24.420000553131104,58.608029281618656,420.5225854220929,1.9150109772084505,0.1823984917262726,0.1125220120619489,2.741570438415565,1.2098771768085337,20.10698385682381,3.847497019278552,tp,1.0
500,5288,0.7912849518773393,0.0701340482013942,0.725,0.805,0.845,0.9980298824010928,0.0249984792840402,0.995,0.995,0.995,0.6222063961010301,0.2830106745840187,0.175,0.695,0.945,162,0.0306354009077155,0.7878863336863341,0.0301184761752281,0.745,0.795,0.825,3.8600006103515625,4.159999847412109,14.770000457763672,16.05760195007315,329.31442792277653,1.1349913165709975,0.1691897677935797,0.1301214929713791,1.738122374566322,0.7047888845747681,10.288994788041451,2.539446304378252,unmatched_ignored,
501,3601,0.6807664085869589,0.1002024759910815,0.555,0.695,0.795,0.9974606305617354,0.022315905311856,0.995,0.995,0.995,0.459583816642181,0.3263023905170706,0.035,0.475,0.895,239,0.0663704526520411,0.8078076048874955,0.0202836227741057,0.785,0.805,0.825,4.950000762939453,5.069999694824219,31.68000030517578,25.09650235748268,143.48613000752832,1.46026066731125,0.5194938987891301,0.1616609644825027,2.244786493158116,0.99057612543857,7.594431515345471,2.127697042108233,unmatched_ignored,
502,11186,0.6849372271596906,0.1154108757947141,0.535,0.685,0.825,0.9976555871266533,0.0249186228450221,0.995,0.995,0.995,0.6544675092780904,0.2553094858290319,0.265,0.705,0.945,300,0.0268192383336313,0.797015261054039,0.0302436483311339,0.785,0.805,0.815,7.1699981689453125,5.180000305175781,17.700000762939453,37.14059270324651,301.17990009949995,1.662562376124813,1.3900511719696842,0.3710144950004765,1.789454967960488,1.0764279749363423,13.323319120884433,3.2957791461024293,unmatched_ignored,
503,2178,0.8015923800957762,0.0581019561308254,0.755,0.815,0.845,0.9985971344622918,0.0181997062625188,0.995,0.995,0.995,0.7849812815909781,0.2201440426350535,0.435,0.875,0.985,162,0.0743801652892562,0.7937781442830592,0.019264373539484,0.765,0.795,0.805,3.0800018310546875,2.4499969482421875,18.88999944925308,7.545995086664334,288.6299255414402,0.865358322947539,0.2430809153418267,0.0688663874315944,1.7108993308110518,0.8839986149145843,13.548326155261451,4.746682097611361,unmatched_ignored,
504,6236,0.7767204113706058,0.0799857845778417,0.685,0.795,0.845,0.9984872412842156,0.0216152915998674,0.995,0.995,0.995,0.7126574263175809,0.2515118298374567,0.315,0.795,0.965,364,0.0583707504810776,0.8147283795770708,0.0184599505183703,0.795,0.815,0.835,6.759998321533203,10.0,19.070000678300858,67.59998321533203,92.24854361481027,1.7341153906166045,0.3127086782216187,0.0659146443553904,1.694081789072547,1.0668860865199925,13.242274836634094,4.21598456608872,unmatched_ignored,
505,26381,0.7580477526305294,0.1213322657443786,0.585,0.795,0.865,0.9993607921256192,0.0141719424799552,0.995,0.995,0.995,0.5844377598748269,0.2973721633297814,0.135,0.635,0.945,427,0.0161858913612069,0.8026192238515099,0.0155198041739356,0.785,0.805,0.825,6.590000152587891,10.539997100830078,21.939999103546143,69.45858250274614,379.8090754149351,2.470067561552312,0.2966897578913822,0.0835475020638834,2.5002077071877924,1.3272449132335726,14.505467318633578,3.1901601017257075,unmatched_ignored,
506,9675,0.7182216916527859,0.0963236792856404,0.605,0.735,0.815,0.9991077634530474,0.0146130671583123,0.995,0.995,0.995,0.5874610218444498,0.2824130429424526,0.155,0.635,0.925,267,0.0275968992248062,0.8121228930209013,0.0175650887458062,0.795,0.815,0.825,4.340000152587891,5.19000244140625,17.019999504089355,22.52461138763465,429.53016296260233,1.372040374213046,0.4365200029357924,0.0715497569811261,2.3917896552493425,0.8045645185135838,13.876450050950666,3.153536607302608,unmatched_ignored,
507,2665,0.721988384671663,0.1430028042894283,0.525,0.785,0.845,0.995062676648038,0.0340835174694583,0.995,0.995,0.995,0.5968060536205565,0.2918701326316785,0.165,0.665,0.945,301,0.1129455909943714,0.8065601931853944,0.0213760417283131,0.785,0.815,0.825,4.909997940063477,6.590003967285156,16.40999960899353,32.356905904380255,82.3626340502239,1.6177555672894628,0.562802574342751,0.0808732446423938,1.9554570604889867,1.2346974939366169,7.875099320304327,3.327799594669722,unmatched_ignored,
508,918,0.5431961697731208,0.2101403461009183,0.175,0.645,0.745,0.6907198323273711,0.1439647711512756,0.525,0.665,0.995,0.2562119081225307,0.307202082940634,0.035,0.105,0.875,112,0.1220043572984749,0.5659384451407407,0.2110894046828397,0.215,0.495,0.795,7.619998931884766,6.670000076293945,20.62999963760376,50.82539345703117,18.061837549297007,1.3116315690388711,0.7222158709260399,0.5098317468811622,1.292446752655888,0.8208758267658223,4.277754932236178,4.590069495115125,fp_counted,0.0
509,256,0.6815350325778127,0.1768445774543808,0.255,0.735,0.785,0.9963314218912274,0.0096265226818451,0.995,0.995,0.995,0.6309772704626084,0.2820975009031912,0.185,0.685,0.955,119,0.46484375,0.7581474625763773,0.0321130434347898,0.725,0.765,0.795,8.14999771118164,4.380001068115234,17.92999992519617,35.6969986801123,7.171471257123475,1.259236272905853,0.7339332777020985,0.147538793884469,1.9296075945929645,0.5907001724460063,4.624103703536093,3.818530944512693,fp_counted,0.0
510,11347,0.796350832407728,0.0700629986331312,0.725,0.815,0.855,0.9969931755326882,0.0165301582871313,0.995,0.995,0.995,0.4793480145519676,0.3136276510647898,0.055,0.465,0.915,246,0.0216797391380981,0.8049161293642307,0.0313825626601674,0.785,0.805,0.835,9.209999084472656,4.930000305175781,18.780000150203705,45.40529829711886,249.90475617511825,1.477831460221484,0.2130345684060692,0.0875658552751347,1.595368738815243,0.8376296670738282,10.85001444117166,3.6998175038830334,tp,1.0
511,5419,0.79856597005628,0.0980610327301781,0.685,0.835,0.865,0.9972628360965812,0.030309539753669,0.995,0.995,0.995,0.5771642025588241,0.3097748568629971,0.125,0.635,0.945,145,0.0267577043735006,0.7830652308875117,0.1057533645717331,0.775,0.805,0.825,6.270000457763672,3.459999084472656,21.45999956130981,21.69419584350544,249.7903143813592,1.3159844229995117,0.7238548055342952,0.1977852102844896,1.6627067507444548,0.6930196640877362,11.544053636918893,3.1110837400431515,unmatched_ignored,
512,52137,0.7633689557323396,0.136323678203843,0.515,0.815,0.875,0.9997225211562812,0.0095335086321627,0.995,0.995,0.995,0.6265575529911962,0.2745700225719878,0.205,0.685,0.945,411,0.0078830772771736,0.8009525124173965,0.0129896476093385,0.785,0.805,0.815,8.430000305175781,12.300003051757812,23.210000038146973,103.6890294799814,502.82079272490216,3.048873894658673,0.3037538074735664,0.0639834313148165,2.834184496722355,1.632603148523566,17.752315358850986,3.007243335369568,unmatched_ignored,
513,2103,0.6572405671257096,0.1629469223242435,0.425,0.735,0.825,0.9956672626396502,0.0352319143904362,0.995,0.995,0.995,0.7005739190334405,0.2760342809122542,0.245,0.785,0.965,349,0.1659533999048977,0.8118805550572524,0.0173897894651489,0.785,0.815,0.835,6.079998016357422,11.659996032714844,19.61000025272369,70.89275274964166,29.664527309678068,3.618338924754854,0.6982422463521326,0.0988243514955307,3.0457927890063115,2.063895793454467,12.27533575134282,5.96508523453329,unmatched_ignored,
514,60889,0.7666926889998363,0.0935578264498693,0.635,0.795,0.855,0.9997019458064546,0.0091711460524921,0.995,0.995,0.995,0.5854861656608067,0.3004140334903615,0.115,0.645,0.945,633,0.0103959664307181,0.7891779053267709,0.0407920435095927,0.765,0.795,0.815,9.960002899169922,9.370002746582031,19.989999413490292,93.32525452118716,652.4386170966903,2.724269109383598,0.1904737021818282,0.1676396658598762,2.572259679212161,1.1152000964949105,14.398452411762262,3.307597773858118,unmatched_ignored,
515,1560,0.763615500048185,0.0785587654191036,0.665,0.795,0.825,0.9959881416880167,0.0339722986374049,0.995,0.995,0.995,0.6797769865456548,0.3067711748803193,0.165,0.815,0.975,347,0.2224358974358974,0.808201412646159,0.01269573765722,0.795,0.805,0.825,4.409999847412109,3.9800033569335938,15.339999198913574,17.55181419677683,88.87970112437006,0.9478084509475452,0.3115769065751554,0.09516242715869,1.401033556754091,0.969629425592066,8.97459531766482,4.891177608776238,unmatched_ignored,
516,4580,0.7924564974894951,0.0687128947729793,0.735,0.805,0.855,0.9985722082020414,0.0189382226784811,0.995,0.995,0.995,0.5981747365209731,0.301666409982221,0.125,0.645,0.955,226,0.0493449781659388,0.8136967233324472,0.0175573758385534,0.795,0.815,0.835,3.8900012969970703,6.719999313354492,15.86999961733818,26.1408060447684,175.20500294276897,1.2257520995899258,0.253795128854908,0.1086795218053211,1.5428955654437524,0.720500827166708,11.073531171770597,3.033233687784473,tp,1.0
517,7937,0.6476398646363094,0.1496942143049854,0.435,0.675,0.825,0.9983624470493754,0.0223668260761447,0.995,0.995,0.995,0.5348376287631755,0.3104006420589324,0.085,0.565,0.925,230,0.0289782033513922,0.8040838319322338,0.020375167252454,0.775,0.805,0.825,6.199996948242188,7.209999084472656,18.24999952316284,44.70197232055944,177.55368696225506,1.6966076641719263,0.2373244761488988,0.087418396014681,3.837637316234377,1.4164609764400933,12.813099555961278,3.024501969053337,unmatched_ignored,
518,13715,0.7334958264634768,0.1141004733807036,0.585,0.765,0.845,0.9999632642993168,0.0007763846682983,0.995,0.995,0.995,0.5121023115951462,0.2921043297123244,0.105,0.515,0.915,284,0.0207072548304775,0.8032415330829755,0.0154129450303107,0.785,0.805,0.825,7.520000457763672,13.170001983642578,19.10999965667725,99.03842094574064,138.48161015727342,1.687657245957536,0.1954563815290822,0.0707823756403197,3.208889141203509,1.2154410005467513,14.923887903295729,3.09367389575962,tp,1.0
519,34324,0.7095614915201175,0.119483996077689,0.545,0.735,0.835,0.9996070802600744,0.0110956805415081,0.995,0.995,0.995,0.4898506596954772,0.2933800390233915,0.085,0.485,0.895,412,0.0120032630229576,0.7979792793398922,0.0139733844391303,0.775,0.795,0.815,7.459999084472656,7.610000610351562,22.37999951839447,56.77059758605901,604.608749237983,2.149123943248802,0.1549746313647776,0.0783266092592589,3.5652206967393445,1.3056837272350936,16.47732289982275,3.91900522850623,unmatched_ignored,
520,18807,0.6402638327692243,0.1825414697079386,0.375,0.705,0.805,0.9503304244463237,0.1007276709027783,0.815,0.995,0.995,0.3034122928104661,0.2787537033319812,0.025,0.215,0.765,564,0.0299888339448077,0.6887040727818055,0.1880050014357581,0.455,0.785,0.825,11.490001678466797,14.470001220703123,18.549999177455906,166.2603383132955,113.11777776225084,2.7216128880956028,0.7641483848805619,0.3735762724070478,2.543116558584165,1.4425168449359784,7.565476838791476,2.929190605932912,tp,1.0
521,602,0.7066301316443669,0.1869696735388543,0.435,0.785,0.835,0.8625354419316961,0.1672443829761824,0.545,0.955,0.995,0.6409057645758373,0.3365863031434217,0.075,0.805,0.975,113,0.1877076411960133,0.8184612414478201,0.0241312868934711,0.805,0.825,0.835,3.999998092651367,4.850002288818359,18.40000057220459,19.399999904628203,31.030927987601824,1.0511322558799356,0.9380742577467044,0.1445499667514527,0.70164665594266,0.4965836006724766,5.87388026857891,3.1329710267616817,unmatched_ignored,
522,16799,0.778112342931861,0.0875551851663536,0.675,0.805,0.855,0.993887414087234,0.0398127501741622,0.995,0.995,0.995,0.7000448555851624,0.2375970751574367,0.335,0.765,0.955,288,0.0171438776117626,0.6858783542282052,0.1568436307401753,0.505,0.795,0.825,7.190000534057617,9.020000457763672,20.3699991106987,64.85380810852075,259.0287369384695,2.295358161409703,1.8043551248015195,0.3209442650267345,2.7205040256477897,1.1187158890783433,15.055920435123568,3.0516522213483515,unmatched_ignored,
523,33914,0.7866115748074711,0.0946957230807118,0.665,0.815,0.875,0.9979040802910044,0.0271401788112432,0.995,0.995,0.995,0.5959747905335094,0.2827141611366805,0.165,0.645,0.945,350,0.0103202217373356,0.8163362538814545,0.0384951515970709,0.795,0.825,0.835,8.90999984741211,7.869998931884766,22.350000381469727,70.12168928222673,483.64493706793735,2.3063568366690377,0.15890204650171,0.1633367276602522,2.5780835487807647,1.3419004118172384,17.603001748100905,3.1047454520037614,unmatched_ignored,
524,2050,0.7983510507715912,0.1436199515722986,0.775,0.835,0.865,0.9785106245773596,0.0812125856391806,0.985,0.995,0.995,0.7041702722862261,0.2550482415534855,0.315,0.775,0.975,266,0.1297560975609756,0.8151497700272646,0.077891080113186,0.805,0.825,0.845,5.079999923706055,3.010000228881836,15.490000188350676,15.290800933074934,134.0675357015292,0.7347489541351022,0.4000691391665239,0.1756361110775679,0.7029244639031009,0.6077780366176927,8.385580390313777,3.4516786016913965,tp,1.0
525,5208,0.4671660114441656,0.2453745207462936,0.155,0.455,0.785,0.8237942847238707,0.1729654531355146,0.565,0.865,0.995,0.423201120901769,0.314300273672172,0.015,0.395,0.895,428,0.0821812596006144,0.733624648215754,0.1526266186744985,0.485,0.795,0.835,12.279998779296877,8.069999694824219,24.950000688433647,99.09958640136756,52.55319612442025,3.456406538727758,0.9513344514976372,0.2915400627729133,2.83417823736537,2.6610571072985456,8.612712497151987,7.104894567136869,unmatched_ignored,
526,7170,0.6721924286351294,0.1195684752091547,0.525,0.685,0.815,0.9913693358126712,0.0500540279745979,0.995,0.995,0.995,0.4414099227255161,0.3087568875328176,0.035,0.415,0.885,180,0.0251046025104602,0.7716253029803435,0.1369262460564843,0.745,0.815,0.835,5.009998321533203,5.569999694824219,10.879999618977308,27.90568912200979,256.9368550137281,1.555158602671012,0.4573704902654638,0.260050189476769,2.85546866592947,1.109317681900826,7.753723469353703,1.729535850418672,tp,1.0
527,765,0.6457671951916483,0.2128024073858714,0.215,0.735,0.835,0.8840428911782557,0.1879305677872608,0.535,0.995,0.995,0.6431396065937246,0.282043621288425,0.185,0.725,0.945,142,0.1856209150326797,0.7309930230110464,0.1981242791362064,0.225,0.815,0.825,6.460002899169922,3.75,12.200000405311584,24.225010871887207,31.57893319617751,1.011927931032215,0.7594591139183827,0.2611982303559471,1.2534498559536935,1.025635538115825,5.733502770171446,3.189593488918282,tp,1.0
528,3529,0.5574814754552225,0.2456482833307178,0.195,0.535,0.835,0.7261785950630979,0.1567218582296868,0.535,0.685,0.955,0.4858899649823745,0.3260454160838396,0.065,0.495,0.935,621,0.1759705298951544,0.4340225786582571,0.2056149117693485,0.205,0.505,0.775,4.590000152587891,5.459999084472656,17.289999961853027,25.061396630859235,140.81417935242212,0.8948225178012533,0.4987203824070308,0.2468727545608023,0.634268833426045,0.3119434148676568,3.684902433862292,1.847109250421341,tp,1.0
529,9304,0.766709762339513,0.111832648261184,0.625,0.805,0.855,0.9991560520625072,0.0154945677771658,0.995,0.995,0.995,0.6010950598358894,0.2946034045724618,0.155,0.645,0.965,302,0.0324591573516767,0.8148812989130715,0.0216035416527735,0.795,0.815,0.835,5.259998321533203,9.25,18.579999446868896,48.65498447418213,191.2239845629176,1.9478816738941351,0.4201872414160194,0.0768337880926468,2.066155288387068,1.121661483265186,11.766434332998092,3.3916388023353403,tp,1.0
530,49236,0.7399660567529436,0.1412812217783009,0.535,0.785,0.875,0.9996170026411116,0.0107222304860567,0.995,0.995,0.995,0.5585315962702431,0.293398339962811,0.115,0.595,0.935,457,0.0092818263059549,0.8150755284390773,0.0138497880190044,0.795,0.815,0.835,9.60000228881836,9.119998931884766,22.12999939918518,87.55201062011474,562.3628703815081,2.523488963318127,0.1527649827251863,0.0969957365546992,3.336724869691452,1.5323019996869542,16.266511752351043,3.1990712503316514,tp,1.0
531,5271,0.7337525928015954,0.1201218486955538,0.585,0.765,0.835,0.9866360871598698,0.0346451006997698,0.965,0.995,0.995,0.4871726708932736,0.3337968863381593,0.055,0.505,0.925,825,0.1565167899829254,0.8059111263173999,0.0333525480382681,0.775,0.805,0.835,11.130001068115234,8.360000610351562,21.38000059127808,93.0468157226569,56.64890258803893,1.7628429103616958,0.3358064749637677,0.1325353307880473,1.4094365562646862,1.1201937756349938,5.665809230552783,2.9375251375664875,unmatched_ignored,
532,43810,0.6897771782642479,0.1349593295315619,0.495,0.725,0.835,0.9995657231676554,0.0112328195517835,0.995,0.995,0.995,0.5549700670804216,0.29752294193206,0.105,0.595,0.935,417,0.0095183748002739,0.7990551462276376,0.0159442517916427,0.775,0.805,0.815,10.54999542236328,12.129997253417969,20.970000982284542,127.97141549683874,342.34207561048845,2.821691670520992,0.8920387155815596,0.0920917595237188,2.520943577444453,1.418779412437273,15.88141330683838,3.315903599295428,unmatched_ignored,
533,2085,0.3794251576137485,0.1874771291276205,0.145,0.395,0.645,0.8400268019532128,0.2041251882061995,0.535,0.995,0.995,0.3909001420477387,0.2915350951783206,0.045,0.335,0.845,165,0.079136690647482,0.4244345244584661,0.1737379864905589,0.205,0.475,0.535,11.709999084472656,14.56999969482422,16.59000051021576,170.61468308715848,12.220519138642237,2.9562237182988804,0.9496101255335508,0.2739683590941085,2.060291981993418,2.0215987662617687,8.389683186525492,4.003209905803492,unmatched_ignored,
534,11974,0.6710463188263815,0.194360873045277,0.335,0.745,0.835,0.9988801406663148,0.0144845479384,0.995,0.995,0.995,0.4735096100129432,0.2940086865153664,0.085,0.455,0.895,350,0.0292299983297143,0.8094038192289216,0.0385198038144412,0.795,0.815,0.835,19.7400016784668,16.349998474121094,20.609999299049377,322.74899732208,37.100037798260985,2.753406952510099,0.766925239599642,0.1141969740506235,2.344298190179166,1.8627909971622667,11.06657429507893,2.956933075638632,tp,1.0
535,16573,0.7825568768879198,0.102850647765608,0.665,0.815,0.865,0.990958127123527,0.0584958102201568,0.995,0.995,0.995,0.5406371080393397,0.3066653679608837,0.115,0.565,0.935,372,0.0224461473480963,0.8095777329578194,0.0155482528574691,0.795,0.805,0.825,6.540000915527344,5.520000457763672,20.03999923169613,36.10080804748577,459.075596817679,1.7456487099132996,0.6024442000891154,0.1836410451401673,2.0646138237976484,1.2141139061131867,14.5108841497289,4.16256384504827,unmatched_ignored,
536,12951,0.8488022967334254,0.0375032465168712,0.805,0.855,0.885,0.9993056331341004,0.0143562191948326,0.995,0.995,0.995,0.7826590567373939,0.2029654130956161,0.495,0.845,0.975,315,0.0243224461431549,0.8046977385642037,0.015082314156438,0.785,0.805,0.825,5.149999618530273,5.279998779296875,22.21999931335449,27.191991699219216,476.2799335648471,1.5622415102023568,0.1256803996199609,0.0923088284394487,1.4091975354116186,0.7728586557123026,16.771396927222,4.248944485266091,tp,1.0
537,10803,0.8283524140336277,0.0568207066545753,0.765,0.845,0.875,0.999095368118272,0.0152284982289896,0.995,0.995,0.995,0.7009532853326488,0.263206939940024,0.285,0.785,0.975,369,0.0341571785615106,0.8158677979536496,0.0137559194156604,0.795,0.815,0.835,5.3600006103515625,4.849998474121094,22.33999967575073,25.99599478149321,415.5640163341915,1.4726753056833657,0.1910717910894416,0.0684249111481288,1.3064310597058806,0.8718747956646399,16.091233956999584,4.471558865757775,unmatched_ignored,
538,2870,0.8190406610170308,0.0541634763501882,0.775,0.835,0.855,0.9964939415870228,0.0321080556087028,0.995,0.995,0.995,0.7289075034718193,0.2620687543922718,0.305,0.825,0.975,234,0.0815331010452961,0.8118336931762532,0.0156510751193029,0.795,0.815,0.835,4.769999504089356,3.3199996948242188,20.38000011444092,15.836396897888337,181.2280923814617,0.6777788923154371,0.1536257678188319,0.079325886479566,1.1771015489579373,0.6017601693650422,12.786884902609764,5.149717668615072,unmatched_ignored,
539,2474,0.8106422389322168,0.0551289635662619,0.755,0.815,0.855,0.9926693249394456,0.043197628007654,0.995,0.995,0.995,0.7859364996622276,0.2671048932059027,0.315,0.895,0.985,715,0.2890056588520614,0.8040816774735084,0.0162485194725575,0.785,0.805,0.825,2.9899978637695312,4.379997253417969,11.630000114440918,13.09618243103614,188.91001351179733,0.7996032894918288,0.1586202848189666,0.1164251911744158,0.6387268069952463,0.5697666172231931,5.550996626408812,3.0145781208717684,unmatched_ignored,
540,3926,0.7906098656595452,0.0574783925834728,0.715,0.805,0.845,0.9952923810973924,0.0182126421024022,0.995,0.995,0.995,0.4748279617032338,0.3280170499188871,0.035,0.465,0.925,416,0.1059602649006622,0.8183212581162269,0.0126579067518742,0.805,0.815,0.835,5.0,4.950000762939453,17.300000429153442,24.750003814697266,158.6262381773302,1.0293969214258176,0.1087405989951594,0.0939777233103223,1.1013097758283068,0.6931664486167218,6.07495709079006,1.8773099153415536,tp,1.0
541,34418,0.6394355282180102,0.1640973313682048,0.385,0.675,0.825,0.9979181029714306,0.024426894443842,0.995,0.995,0.995,0.5768704338452862,0.2870909883534588,0.145,0.615,0.935,623,0.0181009936661049,0.786312356973919,0.1027224733097056,0.765,0.815,0.835,7.470001220703125,12.959999561309814,22.249999046325684,96.81121254329628,355.5166710117121,2.782981862939556,1.014083214917345,0.1372157007510828,3.379740536080128,1.5473070602693826,14.318760713265153,3.372716831859285,unmatched_ignored,
542,6055,0.4905747387758175,0.2444315611640421,0.195,0.395,0.815,0.930971527207892,0.1050119334519757,0.765,0.995,0.995,0.5575559784289613,0.2986957085351528,0.105,0.595,0.935,1057,0.1745664739884393,0.7507411120151053,0.1326498740340597,0.525,0.805,0.835,5.8800048828125,12.339999198913574,20.610000431537628,72.55925554351415,83.44903699251415,3.6234531498487095,3.7650232375013593,0.5079559087874305,3.3275724089424243,2.4267805394270727,11.699429495092469,8.183974602924485,unmatched_ignored,
543,7173,0.7984235964047598,0.1052424967498479,0.735,0.815,0.875,0.9988187676806936,0.0190121534577819,0.995,0.995,0.995,0.693407685800706,0.2467257020131689,0.335,0.735,0.975,221,0.0308099818764812,0.7993747627033907,0.0129875529533487,0.785,0.805,0.815,20.990005493164062,5.870002746582031,22.59000062942505,123.21138989564496,58.21702040757141,2.7165396644727093,0.3489199525578405,0.0572181234050616,2.29419447893626,2.351378980203558,15.929146514375324,4.169238063737266,unmatched_ignored,
544,6449,0.7766676788635819,0.0925354932304774,0.665,0.805,0.855,0.9910699157478976,0.054111621524728,0.995,0.995,0.995,0.6623495183491954,0.291638415457994,0.165,0.765,0.965,163,0.0252752364707706,0.7389646212747492,0.1002504161933748,0.705,0.765,0.795,7.590000152587891,2.660003662109375,19.399999499320984,20.189428201294504,319.424598641506,1.6977677843396413,0.8566505566775406,0.2798509772310165,1.5173846419210109,1.0042825203213213,13.430942933152105,3.868928814346096,unmatched_ignored,
545,19621,0.7678444419312681,0.0904608561582184,0.655,0.795,0.855,0.9974180572222852,0.0172762290719847,0.995,0.995,0.995,0.622704322120297,0.2705673137315257,0.205,0.675,0.945,915,0.0466337087814076,0.8017262657646274,0.0267620065359657,0.775,0.805,0.825,21.37999725341797,24.90999984741211,18.81000018119812,532.5757283203129,36.84170899391631,2.241653792596076,0.487893830999322,0.2264738448410578,2.112964578334908,1.3315332200409995,11.738214256308275,3.7107197868408894,unmatched_ignored,
546,11092,0.8039640797832104,0.0650201093947726,0.735,0.825,0.855,0.9990282092354936,0.0162936639013247,0.995,0.995,0.995,0.6124153733548047,0.2992924860017911,0.135,0.685,0.955,245,0.0220879913451135,0.8035956056750551,0.0190326916266317,0.775,0.805,0.825,21.18999481201172,23.62000274658203,21.80000066757202,500.5077356597758,22.16149563678248,1.819941574459568,0.3227707732427368,0.1024966427218495,1.635366763976588,1.2444655566048777,13.855811578468472,3.839342552628089,unmatched_ignored,
547,63941,0.7622881449827872,0.1073700452522807,0.625,0.795,0.875,0.9996298741416942,0.0100004511887213,0.995,0.995,0.995,0.6066198672740116,0.280232201720874,0.175,0.655,0.945,572,0.0089457468603869,0.8163451001152292,0.0164113445923161,0.795,0.815,0.835,10.84000015258789,11.079999923706056,22.09000015258789,120.10720086364744,532.36608246819,3.2597871832141267,0.154706159647637,0.1325841947654191,3.079182190102252,1.4228289050741665,16.40618160254544,3.349437738943956,tp,1.0
548,37949,0.7533368608425965,0.1143790714805023,0.585,0.795,0.865,0.9993250955862848,0.0137609640955166,0.995,0.995,0.995,0.5513619974977244,0.2905006040797038,0.115,0.585,0.925,467,0.0123059896176447,0.7978583311370915,0.046294315395105,0.775,0.805,0.825,12.759998321533203,8.740001678466797,23.479999542236328,111.5224067474337,340.2813937287384,2.513604047777081,0.1403173402589653,0.1113014285689366,3.207639127769216,1.6258715024000678,19.65725790701983,3.396591274672493,tp,1.0
549,5511,0.7905771258006433,0.0793881365363033,0.745,0.805,0.845,0.9968722636676748,0.0340473482131282,0.995,0.995,0.995,0.5691490428844753,0.2920480980099404,0.155,0.585,0.945,143,0.0259481037924151,0.8037939528589482,0.0634092085747695,0.795,0.815,0.825,5.979999542236328,9.220001220703123,22.65999984741211,55.135603079223074,99.95356343670298,1.3455317680644705,0.1259513474758007,0.1260745817947649,1.714980022320841,0.859948086361357,11.49307102286714,2.5456183053291888,tp,1.0
550,13570,0.7601398661436187,0.1009251367941975,0.625,0.785,0.855,0.9995849791395376,0.0103601959809909,0.995,0.995,0.995,0.4134868161937265,0.3071956562021373,0.025,0.375,0.885,199,0.0146647015475313,0.8114969224186998,0.0180339856603157,0.795,0.815,0.825,7.410003662109375,7.370002746582031,20.080000400543213,54.61174734192901,248.4813370837052,2.059012928243792,0.2382939496744679,0.0655106214303805,2.0357491961282856,1.1998500708229485,10.796164927754054,2.008041625653691,tp,1.0
551,5695,0.7940212347378743,0.0708449446465882,0.745,0.805,0.845,0.9946034118520052,0.0387458945591365,0.995,0.995,0.995,0.6143983223244831,0.2852964055291657,0.155,0.685,0.945,276,0.0484635645302897,0.7982609226651813,0.0162861458300716,0.775,0.795,0.815,4.439998626708984,4.520000457763672,17.859999895095825,20.068795825194684,283.77387709781806,1.0251406708486168,0.2442086927299719,0.1069812262912594,1.979959301475804,0.6835274494775643,11.807954513163184,3.534591973628595,tp,1.0
552,25019,0.773874654340927,0.1112372506274645,0.625,0.815,0.865,0.9996688468259294,0.0096117869712811,0.995,0.995,0.995,0.5923794769176122,0.2757016245061315,0.175,0.625,0.935,318,0.0127103401414924,0.804531602364666,0.0176536040875836,0.785,0.805,0.825,7.05000114440918,6.879997253417969,22.48999929428101,48.50398851012869,515.8132510025539,2.096390478576405,0.1809756454432832,0.0477046895256155,3.4734327383415278,1.4416655596129253,18.443697526147457,3.4416194997156446,tp,1.0
553,9887,0.756531561557454,0.0971620035627053,0.675,0.775,0.845,0.9355071508765064,0.1101534663274333,0.775,0.995,0.995,0.3137327483255682,0.2912381210953639,0.025,0.205,0.785,398,0.0402548801456458,0.7229847243551782,0.203197483960166,0.235,0.815,0.845,6.409999847412109,9.189998626708984,19.84000015258789,58.907889794922085,167.83829864590174,1.5318952473662486,0.2469708473680503,0.2702604821371699,1.3412172619035143,0.7412764168366106,6.256208096393213,2.075638722101924,tp,1.0
554,37598,0.6650127817407632,0.187391423271246,0.355,0.735,0.855,0.998526093068735,0.0164871046168697,0.995,0.995,0.995,0.6045040304643994,0.2822760134803763,0.155,0.665,0.935,829,0.0220490451619767,0.8110469389163111,0.0185032477978151,0.795,0.815,0.825,8.299999237060547,11.720001220703123,22.739999771118164,97.27600119018462,386.50848657411433,3.155742299845383,0.311728266974789,0.1058370976030589,3.735584749914597,2.5335389684107037,16.32580909897634,5.259411186354241,tp,1.0
555,10011,0.7852671316734335,0.0671097701203288,0.705,0.795,0.855,0.9988810074828316,0.0136773482207957,0.995,0.995,0.995,0.5906393857639761,0.2957487824171653,0.125,0.645,0.955,394,0.0393567076216162,0.8045843107446196,0.0176551071280612,0.785,0.805,0.825,5.880000114440918,4.979999542236328,20.990000009536743,29.28239787826533,341.8777397130649,1.2922434825161957,0.1393735235591657,0.1280521213965905,2.6198674635828216,1.0060674594452674,14.669542634452023,4.393920554732205,tp,1.0
556,15367,0.2656646541256697,0.1393770038930355,0.155,0.235,0.355,0.9994373464077012,0.0124901007177443,0.995,0.995,0.995,0.5075476604868858,0.2920166123464944,0.105,0.515,0.905,262,0.0170495217023491,0.8042479857006146,0.0349447916341024,0.785,0.805,0.825,7.360000610351562,9.06999969482422,19.74000096321106,66.75520328979474,230.19928399123376,2.0711748713444047,0.5858081263958947,0.0979173097717716,7.653181105588165,1.716212891442493,14.735617000368428,3.006359530094939,unmatched_ignored,
557,10684,0.8251790903865711,0.0524355505489252,0.755,0.845,0.865,0.9969171132935608,0.023989374968469,0.995,0.995,0.995,0.6810651660579973,0.2724102308531345,0.215,0.765,0.955,716,0.067016098839386,0.8058735581749644,0.02148327030814,0.775,0.805,0.835,4.0,5.780000686645508,25.26000022888184,23.12000274658203,462.1106717463293,0.9068538680908788,0.1973721655757005,0.1623253531271815,1.087227851467038,0.615626957122632,15.36804484773078,7.689381333427669,tp,1.0
558,225134,0.5317690403775106,0.2649996613269725,0.145,0.575,0.855,0.999667942361134,0.0090736555879635,0.995,0.995,0.995,0.5651921200108765,0.2881626269575602,0.135,0.595,0.935,1273,0.0056544102623326,0.8179229681569576,0.0323565550252685,0.785,0.825,0.845,21.46000099182129,20.549999237060547,29.449999809265137,441.00300400924607,510.504459047358,6.401600231772239,0.4790092145349016,0.1077107641734199,6.143967179244395,3.029350915101037,21.932665926864598,4.075521684212291,tp,1.0
559,15718,0.7436679526300797,0.1217411534066459,0.575,0.785,0.855,0.999295326426885,0.0123975077941698,0.995,0.995,0.995,0.4900807276686819,0.3239250456880309,0.055,0.485,0.935,390,0.0248123170886881,0.8162379284699758,0.0142534746338769,0.795,0.815,0.835,15.64999771118164,15.330001831054688,26.90999984741211,239.91449356841625,65.51500814400657,2.410368968980135,0.4497356204055797,0.0648569293357456,2.1943150637607984,1.2684915284877083,10.967958040885271,2.660661723498892,tp,1.0
560,39361,0.7828046588713103,0.0941918787387476,0.665,0.805,0.865,0.9992820054140492,0.0151948224916047,0.995,0.995,0.995,0.5039988633570003,0.3059327518273789,0.085,0.505,0.935,425,0.0107974899011712,0.8095125518125647,0.0161702532130574,0.785,0.815,0.825,12.18000030517578,10.799999237060549,21.25999930500984,131.5439940032957,299.2230872890621,2.7163326586728416,0.2204233636126958,0.1101538796960761,2.459485100389601,1.2030176350433837,16.70828566087456,3.0227344956802016,unmatched_ignored,
561,1824,0.7484847216932267,0.1040935015249505,0.665,0.775,0.825,0.8505005202207127,0.1121421279255232,0.685,0.875,0.975,0.4069947485819332,0.2804313601846545,0.105,0.315,0.855,300,0.1644736842105263,0.7988211504121622,0.0736122638290916,0.775,0.815,0.835,4.099998474121094,9.73000144958496,19.32000064849853,39.89299109649437,45.7223173762041,1.3441814498703804,0.3457739309074486,0.1718384731438951,0.9337207794428632,0.8828018586357094,5.115430960913695,2.0219630493930176,unmatched_ignored,
562,6152,0.7623313690156656,0.1542654721211653,0.715,0.805,0.845,0.9960967855835612,0.0153008632285984,0.985,0.995,0.995,0.5095390991305155,0.291560682457216,0.125,0.495,0.905,478,0.0776983094928478,0.8105032848014991,0.0201016050457563,0.795,0.815,0.835,5.0399932861328125,13.979999542236328,21.170000314712524,70.45910383301089,87.31306056035471,2.123204206039446,0.5551919714323362,0.1312321464278241,1.8268725670849848,1.291748357141389,8.010998026878417,3.1586110309721884,unmatched_ignored,
563,6520,0.7308805194414832,0.1034630424372376,0.595,0.755,0.835,0.9882742915142532,0.0491460947343551,0.985,0.995,0.995,0.3596034124012522,0.3101678470265863,0.025,0.255,0.885,529,0.0811349693251533,0.7734261707795365,0.1283949333905829,0.755,0.805,0.835,5.670001983642578,6.5500030517578125,12.639999628067017,37.13853029633174,175.55891275115957,1.760624014509926,0.3344263534589287,0.212076416151868,1.8870493514966635,1.032066521292763,7.093874942837962,2.533198698401556,unmatched_ignored,
564,104480,0.7444015856440055,0.1170031339842692,0.575,0.785,0.865,0.9996414317208904,0.0097113713510765,0.995,0.995,0.995,0.5883452925434383,0.2889050165589046,0.145,0.635,0.945,1057,0.0101167687595712,0.8020365326722614,0.0162101245084872,0.775,0.805,0.825,13.290000915527344,7.720001220703125,23.60000056028366,102.59882329101674,1018.3352659284152,3.3344267707906936,0.2966483719683722,0.1545875253606125,3.0267535687413702,1.356298387866678,16.319056025488162,4.134940738644276,unmatched_ignored,
565,3982,0.7608255356146066,0.0900992566504566,0.635,0.785,0.845,0.9954357849240364,0.0283889183358563,0.995,0.995,0.995,0.4545940892934173,0.3310116451760183,0.035,0.435,0.915,85,0.0213460572576594,0.7962178496753468,0.0629979823457529,0.775,0.815,0.825,4.009998321533203,5.290000915527344,28.34999966621399,21.21289479217376,187.71601137008005,1.27847295896492,0.1871560413795581,0.0904431089390032,1.692069265152749,0.8527270175529359,7.508169182572964,1.857699075971687,tp,1.0
566,93046,0.6651220164208649,0.1999029255000365,0.335,0.735,0.865,0.9996415231408676,0.0099669807775454,0.995,0.995,0.995,0.5788457498757787,0.2870584105531529,0.145,0.615,0.935,1073,0.0115319304430066,0.8129656481498441,0.0107976267677945,0.805,0.815,0.825,17.389999389648438,11.700000762939451,24.03000020980835,203.46300612640331,457.3116350310596,4.438201981954936,0.2968426020481471,0.1374732072793478,4.011414996734506,2.021486332720756,16.61607563810882,3.9656116891289495,unmatched_ignored,
567,5758,0.7854791735999284,0.0656774953862255,0.715,0.795,0.845,0.99855849925285,0.0170576926653633,0.995,0.995,0.995,0.4888043152038214,0.3135126164060817,0.075,0.495,0.905,318,0.0552275095519277,0.8017016866671964,0.0227321697761126,0.785,0.805,0.825,5.159999847412109,6.200000762939453,15.849999189376833,31.99200299072254,179.9824787985229,1.0492565446794846,0.2129461896793149,0.1320147317816975,1.0786991727913209,0.6333972120306182,6.684251421439478,2.136173715758208,unmatched_ignored,
568,19007,0.7685330403909795,0.0831926260652152,0.685,0.785,0.845,0.9993778778137284,0.0136808173821988,0.995,0.995,0.995,0.4491985492922195,0.3090426728651743,0.075,0.395,0.915,355,0.018677329404956,0.8028801381168231,0.0363762605887243,0.785,0.805,0.825,7.729999542236328,9.989997863769531,20.84000015258789,77.22267891388037,246.13235732467692,1.8070476264902195,0.3540941070471424,0.1032606495652016,1.7759276727513509,0.8091260057796111,13.630961858438168,3.4827166367775955,unmatched_ignored,
569,111433,0.5852961555663169,0.2290939991006412,0.235,0.635,0.845,0.999713869517328,0.0082823845832226,0.995,0.995,0.995,0.5317687889578488,0.2986968075497709,0.105,0.555,0.925,1047,0.0093957804241113,0.8126481947379672,0.0126402526310774,0.795,0.815,0.825,17.76999855041504,13.84000015258789,22.76999931037426,245.93678264923076,453.09611193431033,4.803300559274902,0.3225038304450986,0.1286521370615317,4.727122843524416,2.221331336597619,15.924842625458473,3.91398795917428,unmatched_ignored,
570,9804,0.7420462804999596,0.1296653873151788,0.565,0.785,0.845,0.9977719634771348,0.0230087802941919,0.995,0.995,0.995,0.4776185132638974,0.2907167541273182,0.085,0.465,0.895,188,0.0191758465932272,0.8085009867840625,0.0205623857070819,0.785,0.815,0.835,16.51000213623047,7.75,18.480000019073486,127.95251655578612,76.62217409944842,2.135983558958408,0.2829838703977253,0.121098051918152,2.433081717865061,1.456628204872787,9.6034477846184,2.771813445956377,unmatched_ignored,
571,4940,0.5512242492393926,0.1969156214996283,0.295,0.595,0.795,0.99153786867495,0.0237733719303861,0.975,0.995,0.995,0.3946625700087657,0.2878275923570212,0.065,0.315,0.855,228,0.0461538461538461,0.8149793984597189,0.0189536549632959,0.795,0.815,0.835,15.239997863769531,8.010002136230469,19.850000381469727,122.07241544494173,40.467782848354354,3.366843108576897,1.0247727534926925,0.1480234805919273,3.8400458174607626,2.4867923196149317,8.33437483104979,6.168161187391756,unmatched_ignored,
572,3628,0.8108986634494123,0.0670376785224957,0.735,0.825,0.865,0.9964872950558624,0.0234403520756871,0.995,0.995,0.995,0.6225959133550132,0.2919906431810415,0.175,0.695,0.965,324,0.0893054024255788,0.8158628701427837,0.0130936473258759,0.795,0.815,0.835,3.3699989318847656,3.559999465942383,15.46999979019165,11.997194397736166,302.4040354538718,1.0009830248642957,0.4498675776994585,0.0891092965334198,1.147305321936006,0.8457463033699709,10.251828018982524,3.790492852224588,tp,1.0
573,1558,0.8057255248164947,0.0611674537067625,0.725,0.825,0.855,0.9883051646612728,0.0287481382198403,0.965,0.995,0.995,0.6451613512357366,0.3050696038679921,0.065,0.725,0.955,399,0.2560975609756097,0.8197804517614513,0.0186164064865956,0.795,0.815,0.845,3.1699981689453125,3.59000015258789,12.899999618530272,11.380293910217006,136.90331834059734,0.9364831143473548,0.1288579363885368,0.0930511360136706,1.0455750812488551,0.8187247746069822,6.306368448079321,3.5786165805211305,tp,1.0
574,14401,0.7061319412793826,0.1230646380724799,0.565,0.725,0.835,0.9988884903160982,0.0145120929780512,0.995,0.995,0.995,0.5552737050485013,0.3102683876228745,0.085,0.625,0.925,497,0.0345114922574821,0.8043534887628536,0.022914926399526,0.775,0.805,0.825,10.470000267028809,12.7400004863739,21.030000686645508,133.3878084942819,107.96339007711748,2.0163371397619767,0.3568203253244792,0.1612635773852316,3.1621149031439004,1.3943555229656937,13.414176036097444,3.972271321211954,tp,1.0
575,26906,0.805610601229019,0.1182671632813451,0.685,0.845,0.885,0.9885310845721356,0.0652246217034277,0.995,0.995,0.995,0.6767489297362528,0.2558725657596444,0.265,0.745,0.955,591,0.0219653608860477,0.7625154840512526,0.1443856690852703,0.535,0.825,0.845,6.810001373291016,8.129999160766602,23.55999994277954,55.36530544967536,485.9722127688138,1.8940339909515784,0.2159470222094099,0.2532112682784143,2.346804323261952,1.3329589293309088,17.58881507057519,4.4287047790652085,tp,1.0
576,15742,0.8286117465217426,0.0656876807614084,0.765,0.845,0.875,0.9981800280620235,0.0229085975908634,0.995,0.995,0.995,0.6069405887232668,0.2778629873375459,0.185,0.645,0.945,256,0.01626222843349,0.8028297150158323,0.0666130106140831,0.785,0.815,0.825,4.959999084472656,7.279998779296875,23.049999952316284,36.10878728027456,435.960362717568,1.7160129324263431,0.144874317693909,0.1007511596847919,1.901986461556988,1.1058348475033188,18.66736619631303,3.542302316437973,tp,1.0
577,29550,0.7983577172262768,0.0591310725782649,0.735,0.805,0.855,0.9974632181693656,0.019394710523263,0.995,0.995,0.995,0.6315365576381133,0.280667131166804,0.175,0.705,0.945,1455,0.049238578680203,0.8098316236050268,0.0155172162130383,0.795,0.815,0.825,4.170005798339844,15.59000015258789,20.52000057697296,65.01039103241055,454.5427204901447,2.1268429875499617,0.4124533336363709,0.1136926954779909,1.7995152642583336,0.8133626946900498,13.77664052116538,5.358505306009084,unmatched_ignored,
578,2682,0.6905942737033881,0.1162049854420147,0.605,0.695,0.805,0.9825261939291986,0.0504765193291505,0.935,0.995,0.995,0.565275432221043,0.3136116737510499,0.095,0.595,0.955,436,0.1625652498135719,0.8030161921174155,0.0417335998894809,0.785,0.805,0.825,4.080001831054688,4.549999237060547,21.50000011920929,18.564005218504462,144.47313327226402,1.6288975319584444,1.646204690576682,0.1837754048354261,1.5644645547471514,1.1525359488929148,14.777323644013768,7.041778567605864,unmatched_ignored,
579,23853,0.6986488033977364,0.1381549687074786,0.485,0.745,0.835,0.9996919505117284,0.0091082140484574,0.995,0.995,0.995,0.465808015311261,0.3008836758604891,0.075,0.445,0.905,313,0.0131220391565002,0.7961530654955977,0.0187500468788661,0.775,0.795,0.815,8.519999504089355,8.800003051757812,18.059999465942383,74.97602163696138,318.14171356674177,2.471571587531072,0.3646630434188548,0.0910497923177868,3.2845728172176787,1.5584972904673184,13.222838613646678,2.306398271662169,unmatched_ignored,
580,847,0.3326481115490796,0.2350007421267274,0.185,0.215,0.785,0.6478059058206281,0.0756017197045234,0.545,0.645,0.745,0.2671158808508092,0.2643797390057812,0.035,0.165,0.735,121,0.1428571428571428,0.316714950829498,0.2155185006962875,0.215,0.225,0.805,4.040000915527344,5.279998779296875,13.28000020980835,21.331199902342632,39.70709589135588,0.9941871860886524,0.4153768207524791,0.3060102668622139,0.7108218345369691,0.3063431632852784,2.656828792345707,0.8253618055933548,unmatched_ignored,
581,411,0.8084933633061802,0.0716695202866412,0.775,0.815,0.845,0.972740635529632,0.0640353498318925,0.915,0.995,0.995,0.7799069680287128,0.2934453173235153,0.355,0.935,0.985,145,0.3527980535279805,0.8115341614032614,0.0168064766386608,0.795,0.815,0.825,2.789999008178711,1.94000244140625,11.040000081062315,5.412604887387715,75.93386337098049,0.5480530127233683,0.2114635323189684,0.1178716107019572,0.5646606631257938,0.496770338380175,4.691901096607356,2.729266895168,unmatched_ignored,
582,7464,0.7538232883640105,0.117762375011757,0.655,0.795,0.835,0.998311492224151,0.023362794527498,0.995,0.995,0.995,0.6520996986541315,0.2813204168981966,0.205,0.715,0.975,293,0.0392550911039657,0.8091289201694137,0.0181466831575821,0.785,0.805,0.835,10.799999237060549,11.510002136230469,21.269999392330647,124.30801428985431,60.044398928261145,1.916269015073081,0.4904347411016952,0.0690830195603053,2.538440424478092,1.224870332705533,15.416072469556031,4.901211234359825,unmatched_ignored,
583,401,0.7432629280814209,0.1838796281918127,0.485,0.805,0.835,0.9749295116957286,0.0725320084201481,0.955,0.995,0.995,0.8119864473506946,0.2626570512034089,0.435,0.935,0.985,159,0.3965087281795511,0.80054435602524,0.0177991006838607,0.775,0.805,0.825,24.180004119873047,5.949996948242188,22.45999956130981,143.87095072172815,2.787220060675104,4.771238388336794,0.5164445818641628,0.0802289915663496,1.596203734171206,4.513600323928348,5.069129425539935,5.05597501935397,unmatched_ignored,
584,14032,0.7883038884055341,0.0883673307087579,0.675,0.815,0.875,0.9990795203012032,0.0162325770775944,0.995,0.995,0.995,0.6538181544737955,0.2660295640392377,0.235,0.715,0.955,301,0.0214509692132269,0.8030073124902986,0.0512514811492827,0.785,0.805,0.825,24.86000061035156,8.720001220703125,22.19999933242798,216.7792356689461,64.72944678810907,2.2454300037315256,0.3979641448654499,0.0561430196912623,2.5244866234961685,1.4207723075063077,16.75243805181936,4.252360408179273,unmatched_ignored,
585,10674,0.7774003612061486,0.107197168001556,0.715,0.805,0.845,0.9992704852614172,0.0133132497406586,0.995,0.995,0.995,0.6556256429848787,0.2856096574969298,0.175,0.735,0.965,176,0.0164886640434701,0.7988034828820012,0.025515975932495,0.755,0.805,0.825,27.310001373291016,6.470001220703125,22.66999912261963,176.6957422225969,60.4089259069591,3.180976894224848,1.1445325642876554,0.21650016103295,1.455822920774005,2.825832715208129,16.19294220460685,5.056767752479176,unmatched_ignored,
586,10323,0.8237085907202086,0.0555884884408489,0.765,0.845,0.865,0.9992162224847564,0.0155107009391748,0.995,0.995,0.995,0.6935358850826404,0.257721152261845,0.285,0.765,0.965,231,0.022377215925603,0.8087240803293335,0.0227119985284921,0.785,0.815,0.825,6.049999237060547,6.8899993896484375,23.28999948501587,41.68449105072068,247.6460606761211,1.3487650939121707,0.2548689642416837,0.085681608990264,1.8391866762318057,0.9496704069973064,16.796202010171516,4.264797617453025,unmatched_ignored,
587,1563,0.755013700605621,0.1359039313712013,0.605,0.805,0.855,0.9586728484067716,0.1112760969122642,0.855,0.995,0.995,0.5231240220563848,0.379167997999055,0.035,0.635,0.965,190,0.1215611004478566,0.7291843148438554,0.1834000285690242,0.465,0.815,0.825,10.970001220703123,17.830001831054688,13.210000157356262,195.59514185180888,7.990996019646514,1.665850043948337,0.4637858731478207,0.1966326309803054,1.4478274177513883,1.664912627038975,7.928983993480317,3.7909950187592,unmatched_ignored,
588,554,0.5822567804733338,0.2288647080042636,0.205,0.555,0.805,0.6400538246123799,0.1351908558899968,0.515,0.605,0.825,0.5755618553702587,0.2752873620585749,0.165,0.635,0.915,249,0.4494584837545126,0.6247598377456627,0.2004681542263648,0.225,0.765,0.805,18.669998168945312,17.290000915527344,20.07999992370605,322.8042854339583,1.716210177492645,3.2673483256759184,0.8172382888861072,0.3861139465956258,1.124100276468013,2.7558584585678174,3.301569701316985,4.736162623002406,unmatched_ignored,
589,2092,0.7902748879850139,0.0529292667049727,0.735,0.795,0.845,0.9992824776906584,0.0019326876783606,0.995,0.995,0.995,0.6527225291983596,0.2815827469294698,0.175,0.745,0.955,492,0.2351816443594646,0.7987414351323756,0.0159526505010856,0.775,0.795,0.815,4.60999870300293,4.589996337890625,23.739999771118164,21.15987716446398,98.86635842637672,0.7979798681843789,0.2358265927445192,0.1026293982933712,0.7218973721039789,0.6903317274315179,5.9821541361923884,3.756424584196397,unmatched_ignored,
590,33853,0.7546857421878188,0.095586582970103,0.625,0.775,0.845,0.9993503725772044,0.0139461155291809,0.995,0.995,0.995,0.6565576280240697,0.2695046713117875,0.225,0.725,0.955,395,0.0116680944081765,0.7909779186490216,0.0179190653837499,0.765,0.795,0.815,5.600000381469727,8.430000305175781,25.82999992370605,47.208004924774286,717.1029585754488,2.0479704827944984,0.3319376365783671,0.0891095236486649,2.511574871728885,1.4734661205828654,19.55677171828803,4.019071797364228,unmatched_ignored,
591,30034,0.7528675551218453,0.1082335001223746,0.595,0.785,0.855,0.9992959042292282,0.0129676760539474,0.995,0.995,0.995,0.5345939196713319,0.3090465984231959,0.095,0.555,0.935,677,0.0225411200639275,0.812985255719992,0.0218768969660962,0.795,0.815,0.835,7.510002136230469,11.530000686645508,20.31999969482422,86.59032978744654,346.85166431083616,2.7380647668289093,0.3697935330426158,0.2274548658340686,2.418032834996512,1.289942396468396,14.356094866502838,3.6586497399735096,fp_counted,0.0
592,629,0.481116155959038,0.2217345747944322,0.195,0.495,0.765,0.650649110160306,0.1428474491250848,0.515,0.595,0.865,0.3902963129607353,0.3600193923447324,0.025,0.245,0.925,149,0.2368839427662957,0.5057908297585161,0.2185053896097405,0.205,0.515,0.815,6.589998245239258,9.299999237060549,18.88000011444092,61.28697865295544,10.263191526568551,1.634012434538109,0.7821525918709764,0.2902392679056551,1.038614555288638,0.9252507912198796,4.347397918802566,3.5263421792024685,unmatched_ignored,
593,4934,0.7262204954476916,0.1426734087569592,0.525,0.775,0.855,0.9822791988157676,0.0817844007702839,0.995,0.995,0.995,0.4051638301211686,0.3355983178576561,0.035,0.295,0.905,221,0.0447912444264288,0.7769663216571463,0.1065237857678702,0.775,0.795,0.825,6.639999866485596,5.120000004768372,17.9399995803833,33.99679934806824,145.13130925898056,1.515646478229056,0.5331057781432649,0.1929461063148052,2.1121765018662755,1.248737717409982,10.57843476048258,3.909147587825409,tp,1.0
594,12276,0.7063354786567975,0.1434966393241862,0.505,0.745,0.855,0.9965280733150472,0.0346518914017528,0.995,0.995,0.995,0.5233665622784623,0.3079684339233715,0.075,0.545,0.925,197,0.0160475724991854,0.8078448769404803,0.0140193918130356,0.795,0.815,0.825,6.450000762939453,4.560001373291016,20.41999983787537,29.412012336732005,417.38048588633217,1.609581976957088,0.2021481346414354,0.1135674291401098,3.291882232905727,1.5189262420657714,12.325468220695509,2.6619099939245072,tp,1.0
595,2168,0.7238737269961086,0.1674600259912553,0.475,0.785,0.845,0.7885690628382552,0.1450166317321396,0.555,0.825,0.955,0.4022237585866478,0.3161869879989336,0.045,0.335,0.895,140,0.0645756457564575,0.5932093323873622,0.2402596988916928,0.215,0.755,0.815,4.790000915527344,3.690000534057617,9.3100004196167,17.675105936432374,122.65838789295536,0.993253073223789,0.7082486425369532,0.3463144553716813,0.6571959584582534,0.3529729731985603,6.936907351525617,2.040168060176421,tp,1.0
596,8791,0.6305851405578633,0.1606972486302208,0.415,0.675,0.795,0.9992243428032846,0.0139442217326831,0.995,0.995,0.995,0.5125214195678228,0.3090004719291733,0.095,0.525,0.925,256,0.0291206916164258,0.8091916790581308,0.0425493250785825,0.795,0.815,0.825,21.19000244140625,19.93000030517578,25.68000066280365,422.3167551239021,20.81612887326916,3.1811511638560286,0.4086101324861197,0.0847973966728841,3.539875310944407,2.0951555186544915,12.28590391125577,3.188226133264714,tp,1.0
597,63191,0.6685269378807517,0.2025069282937116,0.315,0.745,0.865,0.9957951317021616,0.0237124510157793,0.995,0.995,0.995,0.5571985754395129,0.2818893141948967,0.145,0.585,0.925,2096,0.033169280435505,0.8133063080030998,0.0333328850723194,0.785,0.815,0.835,11.589999198913574,10.290000915527344,21.9399995803833,119.26110236778186,529.8542336555738,3.363017405171822,0.3557053217842796,0.0950398379890777,4.0178462411514175,2.2844194247585463,16.456610151499845,4.427770011125115,unmatched_ignored,
598,8567,0.5578578507571845,0.2080465116499792,0.225,0.615,0.805,0.9971809014008344,0.0283545217592975,0.995,0.995,0.995,0.4694959939001398,0.3134055581552488,0.065,0.445,0.915,348,0.0406209875102136,0.7963209414704778,0.0966864543193765,0.775,0.815,0.835,7.979999542236328,12.089996337890623,18.229999780654907,96.47816524200609,88.79729396294505,3.86785285005258,0.6104606913648829,0.1969638294347618,4.617646618093503,2.2599029580792904,13.33101957348242,3.625714195514058,unmatched_ignored,
599,8368,0.7828623843913538,0.0764420220303819,0.675,0.805,0.855,0.9989271623654074,0.0181758425542082,0.995,0.995,0.995,0.5527657472950356,0.303263549893929,0.095,0.595,0.935,167,0.0199569789674952,0.8001148793511762,0.0250914429965203,0.785,0.805,0.815,4.420000076293945,4.890003204345703,18.18000030517578,21.613814536285645,387.1597947669837,1.323479521793413,0.1415696564502833,0.075995913860086,2.4227972332318624,1.1470504654485163,13.821273747539545,2.9712410449655,unmatched_ignored,
600,25264,0.7453389255656726,0.0756456855281846,0.675,0.755,0.815,0.9878461157774496,0.0231041628831635,0.965,0.995,0.995,0.4727094084818026,0.2988452277770996,0.085,0.445,0.905,1992,0.0788473717542748,0.7871506449628067,0.0235817192137349,0.755,0.795,0.815,7.360002517700195,6.839996337890625,17.410000920295715,50.34239026793512,501.84347357244087,1.5149116732155068,0.4765630006568221,0.356642937794602,1.5183909411724104,0.721681692281871,5.594671301596796,2.581598671095609,unmatched_ignored,
601,59385,0.7260978083190311,0.1648112568158785,0.455,0.795,0.865,0.996211033148668,0.0343329380108791,0.995,0.995,0.995,0.5131429595686373,0.3113472486730487,0.075,0.525,0.925,576,0.0096994190452134,0.809306458156142,0.0186507346940779,0.785,0.815,0.825,9.150000095367432,13.320003509521484,21.979999780654907,121.8780333824161,487.2494111688525,3.3541536330554504,0.2584580986056132,0.1012889995234579,3.135142873794204,1.7568863652164952,16.14959898324459,3.7026768714059215,unmatched_ignored,
602,1053,0.5961575753498621,0.2969112872495193,0.175,0.805,0.855,0.9962626907334142,0.0270820423827083,0.995,0.995,0.995,0.651953260082773,0.29874385220075,0.155,0.725,0.985,125,0.1187084520417853,0.8116499223709106,0.0161148333004552,0.805,0.815,0.825,17.37000274658203,8.279998779296875,24.46000051498413,143.82360153808258,7.32146872098165,6.183525563413303,0.9255891460069784,0.1664837153893609,4.445586721704916,5.230324784083355,12.514705083563795,8.5076920933323,unmatched_ignored,
603,11421,0.837831011680168,0.0420819396322939,0.785,0.845,0.875,0.9992540892823212,0.0146520315463646,0.995,0.995,0.995,0.7331096067022583,0.2320925308770565,0.395,0.795,0.965,369,0.0323089046493301,0.8087111333521401,0.0161809337750715,0.785,0.815,0.825,5.590000152587891,6.600006103515625,22.06999969482422,36.89403512573335,309.5622357673185,1.5146782897244582,0.3021232586449556,0.0670189388873859,1.4070591778232784,0.87988203895602,16.50102750803186,4.70006233799129,unmatched_ignored,
604,203,0.5832398962321246,0.3075943180650173,0.065,0.825,0.845,0.7816662359707461,0.1444582761440637,0.575,0.855,0.925,0.897911905558789,0.1531323543273864,0.825,0.925,0.985,86,0.4236453201970443,0.2930476703616075,0.2272480891971604,0.065,0.225,0.555,0.6100006103515625,0.6399993896484375,6.939999580383301,0.3904000183101743,519.9794838091317,0.1865205882891344,0.1809259283449001,0.1919480670981368,0.3368237837000928,0.1704601269175146,3.8038281052570624,1.4651550899961308,tp,1.0
605,36901,0.7815222805619566,0.0900077089315187,0.685,0.805,0.855,0.999514829559716,0.0117264614549557,0.995,0.995,0.995,0.5162176536889191,0.315682721286401,0.075,0.525,0.935,766,0.0207582450340099,0.7945767420079005,0.010911013059698,0.785,0.795,0.805,11.109999656677246,13.78000259399414,25.82999992370605,153.09582408828646,241.0320478677468,2.503319096531503,0.2617977913128799,0.1860877638359164,2.5246783209536305,1.5078288801232682,19.313430427916582,5.580689780986263,tp,1.0
606,6400,0.5931917647260707,0.1383820237745914,0.415,0.595,0.785,0.9572786717489362,0.1183352981839656,0.775,0.995,0.995,0.6070472837348098,0.264692353165661,0.205,0.645,0.935,184,0.02875,0.780617324149479,0.099415914857055,0.765,0.795,0.825,7.449999809265137,5.970001220703125,17.380000114440918,44.47650795555092,143.89618911619712,2.071577440025788,0.4834215888723383,0.1082299931509761,4.280796860663703,1.920375539434989,10.6458683207212,3.7246485173652863,tp,1.0
607,15598,0.7887989134155285,0.0967505369570326,0.655,0.825,0.875,0.9984181011994844,0.0224814943127995,0.995,0.995,0.995,0.6901626442288336,0.2712160581963362,0.255,0.775,0.975,625,0.0400692396461084,0.8057139852523804,0.0181857633092486,0.775,0.805,0.825,8.700000762939453,5.680002212524414,24.84999942779541,49.41602358246018,315.64660345387205,1.8923945772177528,0.2958871273311024,0.1206620568684776,1.856562544518928,1.2926148869668364,16.489269710216465,5.6660481299156045,tp,1.0
608,11859,0.7103654324304108,0.1202153850197997,0.545,0.745,0.835,0.9922381621336333,0.0494991137782561,0.995,0.995,0.995,0.424386421705368,0.3171258750575498,0.035,0.375,0.895,331,0.027911291002614,0.7909532429318413,0.1050019520417298,0.775,0.815,0.835,6.639995574951172,10.759998321533203,20.040000073611736,71.4463412414625,165.98470675945347,1.5974762322230704,0.2263087690392839,0.0872898774556325,3.1593870634692585,1.4110681813534631,14.558017726132848,3.7353050847427576,tp,1.0
609,615,0.2979450318992622,0.2025077108276182,0.115,0.205,0.545,0.8641576279469622,0.1991120141230652,0.545,0.995,0.995,0.4891401934399595,0.3443510237805611,0.065,0.415,0.935,129,0.2097560975609756,0.5953170660623285,0.147863744702831,0.505,0.545,0.835,10.920001983642578,12.040000915527344,19.640000611543652,131.47683388061705,4.677630133369574,3.924817979028158,1.1269892362403826,0.3827663084124798,3.4627157932951467,2.654668893795322,10.933349377498397,6.080704450314674,fp_counted,0.0
610,2758,0.1875647415891235,0.1365211201446802,0.105,0.145,0.405,0.9312193383549848,0.1588539227443756,0.575,0.995,0.995,0.465726459685741,0.3104324339438464,0.075,0.445,0.905,105,0.0380710659898477,0.5440460100769997,0.2529196143559749,0.215,0.525,0.825,12.789997100830078,18.63999938964844,24.28000009059906,238.40553815307797,11.568523203639314,5.107365784467401,1.4389936804176493,0.3613908301170876,7.339010235126683,3.921261139891544,14.063167733184187,5.56179002814649,fp_counted,0.0
611,19083,0.5936450578574145,0.2674185835011504,0.195,0.725,0.855,0.9991738204810378,0.0138957298211546,0.995,0.995,0.995,0.509650010747285,0.3038049937822337,0.095,0.505,0.915,476,0.0249436671382906,0.8123213043984245,0.0159083672021068,0.795,0.815,0.835,21.779998779296875,20.90999984741211,27.62999963760376,455.4197711517336,41.90200164507584,5.893428547891228,0.469879772985866,0.1507239946001556,4.532563286785777,3.940320629570517,13.46572108542242,4.921980143962866,tp,1.0
612,5878,0.7967071109129716,0.1038758699889456,0.715,0.825,0.865,0.9975495214424152,0.023100043305921,0.995,0.995,0.995,0.5943167905936789,0.2937045194700315,0.135,0.655,0.935,546,0.0928887376658727,0.8059155079689655,0.0159991510850519,0.785,0.805,0.825,7.819999694824219,7.910003662109375,16.140000343322754,61.856226223753765,95.0268123169589,1.8069135033461867,0.443316628763941,0.2636292313589918,1.375813545960383,1.1346162405465976,9.609317419743125,3.8352557913474734,unmatched_ignored,
613,29066,0.7044936965461206,0.1356317720014914,0.495,0.745,0.845,0.9992561324172786,0.0126150908526517,0.995,0.995,0.995,0.5921641258852827,0.2712499422744702,0.195,0.615,0.935,898,0.0308952040184407,0.7953934603783495,0.0146416149523303,0.775,0.795,0.815,9.389999389648438,10.349998474121094,20.44999974966049,97.18647935485932,299.0745234619583,2.702168335929384,0.3061551479226477,0.1145787094367214,3.180308744645977,1.8955984762206777,15.264326576123766,4.716733265618417,unmatched_ignored,
614,4317,0.7392746482682168,0.0990216418648819,0.605,0.765,0.825,0.9988550680197856,0.0160811272753841,0.995,0.995,0.995,0.5062411874128149,0.3225367065845482,0.045,0.515,0.935,104,0.0240908037989344,0.8159701073398957,0.0105932760705142,0.805,0.815,0.825,5.279998779296875,4.470001220703125,22.850000381469727,23.60160098876804,182.91132038264917,1.1865560207932726,0.8590395128309269,0.1554455641830071,1.141254379957814,0.66872940015428,13.025029210627894,6.520516282409341,unmatched_ignored,
615,4957,0.8045282531105056,0.0603861277708068,0.735,0.815,0.865,0.992455333357067,0.0399544633660098,0.995,0.995,0.995,0.4409437304768265,0.3306359851435607,0.055,0.365,0.925,144,0.0290498285253177,0.7948897704482079,0.0189518785314817,0.775,0.795,0.825,4.6399993896484375,5.319999694824219,14.399999141693115,24.68479533691425,200.81187355793796,1.1816509099764003,0.2578324199110069,0.1001382718499314,1.32641821100055,0.7825341074273131,10.297979647512756,2.851838410211629,unmatched_ignored,
616,706,0.6046225942259723,0.2740142816216417,0.055,0.745,0.825,0.7152786184809363,0.1452525925057309,0.545,0.675,0.995,0.3818589350064852,0.3429163466099239,0.025,0.285,0.945,145,0.2053824362606232,0.7517596008448765,0.1666228927152066,0.505,0.815,0.835,3.44000244140625,5.160003662109375,14.019999742507936,17.75042519532144,39.77369512174185,1.436022112902954,0.7651330095066015,0.2680903913948432,1.2414954723680731,0.5973026647323372,4.653798297174254,2.0687756177391723,unmatched_ignored,
617,9093,0.765642429299773,0.0977322403938029,0.665,0.795,0.845,0.9969573828183712,0.0216947636220653,0.995,0.995,0.995,0.526752770073924,0.2907167490147688,0.115,0.535,0.915,586,0.0644451776091498,0.7945217784150875,0.0293929064473318,0.765,0.795,0.825,5.249996185302734,6.299999237060547,17.240000247955322,33.07497196197801,274.9208679739181,1.570749877375817,0.3337476244571859,0.2894413132977927,1.6894085060668358,0.8426022598712765,8.677882524710945,2.7572626894930585,unmatched_ignored,
618,1328,0.774030052260103,0.1093125431658876,0.735,0.805,0.835,0.9935571257788016,0.0395036610651448,0.995,0.995,0.995,0.6437493170493458,0.2594153382367181,0.215,0.705,0.945,214,0.161144578313253,0.8142959169138257,0.0205083767165846,0.795,0.815,0.835,4.880001068115234,5.279998779296875,16.78000083565712,25.766399682615884,51.53999069943704,0.8986489531878682,0.4614979710367739,0.1136935288868045,1.1657689059020264,0.6400316181210403,6.292110519932516,2.596241323638295,unmatched_ignored,
619,596,0.6028071670799248,0.1563984869278611,0.355,0.635,0.775,0.8850402318991271,0.1135090395429255,0.725,0.905,0.995,0.3784601275942713,0.3282719689398847,0.035,0.265,0.875,80,0.1342281879194631,0.7524529496207834,0.0878578351398783,0.675,0.785,0.805,4.770000457763672,9.130001068115234,17.519999742507935,43.55010927429248,13.685384719615785,1.592853555635322,0.9090466231465688,0.4768210893981766,1.3904360203477757,1.041630394582525,6.1883219576522,4.176317073049445,unmatched_ignored,
620,3813,0.8038592943948553,0.0691182159660265,0.745,0.815,0.855,0.9984409584793992,0.0188247551646673,0.995,0.995,0.995,0.427684309560185,0.3028751327762666,0.065,0.375,0.895,97,0.025439286650931,0.8009251190215042,0.0180719618061426,0.775,0.805,0.815,6.4199981689453125,7.020000457763672,18.49000024795532,45.06839008483803,84.60475275070398,1.3952211110546082,0.2303171994260539,0.1417900734612215,1.2877714691756004,0.7765077246580901,8.781691549332661,1.8171719472844448,unmatched_ignored,
621,449,0.4756355937777755,0.2158322360551954,0.155,0.455,0.795,0.977029109983508,0.0620228367337311,0.925,0.995,0.995,0.6090237895599286,0.3101082760716269,0.155,0.685,0.965,102,0.2271714922048997,0.7907144152650646,0.0231329234230977,0.765,0.795,0.815,7.400001525878906,5.970001220703125,18.980000019073486,44.17801814270206,10.163425587577477,2.884831671813724,1.598615231297469,0.1880354561224087,3.37885421666964,1.864546767259366,12.620875554652947,7.032247218019663,unmatched_ignored,
622,2316,0.7035264496326396,0.1745111578446486,0.485,0.755,0.825,0.9228148308030888,0.0922962674532028,0.795,0.965,0.995,0.3878964940414996,0.3188349057241242,0.025,0.305,0.865,509,0.2197754749568221,0.8027857734084364,0.0402808682328906,0.765,0.805,0.835,12.039997100830078,10.259998321533203,21.58999967575073,123.53035004578123,18.74842902284073,1.7758597495270805,0.6483574574162358,0.2289732681439198,1.239479655122711,1.403786218961735,3.9569250685589097,3.2491867607235445,unmatched_ignored,
623,12897,0.8028191186558732,0.0643916551565729,0.715,0.825,0.865,0.990022844382568,0.0339874029160558,0.975,0.995,0.995,0.5659230426675064,0.310228115959815,0.105,0.615,0.945,1517,0.1176242537024114,0.7931594048174259,0.0429557359642875,0.765,0.795,0.825,8.010002136230469,7.090001106262207,18.85999965667725,56.790924007036665,227.09614653218185,1.4352383745722803,0.2346405566461926,0.2768290521689556,1.2958307704732088,0.6529839735837956,7.365487524834475,3.787611215924343,unmatched_ignored,
624,547,0.6972566281310819,0.1759517632784959,0.445,0.775,0.845,0.9663702378107382,0.0708512377884542,0.935,0.985,0.995,0.6339074229341429,0.2974977857573583,0.225,0.725,0.955,132,0.2413162705667276,0.8005877809994149,0.0279848076646895,0.765,0.805,0.835,7.7299957275390625,10.31999969482422,20.15999984741211,79.77355354919564,6.856909033927766,2.182990810674158,0.8325646064802292,0.238018623442956,1.455235911090633,1.6939332000448797,7.079016875850217,5.333069675024044,unmatched_ignored,
625,14216,0.746170700855289,0.0991752612193244,0.625,0.755,0.855,0.9993358824903132,0.0140841377744982,0.995,0.995,0.995,0.596597015943923,0.2844181774538016,0.155,0.645,0.945,276,0.0194147439504783,0.8115941536599312,0.0165217527765013,0.795,0.815,0.835,8.170001983642578,8.449999809265137,20.270000457763672,69.03651520347557,205.92001143308448,1.8231220128450163,0.170506133861603,0.0639406557316714,3.1880984695160035,1.125951568888181,13.998671063380792,2.855801523424881,tp,1.0
626,30894,0.7839884619561531,0.1080414722423706,0.635,0.825,0.875,0.9973421589166144,0.0312492894330066,0.995,0.995,0.995,0.6276985294070571,0.2794301274552738,0.185,0.695,0.945,511,0.0165404285621803,0.7852308098846452,0.1309900451769666,0.775,0.825,0.835,8.40999984741211,9.279999732971191,22.36999988555908,78.04479633827214,395.8495819003117,2.2978565930324577,0.1799099346033146,0.2326517341911406,2.351068106061239,1.4245548489346769,15.908522254432327,3.3788359488094604,tp,1.0
627,1897,0.6217279088951974,0.2369267904681722,0.215,0.775,0.835,0.6351965958341901,0.0827297827854574,0.525,0.625,0.745,0.468029103837193,0.2889184691119811,0.095,0.445,0.895,647,0.3410648392198208,0.6645641864451596,0.2290907389369541,0.225,0.815,0.845,4.659999847412109,3.8600006103515625,13.420000553131104,17.98760225524893,105.46152694956548,1.1472972361021117,0.7653660313665446,0.6162760574296416,0.6297975411638765,0.3284638691680003,2.6654448993091653,0.8535917776257879,tp,1.0
628,985,0.7291761421310115,0.1497141553657115,0.505,0.775,0.835,0.8216896743943849,0.1419529136956872,0.605,0.845,0.975,0.5428977192861741,0.3380809271990534,0.055,0.625,0.955,208,0.2111675126903553,0.7769274493106283,0.1364490781295736,0.755,0.815,0.845,5.290000915527344,7.409999847412109,19.65000009536743,39.198905976867536,25.12825231860497,1.1311882549775112,0.7330953727290266,0.3418534163319852,1.2757435050609789,0.9670901872710048,4.967083466476596,2.8946605026037986,tp,1.0
629,845,0.712124814613331,0.1477297519000768,0.465,0.775,0.835,0.985019362396037,0.0311884608154977,0.955,0.995,0.995,0.6972575558867504,0.25897158851014,0.275,0.775,0.965,229,0.2710059171597633,0.8093309215062571,0.0270357901889409,0.765,0.815,0.845,6.100002288818359,3.049999237060547,13.59999978542328,18.605002326963582,45.41789273390043,1.7708463607148304,0.6610943649310229,0.1959995454831604,1.4840545027862464,1.3476102509602532,7.466359939377689,4.53025980867317,unmatched_ignored,
630,6000,0.7943513413717349,0.0579220643286078,0.735,0.805,0.845,0.9962209395070872,0.030721022459109,0.995,0.995,0.995,0.5689197318521425,0.2999332066728283,0.115,0.605,0.945,294,0.049,0.7891713587605224,0.0582896842927911,0.755,0.805,0.825,6.010002136230469,4.299999237060547,14.500000715255736,25.843004600523276,232.1711462249444,1.418277957919785,0.271495253445235,0.1804570769811047,1.7173397493033653,0.951343722655518,11.661069990441202,2.962791805873376,unmatched_ignored,
631,4066,0.8040942923077444,0.0523166786727192,0.745,0.815,0.845,0.99802431755915,0.0186187401855517,0.995,0.995,0.995,0.6042505568851106,0.270850138477827,0.205,0.645,0.935,245,0.0602557796360059,0.8035631028973327,0.0376328426159527,0.785,0.805,0.835,3.220001220703125,2.1100006103515625,14.34000039100647,6.79420454101637,598.4512205150291,0.6450403486717535,0.2136904612190987,0.1042053958032522,0.7335497110673255,0.4061440761017331,10.688869647678048,3.0044615424551617,unmatched_ignored,
632,8784,0.725067758405978,0.1294865411000586,0.515,0.765,0.845,0.9986588719465476,0.0147996543302132,0.995,0.995,0.995,0.3284176881226553,0.3041415365487953,0.025,0.215,0.835,340,0.0387067395264116,0.7997934955884428,0.0260123130447482,0.775,0.805,0.815,7.870000839233398,6.909999847412109,18.5600004196167,54.38170459823596,161.52491108719195,1.9568920038897837,0.38981981728155,0.1133616818839034,2.192027455398604,1.6767842388779357,10.164412557688594,3.607724316369538,unmatched_ignored,
633,169,0.7453513114145521,0.1425117692363633,0.655,0.785,0.805,0.875154519574882,0.1491151192105798,0.575,0.945,0.985,0.7694429304649139,0.1779105530418148,0.425,0.825,0.865,139,0.8224852071005917,0.7706421373559417,0.0747969113043682,0.765,0.785,0.805,8.4399995803833,6.30999755859375,18.47000026702881,53.2563767467509,3.173328910519818,0.8122927044473093,0.5370939071339056,0.175985580244971,0.4541613016406067,0.5115852731109617,1.933356262875732,2.40262588538793,unmatched_ignored,
634,7804,0.7816046294457886,0.0921157673153551,0.685,0.805,0.855,0.9983545770894436,0.0217624116777783,0.995,0.995,0.995,0.6394236181610258,0.2746011369027252,0.215,0.705,0.955,383,0.0490773962070733,0.8107344841210089,0.025245880651289,0.795,0.815,0.825,22.76000213623047,7.959999084472656,21.95999956130981,181.16959616699023,43.075660403894624,2.236210708551148,0.5645724160804815,0.0975218645338399,1.7511137061888782,1.6345493179520691,9.80954872148502,3.544158225981553,unmatched_ignored,
635,8611,0.7631535219408648,0.0949112447881684,0.665,0.785,0.845,0.9984392558998132,0.0227850472827948,0.995,0.995,0.995,0.5251313180126147,0.3173959678606187,0.075,0.545,0.945,258,0.0299616769248635,0.8065496761669484,0.0146783738406411,0.785,0.805,0.825,20.01000213623047,5.779998779296875,22.100000858306885,115.65778792113996,74.45240095609746,1.928458535271448,0.2433543611791061,0.0906115574994408,2.095986297273255,1.564986142456246,13.685901679712062,3.576362465839155,unmatched_ignored,
636,1075,0.6624490183938381,0.2371725875204627,0.175,0.765,0.825,0.8272047794142435,0.1118352107655289,0.705,0.825,0.995,0.4948010873439353,0.2628204924363955,0.155,0.465,0.865,298,0.2772093023255814,0.7903363979702828,0.0965063279528019,0.765,0.815,0.835,17.529998779296875,8.350006103515625,22.59999942779541,146.37559680175036,7.34412035536203,5.478730350321998,0.8898534645174682,0.2824649008430613,2.722402139762681,4.936992932383499,5.566687392966692,7.36766000053722,unmatched_ignored,
637,3213,0.7404384117444801,0.0899939602439278,0.625,0.765,0.835,0.9969817623890266,0.028279741356694,0.995,0.995,0.995,0.6976778147920742,0.2879185242784639,0.215,0.795,0.975,194,0.0603797074385309,0.7620651529929072,0.0646246640231916,0.745,0.775,0.795,5.1399993896484375,2.839996337890625,22.10999965667725,14.59757944336161,220.10498469738712,1.2862039983116826,1.3679365827889185,0.1833248519796976,1.0966094613753012,0.7295901389493895,14.852534000455424,5.75557391073654,unmatched_ignored,
638,919,0.7209095900576314,0.1188948718009827,0.585,0.755,0.835,0.8968877636050244,0.1413379261018525,0.665,0.995,0.995,0.619222336522312,0.2386747927487778,0.255,0.645,0.915,56,0.0609357997823721,0.6455731563536184,0.230952945965851,0.205,0.775,0.815,3.020000457763672,5.349998474121094,14.199999690055847,16.15699784088065,56.87937877139118,2.0047883491160112,0.6579130052101122,0.3302748520051702,1.925216125801494,1.067818060593975,10.371670652525468,5.164805140146598,unmatched_ignored,
639,1882,0.3516312884354883,0.2093795793859751,0.145,0.285,0.775,0.9488858109326216,0.1279007740245249,0.705,0.995,0.995,0.6273527435510918,0.2682970229270419,0.185,0.685,0.935,184,0.0977683315621679,0.7204616988563667,0.1789803356564384,0.475,0.795,0.825,10.260002136230469,9.840000212192535,18.12999987602234,100.95842319760368,18.64133710088165,3.744264174696268,0.9212495497288772,0.2005115752082345,5.717358696968262,3.143142272563833,13.493967196513186,5.643075503451743,unmatched_ignored,
640,23727,0.7427310899428201,0.0770774440563451,0.655,0.755,0.815,0.9951368349212538,0.0247316542648573,0.995,0.995,0.995,0.4300716843325614,0.2789684740252955,0.085,0.385,0.855,1991,0.0839128419100602,0.7634444524188367,0.044796147769155,0.715,0.775,0.805,7.739997863769531,27.750003814697266,23.600000381469727,214.7849702453532,110.46862344649244,1.8048947806729756,0.3229144451923167,0.3898258055404621,1.5591260564765288,0.9879922314641324,6.196693137658,2.59191137858961,unmatched_ignored,
641,824,0.7694994191756671,0.1009532326618811,0.705,0.795,0.825,0.99658769629534,0.0060201746200898,0.995,0.995,0.995,0.6167675190163298,0.2977091690208469,0.165,0.735,0.945,292,0.3543689320388349,0.8051215059136692,0.0244364473997482,0.785,0.805,0.825,10.760002136230469,24.270000457763672,16.039999961853027,261.1452567718516,3.1553320561356557,2.8611569866876607,0.2137199735224816,0.0804100316885543,1.2832100054603914,2.6022596459552942,4.120693979549755,3.6845929443777297,unmatched_ignored,
642,8461,0.7433687384091622,0.1162069136789042,0.575,0.785,0.845,0.9985469916993712,0.0174437544175174,0.995,0.995,0.995,0.4419063554066119,0.3148501020621765,0.045,0.405,0.895,483,0.0570854508923295,0.7972497214441714,0.017737724578346,0.775,0.795,0.815,8.970001220703125,24.470001220703125,13.40999984741211,219.495940820314,38.54740989003724,1.9222066464385024,0.4418356498217547,0.1079010021397967,1.7919332185889176,1.1650456077634628,8.422990378184798,2.498889284121326,unmatched_ignored,
643,12614,0.772575536583033,0.0721934358426231,0.705,0.785,0.845,0.9876340147818404,0.0386631847278125,0.975,0.995,0.995,0.3336681297390021,0.2819935549906899,0.035,0.255,0.795,542,0.0429681306484858,0.7801792576799094,0.0696005019133638,0.755,0.795,0.815,9.010000228881836,6.680000066757202,20.460000038146973,60.18680213041307,209.58083090488708,1.2926403741148524,0.2867062837216212,0.2342149858663269,1.1946402434502048,0.5757492348510891,6.64336166824878,3.3858494897079443,tp,1.0
644,11749,0.7701949981532002,0.0843601580980494,0.685,0.785,0.855,0.9860166332875732,0.0402031941848372,0.965,0.995,0.995,0.40907859964359,0.3088467714732453,0.045,0.355,0.875,431,0.0366839731040939,0.7884059519336284,0.1022285626054727,0.775,0.805,0.835,9.969999879598618,6.96999990940094,15.789999961853027,69.49089825752975,169.0725015016902,1.5887637722922838,0.3370481773624796,0.2479864413615649,1.5120366338286042,0.8000040334366032,7.7298613018797395,2.283513320327077,tp,1.0
645,8636,0.7221015840225291,0.0982619807144684,0.595,0.735,0.835,0.9906289092212874,0.0524984707417737,0.995,0.995,0.995,0.6363824300443643,0.278759491912127,0.195,0.695,0.955,614,0.0710977304307549,0.7806233405241749,0.1120833368424468,0.765,0.805,0.825,4.3600006103515625,4.999999850988388,17.920000553131104,21.800002402067093,396.146745340777,1.4560678884555032,0.2246528799483941,0.3042583364736003,2.65748418226903,1.2967923444941438,12.359198472255107,4.056583546473222,tp,1.0
646,63315,0.7061451927853555,0.1520761493339655,0.475,0.765,0.855,0.999372552985651,0.011575236564726,0.995,0.995,0.995,0.4842994770353372,0.3114752409388994,0.065,0.475,0.925,1064,0.0168048645660585,0.8099481356925422,0.0278299124072243,0.785,0.815,0.825,10.379999160766602,13.190000414848328,19.52999973297119,136.91219323663677,462.449680362416,3.269434943170818,0.2778707059705301,0.1866211156346163,3.051365115005575,1.7172753089277353,13.555309593002832,3.215728571605837,fp_counted,0.0
647,35723,0.7840768902362623,0.1163455637413213,0.615,0.825,0.875,0.996450068371809,0.0364477780883503,0.995,0.995,0.995,0.662205927882835,0.2506700437890982,0.275,0.715,0.955,594,0.0166279427819612,0.7797647616151808,0.1123987632690095,0.775,0.805,0.835,6.799999237060547,10.029999732971191,25.649999618530277,68.20399053192159,523.767007199975,2.56357619194621,0.20165721822359,0.2191303674948894,2.768210634690676,1.665552155524232,20.08997524319905,4.54250954277955,tp,1.0
648,44608,0.7090726434004291,0.1497071932453306,0.485,0.755,0.865,0.9995692254951388,0.0105401450326815,0.995,0.995,0.995,0.580952659133585,0.2824013761550556,0.165,0.615,0.945,521,0.011679519368723,0.8100700368121581,0.0217070898056193,0.785,0.805,0.835,9.030000686645508,8.829999923706055,25.690000534057617,79.73490537414546,559.4538526217957,2.6430175276679027,0.1857567406264389,0.0858559060230162,4.331859203865778,1.6312988593584457,19.359038196051817,4.192012702010181,tp,1.0
649,254,0.7346577335765042,0.1553860988383414,0.515,0.785,0.825,0.7356105566494108,0.1278465264771828,0.545,0.745,0.905,0.5660845605641838,0.2222418483064798,0.255,0.595,0.855,121,0.4763779527559055,0.7249163222953308,0.1757507925516696,0.495,0.805,0.835,4.019996643066406,2.979999542236328,13.12999963760376,11.979588156129466,21.20273223833981,0.6933896827030419,0.4167909738686498,0.471129912295486,0.5734978112576852,0.2891907573751301,2.4258062252848167,1.0183231064208025,tp,1.0
650,3732,0.7998875310247223,0.0695250734770987,0.725,0.815,0.855,0.9932995549256396,0.0333048996654447,0.985,0.995,0.995,0.5491648320409002,0.3071531985931232,0.095,0.585,0.945,166,0.0444801714898177,0.8122747723596642,0.0195654761217693,0.785,0.815,0.835,4.450000762939453,3.770000457763672,15.959999799728394,16.776504913330427,222.4539628057209,1.0161379177298242,0.2112946360219492,0.1203266127761848,1.8398335142815572,0.661590366945406,11.523372541254613,3.700365298508697,tp,1.0
651,25003,0.686604211865647,0.1667048664216859,0.415,0.745,0.845,0.997558756405862,0.0269693730547152,0.995,0.995,0.995,0.4355175112721697,0.3081678560588443,0.045,0.395,0.895,383,0.0153181618205815,0.8082438174917244,0.0666768826324227,0.795,0.815,0.835,9.02999496459961,11.90999984741211,19.97000002861023,107.54723865051346,232.48388627856812,2.9302940455554065,0.4335184424228507,0.081670676063394,2.851656275627427,1.6570726032048064,11.683283280526258,2.4737164338790314,tp,1.0
652,20808,0.6625088164020689,0.1812341486768259,0.385,0.705,0.845,0.9917482772683786,0.052928807244054,0.995,0.995,0.995,0.4139603824544248,0.3238906013333465,0.035,0.335,0.915,769,0.0369569396386005,0.7753439008395135,0.1339215277594249,0.775,0.805,0.825,12.790000915527344,12.869998931884766,22.569999992847443,164.6072981216421,126.40994802443832,2.9434776119448287,0.8142844090655855,0.3802023545882029,2.68101642915113,1.8955747683376816,11.036828925101942,3.0142928446200377,tp,1.0
653,15772,0.7560731467977261,0.1432399752793061,0.625,0.795,0.865,0.9993603544929988,0.0132168873610808,0.995,0.995,0.995,0.4850178546935454,0.3264758210583958,0.055,0.475,0.925,335,0.0212401724575196,0.8123715701387889,0.0136338902630063,0.795,0.815,0.825,12.629997253417969,13.34000015258789,22.46999943256378,168.48416528778034,93.61117095520844,2.269349870611282,0.4240372345243919,0.0661928844389644,2.118032516405851,1.5904514176914244,12.36492939737245,2.7718641943981988,tp,1.0
654,30306,0.7644652856120137,0.08110077075111,0.675,0.775,0.845,0.9964074279946054,0.0179038832557833,0.995,0.995,0.995,0.5428641961267533,0.3061501280461384,0.095,0.565,0.935,1412,0.0465914340394641,0.7954524108353823,0.0287968182108655,0.755,0.805,0.825,7.409999847412109,8.400001525878906,21.46000027656555,62.24401002502418,486.8902242611935,1.787030683217131,0.4738275264545621,0.3965422250649598,2.1579564034461085,1.234937500184056,10.46971363639317,5.440818482192,tp,1.0
655,3373,0.8100268930293953,0.0456055913266454,0.765,0.815,0.855,0.9982540513442102,0.0207529300229029,0.995,0.995,0.995,0.5418005706037892,0.3327987223261822,0.045,0.575,0.955,111,0.0329083901571301,0.8004605302939544,0.0179394535791065,0.775,0.805,0.815,5.340000152587891,3.720001220703125,15.080000638961792,19.864807086181827,169.7977727831193,0.9156180005535144,0.2328504655023058,0.1433299250401565,0.8010096151229824,0.4620326228078,11.593206709361803,2.8296886793816536,unmatched_ignored,
656,3580,0.8025870437000218,0.0832661822748199,0.735,0.815,0.865,0.9990581759527408,0.0028587618296196,0.995,0.995,0.995,0.6390395738149759,0.2930329997262693,0.155,0.725,0.955,562,0.1569832402234637,0.8047328123630578,0.0128873183202097,0.785,0.805,0.825,7.28000020980835,9.950000762939451,22.920000076293945,72.43600764179246,49.4229336561958,1.2524075966239083,0.1518695872619287,0.1545044517767392,1.0767911893597748,0.9868502781731538,6.30833243201981,3.1555859825283967,tp,1.0
657,19270,0.6910254431065882,0.1381568868153292,0.485,0.725,0.835,0.997948134978571,0.02358262659675,0.995,0.995,0.995,0.5695319191622441,0.2802949885445558,0.155,0.585,0.925,419,0.0217436429683445,0.7996693172432073,0.0807181785753559,0.785,0.815,0.835,9.90999984741211,6.210000157356262,18.31999969482422,61.54110061182973,313.1240716922737,2.0773804359466728,0.2218090085278897,0.1241617572670375,3.147626119626408,1.5249513628311746,13.829560432707206,2.9816819768184537,tp,1.0
658,1768,0.6381993193718778,0.2204131867791525,0.215,0.755,0.825,0.6513156544636277,0.1022570172995974,0.525,0.635,0.795,0.4560239969208011,0.3013574947030439,0.075,0.445,0.875,304,0.171945701357466,0.6084759732414233,0.2346330710439386,0.215,0.745,0.825,8.180000305175781,4.709999561309815,9.749999523162842,38.52779784889208,45.88894509190956,1.000165690784388,0.7163227584485748,0.252341362900175,0.903097722822112,0.5334872975112177,4.698582130252506,1.6921186597636912,tp,1.0
659,19127,0.7966155918432789,0.0698481478227597,0.705,0.815,0.855,0.9926543211347356,0.0426836844156899,0.995,0.995,0.995,0.5992373872439098,0.3091461134995112,0.115,0.675,0.955,306,0.0159983269723427,0.7936487913716073,0.0520314815871494,0.775,0.795,0.825,6.900001525878906,6.180000305175781,24.75,42.642011535645,448.54825818926247,1.5814511467933972,0.2002001733230349,0.0960760361462045,1.934525832111878,0.9218691881032638,16.33597543742006,5.064472456871585,tp,1.0
660,7306,0.7707397928015275,0.096355466267847,0.675,0.795,0.845,0.9700917480760752,0.0763474406957133,0.875,0.995,0.995,0.3601296803163074,0.2917841522379389,0.045,0.265,0.855,107,0.0146454968519025,0.8123601602616711,0.0146653106203592,0.795,0.815,0.835,8.199996948242188,8.690000534057617,17.429999828338623,71.25797785949544,102.5288707238616,1.8431110936882056,0.3937111989686099,0.0859920326045559,1.7227323970713018,0.8000541013943632,8.33134748210507,1.6855034438708114,unmatched_ignored,
661,21509,0.8354712442464922,0.0464777456948246,0.785,0.845,0.875,0.9997115021742028,0.0080716264775978,0.995,0.995,0.995,0.6420856287067075,0.2696059558236566,0.225,0.695,0.955,247,0.0114835650192942,0.8040020835061787,0.0159431977948709,0.785,0.805,0.825,4.8899993896484375,6.659999847412109,23.91000008583069,32.5673951889039,660.4458193613339,1.471962314622646,0.1286012510751639,0.074455162221316,1.6566790117980226,0.8987161361385001,18.557758009118118,3.410547838968128,tp,1.0
662,9311,0.7824029122086066,0.0862118904220732,0.675,0.805,0.865,0.9980814497397368,0.0165830817408587,0.995,0.995,0.995,0.4713954754296095,0.3179142183241026,0.055,0.455,0.915,297,0.0318977553431425,0.8098741992555484,0.0262403142159287,0.785,0.815,0.825,6.239997863769531,8.620002746582031,18.979999542236328,53.78879872435937,173.10295490542944,1.7245794248552246,0.1759706209999764,0.0923942317259975,2.05849688140704,1.1312477640431935,10.532660049397226,3.07627686023722,tp,1.0
663,3554,0.777271671523589,0.1025821436670416,0.685,0.805,0.845,0.950435803153908,0.0896449688144272,0.845,0.995,0.995,0.526958986382462,0.3183393440735683,0.075,0.585,0.935,457,0.1285875070343275,0.6946318213475351,0.1873375813573519,0.505,0.805,0.835,9.900001525878906,6.659999847412109,20.36000022292137,65.93400865173317,53.90238016275351,1.4874418469001194,0.6287150165742759,0.3731953764099956,1.0062326532357957,0.7256255484142433,6.415390735191278,2.736865461787755,unmatched_ignored,
664,44981,0.7846542234720721,0.0937772213169318,0.685,0.805,0.865,0.993822771958386,0.0497729628823,0.995,0.995,0.995,0.56083627849105,0.2932794806884866,0.115,0.595,0.935,599,0.0133167337320201,0.8151355025814053,0.0289198679935065,0.795,0.815,0.835,10.420005798339844,8.30999755859375,21.73999969661236,86.59022274473682,519.4697342747518,2.6918054654641304,0.2300917977308438,0.1536272001339765,2.545032687906404,1.2404116397531195,16.5956569012561,3.7936616529576166,unmatched_ignored,
665,20069,0.7279233525762988,0.1396559279090589,0.565,0.765,0.855,0.9989230112588972,0.0102600361183623,0.995,0.995,0.995,0.4442036069022319,0.3101042823722227,0.055,0.395,0.905,752,0.0374707259953161,0.8113851358598851,0.0214487646033812,0.785,0.815,0.835,8.90999984741211,11.599998474121094,16.980000019073486,103.35598463439965,194.17356499471148,2.350636737003862,0.4100366034655912,0.1405520762984616,2.278347203411032,1.1790988529416706,11.165054984446794,3.11884032948214,tp,1.0
666,7010,0.7776803777689983,0.0726891578330622,0.695,0.795,0.845,0.9969012517051588,0.0273039836583706,0.995,0.995,0.995,0.45155962964685,0.3105492010461659,0.055,0.415,0.905,378,0.0539229671897289,0.7983939882624086,0.0384784222055602,0.775,0.805,0.825,5.530002593994141,4.6100006103515625,15.200000405311584,25.493315333558712,274.974043520037,1.3863640731366738,0.3087812677008144,0.2564873123873581,1.2717651214725736,0.6034395804108992,8.443296735241647,3.2533953234477173,unmatched_ignored,
667,2624,0.6567032533533099,0.1480432681880562,0.425,0.715,0.795,0.9938984960999068,0.0106608837382482,0.985,0.995,0.995,0.3073186716366885,0.3063796906617566,0.015,0.185,0.825,133,0.0506859756097561,0.7943938625486273,0.025778018662778,0.755,0.805,0.825,6.100000381469727,9.06999969482422,19.50000023841858,55.32700159835804,47.42711378159834,2.899787585961468,0.4973892053562422,0.1518753268444845,2.5873971517699537,2.1522100538032314,7.756547391187491,5.628629591299352,unmatched_ignored,
668,20687,0.7612283106643172,0.1196009750234042,0.605,0.795,0.855,0.9991983895391252,0.0147272313463178,0.995,0.995,0.995,0.5599249210891236,0.2900883246522508,0.135,0.585,0.935,470,0.0227195823464011,0.7836056848789783,0.0240355473092243,0.755,0.785,0.815,5.560000419616699,7.330001831054687,20.87000036239624,40.75481325645524,507.59648608433616,1.7123768924070215,0.2790155991553526,0.2146518984376468,2.977116611846578,1.4881372973651334,15.242508077817964,3.786082801545057,unmatched_ignored,
669,101548,0.6406428023871452,0.1886610576096074,0.365,0.685,0.855,0.997283719216786,0.0234432129446332,0.995,0.995,0.995,0.4829620674293892,0.2953426296938067,0.085,0.465,0.905,561,0.0055244810335998,0.8070431602404929,0.01483922745878,0.785,0.805,0.825,14.879999160766602,12.610000610351562,24.640000343322757,187.6367984992976,541.1944821707249,4.418908233254471,0.327541195531448,0.1130747847060084,4.3950644793300855,1.960476497962216,18.096958205079737,3.3910881161003346,unmatched_ignored,
670,1173,0.5119624713091188,0.2306509145824541,0.205,0.455,0.805,0.8920125962828126,0.1428150194651873,0.645,0.975,0.995,0.4726807632918635,0.3413508137609128,0.045,0.495,0.915,286,0.2438192668371696,0.7324520982541405,0.1525502283102547,0.495,0.795,0.825,7.209999084472656,8.300003051757812,19.59999990463257,59.84301440429408,19.60128532422041,3.093908592725175,1.415306200165209,0.3283562417107135,2.6551695799054427,2.363351073914074,8.77077972761912,6.722579546941176,unmatched_ignored,
671,14108,0.6794620621347388,0.1552536230716492,0.445,0.725,0.835,0.9987854178385456,0.0136332765320849,0.995,0.995,0.995,0.4718807412527974,0.3097981861509279,0.065,0.455,0.915,352,0.0249503827615537,0.8056864128871397,0.0240070589554728,0.785,0.815,0.825,6.510000228881836,8.34000015258789,15.489999532699583,54.29340290222172,259.8474077118989,2.1392338154065804,0.6345666338300674,0.083821973909716,2.8890150440939544,1.422394739947401,10.30849826857152,2.586962785179713,unmatched_ignored,
672,11258,0.7410023780048243,0.1006892940265528,0.595,0.765,0.845,0.9987419593723867,0.0139499800145079,0.995,0.995,0.995,0.4008131458770205,0.3247340549527575,0.035,0.315,0.915,305,0.0270918457985432,0.8010191223660453,0.0197634264338849,0.775,0.805,0.825,7.789997100830078,8.989999771118164,19.070000171661377,70.03207215347356,160.75491776579693,2.20781712771114,0.4353451714907925,0.1996142793663615,2.0849895629200383,1.114897565821071,10.183583390836628,3.800481961922253,tp,1.0
673,19530,0.7504476976551829,0.1017026733819778,0.625,0.775,0.855,0.999485650885978,0.0132089164684931,0.995,0.995,0.995,0.6560039765250302,0.2640219707787207,0.245,0.725,0.955,315,0.0161290322580645,0.8025334708274356,0.0127465967130515,0.785,0.805,0.815,7.119998931884766,9.229999542236328,20.169999599456787,65.71758688201953,297.1807232523848,2.4453351782780417,0.22465898922197,0.0591909247954691,2.585894401917267,1.517327194259784,14.29813155452914,2.979818837436626,tp,1.0
674,17786,0.8259696941908642,0.0603179377960013,0.755,0.845,0.875,0.9985470182378502,0.0194330269673057,0.995,0.995,0.995,0.6683352910073302,0.2594682928915518,0.265,0.725,0.965,406,0.0228269425390756,0.8147905069251953,0.079889727996943,0.795,0.825,0.855,4.989999771118164,8.220000267028809,21.46000051498413,41.017799451065,433.61663078047445,2.044295705408294,0.1379700895608598,0.0905330684037358,1.8461382270730184,1.0891075369020766,17.31359572013272,3.846895224863841,tp,1.0
675,16096,0.8486492316234879,0.0421079859041633,0.805,0.855,0.885,0.999041367818418,0.017217074456819,0.995,0.995,0.995,0.691322985263277,0.2429524173897997,0.315,0.745,0.955,339,0.0210611332007952,0.8096903708480452,0.0204107365551187,0.785,0.815,0.835,6.430000305175781,5.05000114440918,25.38999938964844,32.47150889968907,495.6960900623293,1.471231882389748,0.1790013650290991,0.1134141541017227,1.868982736332215,1.1288775661445378,19.960222680584543,4.709943668951416,tp,1.0
676,563,0.7409236102661062,0.1222921263740387,0.685,0.775,0.815,0.7076960482351733,0.0966221825214841,0.575,0.715,0.825,0.3284640465275803,0.2783642133506818,0.065,0.225,0.835,90,0.1598579040852575,0.7451192289590836,0.1591827282885644,0.505,0.815,0.845,3.650001525878906,3.260000228881836,19.21000051498413,11.899005809784285,47.31487730992263,0.8094915036154076,0.2676983267836241,0.2205632823774592,0.6561835831144031,0.3714309515662481,3.5120142027074026,1.4762063404288528,unmatched_ignored,
677,2156,0.704645923077922,0.1735430473971429,0.595,0.755,0.825,0.9615989101563402,0.0849222183108735,0.935,0.985,0.995,0.4594694330715707,0.290705228865164,0.075,0.435,0.885,166,0.0769944341372912,0.8135549016745693,0.0174087642535131,0.795,0.815,0.835,7.9900054931640625,6.719999313354492,18.65000009536743,53.69283142776112,40.154336112832944,1.830164948826165,1.0193390043142416,0.2010695728639949,1.9357981479511328,1.599053827180275,6.349666110438628,2.775123222632077,tp,1.0
678,146343,0.5805371923349532,0.2281071315318531,0.235,0.625,0.845,0.9991061121904928,0.012299058266674,0.995,0.995,0.995,0.6184807665590378,0.2666535576607518,0.205,0.665,0.935,2183,0.0149170100380612,0.8054406967421928,0.0281987925213542,0.775,0.815,0.835,14.640003204345703,19.709999084472656,23.78000020980835,288.55444975433056,507.15904788366106,5.11622099703987,0.4069297344715413,0.1571235738542658,5.244679970534815,2.720120343462105,16.783522049938238,4.533735145412555,tp,1.0
679,18504,0.7980066209546722,0.0536021970866811,0.735,0.805,0.845,0.9995469261803156,0.0111056468247652,0.995,0.995,0.995,0.5805288487161263,0.2890408777996666,0.145,0.625,0.945,250,0.0135105923043666,0.8152865856289864,0.0461442872325867,0.795,0.825,0.845,5.659999847412109,6.849998474121094,22.9399995803833,38.77099031829857,477.26405356395423,1.6593567118290258,0.1374866691825945,0.0689183556566909,2.296402449775336,0.8968825769008004,17.291129529851432,3.653194730818461,tp,1.0
680,2576,0.763860995764121,0.1639197240683197,0.535,0.825,0.865,0.9270867280985998,0.1327790615541373,0.705,0.995,0.995,0.5136243080323992,0.3220812311783272,0.085,0.505,0.955,317,0.1230590062111801,0.6942584069933425,0.2278314716096321,0.235,0.815,0.835,5.200000762939453,5.680002212524414,18.36999988555908,29.53601583862473,87.21555453093042,1.047798321806152,0.4858479343288411,0.4526436507342865,0.8585515860208102,0.5457082728741142,7.299106112866437,3.1938408552257607,tp,1.0
681,17793,0.7316376084414387,0.1080984430473782,0.585,0.755,0.835,0.9981686900774585,0.015986433623586,0.995,0.995,0.995,0.4689308132751187,0.2883931259828646,0.085,0.445,0.895,665,0.0373742482998932,0.7920796207019261,0.0275377990415395,0.755,0.795,0.815,11.880001068115234,8.040000915527344,17.75999927520752,95.5152194641123,186.2844486965276,2.3681578812523845,0.2604700590217672,0.1960202835393707,2.883697751791368,1.4232447878318455,10.215409157697302,3.4032838306731032,unmatched_ignored,
682,2518,0.7925864984714104,0.0632377930412754,0.725,0.805,0.845,0.9948786683173478,0.0268564591526763,0.985,0.995,0.995,0.7448422811972384,0.2269095189405803,0.395,0.815,0.965,228,0.0905480540111199,0.805862574462305,0.0195573734126832,0.785,0.805,0.825,5.330001831054688,3.460002899169922,19.56999981403351,18.44182178803021,136.53748685687466,1.0390802117937452,0.2377373480600698,0.0987367835804945,1.2942742351311358,0.7013033732920793,14.264525986479994,5.451096315058578,unmatched_ignored,
683,6700,0.7573590458907298,0.1022430748716507,0.615,0.795,0.845,0.9943728698100616,0.0365629440864999,0.995,0.995,0.995,0.5012183475246658,0.3006189497650343,0.085,0.515,0.905,219,0.0326865671641791,0.7854476979334061,0.1192196957858637,0.775,0.815,0.835,5.69000244140625,6.470001220703125,20.3100004196167,36.8143227417022,181.99438427833508,1.3315538715232074,0.6952885889246303,0.3302327140735583,2.1026477454911983,0.8142135808129349,9.508303118486014,2.7425568947015284,unmatched_ignored,
684,2914,0.7808805825463614,0.0665248253978555,0.725,0.795,0.845,0.9941923901817122,0.0432193001876071,0.995,0.995,0.995,0.4793314609028957,0.3422914973172998,0.045,0.445,0.955,142,0.0487302676733013,0.7980624103630093,0.0355915093105815,0.775,0.795,0.825,4.459999084472656,6.239997863769531,22.18000078201294,27.83038475952344,104.70570296383852,1.154151596156887,0.3562087170764227,0.1012958777730673,1.2502024532851188,0.5845660786315595,9.905597714135803,2.767941230331169,unmatched_ignored,
685,1559,0.7838089135000536,0.0938528109222583,0.735,0.805,0.845,0.9668817268571004,0.0748226608127109,0.935,0.995,0.995,0.6488489705266943,0.2722555966780562,0.215,0.735,0.955,438,0.2809493264913406,0.7958216023499562,0.0689611354144967,0.775,0.805,0.835,2.959999084472656,5.709999084472656,13.84000039100647,16.901592062378768,92.23983126833218,1.0455256719648465,0.4290236819680366,0.2574680520511662,0.7390611141221971,0.7589527511100419,4.724126773663558,2.398288306382769,unmatched_ignored,
686,6389,0.5979991130627625,0.2015419933691615,0.265,0.685,0.795,0.9244995645410224,0.1321226562529729,0.685,0.995,0.995,0.4010376573812832,0.2814275853261772,0.065,0.355,0.845,753,0.1178588198466113,0.7493352541331434,0.1059179624897376,0.695,0.775,0.825,14.540000915527344,5.080001831054688,14.100000381469728,73.86323127441574,86.4977051472832,2.8236296478884317,2.7494565950241907,0.6129072578382309,1.8578268036187016,0.9466252116372624,5.444913254571196,2.7753109275820145,unmatched_ignored,
687,9201,0.7157994801697427,0.1368794458349166,0.525,0.755,0.855,0.9989340684230192,0.0173029610741694,0.995,0.995,0.995,0.5121715061417463,0.3047218638825609,0.105,0.505,0.935,256,0.0278230627105749,0.8005491956137121,0.0146114026974003,0.785,0.805,0.815,7.430000305175781,5.680000305175781,20.62999963760376,42.202404000854585,218.0207554008933,1.8874442632525648,0.5624355619089102,0.0916146703322619,2.682908936949605,1.248375656867946,11.846687190361791,3.0773284680677366,unmatched_ignored,
688,26870,0.7053318331165743,0.1570876316504633,0.445,0.765,0.845,0.9953059884354576,0.0299783034391304,0.995,0.995,0.995,0.5102579065741731,0.3110214205726637,0.075,0.515,0.925,613,0.0228135467063639,0.8212652813163123,0.0134285154160244,0.805,0.825,0.835,7.200000762939453,11.24999976158142,17.350000381469727,81.0000068664549,331.72836694076705,2.7154136022886037,0.2541113326356927,0.0867084060306085,2.8052876995652665,1.6544457551498242,11.055919800376556,3.152018942577602,tp,1.0
689,5406,0.8212277148273138,0.0515654976608813,0.775,0.825,0.865,0.9951838999380238,0.0195442669032877,0.985,0.995,0.995,0.6068910420518917,0.3075709536013741,0.125,0.685,0.955,606,0.1120976692563818,0.81890070674443,0.0148136726488979,0.795,0.815,0.835,6.150001525878906,7.670000076293945,18.949999809265137,47.17051217269909,114.6054971845066,1.2291006266935802,0.1591667010835169,0.1096561473573277,1.0997192722789897,0.8770479973505504,10.011243275755032,4.12145821914317,unmatched_ignored,
690,38717,0.8012458439415555,0.0901849191198536,0.685,0.825,0.875,0.999598190844618,0.0105687366659782,0.995,0.995,0.995,0.6612001042758027,0.2591193672671233,0.265,0.725,0.955,471,0.0121651987499031,0.8081989702145764,0.017610125200133,0.795,0.805,0.825,7.209999084472656,9.09000015258789,22.93000030517578,65.538892778015,590.7484603247311,2.336158151639923,0.1452725752130829,0.1839188461266894,2.6930013698398803,1.2752770758997074,17.73317354671515,3.3306188960077217,unmatched_ignored,
691,6714,0.4733548954108134,0.1526181333450161,0.275,0.475,0.675,0.9517690672258696,0.1185688829678025,0.785,0.995,0.995,0.3111910568548977,0.2680906880876804,0.035,0.225,0.735,150,0.0223413762287756,0.6779855092366537,0.2102219493179229,0.215,0.785,0.825,5.680004119873047,6.640000343322754,10.169999837875366,37.71522930603169,178.01827334843352,1.5462036443325746,0.5816331975645076,0.3984849498294689,4.02984990530638,1.3070524229620493,6.713202607480319,1.57886616569908,tp,1.0
692,1660,0.6012165938492819,0.2383045824868636,0.195,0.745,0.805,0.6814453619072236,0.1178825012192765,0.535,0.665,0.845,0.2966172962239233,0.3017200202378006,0.005,0.145,0.795,160,0.0963855421686747,0.6041212916374207,0.2248726100874329,0.205,0.755,0.805,7.210000038146973,6.379999876022339,16.240000247955322,45.99979934949874,36.08711393255434,1.673891133615434,0.5057434915309234,0.3204633836202217,1.2781314948825373,1.3717631087740216,4.858977669477463,1.6816804213561456,tp,1.0
693,4011,0.7916284758858596,0.0868156363640111,0.725,0.805,0.865,0.9775635599049808,0.0814485230214017,0.975,0.995,0.995,0.4404701971930626,0.3368237508196315,0.025,0.425,0.925,156,0.0388930441286462,0.807894012866876,0.0216263643750004,0.785,0.805,0.835,5.5,6.099998474121094,14.02999997138977,33.549991607666016,119.5529360157427,1.2577891342824998,0.5723308743452535,0.3084507203535866,1.107835882223487,0.6751298053814375,9.34402617373778,3.071009294712701,tp,1.0
694,720,0.7805966238180796,0.1265254819927757,0.685,0.815,0.835,0.9919304240081044,0.0497135830499356,0.995,0.995,0.995,0.9049176511716924,0.1378319458207386,0.865,0.935,0.985,257,0.3569444444444444,0.7834460592687362,0.0668689472537654,0.765,0.795,0.815,28.70000457763672,6.089996337890625,22.200000762939453,174.7829227752518,4.119395582632674,3.9128307291308335,0.9560924347747212,0.0867750333932916,0.8672814673390645,3.7253184365218672,6.15239952546027,5.0624299664397885,unmatched_ignored,
695,3866,0.5602320217297629,0.2564131597706134,0.185,0.665,0.835,0.9184422921437522,0.1406386030134305,0.665,0.995,0.995,0.5035914094532221,0.3222893371692223,0.055,0.515,0.935,168,0.0434557682359027,0.7860652513447262,0.0842316560377522,0.725,0.805,0.835,8.94000244140625,5.640000343322754,17.46999967098236,50.42161683883751,76.67346353364444,1.807602596851632,1.6021100078690054,0.3033476879431749,1.4979010730101283,1.176955173209073,11.02734621694004,3.914336075885253,fp_counted,0.0
696,38182,0.6848305818609622,0.1407417630858125,0.465,0.725,0.835,0.9992594854948836,0.0145065673937294,0.995,0.995,0.995,0.5762656330088745,0.2882535767829738,0.135,0.625,0.935,519,0.0135927924152742,0.8042223253691128,0.0499815542081492,0.795,0.815,0.825,8.920001983642578,9.129999995231628,20.809999465942383,81.43961806812285,468.83815157459856,2.5087777602818497,0.189409776054358,0.0956649874478084,3.7381743693657614,1.5082462012070306,15.025491753768025,3.167472909688976,tp,1.0
697,46633,0.7783556370879805,0.1050967028101879,0.635,0.815,0.875,0.9971568041477862,0.0202416824814953,0.995,0.995,0.995,0.5233462869408391,0.3044173399635612,0.085,0.545,0.925,805,0.0172624536272596,0.796222189550074,0.0541268213514229,0.775,0.805,0.825,5.979999542236328,8.470001220703125,24.4399995803833,50.65060342254583,920.6800481915384,2.0863020310051525,0.1705114419694439,0.1748867225779193,2.455202813335595,1.330128527899331,15.770837274493044,5.2899765975609006,unmatched_ignored,
698,2948,0.7221417122974163,0.0721692449081482,0.635,0.725,0.805,0.983207015201874,0.0322845330067205,0.965,0.995,0.995,0.2913923393609743,0.3010788141113859,0.015,0.165,0.825,183,0.0620759837177747,0.8057207839736522,0.0183212618735454,0.785,0.805,0.825,5.44000244140625,6.620002746582031,19.88000011444092,36.01283110352233,81.85971248763231,1.5372618710199135,0.384397745556249,0.188236473313064,1.772410822899354,0.8981778971682672,5.169642799846029,1.9454612099632849,unmatched_ignored,
699,14397,0.7647088307709033,0.0830933178340806,0.665,0.785,0.845,0.997860317164977,0.0265265102591283,0.995,0.995,0.995,0.5904928241137148,0.2848704122502057,0.155,0.635,0.935,340,0.0236160311175939,0.8091660667868221,0.0198035587182832,0.785,0.815,0.835,11.25999927520752,5.680000066757202,19.12999963760376,63.95679663486476,225.1050827669465,1.900623161652697,0.3188233595591008,0.0982682905494003,2.6675012713240607,1.0757320841022693,15.113460133184308,3.211166300645653,tp,1.0
700,27114,0.8308960377429188,0.0584064423594777,0.765,0.845,0.885,0.99966760266273,0.0092634788488117,0.995,0.995,0.995,0.5885309801922132,0.2805554410629714,0.165,0.625,0.945,296,0.0109168695139042,0.8160773119008219,0.0172502033418062,0.795,0.825,0.835,6.850002288818359,6.490001678466797,22.47000002861023,44.45652635193255,609.8992032206164,1.8959452628141016,0.1442396428369221,0.0593455239885963,1.771990259997485,0.9161062099249871,17.86240123617044,2.972244113871177,tp,1.0
701,21544,0.7538501076400972,0.1146565527652144,0.575,0.795,0.855,0.9989011274187972,0.0184714330591084,0.995,0.995,0.995,0.5499372486922379,0.2973223100663443,0.125,0.575,0.945,524,0.0243223171184552,0.8087750396314468,0.02917765838532,0.795,0.815,0.825,7.950000762939453,12.670001983642578,19.0500009059906,100.72652543640288,213.8860633448787,2.4893145408854505,0.4026753100221104,0.1021952245396531,2.1963226287870907,1.185319528863113,14.357302797726549,3.2963730511608182,unmatched_ignored,
702,6757,0.739094314696751,0.139909932538954,0.555,0.785,0.855,0.9937325454382778,0.026479379886883,0.985,0.995,0.995,0.4770152429335319,0.3115290249846554,0.075,0.435,0.915,353,0.0522421192837057,0.8085624698876659,0.0173658043131981,0.795,0.815,0.825,6.209999084472656,7.94000244140625,18.49000060558319,49.30740789184347,137.03823195941632,1.5305332466168713,0.4982311149645417,0.1155697750578208,1.6368548561164873,1.0421045521983578,9.248272853325824,2.359290636546681,unmatched_ignored,
703,2631,0.7809724956071227,0.0725592553941837,0.675,0.805,0.845,0.998541245506726,0.0169235606724514,0.995,0.995,0.995,0.5684935699986788,0.3437762908865553,0.055,0.655,0.965,214,0.081337894336754,0.8112944952238386,0.0258286159685611,0.795,0.815,0.835,3.950000762939453,4.900001525878906,20.16999983787537,19.355009765626164,135.93379863194727,1.177844991165845,0.5132792001377047,0.0897380145882132,1.0049931735476587,0.6964954687374058,8.986145327392299,3.456573630687557,unmatched_ignored,
704,974,0.7271954331707661,0.1546713898749105,0.455,0.785,0.825,0.869766210628486,0.118878168481558,0.685,0.895,0.995,0.6033413794124259,0.2730355974528483,0.185,0.655,0.935,182,0.1868583162217659,0.7500006895471405,0.1485672037120167,0.535,0.805,0.835,3.2300033569335938,4.770000457763672,13.199999809265137,15.40711749115144,63.217535697990506,1.2368213049728265,0.6451731146815596,0.3253680764695967,1.1166375765341157,1.3394557453078508,4.787332377547601,2.419978835290003,unmatched_ignored,
705,4189,0.7443306886778438,0.0972266763061303,0.625,0.775,0.815,0.9930500918596904,0.038211968817627,0.995,0.995,0.995,0.673899352809127,0.25850641159803,0.255,0.745,0.955,603,0.1439484363809978,0.7883466153990966,0.0249440140836479,0.755,0.795,0.815,6.579998016357422,4.75,14.030000448226929,31.254990577697757,134.02659615546625,1.6094288945459785,0.3354825118182395,0.1639465776761204,1.922735981401672,1.2037633332417936,7.2608852982472145,3.3428175053614297,unmatched_ignored,
706,75771,0.7636527811469226,0.1222792567737511,0.585,0.805,0.875,0.9994179761067884,0.0104865997174862,0.995,0.995,0.995,0.5672794804819232,0.2918497797947011,0.125,0.605,0.935,1380,0.0182127726966781,0.797417826021927,0.0363014803764167,0.775,0.805,0.825,12.459999084472656,8.580001831054688,24.5,106.90681495971512,708.7574354221684,2.673628780778425,0.2983705557596447,0.3228460279263227,2.752700296720592,1.5724642212902078,16.380244495132512,5.014595723508006,unmatched_ignored,
707,218,0.6392949414909432,0.2125911488561837,0.215,0.725,0.805,0.8660250743594738,0.0794395636304347,0.765,0.875,0.985,0.5231096604411755,0.2496532535996255,0.205,0.495,0.885,52,0.2385321100917431,0.56471164811116,0.2610030457342214,0.215,0.755,0.805,6.579998016357422,5.1399993896484375,15.079999446868896,33.82118578796508,6.4456640097336,1.2060902943277063,0.3646551617345338,0.1261803720386594,0.9511361080965954,0.979791384264565,2.565243971593883,3.968960503343353,unmatched_ignored,
708,17227,0.73458712404105,0.0905807081924521,0.625,0.745,0.835,0.9793912557479696,0.0560445348211423,0.955,0.995,0.995,0.3565694871355143,0.2944407657518544,0.035,0.275,0.835,849,0.0492831021071573,0.7839236012160848,0.0578929305834472,0.745,0.795,0.825,6.3000030517578125,6.420000553131104,20.979999542236328,40.4460230770128,425.925682908262,1.5939431679608915,0.3142767990347557,0.2457207530826468,1.7558128667201245,0.8370415109675359,6.278185053177145,2.429441545526864,tp,1.0
709,27146,0.756011151296899,0.1028403836148989,0.645,0.775,0.855,0.9847003160075976,0.0650848550924888,0.995,0.995,0.995,0.3940581270573382,0.3045295385901219,0.045,0.315,0.875,817,0.0300965151403521,0.8037105151241237,0.0926044464007574,0.795,0.815,0.835,7.389999389648437,10.229999963194132,19.02999973297119,75.59969348410817,359.0755299253477,2.330976125152668,0.2821144493911242,0.1616994378777313,2.1783458767060093,1.178596991023585,13.048666866639612,3.908384631995504,tp,1.0
710,14985,0.6708441578087944,0.1664566850220352,0.465,0.715,0.805,0.9970638621080148,0.0268100680262566,0.995,0.995,0.995,0.5442352409202796,0.2983997243768835,0.095,0.585,0.925,327,0.0218218218218218,0.8105861279395742,0.0403260691538387,0.795,0.815,0.835,11.229999542236328,9.980000257492064,19.480000495910645,112.07539832315432,133.7046329899517,2.462737933359447,0.3391521332887209,0.1009283552513068,3.469692247060068,1.7421187024827474,13.180631732575726,3.639811088644629,tp,1.0
711,20636,0.6232149237163912,0.2205828774202454,0.255,0.725,0.835,0.9864394187950352,0.0551699725416938,0.985,0.995,0.995,0.4110110048575866,0.2961798900049193,0.055,0.355,0.865,400,0.0193836014731537,0.8023036267980933,0.0330240667146757,0.785,0.805,0.825,8.220000267028809,10.18999981880188,16.800000190734863,83.76180123157496,246.36528461163303,2.4938994830764942,0.2951187306026488,0.0826610909080152,3.696121367645367,1.8590615863075317,9.27036571256812,3.0837410480628678,tp,1.0
712,33564,0.6227025775643543,0.1888135468445921,0.345,0.655,0.845,0.99509015606372,0.0303624050610459,0.995,0.995,0.995,0.4035588248120998,0.3115596337264982,0.045,0.325,0.895,506,0.0150756763198665,0.806646204159665,0.0512676885594319,0.795,0.805,0.835,13.15999984741211,10.099999770522118,20.00999927520752,132.9159954389334,252.52039748233733,2.4635031323266325,0.2260684080346739,0.1377101843523729,4.237020506426604,1.8769015394816824,13.334494676998128,3.28020618959606,tp,1.0
713,9065,0.4142660486734315,0.20803012695122,0.215,0.325,0.755,0.9734473420254643,0.07004155762793,0.925,0.995,0.995,0.4768476163706766,0.287718940270004,0.085,0.475,0.885,391,0.0431329288472145,0.7130612705827064,0.1579467090751964,0.505,0.775,0.815,9.859999656677246,7.809999465942383,8.099999904632568,77.00659205284137,117.71719483157574,3.2450904108500604,1.8160448036086128,0.2635160254198453,4.714894331823938,2.0980563475663367,5.988236604431224,1.6643667916820155,tp,1.0
714,17906,0.804002770950576,0.0760640538011829,0.745,0.825,0.865,0.9930624222270764,0.0483196879523651,0.995,0.995,0.995,0.5953585565629338,0.2775484803193292,0.165,0.645,0.935,251,0.0140176477158494,0.8149166446757982,0.0188519305192408,0.795,0.815,0.835,8.330001831054688,6.850002288818359,18.730000257492065,57.06053160858573,313.80710090169816,1.595109692149391,0.2023740196030888,0.0638673239506531,1.5737180813631373,0.7430100602871365,13.067997947897805,3.0887404057055408,unmatched_ignored,
715,76892,0.6867125162806633,0.1731261814183821,0.415,0.735,0.865,0.9991880344335576,0.0128708079031716,0.995,0.995,0.995,0.6334495965365468,0.2639011099710373,0.235,0.685,0.945,714,0.0092857514435832,0.8083786919337361,0.0418489689556995,0.795,0.815,0.825,13.359996795654297,15.869998931884766,23.13999938964844,212.0231348770176,362.6585374497016,4.135470157440222,0.3957848033153568,0.2258494998906287,4.018075906994024,2.089240621449547,17.909995951823934,3.540131035908244,unmatched_ignored,
716,12599,0.8225680573998874,0.075338489640079,0.745,0.845,0.875,0.998778917499171,0.0188172831744536,0.995,0.995,0.995,0.6624860184567963,0.2664482411349946,0.255,0.715,0.965,274,0.0217477577585522,0.8018116118372792,0.0421451305311421,0.785,0.805,0.815,17.139999389648438,7.829994201660156,23.88000059127808,134.20609583740588,93.8780010057368,1.6478822314077013,0.1674688134818473,0.0946870561664159,1.2503655907927589,1.1928162714313757,18.06162640534466,4.168483297981391,unmatched_ignored,
717,6238,0.8154456410443565,0.0655025517124812,0.755,0.835,0.865,0.9977069681712778,0.0248270408212372,0.995,0.995,0.995,0.738724402775434,0.2215033261642769,0.425,0.805,0.965,289,0.0463289515870471,0.7974030736408432,0.0189154560154194,0.765,0.805,0.825,6.239997863769531,4.529998779296875,23.76000022888184,28.267182705691084,220.6799335097548,1.3196783880220364,0.5326005550692027,0.1010957433692365,1.1249210460467396,0.7380051496299387,17.28685535674926,5.292986276113541,unmatched_ignored,
718,2458,0.7260024161528921,0.0898452826458785,0.635,0.745,0.805,0.9630719048400735,0.0882986551672216,0.825,0.995,0.995,0.5497802752853375,0.3039955111899118,0.105,0.575,0.935,58,0.0235964198535394,0.5650449115140684,0.20785873730373,0.195,0.505,0.815,3.1199989318847656,5.400001525878906,20.800000190734863,16.847998992918292,145.89269628002526,1.0417439147817569,0.7975150381827115,0.2652003451365283,1.337331235757493,0.4658682513305804,12.596098867686807,4.822927505089456,unmatched_ignored,
719,2307,0.6443511664215031,0.225048978285658,0.225,0.755,0.835,0.7349085500346773,0.1466410394997894,0.535,0.745,0.935,0.4085182562258541,0.3025697746945313,0.045,0.335,0.885,65,0.0281751192024273,0.5707599167640393,0.26738685403305,0.205,0.785,0.815,12.970001220703123,8.380001068115234,14.770000219345093,108.68862408294808,21.225772425266538,1.582997631355982,1.4955610583651051,0.8635975663362377,1.065569368165797,0.7297705499514978,6.200054749013233,2.0263014224505937,tp,1.0
720,1691,0.7933362285760223,0.0653103297158788,0.725,0.805,0.855,0.99363885181039,0.0310855723651728,0.995,0.995,0.995,0.5670981545416123,0.3410672486970019,0.075,0.635,0.965,135,0.0798344175044352,0.7964954499845152,0.0180101319873736,0.765,0.795,0.815,2.760000228881836,1.969999313354492,14.259999632835388,5.437198555755458,311.0057472905821,0.6681585153997719,0.2984979644666944,0.1550038278611479,0.8281200596103044,0.5582631901361257,10.066005257919368,4.033287728922039,tp,1.0
721,1263,0.806091113922998,0.0613354314654793,0.765,0.815,0.845,0.9924831438517628,0.028767569232055,0.985,0.995,0.995,0.6782292590040776,0.244881768477381,0.285,0.745,0.945,91,0.0720506730007917,0.8006301309381213,0.0766413564123128,0.795,0.805,0.835,2.5,3.059999465942383,19.169999599456787,7.649998664855957,165.0980680300264,0.6382658126488873,0.1896269225566829,0.0947793021942435,0.69681957325484,0.357589203272877,6.078396121896833,2.0098115551958484,tp,1.0
722,56729,0.7657304511627864,0.1125052119678648,0.615,0.805,0.865,0.9996376455394392,0.0098154242836709,0.995,0.995,0.995,0.6028564214220329,0.2844571359395342,0.165,0.655,0.945,513,0.009042993883199,0.8148128425168712,0.0285068681820673,0.795,0.815,0.835,9.769999980926514,11.859999895095823,22.289999961853027,115.87219874887468,489.58249357938365,3.294864849885605,0.1664766309826925,0.1062649833847231,3.176563644884876,1.5233934658981774,17.775682052681887,3.082777643862944,tp,1.0
723,5760,0.6949688236022161,0.1408238413643105,0.475,0.745,0.815,0.9477042637972368,0.1318427781920303,0.655,0.995,0.995,0.4207262960177082,0.3102759266723733,0.045,0.345,0.905,257,0.0446180555555555,0.8149652965801699,0.0299813558613716,0.785,0.825,0.835,6.640000343322754,10.200000047683716,19.63000011444092,67.72800381851198,85.04606182451268,1.4264721797611015,0.6341781380010529,0.0856524591822634,1.789944626619294,0.9504096646461114,7.541988953228833,3.0786654760752388,tp,1.0
724,21544,0.7816156462226388,0.1080668652892166,0.625,0.815,0.865,0.9976536952321564,0.0236090421447786,0.995,0.995,0.995,0.6399460154132148,0.2701771982510826,0.195,0.705,0.945,507,0.0235332343111771,0.8160491832026834,0.0401867438625072,0.795,0.815,0.835,9.479999542236328,5.100000381469727,24.710000038146973,48.34800128173811,445.60270184607504,2.095857144876603,0.1838093838412535,0.0949278638006298,3.429622907189192,1.584734999795515,18.11893861181995,5.790607433518797,tp,1.0
725,70061,0.7556505900583704,0.1183580085594205,0.605,0.785,0.875,0.9943785147609012,0.0429811799598248,0.995,0.995,0.995,0.5700277104953497,0.2876519985618259,0.145,0.605,0.935,439,0.0062659682276873,0.8082768737183617,0.0691657782981893,0.795,0.815,0.835,11.279998779296877,10.299999237060549,23.23999929428101,116.18397882080173,603.0177371361997,3.1070139987152245,0.3707395243156887,0.2040063625257781,3.1459947687130203,1.5494762100821828,18.172704695214097,3.932291324896997,unmatched_ignored,
726,19116,0.6845251355853402,0.1150361090556723,0.535,0.695,0.825,0.9994172337920028,0.0120633203295396,0.995,0.995,0.995,0.6030005527204477,0.2829246538862668,0.165,0.655,0.945,353,0.0184662063193136,0.8103922323532212,0.011678025996656,0.795,0.815,0.825,7.690000534057617,5.269996643066406,19.1399998664856,40.526276999662514,471.6939579759372,1.9643151869077424,0.7988911227698337,0.0617986073922484,2.34793873154511,1.116874953697305,14.88410601612133,2.9864598549751835,unmatched_ignored,
727,27969,0.8061921726500026,0.0807095511307572,0.695,0.835,0.885,0.9963905018627072,0.023695566065196,0.995,0.995,0.995,0.5897595154060828,0.3016190779187478,0.125,0.655,0.945,382,0.01365797847617,0.8023177180926837,0.0203427248788665,0.775,0.805,0.825,6.689999580383301,8.560001373291016,22.270000457763672,57.26640559539737,488.4015280722968,2.1612760888187768,0.1910250281270792,0.1073512940527237,2.302891454435437,1.2268610387709844,15.934754555391557,4.547990747139392,unmatched_ignored,
728,3037,0.823736122276071,0.0641344790204478,0.775,0.845,0.865,0.9974255200314766,0.0280736414198146,0.995,0.995,0.995,0.7256822248482545,0.2268275722265173,0.405,0.775,0.965,175,0.057622653934804,0.8021438441957747,0.0107452345043117,0.785,0.805,0.815,5.30999755859375,4.369998931884766,17.400000393390656,23.2046836593654,130.87875036703068,1.0071161198753982,0.253872946413789,0.0820156484021955,1.277744219532987,0.7968742592774927,10.816067440516862,3.579553856190991,unmatched_ignored,
729,5072,0.7887728988671857,0.0838977786837469,0.685,0.815,0.855,0.9971734725808497,0.0224663280407428,0.995,0.995,0.995,0.7253754702401856,0.21888278518002,0.415,0.775,0.955,151,0.0297712933753943,0.7981400641779236,0.0411932857547696,0.785,0.805,0.825,4.659999847412109,3.270000457763672,17.169999599456787,15.23820163421624,332.847675975832,1.3487952475859044,0.2835739401558444,0.0912765859751545,2.2233645451075024,1.1296190977349256,13.539451702871016,2.8180960657444856,unmatched_ignored,
730,5143,0.7843833958334249,0.0962233092768041,0.675,0.815,0.855,0.998540859474599,0.0195471219062247,0.995,0.995,0.995,0.5802028689995761,0.3001438561656244,0.115,0.625,0.945,155,0.0301380517207855,0.7909851060759636,0.0967888129487082,0.795,0.805,0.825,6.590000152587891,11.209999084472656,15.779999256134031,73.87389567718492,69.61863798917477,1.61754627185564,0.5612111056521935,0.1218670009618801,1.7543462839248511,0.8082501841321379,11.7420923242524,3.005729314949724,unmatched_ignored,
731,2282,0.724638917541342,0.1060870406049426,0.595,0.755,0.815,0.990519232310087,0.0372450433668821,0.985,0.995,0.995,0.5168466787107583,0.3113565152288671,0.055,0.545,0.935,466,0.2042068361086766,0.798458292568702,0.0272206132794713,0.775,0.805,0.825,5.220001220703125,6.060005187988281,14.81999969482422,31.6332344787661,72.13931921921545,1.912151938989637,0.6510200872077455,0.1956374812745782,1.8021968790700285,1.0048316734763385,4.767045651000127,2.4170738591136502,unmatched_ignored,
732,15029,0.7005401077323414,0.1546552450780683,0.465,0.755,0.845,0.9983902685267378,0.0233414134751909,0.995,0.995,0.995,0.6226244071932586,0.2757855238624244,0.175,0.685,0.935,283,0.018830261494444,0.8070749745773342,0.0288635758230966,0.785,0.815,0.835,7.5,8.640000343322754,21.440000534057617,64.80000257492065,231.92900312964844,1.8920713844369208,0.3338965172568949,0.1368085944381399,3.969400439165151,1.6187199360603102,16.45764972636487,4.001988404307552,tp,1.0
733,22048,0.7965863203757925,0.0638259772913019,0.725,0.805,0.865,0.9934990620578494,0.0390722644626265,0.995,0.995,0.995,0.5331697223486888,0.2997982701209519,0.095,0.565,0.925,399,0.0180968795355587,0.7799660483547918,0.1297727895102416,0.765,0.815,0.835,5.800000190734863,8.050000190734863,20.699999809265137,46.69000264167789,472.2210056231357,1.5995493780351706,0.1880965949120224,0.1286313418213067,1.7455794408312904,0.995598570804688,14.094134984672454,4.718260091271363,tp,1.0
734,18901,0.7470424339710534,0.0887539452780223,0.635,0.765,0.845,0.9985441599760816,0.0213191425428246,0.995,0.995,0.995,0.5842831731706882,0.2858781306759366,0.135,0.625,0.945,365,0.0193111475583302,0.8104048784465006,0.0361059239001024,0.785,0.815,0.835,6.220000267028809,7.169999897480011,19.6399998664856,44.5974012769222,423.8139321759247,1.9721560966812972,0.1886990083888853,0.1022009961803878,2.875979938818833,1.3537003786888917,15.264556227864162,3.641936519164087,tp,1.0
735,9139,0.7452568613940085,0.1185093300804906,0.605,0.775,0.855,0.9605587784786664,0.0983726009859164,0.825,0.995,0.995,0.4611506256889145,0.3025775901564744,0.075,0.415,0.915,381,0.0416894627420943,0.7317196142192431,0.161695754002093,0.415,0.805,0.815,4.579999923706055,6.270000219345093,14.269999980926514,28.71660052623747,318.2479761714823,1.5027841791566752,0.5266473716128712,0.281332943680573,1.9808729479555949,1.126839515287899,8.916047640995947,3.125265630282168,tp,1.0
736,18157,0.8287140839435839,0.0514487490741252,0.785,0.835,0.875,0.9988962565446902,0.0173317094305595,0.995,0.995,0.995,0.6928445976490912,0.2599987468213831,0.275,0.765,0.965,460,0.0253345817040259,0.8171855087189571,0.033909447629891,0.795,0.825,0.845,6.819999694824219,5.409999847412109,25.320000171661377,36.896197308349656,492.1103345219549,1.7610030574613766,0.1700610248025229,0.0916069387551967,1.9688263238037191,1.1752759263383374,20.048699324224373,5.135490012286303,tp,1.0
737,50312,0.729819714023746,0.1217945969514717,0.555,0.765,0.855,0.99970379746037,0.0089582395819029,0.995,0.995,0.995,0.5666373131072651,0.2880095159529831,0.125,0.605,0.935,365,0.0072547304817936,0.8133092832891908,0.0189570543820692,0.785,0.815,0.835,8.25,12.010002136230469,23.170000076293945,99.08251762390135,507.77878082362525,2.653339068871372,0.3803616495389196,0.0795330621830072,3.514717622271925,1.51369364456807,17.78952167300979,3.012114725407991,tp,1.0
738,1533,0.6561879291255647,0.1935829907583679,0.405,0.765,0.815,0.6814698301649373,0.110313302903872,0.545,0.665,0.825,0.3995726701288407,0.2864043434455228,0.075,0.325,0.855,264,0.172211350293542,0.6103125494537931,0.2409177905922514,0.225,0.785,0.815,6.750003814697266,2.770000457763672,14.980000376701357,18.69751365661796,81.98951091325434,0.9741225946741128,0.5837979624296794,0.4861027815191911,0.5659150400163584,0.3969588453629338,4.362625548556515,2.4302451301697547,unmatched_ignored,
739,4439,0.8041981303761015,0.0855264302093848,0.745,0.825,0.855,0.9972136309082966,0.0214798369343957,0.995,0.995,0.995,0.62095660374557,0.2867369622840082,0.125,0.685,0.945,255,0.0574453705789592,0.8093129165032331,0.0175303404508334,0.785,0.805,0.825,5.75,3.009998321533203,16.580000162124634,17.307490348815918,256.47854833578987,0.8589683448342926,0.2553141586656844,0.0974635622058174,1.145588142800314,0.6800831548996334,8.078062510666317,3.025422479425987,tp,1.0
740,11506,0.7703427776860068,0.0766336046080575,0.685,0.785,0.855,0.9985406499737433,0.015129305358146,0.995,0.995,0.995,0.3939318497417327,0.3217632302428024,0.035,0.305,0.875,341,0.0296367112810707,0.7999871483296593,0.0193112466344609,0.775,0.805,0.825,6.760000228881836,5.5200042724609375,16.62000012397766,37.31523014526465,308.34594762535926,1.708332861007709,0.1930325461574379,0.1050211143622526,2.01855097590069,1.155862617213161,10.999212516474657,4.101699570937777,unmatched_ignored,
741,268,0.416378880447861,0.2240302006478821,0.195,0.415,0.805,0.583275272107836,0.0958255559061554,0.515,0.555,0.635,0.6089291323893773,0.2237161131561927,0.335,0.615,0.915,140,0.5223880597014925,0.3952084214027438,0.2061805716069608,0.205,0.255,0.785,3.5699996948242188,3.659999847412109,15.380000084638596,13.066198338317918,20.510939223543204,0.6687276599770248,0.704353915773428,0.5024880433888314,0.9240630895915158,0.5528629782446589,3.166096160216118,2.54788505241966,unmatched_ignored,
742,30300,0.8007737289890401,0.0663223869284936,0.735,0.815,0.865,0.9987379562815424,0.0172584001159895,0.995,0.995,0.995,0.5058417887640523,0.3111569646780721,0.075,0.505,0.925,752,0.0248184818481848,0.7960075497270581,0.0497272829115979,0.765,0.805,0.825,6.799995422363281,10.740001678466797,17.979999244213104,73.03196224974818,414.88683949614784,1.7204271234482489,0.2616097629037003,0.149764472805108,1.5239044949497749,0.7493701713773878,12.0689752088315,3.3759108323019644,unmatched_ignored,
743,4755,0.7364183344471843,0.140600134474381,0.485,0.785,0.845,0.9987359147217246,0.0193271335712706,0.995,0.995,0.995,0.5767756921873912,0.3004499904880107,0.135,0.605,0.965,176,0.0370136698212408,0.8011649379676039,0.0165292125948341,0.775,0.805,0.815,24.15999984741211,16.529998779296875,22.190000534057617,399.36476798553485,11.906408329370276,2.2969698512970824,0.4655535395945092,0.0736515387769517,1.7189227497156438,1.666530324534642,11.880756926066493,3.067069235351396,unmatched_ignored,
744,5668,0.6965078377824122,0.143255871555389,0.525,0.745,0.805,0.97312883881296,0.082907867618235,0.945,0.995,0.995,0.2729832938705888,0.2732871475982343,0.025,0.165,0.745,56,0.009880028228652,0.5992466949724725,0.2083130626839335,0.245,0.505,0.835,10.10000228881836,7.229999542236328,16.300000190734863,73.0230119247426,77.61936751994607,1.5679596627560484,0.3701541250497415,0.2006158436103369,1.434722837691765,0.9311572861710684,6.663640414503315,1.4314134105335503,tp,1.0
745,3717,0.7751007385958835,0.087381990719482,0.685,0.795,0.845,0.9879166244787012,0.0634751072228082,0.995,0.995,0.995,0.6168427625893556,0.273214570111524,0.195,0.655,0.955,308,0.0828625235404896,0.760809519703125,0.1495410069705061,0.515,0.815,0.825,4.380001068115234,5.200000762939453,14.739999771118164,22.77600889587484,163.19803952452872,1.2452015357492148,0.20561531223311,0.1469579619593659,1.654962337902876,1.054024666597018,8.727398548703185,3.3020755067788987,tp,1.0
746,2204,0.7720309336637629,0.1073289389860127,0.705,0.805,0.845,0.9915725728074348,0.0422295528056483,0.985,0.995,0.995,0.4664671316541897,0.3189565394619372,0.035,0.475,0.905,191,0.0866606170598911,0.8072846712086214,0.0522744399210086,0.795,0.815,0.835,6.590000033378601,7.889999866485596,17.68000030517578,51.995099383497234,42.38861019851285,1.3006241815414554,0.2650133675530957,0.140242455071962,0.8757215153636753,0.9537261912239888,6.788020306160359,3.258145977944064,tp,1.0
747,8270,0.4866818729119134,0.1981869318956632,0.235,0.465,0.795,0.9941900558742676,0.0401732938999208,0.995,0.995,0.995,0.6795577930316651,0.2716754107176696,0.235,0.775,0.965,665,0.0804111245465538,0.7903770956777989,0.0631697915671157,0.775,0.805,0.825,11.139999389648438,5.989997863769531,19.8000009059906,66.72857254638802,123.93491550041632,3.756866103586656,5.310964422048956,0.2188662163211277,6.245797748864044,5.248902030535455,16.28933129059793,9.191911189539343,unmatched_ignored,
748,61789,0.7595154118685687,0.1068553631252983,0.615,0.785,0.865,0.9949132118626546,0.0407454677665512,0.995,0.995,0.995,0.5232788241381807,0.3095155864045245,0.075,0.545,0.925,628,0.0101636213565521,0.7663246308850824,0.1376806244742581,0.585,0.805,0.825,8.520002365112305,7.490001678466797,23.45000004768372,63.81483201523224,968.2545271803162,2.144725834450499,0.1678928302782723,0.3684686020829654,2.875601999866757,1.3428859662863657,16.28476817278713,4.403258216257578,unmatched_ignored,
749,40464,0.7269311599190741,0.1389788424119319,0.515,0.765,0.865,0.9972668355084092,0.0291746491134842,0.995,0.995,0.995,0.499873809549034,0.3116398438310926,0.065,0.505,0.925,490,0.0121095294582839,0.7929129430682075,0.0740499191675036,0.775,0.805,0.825,11.14999771118164,10.389999389648438,22.269999265670776,115.84846941375872,349.28385506312355,3.1417305077152777,0.2102853333687852,0.1381325314496499,2.9780142974838304,1.5569218682511554,15.615001597946982,3.472645928729042,unmatched_ignored,
750,16901,0.6891440493791712,0.1416137188693552,0.465,0.725,0.845,0.998071597307492,0.0232524285243375,0.995,0.995,0.995,0.5712451450446865,0.2826044043598309,0.155,0.605,0.925,454,0.0268623158392994,0.7990019586642934,0.0220251836834675,0.775,0.805,0.815,7.379999160766602,7.349998474121094,21.489999055862427,54.242982570649474,311.57947441380225,1.9071449037620396,0.1872428563309418,0.1076444988907678,4.238716559604795,1.58199260678298,16.012737251630824,4.034500349766972,unmatched_ignored,
751,41395,0.7367182192558798,0.1339913301505004,0.535,0.785,0.865,0.9990638081153992,0.0136134797116334,0.995,0.995,0.995,0.5188101832554097,0.3091997646919711,0.085,0.525,0.935,899,0.0217175987438096,0.8064128096827675,0.0196350812565634,0.785,0.805,0.825,8.479999542236328,11.0,21.429999589920044,93.2799949645996,443.7714647788058,2.8114758734507497,0.3451228293687154,0.1927054460736638,2.973481176672172,1.5004588840917523,15.06615691522708,4.58257133403082,unmatched_ignored,
752,5066,0.6942350386946723,0.0844007666716931,0.585,0.705,0.795,0.9988848828794078,0.0180004343429649,0.995,0.995,0.995,0.6343718618661667,0.278426741526534,0.195,0.685,0.955,189,0.0373075404658507,0.8014080940730988,0.0165428508627556,0.775,0.805,0.815,3.770000457763672,4.770000457763672,18.55000042915344,17.982903909301967,281.7120096704473,1.2144377333633325,0.2686808217044513,0.0861886646684295,3.053103211106438,1.165036622674672,14.24596255743546,3.633408933441935,unmatched_ignored,
753,4024,0.804454051080358,0.0574486969353794,0.745,0.815,0.855,0.9803932484972548,0.0713609358883215,0.995,0.995,0.995,0.5050302622648579,0.3106874923922928,0.075,0.505,0.935,169,0.0419980119284294,0.7974388574707437,0.0175573382067072,0.775,0.795,0.825,3.34000015258789,3.75,20.0699999332428,12.52500057220459,321.27743043222193,0.9404837525649096,0.4524738372145873,0.168520023438122,1.2077094697916924,0.6761073389466584,11.144846664452796,3.666341645749706,unmatched_ignored,
754,28310,0.7963569840549876,0.0727323209403621,0.715,0.815,0.865,0.9993570380120764,0.012591414312263,0.995,0.995,0.995,0.6544445968534177,0.2716323999334567,0.225,0.725,0.955,801,0.0282938890851289,0.8048625610926923,0.031228690051365,0.785,0.805,0.825,10.060001373291016,7.419998168945312,23.71000099182129,74.64519176940667,379.2608650193441,2.448160871477195,0.3696254704421867,0.1706174875023729,1.9715984890813727,1.1438857605404764,16.780197653082816,5.103410009491573,unmatched_ignored,
755,11264,0.7769259685661712,0.0930293937856118,0.665,0.795,0.865,0.992620087435088,0.0460332582214705,0.995,0.995,0.995,0.4539312886030586,0.3341744888650773,0.035,0.435,0.935,529,0.0469637784090909,0.8080207437896548,0.0718361317614977,0.795,0.815,0.845,10.339998245239258,6.060001373291016,20.369999647140503,62.660403565976594,179.76264688656008,1.93734440418633,0.25065683932796,0.1088951548765828,1.942579167866484,1.0832409224770236,10.884501069131971,2.9892308517706248,unmatched_ignored,
756,38986,0.7388509316045483,0.1258210975122693,0.555,0.785,0.865,0.9994973760203902,0.0119883142023388,0.995,0.995,0.995,0.6168097322418389,0.2876117719842829,0.165,0.675,0.955,658,0.0168778535884676,0.8098233887489806,0.0103716455672479,0.795,0.805,0.825,10.809999465942385,9.869998931884766,21.8899998664856,106.6946831825262,365.3977765068699,2.621043331254352,0.1517183380682682,0.0893628611906031,2.870425372770276,1.6291570387014276,15.69015163363428,3.6096866303609234,unmatched_ignored,
757,22169,0.7230985101983385,0.1336335492696392,0.515,0.755,0.865,0.9988044103990416,0.0171338724406161,0.995,0.995,0.995,0.6236948190478999,0.2619943494046879,0.235,0.665,0.945,402,0.0181334295638053,0.8007844359572254,0.0371666693619915,0.785,0.805,0.825,12.590003967285156,6.019999980926514,20.07999992370605,75.79182364292137,292.498569561342,1.8873801747533896,0.1534641463802121,0.1380306150592057,3.802456911357889,1.595873205356288,15.635439499463208,3.331050767540047,unmatched_ignored,
758,139,0.3467002606434787,0.159375599338378,0.215,0.235,0.545,0.5880691923683495,0.0822431808539806,0.505,0.575,0.665,0.8677561034401544,0.0930725162645931,0.735,0.885,0.985,88,0.6330935251798561,0.337005826221271,0.1489089122047627,0.215,0.235,0.535,5.25,2.789999961853028,11.820000171661375,14.647499799728394,9.48967413555298,0.8083486156300219,0.3360021608225387,0.1270733825017513,0.278940744102965,0.5093970583889637,2.3765154506662767,1.9549163362366984,unmatched_ignored,
759,44487,0.7032140320246121,0.1938980520179959,0.375,0.785,0.875,0.9995298972153832,0.0118314327886977,0.995,0.995,0.995,0.5706650676878662,0.286776888612029,0.135,0.605,0.935,441,0.0099130082945579,0.8113172271219241,0.0227259963635638,0.795,0.815,0.835,10.490001678466797,10.429998397827148,21.82999992370605,109.4107006996128,406.6055670563624,3.00180760690024,0.216049823567762,0.0716751564253608,3.566241821400176,1.9493787038785757,16.832357414088396,3.074922869212985,tp,1.0
760,13989,0.5218402662889885,0.2003054234178837,0.275,0.485,0.805,0.999220880474268,0.0150460091984196,0.995,0.995,0.995,0.5707136216987916,0.2888377390003991,0.135,0.605,0.935,322,0.0230180856387161,0.8014879710278155,0.0500783830562006,0.775,0.805,0.825,9.770000457763672,9.190000534057615,21.399999618530277,89.78630942459131,155.80326321073392,2.208146119848963,0.3149119749596814,0.096039396552607,5.161146400798954,1.796348915619701,14.829426860669145,3.517734218336645,tp,1.0
761,13768,0.7920904007898877,0.0691495269640418,0.715,0.805,0.855,0.997540827176032,0.0166513313060111,0.995,0.995,0.995,0.4756185998220339,0.3187622958330118,0.055,0.475,0.915,410,0.0297791981406159,0.8034949092603312,0.043778401400017,0.785,0.805,0.835,5.949996948242188,10.829999685287476,20.69000005722046,64.43846507692433,213.6612034995597,1.6273224920541085,0.2633282529437173,0.2203266686692319,1.36373811120699,0.8812004743832427,9.865927707289174,3.3252272109301035,tp,1.0
762,7635,0.7899396048323266,0.0855512821422374,0.735,0.815,0.845,0.9942514108612246,0.0462416354974256,0.995,0.995,0.995,0.6944813562745866,0.2594843774585975,0.275,0.765,0.975,222,0.0290766208251473,0.8072663328132114,0.0253314464223815,0.785,0.815,0.825,5.100002288818359,5.1399993896484375,21.67999908514321,26.214008651732,291.256484326198,1.016514142957144,0.4723937808136673,0.1043497972524348,1.3577555288219143,0.6027933010607591,15.667783143669464,4.330767974801451,unmatched_ignored,
763,1204,0.5768598045262684,0.1085087072129609,0.465,0.575,0.725,0.9959064515128088,0.0087336896401826,0.985,0.995,0.995,0.473693432394783,0.3584546998699164,0.005,0.425,0.955,93,0.0772425249169435,0.51862340748951,0.0673355385123886,0.435,0.525,0.585,6.280002593994141,0.839996337890625,13.44000005722046,5.275179180898704,228.23869269875323,1.8644335076669456,1.2341245222489208,0.2395908642464964,1.698392052940196,0.8991311131994651,6.292098067131549,3.090301124876832,unmatched_ignored,
764,5034,0.7750451135225994,0.1321872821961292,0.675,0.815,0.855,0.966595447177114,0.1084921666412749,0.965,0.995,0.995,0.5228718920046977,0.332677569314596,0.055,0.555,0.945,257,0.0510528406833531,0.808173180322239,0.0141807092647143,0.795,0.805,0.825,6.700000762939453,4.759998321533203,18.279999375343323,31.891992385862977,157.8452653284673,1.0962523876934591,0.2331115694694031,0.059076813710086,0.940977767593667,0.7381794721298903,10.86086869237069,4.05839391971747,unmatched_ignored,
765,35335,0.6644531344174411,0.1455440644174405,0.455,0.685,0.835,0.9903135824105654,0.0507958425988541,0.995,0.995,0.995,0.4364355226360809,0.3093077105729385,0.055,0.385,0.895,562,0.0159049101457478,0.788304782316778,0.0613810236590096,0.775,0.805,0.825,8.910003662109375,7.5,19.40000057220459,66.82502746582031,528.7689558836793,2.4517175832886515,0.3215687619842156,0.2221432226800612,3.566596268876401,1.4677311580039896,13.79459940405391,3.4419885648589355,tp,1.0
766,4025,0.7163423058982962,0.1391707594902967,0.495,0.765,0.835,0.9874633486226478,0.0620835047463953,0.995,0.995,0.995,0.4511989478940655,0.3117682704473915,0.065,0.395,0.915,178,0.044223602484472,0.8117315595069629,0.0167385984048544,0.795,0.805,0.835,9.880001068115234,7.75,18.28000020980835,76.57000827789307,52.56627353874897,2.49391430872858,0.4033299152391557,0.1191425031337771,1.8266387470017855,1.6112116138027133,7.989076376723947,2.887012842125648,tp,1.0
767,447,0.5758855267525786,0.2739386056004295,0.205,0.775,0.835,0.6261329933567602,0.1051296914148744,0.515,0.595,0.795,0.5862855898024685,0.2789504202190724,0.145,0.645,0.925,139,0.3109619686800894,0.529074789004789,0.264713921794603,0.215,0.545,0.815,2.479999542236328,3.790000915527344,15.740000247955322,9.399200535583075,47.5572362040545,0.8692750672880463,0.7233855838200979,0.3768726163958807,0.4995617326022856,0.2871137275040456,4.930158274552433,4.268459209616055,fp_counted,0.0
768,18973,0.8241318547638263,0.0648443898255139,0.755,0.835,0.875,0.995770162402726,0.0387312539138834,0.995,0.995,0.995,0.6179053066265348,0.2720001875833758,0.215,0.655,0.945,368,0.0193959837664048,0.8137356436042034,0.0497647875074083,0.795,0.815,0.845,7.270000457763672,6.1699981689453125,22.360000163316727,44.85588951263344,422.9767864631544,1.859701646635115,0.1551443934121786,0.0959076678869994,1.976529632634279,1.099037482704699,18.418692545303237,4.0050586914037005,unmatched_ignored,
769,39611,0.8332684160938608,0.0515251826403702,0.775,0.845,0.885,0.9996684559024588,0.0095611470577437,0.995,0.995,0.995,0.5497141477022793,0.2902390742978393,0.125,0.575,0.935,368,0.0092903486405291,0.806439635546311,0.0150193086839174,0.785,0.805,0.825,6.989997863769531,6.4199981689453125,22.22000045701861,44.87577348633204,882.6811645277703,1.943807813796825,0.0927944560209783,0.083985047223189,2.0167400474090518,1.018917091771744,18.198250197143302,2.9217218239826948,unmatched_ignored,
770,25926,0.765670667257823,0.1069885115988677,0.605,0.805,0.865,0.9995195109480224,0.0118284481930166,0.995,0.995,0.995,0.6129629758379386,0.2775632191741076,0.185,0.665,0.945,478,0.0184370901797423,0.8092764210127388,0.0290436725448891,0.795,0.815,0.825,6.770000457763672,4.950004577636719,20.730000764131542,33.51153325653286,773.644100421633,1.7472845913485904,0.1681613052918673,0.0964953605905434,2.898144683310909,1.3496682129162825,16.507111247736695,3.0566978210053253,unmatched_ignored,
771,19967,0.75077526710348,0.1010144708989974,0.635,0.775,0.845,0.9957735372955668,0.0400141420860386,0.995,0.995,0.995,0.611450301130502,0.2755548834358262,0.185,0.655,0.945,365,0.0182801622677417,0.7966616334980481,0.0145542473991857,0.775,0.795,0.815,6.1399993896484375,8.139999389648438,20.56999969482422,49.97959128418006,399.5030668912276,1.919350835666128,0.1810917691291762,0.1010001197490996,2.671386975977104,1.2777532214667762,15.382321399604525,3.3671094807729824,unmatched_ignored,
772,3716,0.7309389138520085,0.1070730619569384,0.565,0.765,0.825,0.988215070911578,0.0411702429710389,0.965,0.995,0.995,0.5541758118577645,0.296011361935605,0.145,0.545,0.945,252,0.0678148546824542,0.7923674805769845,0.0694616234650954,0.775,0.805,0.825,9.5,6.080001831054688,17.999999523162842,57.76001739501953,64.3351606802047,1.791942821035432,0.6235648929142642,0.2034658051238325,1.3230464480574888,0.9159853925165165,10.351450675454862,4.684931941992613,unmatched_ignored,
773,2794,0.4117586374130839,0.2021867091499812,0.195,0.355,0.785,0.9299214414041556,0.1435986285633001,0.675,0.995,0.995,0.4448179218935491,0.2860785961525998,0.075,0.425,0.875,205,0.0733715103793844,0.8043421937198174,0.0441363594697802,0.775,0.815,0.835,13.470001220703123,9.489998817443848,13.990000247955322,127.83029565543984,21.85710347984399,2.75063462463725,0.801477721930025,0.1915402256977942,4.510602923025938,2.2439023966639478,8.20591622164357,3.103437978312403,unmatched_ignored,
774,150,0.7451737301796675,0.1767455156088875,0.495,0.805,0.835,0.8238144918282827,0.1208654168519278,0.625,0.855,0.955,0.8795673789829016,0.2365806623192175,0.525,0.955,0.995,74,0.4933333333333333,0.795508562713056,0.0564587737956066,0.775,0.805,0.835,2.799999237060547,1.130000114440918,8.379999876022339,3.163999458312901,47.40835198498504,0.2181904842254611,0.3620025327982432,0.2170310361006981,0.3516033243130243,0.2078445503146654,3.272882991433144,1.9846586423793744,tp,1.0
775,62202,0.6796197814348311,0.1750623304512854,0.405,0.735,0.865,0.9989300833718616,0.0192700021617665,0.995,0.995,0.995,0.5515863448964172,0.2905368370191485,0.125,0.585,0.925,503,0.0080865567023568,0.7831874625464794,0.1251610198823482,0.775,0.815,0.835,12.329999923706056,10.350000143051147,23.869999408721924,127.6155009741783,487.417277095405,3.3104346376187688,0.1985728341909413,0.1394964674485099,4.213698246225077,1.9254887153055111,19.421530838815254,3.315079629401541,tp,1.0
776,21662,0.7794600758564328,0.0914479129325122,0.645,0.805,0.855,0.9944836251536032,0.0376398342678564,0.995,0.995,0.995,0.7238539929204071,0.2326205177834989,0.365,0.795,0.965,857,0.0395623672791062,0.8052749038438118,0.0552842384209019,0.795,0.815,0.825,9.09000015258789,8.720001220703125,23.649999141693115,79.264812426758,273.2864601176726,2.3986385675469912,0.3712660531651185,0.1663802416833503,3.2449809628514608,1.602306007478126,17.368388403975096,5.976975786483344,tp,1.0
777,2217,0.3369673340202023,0.2192733795660502,0.165,0.225,0.775,0.8930152391172176,0.1803419351786123,0.575,0.995,0.995,0.5954486169143638,0.2807101391807871,0.185,0.625,0.945,380,0.171402796571944,0.6615046301366467,0.2005760285908431,0.235,0.775,0.815,17.110004425048828,19.49999952316284,20.480000495910645,333.64507812976626,6.644785568027265,6.238796950569885,1.2939120536135016,0.3350323236906176,6.336296465171396,4.113465762998301,13.13168650678702,6.8208969237630495,unmatched_ignored,
778,2298,0.5903299605041042,0.2344928334362792,0.175,0.705,0.815,0.8193773888732372,0.152709770284525,0.565,0.865,0.995,0.2974241932344891,0.2974666440845647,0.015,0.175,0.815,106,0.0461270670147954,0.8154592648991998,0.0203973989161406,0.795,0.815,0.835,3.4399986267089844,6.439998626708984,19.28999999910593,22.15358643188665,103.73038275610244,1.2184699520816369,0.6190643038127256,0.2510268744911414,0.9697822167642988,0.5876579678438089,6.049238583963004,1.896014393034689,unmatched_ignored,
779,2572,0.7486554515630609,0.0850910231141885,0.705,0.755,0.815,0.9610294300836872,0.0403659238811006,0.925,0.975,0.995,0.3117443161022012,0.3133734719469,0.015,0.175,0.855,382,0.1485225505443234,0.8084656774061513,0.0228342113840937,0.775,0.815,0.835,6.029998779296875,5.370002746582031,18.820000618696213,32.381110006710514,79.4290251157848,1.180856634044369,0.4922801319816277,0.3158875844747623,0.9754260740119424,0.5474505304955447,4.026127262999815,1.756764969559146,unmatched_ignored,
780,1256,0.7575602956311955,0.130866852595697,0.705,0.795,0.835,0.9226488430693652,0.1334592607292076,0.695,0.985,0.995,0.5543007446674684,0.3049868013511207,0.115,0.575,0.935,241,0.1918789808917197,0.7453848543379812,0.1609435262326748,0.495,0.815,0.835,5.629999160766602,3.680000305175781,8.120000123977661,20.71839862976049,60.62244589675221,0.9130983591601272,0.6207018196468397,0.6028716943552772,0.5239411013982889,0.3126578641665247,4.713323876380351,1.699350574869526,tp,1.0
781,1215,0.7964168151035721,0.0490590540183246,0.755,0.805,0.835,0.9684016796787088,0.0470892526379673,0.925,0.985,0.995,0.5911508043451855,0.3304546723004294,0.085,0.695,0.965,328,0.2699588477366255,0.8088561222865814,0.0304154406245614,0.785,0.815,0.835,2.719999313354492,2.209999084472656,7.919999837875366,6.011195992279681,202.1228390424223,0.4875213249573715,0.2356348813871139,0.1295000416952371,0.375819418635147,0.2235872546417998,4.503401239492275,1.751818805842329,tp,1.0
782,142,0.7084055423316821,0.1247892150749685,0.485,0.765,0.795,0.9929648868634668,0.0084981234486909,0.985,0.995,0.995,0.6011244539223927,0.2547359087221024,0.215,0.655,0.885,65,0.4577464788732394,0.7835710947330181,0.0175880707931483,0.765,0.775,0.805,5.19000244140625,2.020000457763672,17.930000483989716,10.4838073074352,13.544697630916248,1.0869878199339402,0.3499077053786216,0.1077140258264259,1.6039823337223402,0.6230017686591098,5.121759614474337,4.67225561945027,fp_counted,0.0
783,11544,0.7048871297955936,0.1312786921033522,0.515,0.755,0.835,0.9946289972627402,0.0223772325413197,0.985,0.995,0.995,0.6835012075541309,0.2439926760685573,0.305,0.745,0.955,956,0.0828135828135828,0.8173226742814276,0.0171159328478735,0.795,0.815,0.835,6.9199981689453125,7.390000224113464,18.07999992370605,51.13878801937062,225.73863102948985,1.9982753852266224,0.252875180655102,0.0956804095912579,2.876954578734288,1.8217560642532065,11.508452852923302,4.606643778086168,unmatched_ignored,
784,2298,0.7694217023821475,0.051054033669363,0.705,0.775,0.825,0.9149642592154968,0.0635993298182809,0.835,0.925,0.985,0.4393640245058887,0.3308683809193802,0.035,0.395,0.935,599,0.2606614447345518,0.8071389636133668,0.023493969590334,0.775,0.805,0.835,2.5199966430664062,5.810000061988831,17.690000534057617,14.641180652427463,156.95455541141746,0.929490315430898,0.2569574986623885,0.1952115189925521,0.7527256292999561,0.439474160560833,2.52719995117478,1.344654758837203,unmatched_ignored,
785,371,0.6907561922350501,0.2068338951054366,0.245,0.785,0.835,0.6923140081755235,0.1131974380225728,0.535,0.695,0.825,0.5446169237942609,0.3115658173695602,0.085,0.585,0.925,95,0.2560646900269542,0.6317449663030473,0.2377826910291417,0.225,0.795,0.835,5.120000839233398,7.7900004386901855,14.649999618530272,39.88480878372229,9.301787104252378,0.9514960162020196,0.7801434055188398,0.1831436181045857,0.6631231911152469,0.7097283800403303,5.041742324829102,2.151126479344181,tp,1.0
786,57762,0.7245557939466752,0.1257612771517462,0.545,0.765,0.845,0.999283102246674,0.0128233202551338,0.995,0.995,0.995,0.5141953608441004,0.297165367543354,0.095,0.525,0.915,845,0.0146289948408988,0.8006150151145529,0.0364600468165285,0.775,0.805,0.825,18.64999771118164,12.31000518798828,19.520000219345093,229.5815685806156,251.59685229573373,3.1073963838405305,0.3184173757662568,0.143901992134688,2.7739629698509605,1.626708978368258,12.855075395454556,3.9099318280658135,unmatched_ignored,
787,12875,0.8219726371082288,0.0551741207479356,0.745,0.835,0.865,0.9995556706548896,0.0114440437086846,0.995,0.995,0.995,0.6128074813561415,0.291143473364196,0.135,0.675,0.945,186,0.0144466019417475,0.8039898125715154,0.0260565529696188,0.775,0.805,0.825,4.1699981689453125,5.360004425048828,19.209999322891235,22.351208637992386,576.0314893269435,1.149716885515419,0.1631426182238651,0.0602672785705827,1.601515515731296,0.6044113436573147,13.95100885267628,2.8366168968384238,unmatched_ignored,
788,1820,0.8066628786970625,0.0723046142790207,0.765,0.815,0.865,0.9958205364235156,0.0309744613793034,0.995,0.995,0.995,0.5440441774145766,0.298728508806559,0.125,0.545,0.935,73,0.0401098901098901,0.759322609395197,0.1214626548173345,0.505,0.805,0.825,4.990001678466797,4.129997253417969,16.200000151991844,20.608693226618925,88.31224668089207,1.2544107359724812,0.2133879554586662,0.0949322700759425,1.3658817857457293,0.7735472866308895,9.040369246556208,2.399146644115698,unmatched_ignored,
789,11873,0.7949342164503166,0.0595553286921403,0.735,0.805,0.855,0.999189828923726,0.0153755520245885,0.995,0.995,0.995,0.5387540244651081,0.297833395601241,0.105,0.555,0.935,196,0.0165080434599511,0.8047800422931204,0.014956408655534,0.785,0.805,0.825,5.1399993896484375,6.1100006103515625,16.90000069141388,31.40539940795861,378.05601023469865,1.6430857154451863,0.1879303501385496,0.1104080965655296,1.9365563470178124,0.7906606506107218,12.86467436304653,2.7909165116354706,unmatched_ignored,
790,15896,0.6842326414511245,0.1643205357570383,0.435,0.735,0.845,0.994266030727827,0.0389607824149823,0.995,0.995,0.995,0.6003897582119807,0.2720217511260334,0.195,0.645,0.945,833,0.0524031202818319,0.8102109047616659,0.0573505442930705,0.785,0.815,0.835,9.609996795654297,6.400000020861626,20.83999967575073,61.503979692667656,258.45481998777194,2.1963034671162087,0.3424249266324438,0.2297756980792737,3.909828960209565,1.9862296864572344,14.598989302619623,5.351786542909972,tp,1.0
791,1752,0.6055207841574601,0.1628037640927332,0.375,0.615,0.805,0.9166804582356862,0.1307445627427866,0.695,0.995,0.995,0.5906544354708109,0.2649649315603636,0.185,0.635,0.925,152,0.0867579908675799,0.7738075907293119,0.0953913357844183,0.745,0.795,0.825,10.300003051757812,8.27999997138977,18.009999752044678,85.28402497386924,20.54312047932549,2.424773153542539,0.813246808980042,0.1236732098177448,2.913517193162759,1.773466910308692,12.966524513208704,7.403591142618376,unmatched_ignored,
792,1367,0.4846607961098513,0.2255979297189135,0.175,0.485,0.785,0.5930679716502303,0.0810408148657344,0.515,0.575,0.695,0.2265258233531618,0.2364944929588633,0.015,0.155,0.585,116,0.0848573518653986,0.469316984302011,0.2082544837032458,0.215,0.525,0.805,4.739999771118164,11.18000030517578,20.390000343322757,52.99319888763421,25.795763016657315,1.641366704339312,1.13846364596437,0.6154355140149608,0.9484332816508844,0.750259508539414,5.496837624425686,3.4992782387324888,fp_counted,0.0
793,79243,0.5067581272393545,0.2587005822541838,0.195,0.465,0.855,0.9990405153390588,0.0178737974165736,0.995,0.995,0.995,0.5238141022219021,0.2911413640005733,0.105,0.535,0.915,576,0.007268780838686,0.7995264085475355,0.060540359262648,0.755,0.805,0.845,14.289999008178713,12.40999984741211,21.899999618530277,177.338885511017,446.8450321634457,3.99350311251255,0.4528808594389941,0.2930468409976856,5.642400586476493,2.6277055413075,15.782298419267018,2.96343002551005,tp,1.0
794,1038,0.444049371158801,0.195378042760845,0.195,0.465,0.765,0.8292793390953013,0.1865844863934856,0.545,0.875,0.995,0.4791141909628797,0.2505603190162078,0.185,0.435,0.855,162,0.1560693641618497,0.5145124262313784,0.2025775630919062,0.215,0.525,0.805,6.979997634887695,7.059999465942383,15.55999994277954,49.278779574586224,21.06383333680024,2.523715329503095,0.923297296162583,0.352907620229211,2.823438640171459,2.605718518011488,5.838776870155151,3.987730770247195,unmatched_ignored,
795,52282,0.5748610339399278,0.188001061691989,0.295,0.615,0.795,0.9942889001727364,0.0409362588537699,0.995,0.995,0.995,0.5640598496650031,0.2838452449381179,0.145,0.595,0.925,1021,0.0195287096897593,0.807349563914695,0.0619575504115855,0.785,0.815,0.835,11.560001373291016,12.0,23.69000005722046,138.7200164794922,376.8886518819666,3.11475450803605,0.473383103839388,0.2973017169017395,5.574896036593176,1.797555047650104,18.09556109654612,5.138442524243229,tp,1.0
796,11671,0.7911893487354547,0.0882998754057797,0.695,0.815,0.865,0.9443720640279,0.0889874428379317,0.825,0.985,0.995,0.4304412661996499,0.3060889931059747,0.045,0.375,0.885,233,0.0199640133664638,0.7953377969147309,0.0627876573982453,0.765,0.795,0.835,7.539999961853027,6.119999885559082,15.429999828338625,46.14479890365601,252.921245238655,1.5266537086027776,0.4410432602863149,0.128883886296058,1.6893083375126066,0.7844763617298737,8.134631769744567,2.5760924254569164,tp,1.0
797,109150,0.6447289576908753,0.2024772715798306,0.325,0.695,0.865,0.9997633325403784,0.0082250833054917,0.995,0.995,0.995,0.5975263368766692,0.2694305485065177,0.195,0.625,0.935,842,0.0077141548327989,0.8128828083534422,0.0161244444926164,0.795,0.815,0.835,18.4300000667572,13.15999984741211,23.199999809265137,242.53879806632995,450.0310913973832,4.691096166447709,0.3821365024016534,0.1174352717044515,4.53642335706764,2.2363123925311017,17.3210124470296,3.3489871218068155,tp,1.0
798,7898,0.7319398448890027,0.1030747050681143,0.605,0.755,0.835,0.9948096884884814,0.0238515710606592,0.995,0.995,0.995,0.5269761406605986,0.3133992562924093,0.075,0.555,0.935,210,0.0265890098759179,0.8049068360101609,0.021877106471371,0.775,0.805,0.835,8.700000762939453,4.810001373291016,17.070000767707825,41.84701561737165,188.73508381614096,1.7620622340469398,0.2850728255766221,0.0820598307646664,2.292159825580032,1.2372979282276049,10.893171577200494,3.1105872742190384,unmatched_ignored,
799,11859,0.7833524108855335,0.1128409563597612,0.695,0.815,0.865,0.998444652163326,0.0232260167615643,0.995,0.995,0.995,0.6492566215388066,0.2728733203826141,0.205,0.715,0.955,309,0.0260561598785732,0.7942587027271975,0.027583995899297,0.765,0.795,0.825,13.68999481201172,6.989997863769531,24.44000005722046,95.69303449097788,123.9275153419666,2.171420954792241,0.3611403912288984,0.0873621844740168,1.964653435557816,1.5125513426419417,14.797535742299988,4.342609203951618,unmatched_ignored,
800,8556,0.445082626813198,0.2266211398346937,0.145,0.435,0.755,0.94733136322466,0.1254257851437945,0.725,0.995,0.995,0.554664791298067,0.3003377403036026,0.095,0.605,0.935,329,0.0384525479195885,0.5783695514939476,0.2212088908557649,0.205,0.525,0.795,14.019996643066406,6.260002136230469,24.520000457763672,87.7652089355397,97.4873768748624,4.210583419028801,4.626784556320246,0.3048674330624317,5.185580166685101,4.884968669399694,15.677657789452756,8.441125723692348,unmatched_ignored,
801,13418,0.7556906671147088,0.1190421954054534,0.605,0.795,0.855,0.9888893535327656,0.047620122279348,0.985,0.995,0.995,0.488103688496073,0.3138204052719769,0.065,0.485,0.915,292,0.0217618124906841,0.8050942825127955,0.0186516345790731,0.785,0.805,0.825,8.819999694824219,7.470000267028809,16.079999685287476,65.88540007553092,203.6566520749305,1.9667791336181284,0.5994840392645948,0.1252032327267674,1.735494710126991,1.1287446005027233,10.109049131998558,3.2725290865308003,tp,1.0
802,32166,0.7009567700206922,0.1313156324491731,0.505,0.745,0.825,0.9988182963482488,0.0180289271150055,0.995,0.995,0.995,0.5746202228338401,0.292141348752324,0.135,0.625,0.935,277,0.0086115774420195,0.8023776237715022,0.0143196505474089,0.785,0.805,0.825,11.199996948242188,10.650001525878906,20.1299991607666,119.2799845886184,269.6680428903179,2.289910923069285,0.5134015705077132,0.0862110206068568,2.1559729533470886,1.5123723411011705,14.842422556973125,3.8864862876298742,unmatched_ignored,
803,24949,0.7347380112241593,0.1372003108297386,0.525,0.785,0.865,0.9965517890754838,0.0243002260566944,0.995,0.995,0.995,0.429447511644573,0.3219304799188214,0.045,0.365,0.905,716,0.028698545031865,0.8058164103695468,0.0691718451530391,0.795,0.815,0.835,8.659997940063477,12.89000129699707,20.50999975204468,111.62738467941016,223.5025040822432,2.275614290897812,0.2372584260166848,0.1998001590455027,2.6906348491257543,1.7043952669382283,14.003425429467375,4.623325458797805,tp,1.0
804,400,0.521150586809963,0.2375331101259916,0.145,0.535,0.785,0.6727732643485069,0.19068801191138,0.515,0.585,0.995,0.4098892512217571,0.2974995435183687,0.055,0.335,0.865,58,0.145,0.6809590988118073,0.1765760403366587,0.485,0.795,0.835,6.880001068115234,9.420001029968262,13.65999960899353,64.80961714782825,6.171923513876272,1.830773212965381,0.9000264496353041,0.2851236277917759,1.4850529783979547,1.2730281623224131,5.840491146445275,2.8379885005344416,unmatched_ignored,
805,1495,0.535544476386496,0.1641934415038038,0.285,0.565,0.725,0.9476229439212328,0.1420127436081243,0.625,0.995,0.995,0.5118521501613668,0.2998396264242992,0.085,0.525,0.915,53,0.0354515050167224,0.4294923872880216,0.209927512468005,0.185,0.455,0.785,9.629999160766602,4.980000019073486,18.27999973297119,47.95739600429533,31.17350241172601,2.2913300987068896,0.8922562144345796,0.2419510864143877,4.014188161821801,1.5703571188429584,10.689049090380252,2.951616652471539,fp_counted,0.0
806,11969,0.8049095442384913,0.0726484349965333,0.735,0.825,0.865,0.99625279174053,0.0221701042818953,0.995,0.995,0.995,0.6731467598706091,0.2742437065221129,0.225,0.755,0.965,536,0.0447823544155735,0.8229252877297686,0.0177407055721865,0.805,0.825,0.845,6.10999870300293,7.540000915527344,20.739999622106552,46.06939581451297,259.8037110838227,1.4197879796871566,0.1813582787839455,0.1473381855772896,1.462122290388455,0.8850340384158814,13.15300199678293,4.272918072651806,unmatched_ignored,
807,9480,0.7119731737304683,0.1136273396323978,0.565,0.745,0.825,0.987850382282764,0.0703732251998953,0.995,0.995,0.995,0.6333893037161777,0.2973867295399807,0.145,0.725,0.955,317,0.0334388185654008,0.803414442373751,0.0887454938567217,0.795,0.815,0.845,7.160001754760742,6.19000244140625,19.8400000333786,44.32042834244203,213.8968497044462,1.4279145995434246,0.2777155877481513,0.1637383343942508,2.962986873173994,1.166621822685577,13.279327675118603,3.703601833923451,unmatched_ignored,
808,30227,0.7593634263273563,0.0693881413360965,0.675,0.775,0.835,0.9863014529064276,0.0405304777249806,0.965,0.995,0.995,0.4990416300901301,0.2960756969654635,0.095,0.495,0.915,1456,0.048168855658848,0.7900857571717147,0.0492171129117851,0.745,0.805,0.825,22.37000274658203,18.60000228881836,21.910000801086422,416.0821022872988,72.6467200435569,1.8590639614382551,0.3257575779771718,0.1826446533380256,1.754840345647736,0.8870284628692822,7.399107273948369,2.178408986286516,unmatched_ignored,
809,39485,0.8128567598876175,0.0796738384387767,0.725,0.835,0.875,0.9994872331347544,0.0123105679310501,0.995,0.995,0.995,0.5928209118631498,0.2845554690131166,0.165,0.635,0.945,506,0.0128149930353298,0.8033534137627824,0.0159369350952211,0.785,0.805,0.815,20.419998168945312,19.770000457763672,23.539999961853027,403.70337314758217,97.80696081913943,2.6387215726634388,0.1695451708214178,0.1360481902989533,2.375006910641086,1.2610867614897256,18.420551004751854,3.495964962893146,unmatched_ignored,
810,821,0.4121350273489952,0.1835157328893001,0.185,0.425,0.705,0.8014212132371444,0.1941673268653438,0.535,0.825,0.995,0.4271197403416981,0.3132000876084005,0.055,0.455,0.895,135,0.1644336175395858,0.4025008564745938,0.198332115639184,0.205,0.485,0.775,7.659996032714844,13.049999237060549,24.500000841915607,99.96294238281553,8.213043558241006,2.3999060594427624,0.6578281685309397,0.1317102476758119,2.2130917525681024,1.713372099356479,9.469262976158552,6.800263670262077,unmatched_ignored,
811,3581,0.5908547557476378,0.2277145036770922,0.205,0.665,0.815,0.8262865623426451,0.1564343135030814,0.585,0.865,0.995,0.4409727869528599,0.3177535690190729,0.045,0.395,0.905,350,0.0977380619938564,0.8126583164504596,0.0488472132377381,0.795,0.815,0.835,7.9499969482421875,13.15999984741211,24.05000001192093,104.62195862579392,34.22799617820504,2.163081595678541,0.7491940969380065,0.1793569358549016,1.3273154846836694,1.6604807650938689,8.089679975993672,6.483105258262369,unmatched_ignored,
812,1465,0.8015221349640714,0.0703431213363172,0.755,0.815,0.845,0.9755420613207508,0.0599377412470915,0.945,0.995,0.995,0.6342240519649206,0.2924111459202467,0.175,0.755,0.955,260,0.1774744027303754,0.8108285576105118,0.0628110655731486,0.805,0.825,0.845,6.510002136230469,3.4200000762939453,13.029999732971191,22.26420780258195,65.80067941290531,1.0336411356517476,0.2730868292850698,0.1643133501276069,0.8838044261792729,0.6283137027516759,5.611970137990375,2.2387786536014294,tp,1.0
813,236,0.4372832489878697,0.2599781999355424,0.065,0.515,0.815,0.6095679907475487,0.0714833911736837,0.515,0.615,0.705,0.4666591494934144,0.293030604106001,0.045,0.515,0.815,95,0.4025423728813559,0.615733855805899,0.1755429010788634,0.495,0.545,0.825,4.299999237060547,2.320000648498535,3.5600000619888306,9.976001018523675,23.656773847736144,1.2212965878682178,1.0899184169354548,0.1718985781066454,0.8016923912922852,0.3180647195169118,3.421129588858556,1.1217111132373256,fp_counted,0.0
814,47216,0.7360115015010754,0.1315625743130953,0.535,0.775,0.865,0.997453898653484,0.0313790856859857,0.995,0.995,0.995,0.584770698434443,0.2757767328243661,0.175,0.615,0.935,656,0.0138935953913927,0.8080872205290489,0.0548550222311366,0.785,0.815,0.835,11.279998779296877,9.199999809265137,20.40000009536743,103.77598661804224,454.9800154999552,2.9968431722583104,0.234377576398366,0.2589770988246748,2.978087694176513,1.493139000789873,14.558806199167,3.14140673377018,tp,1.0
815,13137,0.828549932875916,0.0568771668872857,0.765,0.845,0.885,0.9993870786547234,0.0135048056650487,0.995,0.995,0.995,0.6094085221393306,0.2813971020902193,0.185,0.655,0.955,284,0.0216183299078937,0.7998703619543935,0.0185439503278238,0.775,0.805,0.825,6.479999542236328,4.69000244140625,21.2599995136261,30.39121367339976,432.2630922600601,1.4464684379622033,0.1445265097003615,0.0588801400008081,1.3478795864877005,0.7339497826275255,15.71897560610994,3.72844991837433,unmatched_ignored,
816,16898,0.65635471247932,0.1967359031999097,0.235,0.725,0.815,0.9754742982613572,0.0571988604560385,0.935,0.995,0.995,0.3490855872653737,0.309087100913161,0.025,0.235,0.865,984,0.0582317434015859,0.781321372927689,0.1144231028082861,0.775,0.805,0.825,15.010002136230469,5.55999755859375,23.310000598430637,83.45557523192838,202.47898301628595,2.3153391633179945,1.214488306898197,0.2862485421540934,1.390922245447989,1.3691110193783378,6.772347606574802,3.768416628331976,unmatched_ignored,
817,16824,0.7948346532796232,0.0782841235130548,0.705,0.815,0.865,0.9993254021908404,0.0147379369526058,0.995,0.995,0.995,0.7201929091631678,0.2385450619159936,0.345,0.785,0.965,249,0.0148002853067047,0.8014706907023388,0.0188167156905397,0.775,0.805,0.825,7.959999084472656,3.430000305175781,25.82000064849853,27.30279928894015,616.2005522567455,2.101152109196714,1.095261358591158,0.0880024343523263,2.155510546879136,1.2195517436916956,20.28666334823518,4.553096565230837,unmatched_ignored,
818,8300,0.8004009459212602,0.0898103180457288,0.685,0.825,0.865,0.9995879992663144,0.0069957521392931,0.995,0.995,0.995,0.7265880769480869,0.2458478963733153,0.345,0.805,0.975,271,0.0326506024096385,0.7970585990216019,0.0192991538620528,0.775,0.795,0.815,8.490001678466797,4.0,24.910000801086422,33.96000671386719,244.40513424901027,1.8515938381988788,0.5633490376231144,0.078780991670671,1.2876053398919105,1.22682705983888,17.390734081480158,5.269115402351435,unmatched_ignored,
819,14761,0.7728259225817794,0.0908270155169567,0.655,0.795,0.855,0.9952348783671812,0.02317821864829,0.985,0.995,0.995,0.4853591210784604,0.3155084071253556,0.055,0.495,0.915,523,0.0354312038479777,0.7983367583263901,0.0336408485986005,0.775,0.805,0.825,7.540000915527344,4.600000381469727,21.449999809265137,34.68400708770787,425.585197312203,1.56729749461241,0.1910128663307124,0.1661000096357772,2.6404045847112765,1.250656043328665,13.18938077143009,5.713980142480934,tp,1.0
820,13060,0.8470340930187866,0.04330070129893,0.815,0.855,0.885,0.999287701465452,0.0147896288425837,0.995,0.995,0.995,0.707392265723693,0.2456194281963607,0.315,0.785,0.965,280,0.0214395099540581,0.8053299682480949,0.0159367395003917,0.785,0.805,0.825,4.680000305175781,5.060001373291016,22.34999942779541,23.680807971191825,551.5014528173089,1.2261345999672462,0.1487678630736381,0.0700739303653162,1.9801569833201127,0.7747212696376481,17.882703077507877,4.1511800591012245,tp,1.0
821,495,0.7187712033288648,0.1448522049150411,0.495,0.785,0.815,0.7482235265500617,0.1149343854287946,0.575,0.765,0.895,0.5212893081866581,0.2891263340874646,0.115,0.525,0.935,182,0.3676767676767676,0.7412881264156037,0.1308634135666042,0.525,0.805,0.825,2.210002899169922,2.7600021362304688,20.34999990463257,6.099612722784514,81.15269321132067,0.705615930655563,0.3066613420055618,0.2250567563293035,0.4646248347145382,0.2945317874433724,2.515288942149191,1.2560398935020962,unmatched_ignored,
822,2627,0.7612775100709188,0.1080930138242968,0.655,0.795,0.845,0.942122564258619,0.1256859773631309,0.695,0.995,0.995,0.5621279342790274,0.3255554788632369,0.075,0.595,0.965,175,0.0666159116863342,0.8038828570502144,0.0162606203428984,0.775,0.805,0.825,5.489997863769531,7.739997863769531,20.47000002861023,42.49257173767546,61.822570218097816,1.246251724968241,0.4928569638099107,0.1620814417575791,1.0096616619587289,0.919224381732119,6.979004560726924,2.710412823214234,unmatched_ignored,
823,4750,0.7276250023685004,0.1356066592297611,0.615,0.765,0.825,0.8295560664001264,0.1165803353171061,0.645,0.855,0.955,0.3941658647452297,0.3135646481076423,0.035,0.325,0.885,252,0.0530526315789473,0.7868881217307515,0.0524338539230358,0.765,0.795,0.815,14.189998626708984,12.739999771118164,18.230000019073486,180.78057925643952,26.274946233367608,1.5312786130311802,0.4827590907460597,0.3424471237387987,1.5653745999865183,1.064592588559473,5.694226396209316,1.80421520630061,tp,1.0
824,8048,0.7187029657330897,0.1174947632027915,0.585,0.735,0.835,0.9856745220765204,0.0730229701600552,0.995,0.995,0.995,0.5136216754159652,0.3106114304764274,0.085,0.515,0.925,231,0.0287027833001988,0.7873004156273681,0.0331025179215279,0.755,0.795,0.815,7.640003204345703,4.939999580383301,17.050000190734863,37.74161262359485,213.2394309767423,1.598762424789686,0.3016491646827844,0.1266013554959023,2.6855455194911872,1.07709945343828,10.878598412828405,2.86242184726101,tp,1.0
825,29235,0.4623112364731855,0.1927922088183389,0.225,0.425,0.755,0.9984030121979764,0.0214667283154515,0.995,0.995,0.995,0.4715636719630419,0.3102521210534253,0.055,0.455,0.905,398,0.0136138190525055,0.8014684207175844,0.042597497096851,0.765,0.805,0.835,7.290000915527344,12.840001106262209,21.5,93.6036198200236,312.3276648511202,2.6785791429815347,0.7057181235177963,0.1407558496060796,5.952274120248569,2.0992677238147475,14.448172249422129,3.1681377726182083,tp,1.0
826,12638,0.8178098516411694,0.0583945409119755,0.745,0.835,0.875,0.9987549635971208,0.0174103895936732,0.995,0.995,0.995,0.7224828397968961,0.2608832021591794,0.285,0.815,0.975,426,0.0337078651685393,0.804898351290976,0.0328209052749036,0.785,0.805,0.825,7.910000801086426,5.6100006103515625,22.24999976158142,44.3751093219762,284.7992983702058,1.9561478950058555,0.1927651801643822,0.0895472280316987,1.824008280374304,1.103962799691347,15.759516398460592,4.495277808806589,unmatched_ignored,
827,1788,0.7606655608787632,0.130721899037166,0.715,0.795,0.835,0.986215680004233,0.0346588042219687,0.975,0.995,0.995,0.644703528662263,0.3079730462136701,0.125,0.755,0.965,634,0.354586129753915,0.8084580696155597,0.0177784772680077,0.785,0.805,0.835,5.869998931884766,5.0500030517578125,17.81000065803528,29.64351251983317,60.31673874017892,1.0255113682229906,0.2643430840987453,0.10029433911476,0.7576580718924283,0.805378513239897,4.607522004519399,3.239048383562253,unmatched_ignored,
828,848,0.7967172218662388,0.0638140079579453,0.735,0.815,0.855,0.9767029341661704,0.0414453773900772,0.935,0.995,0.995,0.5759300800219654,0.3164742095786954,0.095,0.635,0.955,102,0.1202830188679245,0.815078629582536,0.0335919887936005,0.805,0.815,0.835,2.8799972534179688,2.4199981689453125,13.360000133514404,6.9695880798390135,121.67146613054749,0.6258003785129695,0.3006795050033908,0.1581892240568601,0.6457362190803025,0.3910022173414005,6.11986179692003,2.467089629248631,unmatched_ignored,
829,3211,0.7960210677082017,0.0588297946972352,0.735,0.805,0.855,0.9980426428289066,0.017678909502463,0.995,0.995,0.995,0.5129456429300278,0.329541100697107,0.055,0.535,0.935,207,0.0644658984739956,0.8000047143530731,0.0198866319498367,0.775,0.805,0.825,3.520000457763672,3.3600006103515625,14.949999570846558,11.827203686523715,271.4927454626247,0.9047624717827312,0.170942558513601,0.145318922814206,0.952529496199793,0.5744376963130827,9.738957462847994,3.136561173192897,unmatched_ignored,
830,23508,0.7504493208268969,0.1201995005511775,0.585,0.785,0.865,0.9988096795465258,0.0205340630507838,0.995,0.995,0.995,0.6493956064468313,0.2584395593793916,0.255,0.705,0.945,393,0.0167177131189382,0.7915007946752106,0.047393440259649,0.765,0.795,0.825,11.15999984741211,7.269996643066406,23.549999713897705,81.13316142730764,289.7458891832079,2.606435151752214,0.5140782153687316,0.1123159155932311,2.865203281681465,1.4755741139624576,17.900906855270573,4.2083727255441135,unmatched_ignored,
831,29290,0.8269477263789976,0.0708623379025148,0.745,0.845,0.885,0.9993986218954036,0.0131658120744667,0.995,0.995,0.995,0.6509535161667249,0.2609372803146826,0.255,0.705,0.955,362,0.0123591669511778,0.8088359218605315,0.014504432594568,0.795,0.815,0.825,14.019996643066406,17.85000228881836,23.03999948501587,250.25697216796107,117.0396962220972,2.2506727231408488,0.192690660044262,0.1081928818459788,2.013772124416767,1.189432573852995,18.056512760224702,3.716440062716084,unmatched_ignored,
832,10283,0.7484423883015122,0.0907708228167878,0.655,0.755,0.855,0.999780572725504,0.0051213152520204,0.995,0.995,0.995,0.6799912866590168,0.2406078624615849,0.325,0.735,0.955,217,0.0211027910142954,0.802771852038423,0.0158678428136718,0.785,0.805,0.825,12.660003662109377,20.67999649047852,22.769999980926517,261.80883130186703,39.2767499433342,2.67810635792068,0.2267268610895746,0.1083253491380705,3.383212848310544,1.527622220094411,17.416147620636444,3.797538000073755,unmatched_ignored,
833,27661,0.7669963622868076,0.1175684012378415,0.595,0.805,0.875,0.9994762724338248,0.0113476359621056,0.995,0.995,0.995,0.5553148828538814,0.292624909293215,0.135,0.575,0.935,410,0.0148223130038682,0.8065838169033934,0.0334351375994792,0.785,0.815,0.825,8.329998016357422,8.770000457763672,22.03000020980835,73.05408641662507,378.6372721472448,2.3579181049506808,0.2589455450959905,0.0627515653426497,3.1130522279842827,1.4767155544872006,16.870188279449454,3.5909457652629304,tp,1.0
834,11062,0.6726501338686333,0.1467342396944405,0.465,0.715,0.825,0.9966681465934918,0.0238325462604416,0.995,0.995,0.995,0.4785376921981821,0.3044271933431803,0.075,0.475,0.905,375,0.033899837280781,0.8041126545667648,0.0615267062704609,0.795,0.815,0.825,8.269996643066406,9.06999969482422,18.0900006107986,75.00886702880962,147.47589769288578,1.8412272078404663,0.4087403134609623,0.225604134766853,3.416726213018785,1.2160844332605865,10.456282212489704,2.8769017400567263,tp,1.0
835,931,0.4243308967529575,0.2624011406123863,0.145,0.345,0.775,0.7162645974553618,0.2062635309573216,0.515,0.605,0.995,0.2886443282884261,0.2465750887606374,0.055,0.205,0.705,54,0.0580021482277121,0.6097008690789893,0.2194704898616613,0.215,0.765,0.805,8.009994506835938,6.799999237060547,17.59000062942505,54.467956535343546,17.092618471851175,2.4437713826819936,0.8063461024657649,0.1301413077386564,1.9919712506825944,1.8479323110249808,6.520452429733522,6.445208021043161,fp_counted,0.0
836,31924,0.6792839520977634,0.1475111269014046,0.475,0.695,0.855,0.9982523395649668,0.0152028427362369,0.995,0.995,0.995,0.4721091009900799,0.3021202444072048,0.075,0.445,0.905,414,0.0129682997118155,0.8091440654319265,0.0352189236301433,0.795,0.815,0.835,9.950000762939451,14.81999969482422,16.09000051021576,147.45900827026344,216.4940641774124,2.706327977866988,0.4805916169431664,0.1772673192943296,2.988023285879645,1.392124112382771,8.993033667427696,2.248097373018908,tp,1.0
837,21704,0.7751778324951314,0.1123697301881538,0.615,0.815,0.865,0.996215530714776,0.031427758342963,0.995,0.995,0.995,0.6383362879677899,0.2717882965176602,0.215,0.695,0.955,563,0.0259399189089568,0.7922546333413353,0.085228591096318,0.775,0.805,0.825,12.369999885559082,8.510002136230469,20.85999965667725,105.26872545127844,206.17709492498105,2.410391418516709,0.196273617940119,0.1285591266895092,2.7789373317409605,1.6843056808535324,15.929882054371037,3.937123799733107,tp,1.0
838,17979,0.8494520991853324,0.0452523255411803,0.805,0.865,0.885,0.9995050923837172,0.0123125997690136,0.995,0.995,0.995,0.64752688451398,0.2837731974938356,0.175,0.725,0.955,328,0.0182435063129206,0.8056979449238719,0.0235201232088137,0.785,0.815,0.825,5.75999927520752,4.580001831054688,22.549999237060547,26.380807227324112,681.5181902916951,1.3776706560920304,0.153710824653359,0.0636828012964885,1.389722615430049,0.8068968650980088,16.504058304670405,4.272044868650766,unmatched_ignored,
839,4717,0.5118527473762982,0.231100787319801,0.185,0.485,0.795,0.9555349817133464,0.0706479231856933,0.875,0.985,0.995,0.4590734557726129,0.2766084630984253,0.065,0.455,0.855,490,0.103879584481662,0.778713416445012,0.097805745626636,0.765,0.805,0.825,8.329999923706055,4.709999084472656,10.609999656677246,39.234292014312814,120.22645899355648,2.43742186564184,1.2263600372010313,0.4216903335352042,3.2265588890379866,1.9238909632977188,6.370720125970154,2.410567702941753,unmatched_ignored,
840,39424,0.7971269393665943,0.0960276238046784,0.675,0.825,0.885,0.9994762070467936,0.0121772205156969,0.995,0.995,0.995,0.5304083018119722,0.2952110193766183,0.115,0.535,0.925,547,0.013874797077922,0.7968375478518729,0.052970606111787,0.775,0.805,0.825,6.970000267028809,9.0,22.979999542236328,62.73000240325928,628.4712018112666,2.248647216469981,0.1641159316222863,0.1031118528840965,2.579121986246056,1.31926933529346,17.437465512761452,3.225725697412261,tp,1.0
841,50670,0.7441553695952637,0.162006339486601,0.485,0.805,0.875,0.9927951605098356,0.0491888789785761,0.995,0.995,0.995,0.5772419404188041,0.2889216593501564,0.135,0.615,0.935,649,0.0128083678705348,0.8095150747449813,0.0462523253253586,0.785,0.815,0.835,10.610000610351562,11.589998245239258,24.15000057220459,122.96988845596206,412.0520936972788,2.8635262282859872,0.1768595665920693,0.3131222469883666,3.2963976314664585,1.742841999869888,16.89741925019848,4.246888335579617,tp,1.0
842,4682,0.748996282762592,0.0943168196966863,0.635,0.765,0.835,0.9979268319837968,0.0167374122211986,0.995,0.995,0.995,0.5729198434641768,0.3074285399224586,0.105,0.625,0.955,371,0.0792396411789833,0.8159296790544556,0.0166668850384568,0.795,0.815,0.835,3.669998168945313,4.870002746582031,14.490000247955322,17.872901162714697,261.96082870794856,1.225644456722243,0.195075238041152,0.0736329978130537,2.0307860625475334,1.015871994878034,10.030674317195242,3.3423780509675822,tp,1.0
843,11090,0.8192441462516462,0.0818925862363812,0.755,0.845,0.875,0.972515404396384,0.0732266805367359,0.885,0.995,0.995,0.5689222529527691,0.306848310027249,0.095,0.615,0.945,221,0.0199278629395852,0.7916883197844837,0.0768915261749085,0.785,0.805,0.815,6.3899993896484375,8.060001373291016,18.780000686645508,51.50340385589516,215.32557403447464,1.588230566490377,0.4602352287968876,0.1894165026579747,1.3014453814216298,0.7403297356452427,10.725139819473917,3.265722203268177,tp,1.0
844,4262,0.5996918801632581,0.2031270725385037,0.235,0.665,0.805,0.8610200522959596,0.1861744093326912,0.545,0.985,0.995,0.4782620213238754,0.3048281883093905,0.065,0.465,0.905,258,0.0605349601126231,0.6625710471367189,0.2368027896264113,0.225,0.805,0.835,11.400001525878906,16.309999465942383,19.61999988555908,185.9340187988273,22.922109829784848,3.309605125191382,1.1999272765897713,0.57491024928463,2.042116096700695,1.725418909040615,6.490712424417663,3.181980697361829,fp_counted,0.0
845,76103,0.6562973443196163,0.2086887826929044,0.315,0.735,0.865,0.999294404037998,0.0129060775557002,0.995,0.995,0.995,0.5610253919721229,0.2871363786759693,0.135,0.585,0.935,642,0.0084359355084556,0.791383552704459,0.0776003867320894,0.775,0.805,0.825,11.849998474121094,16.940000534057617,21.28000020980835,200.73898048019328,379.1142099952481,4.201945866692764,0.2300471724920168,0.1234534056420282,3.973410931811559,2.166385801389587,15.504199369377687,3.0352836335755247,tp,1.0
846,74343,0.66199563315641,0.1755529484968847,0.375,0.725,0.835,0.9966708691584876,0.0277764068270557,0.995,0.995,0.995,0.3845238418147148,0.308589248480123,0.035,0.315,0.865,2045,0.0275076335364459,0.8155399496150192,0.0324526924264067,0.785,0.815,0.835,13.490001678466797,14.350000619888306,22.40000009536743,193.5815324482928,384.03973281830287,4.010106964043837,0.5146274234298559,0.1166342284890893,3.530931672342373,1.893841959318902,13.031332281091393,3.5510342797420287,tp,1.0
847,11038,0.7304042889388127,0.1063219863243376,0.575,0.755,0.845,0.9994453248672672,0.0119568831425167,0.995,0.995,0.995,0.608582450690238,0.279590246170635,0.185,0.655,0.945,304,0.0275412212357311,0.8038662920068753,0.0369885854890885,0.785,0.805,0.825,5.180000305175781,6.710000991821289,18.57999992370605,34.75780718536407,317.5689404436283,1.7031935842792003,0.1506194446727701,0.1246099257885176,3.073241825810121,1.340115481961629,14.37630783235828,3.535904426524238,tp,1.0
848,1222,0.7821081355458,0.1322612896384337,0.755,0.815,0.845,0.971293764789444,0.0676851433551303,0.925,0.995,0.995,0.7331444421578648,0.2529204170468447,0.335,0.825,0.965,224,0.1833060556464811,0.8165907771991832,0.0123429981009281,0.805,0.815,0.835,10.729999542236328,8.650000095367432,21.050000190734863,92.81449706363674,13.166046670081675,1.0990876566617191,0.5492811821250461,0.1155362687960521,0.7597618224486367,0.8586829761634558,5.91411302756951,2.8813720768088524,fp_counted,0.0
849,1696,0.7314950875929153,0.1367260053397617,0.545,0.775,0.825,0.8721004079605611,0.1719524756444548,0.595,0.995,0.995,0.5178453167058903,0.2673105744878768,0.135,0.535,0.885,98,0.0577830188679245,0.6117392425634423,0.1849024788445035,0.465,0.535,0.815,10.779998779296877,7.619999885559082,18.05000066757202,82.14358946456923,20.64677245120304,1.1868538049392208,0.3943135107364763,0.1469278396191317,1.1939160995185245,1.0033138255494092,8.294339726977753,3.5141148917187626,fp_counted,0.0
850,883,0.655371952105824,0.1985400769798339,0.285,0.725,0.815,0.9874957192389638,0.0491501017120227,0.985,0.995,0.995,0.567549127287475,0.2949852016547106,0.125,0.605,0.915,98,0.1109852774631936,0.7689536362886429,0.1048028095512814,0.515,0.815,0.825,8.679996490478516,11.360000610351562,22.949999809265137,98.60476542968536,8.954942452854,3.0142328776511422,0.4408848215067052,0.159061386692473,2.3170002207510745,2.0426678076739364,7.589210934422295,3.5597576853797888,fp_counted,0.0
851,5508,0.3868337303133561,0.2902873364592013,0.095,0.225,0.805,0.9972929434773709,0.021094927686952,0.995,0.995,0.995,0.5607203374002472,0.3043440380173096,0.115,0.595,0.945,272,0.0493827160493827,0.8131456340060514,0.0171793637981963,0.795,0.815,0.825,17.540000915527344,18.88000059127808,22.20000028610229,331.15522765617425,16.6326832252781,6.529751395008284,0.6939429808069938,0.1140850678927019,6.471288752366297,3.730962594593181,13.37731203772317,6.160652527176496,unmatched_ignored,
852,206599,0.5422569451182924,0.2338577670551555,0.215,0.565,0.835,0.9990278560696738,0.0144029950358018,0.995,0.995,0.995,0.5657311143225028,0.2908859328917089,0.135,0.605,0.935,2137,0.0103437093112744,0.8055003432885587,0.0299538926357325,0.785,0.805,0.825,23.71999740600586,21.58000060915947,27.140000343322757,511.8775584708675,403.6101926741494,6.347830797127275,0.5745571278467759,0.1832556434233556,5.716826873834491,2.5639003614471827,19.597977958237653,4.713890806448037,unmatched_ignored,
853,102253,0.6806741739520665,0.1737239150888881,0.395,0.745,0.845,0.9994508875516542,0.0102778219818837,0.995,0.995,0.995,0.5416181909874405,0.2902031355433509,0.125,0.565,0.925,1284,0.0125570887895709,0.8137538174509631,0.0153967368386606,0.795,0.815,0.835,11.81999969482422,13.860000610351562,19.289999961853027,163.82520298461895,624.1591533971744,3.4851549409333225,0.2424196871325637,0.1261451972423527,3.667658666111109,1.9347167964975065,13.97532015989318,3.0246556740628168,tp,1.0
854,21263,0.7559583046757081,0.1035783104334231,0.605,0.785,0.855,0.9986293652805208,0.0214208981168613,0.995,0.995,0.995,0.6592896403567311,0.2713610535688511,0.205,0.735,0.945,419,0.0197055918732069,0.7946482509516873,0.0731726095212825,0.775,0.805,0.825,6.780000686645508,6.0,21.46999979019165,40.68000411987305,522.6892292671272,1.9208937848390688,0.1973847238377074,0.1232149799380346,2.8267468629697943,1.3145407308965371,16.541244675415353,3.729161709012301,tp,1.0
855,13429,0.7668758821508288,0.1176848702735571,0.615,0.815,0.865,0.995628693625048,0.0346083329686585,0.995,0.995,0.995,0.7028218490710189,0.2380562825629604,0.335,0.765,0.965,313,0.0233077667734008,0.7984395434205144,0.095900961342946,0.775,0.815,0.835,7.269998550415039,7.269998550415039,22.170000553131104,52.85287892303677,254.0826587621655,1.953263027831302,0.2692045031718708,0.1646359954216434,1.9600746341012536,1.4877179576212605,13.932896583648777,3.787448651544421,tp,1.0
856,30540,0.7236736585029304,0.1620588089935694,0.485,0.785,0.865,0.9920172300577632,0.0524968938674458,0.995,0.995,0.995,0.6307043447269152,0.2727279943271599,0.205,0.695,0.945,839,0.0274721676489849,0.820342515929379,0.0318585460644487,0.795,0.825,0.845,9.309999465942385,11.489999771118164,20.959999084472656,106.9718917327882,285.4955587425506,2.929675849784149,0.3235880405500074,0.1020206660002468,3.1158472947195164,2.0227646337612035,15.068456551139857,4.823446156229315,tp,1.0
857,684,0.7669214129840073,0.0968774193843752,0.705,0.785,0.845,0.8310275078691237,0.1344152404627911,0.625,0.895,0.965,0.5777619907704634,0.3599687691822431,0.075,0.765,0.965,296,0.4327485380116959,0.78119009959738,0.0998761941609469,0.745,0.805,0.825,2.880000114440918,2.810001373291016,15.69999933242798,8.092804276657262,84.51952828921333,0.6553256012650389,0.4234836070734054,0.4568682834151766,0.7181822550513185,0.2925550138820311,2.7094217213360885,1.1801232720288153,unmatched_ignored,
858,12144,0.709288907957316,0.1301029103564736,0.525,0.745,0.825,0.9902655558712162,0.0605692124838863,0.995,0.995,0.995,0.5548294388856698,0.300231461435555,0.115,0.585,0.935,348,0.0286561264822134,0.7957706328096061,0.0215645327017341,0.775,0.795,0.825,10.75,8.450000762939453,21.730000495910645,90.83750820159912,133.68926823761348,2.2180503378048817,0.6013132780875182,0.1755208522497921,2.9581150059388968,1.4081046045137384,16.31126158754556,4.381374415771446,tp,1.0
859,5696,0.6463705699111262,0.1631288703619365,0.395,0.715,0.805,0.9200586712385496,0.1285390026142667,0.705,0.995,0.995,0.5493546797221284,0.2864013156225488,0.135,0.575,0.925,452,0.0793539325842696,0.7659087135926285,0.1225128305047933,0.535,0.815,0.835,13.509994506835938,9.760002136230469,18.65999984741211,131.85757524718065,43.19812486557757,3.2219484348897423,0.9980077983551784,0.4726052748957317,2.3775392818736334,2.740911363777701,13.083088334783222,7.825243730791397,unmatched_ignored,
860,5957,0.6296134857820128,0.1307368642491888,0.455,0.655,0.775,0.9908817971194972,0.0290486545868094,0.975,0.995,0.995,0.545726997600766,0.2874088664655738,0.125,0.575,0.915,172,0.0288735940909853,0.8114470570499814,0.0592260417206954,0.795,0.815,0.835,15.140003204345703,6.100006103515625,19.34999942779541,92.35411195375492,64.5017300689642,2.508872492109914,0.956241571226875,0.2008472128434829,2.23974368564103,1.8731506146975332,13.324638541871035,5.422926031177584,unmatched_ignored,
861,2396,0.7715284086838489,0.1006731755556085,0.695,0.795,0.845,0.9942072835161612,0.037713086628578,0.995,0.995,0.995,0.5770824949786386,0.2806493382591244,0.125,0.645,0.915,178,0.0742904841402337,0.7951661234491327,0.0182512213329562,0.775,0.795,0.825,6.620000839233398,5.439994812011719,16.209999918937683,36.01277022094291,66.53195478437888,1.199110038736391,0.3349334893908838,0.1333844575954318,1.6831534391069771,0.7580488280144002,9.629901910527222,3.383186765943909,unmatched_ignored,
862,97756,0.6843437644703668,0.1685981534759615,0.445,0.725,0.855,0.988904352815814,0.0661784773644392,0.995,0.995,0.995,0.5418454417140718,0.2973185381284899,0.105,0.565,0.935,697,0.0071299971357256,0.7599380843533762,0.1577630508603428,0.545,0.815,0.835,12.799997329711914,15.270000457763672,44.209999084472656,195.4559650840747,500.14334409262256,3.8012682071234334,0.6696962304586761,1.0510672316667629,3.513343451658116,1.7642847723173931,13.96767105891288,2.974640804092544,tp,1.0
863,12676,0.8287379267261387,0.0707347658896645,0.765,0.845,0.875,0.9928366793334276,0.0437311653284223,0.995,0.995,0.995,0.69400168809977,0.2671385788563008,0.255,0.775,0.975,457,0.0360523824550331,0.7819496338098785,0.1053694613954111,0.655,0.815,0.835,5.80000114440918,6.600002288818359,22.699999809265137,38.28002082824969,331.1387957930637,1.3342328472645828,0.2291969412671031,0.2921906759171992,1.2905887852185531,0.8047835059598826,15.757009926298208,4.95217221715986,unmatched_ignored,
864,4771,0.8347753212621092,0.0483713499572475,0.785,0.845,0.875,0.9949509459730216,0.0394671789377846,0.995,0.995,0.995,0.7023116842875996,0.2710028574105652,0.245,0.785,0.975,300,0.0628798993921609,0.8096801068385442,0.0428350412123892,0.785,0.815,0.835,3.3500003814697266,4.240001678466797,22.40000057220459,14.20400724029605,335.8911270099127,0.9309462275105056,0.1681647740863116,0.061922228714116,1.426131062885981,0.7852472353700644,16.694020817098853,5.661428519707645,unmatched_ignored,
865,13352,0.8474283298246513,0.0392585462743973,0.805,0.855,0.885,0.9987059952640976,0.0191086185018982,0.995,0.995,0.995,0.692552524436108,0.2526016713208173,0.305,0.755,0.965,311,0.0232923906530856,0.8125042240240183,0.053174492390085,0.795,0.815,0.835,4.510000228881836,4.739997863769531,23.749999046325684,21.3773914505,624.585091727256,1.165939785824481,0.1117582936758636,0.0873388329406008,1.250785172559442,0.7543931924370454,17.51570385533796,4.485407941167189,unmatched_ignored,
866,1043,0.8066086580089274,0.0633489217196827,0.755,0.815,0.855,0.9902239193852316,0.0525425306319811,0.995,0.995,0.995,0.8299894925332021,0.2406128557407245,0.575,0.915,0.985,164,0.1572387344199424,0.8039771151251909,0.0135144330798777,0.785,0.805,0.815,1.2900009155273438,1.420001983642578,16.37000024318695,1.83180385894957,569.384104583172,0.3047971122794863,0.2013248360141094,0.1366347915832387,0.4573446649223703,0.281597546959978,8.696030282391341,4.476810346550726,unmatched_ignored,
867,24018,0.7449709070783311,0.1371543333982612,0.545,0.805,0.875,0.9992385149766428,0.0146273185009171,0.995,0.995,0.995,0.5568724148077517,0.307141551922911,0.115,0.585,0.955,409,0.0170288949954201,0.8163565340426848,0.0153150197416009,0.795,0.815,0.835,8.109999656677246,7.350002288818359,21.290000677108765,59.60851603889387,402.9290040424515,2.335660448451546,0.1404937146248238,0.0713011444560368,2.969115978474842,1.5256228471827635,15.942831373638342,3.446909300581466,unmatched_ignored,
868,10024,0.8191936786196596,0.0758714470952484,0.765,0.835,0.875,0.9980549644336923,0.0238985370474141,0.995,0.995,0.995,0.6465421122249314,0.2888029920983798,0.165,0.735,0.955,300,0.0299281723862729,0.8032631819943586,0.0506647781190287,0.785,0.815,0.825,8.639999389648438,8.970001220703125,21.99999976158142,77.50080507202074,129.34059189042998,1.5845368514592395,0.2178007521641439,0.0740521120325742,1.6075582375622564,1.0067480819483194,16.37827213071673,4.91325868205052,unmatched_ignored,
869,3289,0.7941986432859114,0.0926901616230164,0.715,0.825,0.865,0.9860312755834952,0.0606352018449495,0.985,0.995,0.995,0.7128659353802848,0.2588659180082629,0.315,0.815,0.975,54,0.0164183642444512,0.5952474452831127,0.1527929312092446,0.515,0.535,0.795,4.3600006103515625,4.1699981689453125,20.069999396800995,18.18119456176646,180.9012047490264,0.8683352372954489,0.3493990349222524,0.0953587644487293,1.060171291233884,0.5703458111717808,13.100439446381646,3.912707483873626,unmatched_ignored,
870,4950,0.8186696265156221,0.0728761055072663,0.765,0.835,0.865,0.9827648167658334,0.0656346126913286,0.985,0.995,0.995,0.6828878470863783,0.271481466865793,0.255,0.785,0.965,289,0.0583838383838383,0.7653238348740194,0.169018356874791,0.775,0.815,0.825,3.909999847412109,5.330001831054688,17.91999912261963,20.84030634613009,237.52050079240715,1.072637920188352,0.2113653046032093,0.3234337655996022,1.2086797258017066,0.6427351787458506,13.29818447085342,3.9650016373195207,unmatched_ignored,
871,17456,0.8419858072974014,0.0353739167115776,0.795,0.845,0.875,0.9993918363677592,0.0137082183034174,0.995,0.995,0.995,0.6714099679233841,0.259799324419973,0.265,0.735,0.955,259,0.0148373052245646,0.8013462217157872,0.0110732994462888,0.785,0.805,0.815,8.609996795654297,6.859996795654297,23.26000022888184,59.06455042878224,295.5410626725716,2.307630546864605,0.2788708469054765,0.0899997297969378,2.080735444967152,1.056820146916273,19.228423330029702,3.4439922406439103,unmatched_ignored,
872,10704,0.8022881635702779,0.1424625024106004,0.745,0.835,0.885,0.984251138079015,0.0763185152377961,0.995,0.995,0.995,0.6517010278708408,0.2727835194252256,0.225,0.705,0.965,311,0.0290545590433482,0.7997644873294033,0.0135677485480717,0.785,0.805,0.815,5.790000915527344,6.049999237060547,22.920000553131104,35.0295011215203,305.5710089294997,1.730045344907846,0.2293555695362968,0.0719637038676462,2.3025663086105808,1.4105196459459712,17.213387081948053,4.995219561554949,unmatched_ignored,
873,17590,0.7358749138048388,0.1232226802590175,0.565,0.775,0.855,0.9945431453284382,0.0386900717671489,0.995,0.995,0.995,0.4604042022471989,0.3197577637085969,0.045,0.445,0.915,552,0.0313814667424673,0.7752475793324951,0.1201962516530579,0.775,0.805,0.825,6.3899993896484375,6.589999198913574,15.359999895095823,42.11009085884143,417.7146057215596,1.813756696808225,0.2083901802186346,0.1349457466315289,2.930550416412928,1.199416553198811,10.62441918993789,2.5180766322413515,unmatched_ignored,
874,32340,0.6935811299164869,0.1545561270596813,0.455,0.745,0.845,0.993860676969432,0.0274987412394101,0.995,0.995,0.995,0.3785371818845091,0.2992959688317204,0.045,0.295,0.855,145,0.0044836116264687,0.8006214472754248,0.049942054114175,0.785,0.805,0.825,7.560005187988281,10.60000228881836,14.290000438690186,80.13607229615445,403.5635772175463,2.389610242246611,0.3710108413256228,0.153155069524885,2.9828622194926444,1.4705584018489912,9.143070948000446,1.702445976822473,unmatched_ignored,
875,2472,0.4686031811991194,0.2366509987528072,0.145,0.485,0.745,0.9987693098177802,0.0042055562065561,0.995,0.995,0.995,0.5144282297863129,0.2911102015773459,0.085,0.535,0.905,261,0.1055825242718446,0.7462712144943032,0.0187984232194153,0.725,0.745,0.775,8.580001831054688,19.28000259399414,21.050000190734863,165.42245755920885,14.943557461750371,6.168980907470737,2.699790607927222,0.1574349455864591,4.714645554941871,4.12053290033534,13.039180404304686,9.23017980890604,unmatched_ignored,
876,26210,0.7601280261554572,0.1079341708449425,0.655,0.785,0.845,0.9996597145723504,0.0080036753689071,0.995,0.995,0.995,0.5202388064296732,0.2957678780247947,0.095,0.535,0.915,393,0.0149942769935139,0.7985172995174205,0.0201001636262185,0.775,0.805,0.815,11.729995727539062,20.199996948242188,22.160000324249268,236.94587789918296,110.6159779287318,2.088812336033351,0.414955797723868,0.1039407645217981,1.5897725653052264,1.346191787895459,11.86462545072655,2.9181274081476647,unmatched_ignored,
877,4513,0.7761099129203693,0.1094345222258211,0.725,0.805,0.845,0.9702173150380804,0.0933044372031385,0.945,0.995,0.995,0.5508890164590241,0.3297053276842654,0.075,0.615,0.945,324,0.071792599157988,0.7980338594887728,0.1032031672421943,0.795,0.825,0.835,5.310001373291016,5.299999237060547,14.15999984741211,28.14300322723284,160.3595736944291,0.8994809285519478,0.2988799495652919,0.1993384764250146,1.4373174392616952,0.5847312531702427,9.846250633994122,3.603856029347809,unmatched_ignored,
878,770,0.6676757157622993,0.2165738539246905,0.225,0.775,0.825,0.6591576234086768,0.1001924846129477,0.525,0.655,0.785,0.4415200091472089,0.262994010823895,0.105,0.435,0.815,215,0.2792207792207792,0.7205307170402172,0.1791856825332763,0.465,0.805,0.835,3.84000015258789,5.229999542236328,12.200000405311584,20.083199040222095,38.3405053377136,1.0058481172222042,0.6797784073012045,0.6134957527837726,0.6772837171694317,0.4046128344752856,2.950334499698955,1.2296413507925117,unmatched_ignored,
879,3082,0.6962077082856997,0.120209395612948,0.515,0.735,0.825,0.9619232166478728,0.0706315400697867,0.895,0.985,0.995,0.4955961419649284,0.2850866706020127,0.115,0.485,0.895,116,0.0376378974691758,0.7772205944718986,0.0997317537755552,0.675,0.815,0.835,4.899999618530273,3.1299972534179688,14.360000610351562,15.33698534774885,200.952138253974,1.242535146384956,0.9951093468221756,0.2841055572389858,1.1268138906410872,0.6733734658221784,8.667915457781069,3.868477918021532,unmatched_ignored,
880,2523,0.5325487666304533,0.2536114089774919,0.175,0.555,0.815,0.9316447278454432,0.0909726687698288,0.835,0.965,0.995,0.3745823724514568,0.3071773446016643,0.045,0.285,0.865,98,0.0388426476416963,0.5351520278015915,0.2363495989078491,0.205,0.515,0.825,11.779999732971191,11.589998245239258,18.68000042438507,136.53017623405503,18.479431211418024,4.313273713173283,1.263756955952065,0.6167000244101879,2.7084569218098373,2.971223248988063,6.667454568960815,2.2802952121068465,tp,1.0
881,4376,0.7804054433217704,0.079188092499523,0.685,0.805,0.855,0.9976472899699124,0.0238397272544053,0.995,0.995,0.995,0.5241368802383408,0.3145705043779231,0.085,0.525,0.945,461,0.1053473491773308,0.8069412598382366,0.0209293769060542,0.785,0.815,0.825,6.94999885559082,9.89999771118164,17.50000023841858,68.80497276306414,63.600054244177,1.4685651481841726,0.3626772910168479,0.0831146834075461,1.2817654702096937,0.8417144843741046,8.22880571062457,3.182276247461033,unmatched_ignored,
882,8738,0.7271518299130574,0.1236996441688364,0.595,0.755,0.835,0.992924049950268,0.042270268100273,0.995,0.995,0.995,0.4286684128856944,0.3308398471167289,0.035,0.365,0.925,201,0.0230029755092698,0.8032556400073702,0.0259846902339131,0.785,0.805,0.825,9.31999969482422,8.770000457763672,20.72999930381775,81.73640158996568,106.90463281995908,2.2270167120548723,0.4439668824805001,0.2013790280049377,2.0384938498431207,1.2431560210652082,9.932832142473304,2.588210438371036,unmatched_ignored,
883,27177,0.6072738833365493,0.2443828212453085,0.235,0.735,0.845,0.999231274560372,0.009140140825948,0.995,0.995,0.995,0.4396674818649981,0.3276588424479057,0.035,0.395,0.915,247,0.0090885675387276,0.7984473138203022,0.024124278223763,0.775,0.805,0.825,12.390007019042969,13.499999523162842,19.84999942779541,167.26508884906434,162.4786151551554,4.0470983998548,0.90583106003355,0.087632693001278,3.829841167801478,3.04126539882297,13.252123223047372,3.3897535131105507,unmatched_ignored,
884,1604,0.5525281521726279,0.1577006680283052,0.365,0.535,0.745,0.9855337799561588,0.0646632401023345,0.995,0.995,0.995,0.2274801867334916,0.2996559107680084,0.005,0.055,0.775,73,0.0455112219451371,0.7061130706578085,0.1379255066262749,0.485,0.785,0.815,9.93999481201172,6.529999732971191,17.980000257492065,64.90816346817155,24.711837684123346,2.746098124553461,0.3367636644207057,0.0932430262864769,3.540790137979411,1.6178177910653313,10.941483970917297,2.953908251915944,unmatched_ignored,
885,16822,0.6621212434347383,0.1663571246132141,0.425,0.705,0.845,0.998755555737672,0.0205861081972787,0.995,0.995,0.995,0.4953747664404659,0.295899807124714,0.085,0.485,0.915,276,0.0164070859588633,0.7959453073748644,0.0787675539248424,0.775,0.805,0.825,15.120002746582031,22.12999725341797,21.88999938964844,334.6056192535325,50.27411086976958,2.16067074847916,0.2403028271158325,0.15424626526848,3.907805184672758,1.9248476442708704,13.245910199434576,2.6576242917108592,unmatched_ignored,
886,167856,0.6653839100725332,0.1781237961671092,0.385,0.705,0.855,0.997112132981029,0.0299060598434358,0.995,0.995,0.995,0.5611283735755436,0.2821315344273964,0.145,0.595,0.925,1321,0.0078698408159374,0.8064348070256914,0.0477843802570588,0.785,0.815,0.835,15.869998931884766,15.93000030517578,22.429999351501465,252.80908782806364,663.9634731571022,4.624508613572523,0.3009870678705436,0.3507994113564426,4.282345020285612,2.062325664120672,16.469575553596613,3.977869854014924,tp,1.0
887,53340,0.7439649448641005,0.126335801319023,0.575,0.775,0.865,0.9974279949883642,0.0233455040000115,0.995,0.995,0.995,0.5364623747862333,0.3064893117870025,0.085,0.565,0.935,743,0.0139295088113985,0.7995083788522641,0.0360904607914039,0.775,0.805,0.825,27.209999084472656,8.82000732421875,20.69000029563904,239.9923912170343,222.2570462734487,2.97164113314468,0.2510522018013504,0.1434698277041426,2.704355320548415,1.4621524681739244,14.437864616752666,3.472868147854796,unmatched_ignored,
888,10628,0.6919414856627802,0.1147522201955365,0.535,0.715,0.815,0.9931071679709682,0.0313351754791341,0.995,0.995,0.995,0.495134785224371,0.3011903960431719,0.085,0.485,0.905,197,0.0185359427926232,0.8166218407565567,0.0410795060897221,0.785,0.825,0.845,7.599998474121094,3.8600006103515625,17.980000972747803,29.33599874877837,362.2852622477215,1.5853159097123726,0.9315959411512486,0.372598058092649,1.7840771843908048,1.1924058434841265,9.662025356249542,3.1298223753154626,unmatched_ignored,
889,2286,0.658482387854228,0.2403585496595209,0.145,0.765,0.825,0.9724791686418072,0.0480133789508813,0.935,0.985,0.995,0.5283613796288054,0.3284212501590554,0.055,0.585,0.935,339,0.1482939632545931,0.7984780560640459,0.0914118403020502,0.785,0.815,0.835,5.239999771118164,3.30999755859375,19.259999990463257,17.344386449432932,131.80056882754363,1.0319318318948332,1.2895898053560568,0.4814938444317531,1.0148078923663653,1.1349985805427438,6.937589090229489,5.199819599079748,unmatched_ignored,
890,53353,0.734804841011867,0.1302389667689233,0.545,0.775,0.865,0.99549971241188,0.0400632817698255,0.995,0.995,0.995,0.5453809133838019,0.292847906705484,0.115,0.565,0.925,543,0.0101774970479635,0.8168706353582291,0.0537288926908012,0.795,0.825,0.845,9.670000076293944,10.619998931884766,24.260000705718998,102.6953904815673,519.5267260761453,2.8914101080652483,0.1850943567539756,0.1234542132016481,3.312719913204881,1.6043653860560738,18.572262356058147,3.754827508156964,tp,1.0
891,9567,0.7600279244507345,0.1118981325648731,0.595,0.805,0.855,0.9981424684209036,0.0221830907863172,0.995,0.995,0.995,0.6469100305628872,0.2671980041078027,0.225,0.705,0.955,344,0.0359569352984216,0.8080206128746964,0.0158512763813831,0.785,0.805,0.825,7.650001525878906,6.450000762939453,20.350000381469727,49.342515678406926,193.88958727507023,1.658644026472875,0.403226950279581,0.1208871482416367,2.081066256193292,1.2379537016838715,15.055462361413571,3.989475598540101,unmatched_ignored,
892,13933,0.7420033820137635,0.1034484355387745,0.605,0.765,0.855,0.9993418935109628,0.0144183036593538,0.995,0.995,0.995,0.5879807398630519,0.3007504525992629,0.125,0.635,0.955,322,0.0231106007320749,0.8144760579796311,0.0152718617149603,0.795,0.815,0.835,7.119998931884766,5.130001068115234,19.72999930381775,36.525602125548176,381.45846171429525,1.7766614072194444,0.3020007360289317,0.0684050060737904,2.8168747556293265,1.1298081633815205,14.064980548525682,3.2572530338311667,unmatched_ignored,
893,33589,0.6293523632293401,0.1940924553989337,0.335,0.705,0.805,0.8901338096728134,0.1438401281341174,0.645,0.975,0.995,0.389808276623904,0.3030123493212167,0.035,0.325,0.855,1824,0.0543034922147131,0.6688965255059629,0.2087554804306738,0.215,0.765,0.825,12.070001602172852,15.249996185302734,19.87999927997589,184.06747838973388,182.48199135363055,2.807449002102392,1.1286760987342874,1.069306046078618,2.178380042090411,1.2164275793561157,7.817923849082621,3.118879686154296,unmatched_ignored,
894,285,0.0914111134514474,0.0860146296574337,0.045,0.055,0.155,0.7738756248825475,0.0912014002190114,0.625,0.795,0.865,0.6617032424399727,0.1464802753569919,0.485,0.655,0.855,181,0.6350877192982456,0.0768614847068957,0.0566696652336001,0.045,0.055,0.155,6.020000457763672,6.529998779296875,8.119998931884766,39.310595640563406,7.249953742901753,0.6202722585049247,0.7584106115809819,0.4640867785540432,2.108551775626025,0.50789696430896,2.268418690614533,0.8930440821198422,unmatched_ignored,
895,6822,0.76189728287204,0.0789355490068735,0.675,0.785,0.835,0.9969139654802038,0.0291580989735344,0.995,0.995,0.995,0.5642795261084677,0.3086329241644363,0.095,0.635,0.925,218,0.0319554382878921,0.7981321562867646,0.0376989243655245,0.775,0.805,0.825,6.300000190734863,6.090000152587891,20.82999992370605,38.36700212287906,177.80904481801815,1.2255682422769107,0.2785089207156535,0.1425627096487665,2.23745359437788,0.9393419948973972,13.899656579859514,4.1808196463346,unmatched_ignored,
896,2705,0.7852795004486597,0.1009929635729791,0.655,0.815,0.865,0.9920310870556648,0.0408314519249833,0.995,0.995,0.995,0.6442604977914688,0.2961106994557937,0.165,0.725,0.975,184,0.0680221811460258,0.7866059463552159,0.1160976417453893,0.785,0.805,0.835,3.220001220703125,6.409999847412109,17.920000791549683,20.64020733337384,131.05488507502517,1.33144699905426,0.3820207800186505,0.2338714990056853,1.069134129603816,1.0030680441194206,10.439533239503886,3.724895991781751,unmatched_ignored,
897,8296,0.8078920150076002,0.0852481513689087,0.745,0.835,0.865,0.9873742736452112,0.0544033573247622,0.985,0.995,0.995,0.7241130737214778,0.2468454976784578,0.325,0.805,0.965,478,0.0576181292189006,0.802676784381208,0.0551061233828589,0.785,0.815,0.835,3.929996490478516,9.09000015258789,21.549999594688416,35.72366869811958,232.2269885017908,2.0057238015096037,1.7811866534565088,0.3972728471932834,1.1397151514052202,0.7402457708852934,13.431152194975486,4.733386520527339,unmatched_ignored,
898,8221,0.7537220724379258,0.0793296459960956,0.655,0.775,0.825,0.9989211980465076,0.0146919407755841,0.995,0.995,0.995,0.4188722940857983,0.3036570342267608,0.065,0.355,0.905,394,0.0479260430604549,0.8045716154091249,0.0188125479784598,0.785,0.805,0.825,26.88999938964844,7.489997863769531,21.98999929428101,201.4060379852308,40.81804141642888,1.7730736747971836,0.2424675673105975,0.1651550643254043,1.6255902817615304,1.0332679579375692,8.21203575972701,2.807438887954372,unmatched_ignored,
899,634,0.715124996807955,0.1104831250444447,0.655,0.745,0.795,0.7785129249095917,0.1225141951221325,0.595,0.795,0.925,0.2135233758659747,0.2532286385147943,0.015,0.115,0.685,60,0.0946372239747634,0.7214647525300583,0.1906927850182357,0.235,0.805,0.825,4.119998931884766,3.679998397827149,12.669999927282332,15.1615894683855,41.816196205681344,1.1854921281057895,0.5450624100874331,0.2170768709611966,0.9156080652015316,0.5414704126805162,2.493108939297192,1.7261217336801182,unmatched_ignored,
900,9326,0.7783725509364513,0.0816384953287093,0.685,0.795,0.855,0.991103968004441,0.0482592859780512,0.995,0.995,0.995,0.5343042758502509,0.3170996096138974,0.075,0.575,0.935,572,0.0613339052112374,0.7971960287410896,0.0698602329297194,0.785,0.805,0.825,5.880001068115234,5.789999008178711,15.990000367164612,34.04520035247697,273.929949110183,1.6704774704652927,0.2331900710763001,0.2132519414873143,1.620412170038629,0.995045877874332,9.311079101241148,3.1223368839173515,tp,1.0
901,27313,0.8066355316319265,0.0899722460735131,0.685,0.835,0.875,0.9981639339264547,0.0237576677564274,0.995,0.995,0.995,0.6279313334531773,0.2857899998094043,0.165,0.695,0.955,345,0.0126313477098817,0.7910626546196315,0.0222523201482289,0.765,0.795,0.825,9.349998474121094,22.270000457763672,25.15999984741211,208.2244702987664,131.17094240081644,1.948851591062498,0.3497781053447123,0.1301445922841502,2.138878681790195,1.12930170999033,18.10226265876657,4.93573435082217,unmatched_ignored,
902,10491,0.7108159524830437,0.1289658873185091,0.545,0.755,0.825,0.9848000095418064,0.0781364615404478,0.995,0.995,0.995,0.6875343212371685,0.2479766888292561,0.305,0.745,0.955,253,0.0241159088742731,0.7686416204915687,0.1075062232599812,0.755,0.795,0.815,5.040000915527344,6.989999771118164,23.34000062942505,35.22960524597147,297.7893146049274,1.4936863815215355,0.4186638160543457,0.1006139034461246,3.775941211504444,1.4838421126193746,16.764809943274688,4.765019624717252,tp,1.0
903,3215,0.7120948855418996,0.2046845342609182,0.315,0.795,0.845,0.992342436035536,0.0277379469908704,0.985,0.995,0.995,0.4607623487292364,0.2872194804014236,0.105,0.415,0.915,125,0.0388802488335925,0.8203965792655945,0.0149330048795712,0.805,0.815,0.845,6.959999084472656,10.110000610351562,18.549999952316284,70.36559499206487,45.6899426539711,2.2762983026854897,0.9022095835522814,0.095768759185381,1.5299202270247632,2.0055053947730483,7.590538493285468,3.1173285733031166,unmatched_ignored,
904,363,0.7202396401648022,0.1400773528140721,0.555,0.785,0.825,0.9727200983969632,0.0646907560337454,0.955,0.985,0.995,0.5806583717167788,0.3421826668959388,0.045,0.705,0.965,176,0.4848484848484848,0.8073912791230462,0.0197906803008992,0.785,0.815,0.825,4.8600006103515625,2.180000305175781,16.80999994277954,10.59480281372089,34.26208173783978,1.2002835228518596,0.7089640765039695,0.1705410788541182,1.0364897457422253,0.8491350656889892,4.321255421342928,2.2508137448283274,unmatched_ignored,
905,17729,0.7562262412641609,0.09469099732189,0.635,0.775,0.845,0.999493932336026,0.0117408089020303,0.995,0.995,0.995,0.5044621697251822,0.3224701529616158,0.065,0.515,0.925,275,0.0155113091544926,0.7973780540986495,0.0218908494708787,0.775,0.805,0.825,8.759998321533203,8.69999885559082,23.790000438690186,76.21197537231637,232.6274829301954,2.571551792271243,0.2845083360304942,0.0769999533879247,2.8362983596214155,1.4466514258889844,15.141963003213464,4.48787899019783,fp_counted,0.0
906,9976,0.614117963347844,0.1431369683653088,0.395,0.635,0.785,0.9891495116371676,0.0635759778714705,0.995,0.995,0.995,0.4735816876686147,0.300703126877808,0.075,0.445,0.895,191,0.0191459502806736,0.8025544897423988,0.0152865625110198,0.785,0.805,0.825,5.840000152587891,11.760002136230469,17.7900008559227,68.67841427001986,145.25670264863433,1.936070833126788,0.3916016176787062,0.1623827060784038,4.133705117702139,1.3859702305748236,11.430422523787875,2.5290705914777645,unmatched_ignored,
907,51696,0.7197515995532686,0.1351120572168249,0.515,0.765,0.855,0.9978358214971856,0.0271605818356345,0.995,0.995,0.995,0.5915223552484801,0.2828049270639041,0.165,0.635,0.935,491,0.0094978334880841,0.7909410404697698,0.0957077493095312,0.775,0.815,0.835,8.28000259399414,11.579999923706056,27.58000087738037,95.88242940673808,539.1603062194322,3.014841037375236,0.2303318452425983,0.1298553760470477,3.5020989838739225,1.6443993291047228,17.578621787734573,3.0178476750462018,tp,1.0
908,66547,0.7525800458930935,0.1197378097115403,0.585,0.785,0.875,0.9992401656723722,0.0123403417605642,0.995,0.995,0.995,0.5865358393003764,0.2909710724940089,0.145,0.635,0.945,573,0.0086104557681037,0.8083935020585751,0.0343992849471241,0.775,0.815,0.835,11.18000030517578,8.870000839233398,23.519999980926517,99.16661208953884,671.0625541983208,3.097229906717008,0.1642783251584746,0.2307759502645229,3.2187166847567177,1.509873430290266,16.930664560632785,4.252197617011978,tp,1.0
909,488,0.6188402176514024,0.2494471480457064,0.225,0.765,0.845,0.6526379248157876,0.119680972827378,0.525,0.625,0.845,0.6318925202625697,0.2759370699196293,0.195,0.675,0.955,131,0.2684426229508196,0.6552288354808138,0.2582256343343361,0.225,0.805,0.835,2.6299991607666016,1.720001220703125,17.22000002861023,4.523601766966749,107.8786385582352,0.6579334023245305,0.4232128747885414,0.1837293870363626,0.8506494803138291,0.4559603054380182,4.85461177847913,2.1138747308169763,fp_counted,0.0
910,170,0.5324388596941443,0.2738029005709658,0.175,0.555,0.825,0.9031393342158374,0.1319661538862752,0.665,0.965,0.995,0.7059711693553254,0.2760700719039456,0.225,0.835,0.965,78,0.4588235294117647,0.7706054147237387,0.1187917637433152,0.545,0.805,0.825,4.169999122619629,4.540000915527344,13.350000381469728,18.931799834441332,8.979600539127324,2.030069713537172,1.0924192726829145,0.2408294996182141,1.97091563768272,1.900623691488432,5.504809519122628,5.524599673996236,unmatched_ignored,
911,113,0.5157839293237281,0.2502177289325974,0.185,0.505,0.795,0.6764970806847631,0.1573194081855115,0.525,0.635,0.995,0.6276159697980827,0.2744578333721929,0.065,0.705,0.905,71,0.6283185840707964,0.6434706537656381,0.197678590902846,0.215,0.765,0.795,4.129999160766602,5.939998626708984,12.169999122619627,24.53218934326287,4.606193047789781,1.897204271484004,0.8739802580259343,0.2277707227559879,1.289992849749201,0.4926671099777288,4.2277889494347365,4.281681689561991,unmatched_ignored,
912,29048,0.7100969477503039,0.1472205964727801,0.485,0.765,0.845,0.999175764363812,0.0144763273587534,0.995,0.995,0.995,0.5597976752721462,0.2799460295143738,0.155,0.585,0.925,593,0.0204144863673919,0.8070589743215358,0.0220997680384743,0.785,0.805,0.825,8.860000610351562,10.389999389648438,18.239999771118164,92.05540093383752,315.5491117884274,2.256128491454279,0.3036863019974512,0.1261020921033261,3.222062440823496,1.3880695107160068,11.149210030300203,3.005664328148809,tp,1.0
913,6920,0.6082390354181817,0.1497923756134632,0.405,0.635,0.785,0.9943310608150642,0.0328870085432669,0.995,0.995,0.995,0.4885363569106704,0.2938976180472606,0.085,0.495,0.895,273,0.0394508670520231,0.7604065158100792,0.0720964004319489,0.715,0.775,0.805,7.639999389648437,6.299999237060547,12.590000420808792,48.1319903259282,143.77132450041793,1.740986419760053,0.6321741732449567,0.4306897240166297,3.4487947633133267,1.138248088047932,7.874107306764994,2.158760090310966,tp,1.0
914,1989,0.7910388295092494,0.1157845671894665,0.705,0.825,0.855,0.9543523313472952,0.0864943211973874,0.905,0.985,0.995,0.6879373318107475,0.2884858767097383,0.155,0.795,0.965,250,0.1256913021618904,0.8090422632694244,0.0526823492005546,0.775,0.815,0.845,6.319999694824219,4.679999947547913,20.71000051498413,29.577598240280167,67.24683944388987,0.8942763264379318,0.4460985750346716,0.1891741703697479,0.9340737254007728,0.5995807035182928,6.071981376517412,2.1988605890834907,tp,1.0
915,3270,0.7807605301499914,0.1040178549263791,0.665,0.825,0.865,0.9868981394563612,0.0587657101216526,0.985,0.995,0.995,0.6906038454541966,0.2765025559564028,0.225,0.785,0.965,310,0.0948012232415902,0.8008944840200486,0.0336984492940626,0.755,0.815,0.825,4.329999923706055,5.379999995231628,14.0,23.29539956889153,140.37106297874922,1.1722492119500143,0.3492577301509621,0.1496974328130478,1.2444559766362664,0.9071054514294754,6.626192748842801,2.2975297471440905,tp,1.0
916,240,0.6837136302143335,0.1614517918994174,0.375,0.755,0.805,0.7661164025465648,0.1370370505010309,0.575,0.765,0.995,0.5154686685321698,0.3381162491473889,0.065,0.495,0.945,76,0.3166666666666666,0.7601861091036546,0.1299582294309759,0.695,0.795,0.835,2.3600006103515625,5.969999313354492,16.239999771118164,14.08920202331501,17.0343217169322,1.645158890420011,0.6348646910621575,0.3482092743161662,1.3280537040806233,1.478522250551971,5.034365739425024,4.752704295038598,unmatched_ignored,
917,30785,0.6916673291141199,0.1626445155061192,0.475,0.745,0.835,0.9962797755774536,0.0317114683517583,0.995,0.995,0.995,0.4650025136366829,0.3231607526072156,0.045,0.445,0.915,698,0.0226733798928049,0.7896696715949258,0.0227726940134405,0.765,0.795,0.815,14.380001068115234,10.94999885559082,23.600000858306885,157.4609952392566,195.50873505672467,2.7540808353705297,0.750256482100811,0.4395135207405101,2.950374276300107,1.940766379591954,13.542801126367245,4.495278761363104,tp,1.0
918,8627,0.7858500406534685,0.073679652716386,0.695,0.805,0.855,0.9983762529684796,0.0233982603823971,0.995,0.995,0.995,0.553002821912975,0.3178168018344281,0.085,0.605,0.945,262,0.0303697693288512,0.808340827699836,0.0154403904490138,0.785,0.815,0.825,6.1100006103515625,5.049999237060547,18.699999809265137,30.855498420714863,279.59360378402624,1.610945852442302,0.2250159810995448,0.108789549487657,1.6360222593533047,0.8244557076435425,12.820065011292908,3.0563837436625656,tp,1.0
919,3681,0.7276633775807437,0.0859448821562536,0.625,0.735,0.825,0.9958928845007112,0.0220388381954403,0.995,0.995,0.995,0.3724181971480073,0.3391227830441154,0.025,0.215,0.895,148,0.0402064656343384,0.8051620307000907,0.0121634138585981,0.785,0.805,0.825,6.3600006103515625,5.549999237060547,17.209999561309814,35.297998535155784,104.28353313953,1.3500888284532613,0.2236372909530475,0.0749867915692181,2.01028153785274,1.0290453377232034,6.952943098940071,1.9777423354821504,tp,1.0
920,14612,0.7887266322892886,0.0738384701259064,0.705,0.805,0.855,0.9985846891742258,0.018318813593806,0.995,0.995,0.995,0.6375656115445245,0.2761763448327921,0.195,0.695,0.945,317,0.0216944976731453,0.7991136685248805,0.0498803416161566,0.775,0.805,0.825,5.290000915527344,5.230003356933594,20.449999809265137,27.666722546389792,528.1435115959085,1.357056448104108,0.1747557999766708,0.1310726394073884,2.015885402800415,1.0235584942461204,14.558659127060109,4.117653491941737,tp,1.0
921,5565,0.656492079582872,0.206143117779877,0.195,0.735,0.825,0.9985093370495032,0.02038915731556,0.995,0.995,0.995,0.6178087786997588,0.3071283975290612,0.105,0.705,0.965,153,0.0274932614555256,0.7825725024042566,0.026447698972764,0.745,0.785,0.815,9.099998474121094,3.4499969482421875,17.890000820159912,31.394966964726336,177.2577116023893,1.3996886315400587,1.474100122749521,0.1764962943568106,1.4043705789336114,1.2096825913478764,11.405240005265457,2.910196429161567,unmatched_ignored,
922,11541,0.7517471978037881,0.1019991550663629,0.635,0.775,0.845,0.9852887745044456,0.0451084151814648,0.965,0.995,0.995,0.427947141487588,0.3000018899651901,0.055,0.385,0.875,421,0.0364786413655662,0.7797494573151414,0.0528976928555934,0.705,0.795,0.825,10.930000215768814,7.680000305175781,17.550000190734863,83.94240499267585,137.48712585738969,1.6758233964023608,0.402068749026173,0.3507249299057368,1.7312467798175175,0.937827397110208,7.506300745114391,2.977829001088833,unmatched_ignored,
923,9897,0.6879784889986711,0.1403717448621753,0.485,0.735,0.835,0.9984492208664496,0.0167931251645152,0.995,0.995,0.995,0.6113073549046021,0.2770911286205609,0.195,0.675,0.935,451,0.0455693644538749,0.798196325016656,0.0211252537191223,0.785,0.805,0.815,8.6899995803833,6.770000457763672,18.770000159740448,58.83130113716106,168.22677399103986,1.948852688050236,0.287550075731274,0.2059983205839852,3.003462075093767,1.549125786316217,9.595169267447124,2.8043164558005427,tp,1.0
924,55927,0.7032614337437225,0.1773150576149527,0.415,0.765,0.865,0.999494021800901,0.0116879813068401,0.995,0.995,0.995,0.5902919625203703,0.2857660321513798,0.155,0.635,0.945,832,0.0148765354837556,0.8150917476472946,0.0134251468371019,0.795,0.815,0.835,11.05000114440918,11.990001678466797,26.480000019073486,132.4895322685261,422.1239145644255,3.2704498513010565,0.1821688163052639,0.1388937358607312,3.374453341961403,1.8180448774117528,15.08781110761049,3.4175572131652627,unmatched_ignored,
925,9027,0.7778419101024976,0.0865092227692769,0.705,0.795,0.855,0.9967490638214924,0.0285858158070338,0.995,0.995,0.995,0.4157839013742017,0.3206694019394434,0.045,0.345,0.905,342,0.0378863409770687,0.8030564582835861,0.0296951746339532,0.785,0.805,0.825,8.640003204345703,6.840000152587891,20.88000011444092,59.09762323608447,152.74725963070873,1.807049326115073,0.2574465642169751,0.1149728475405543,1.608415941295713,0.8531689717942028,10.971285617578012,2.886242416042847,tp,1.0
926,8472,0.6456971110281824,0.1849187663886183,0.325,0.705,0.825,0.9989931523110418,0.0107648613317638,0.995,0.995,0.995,0.4669712411770168,0.3284599078438641,0.045,0.435,0.925,443,0.052289896128423,0.8082272814035953,0.0146804524137329,0.785,0.815,0.825,10.040000915527344,10.260002136230469,21.30000042915344,103.0104308410664,82.2440982998251,3.013554289479478,0.6345885889442642,0.1268854258420434,3.2059557211343237,1.908318409170272,11.061217350890548,4.223496245993431,tp,1.0
927,33416,0.7940870590471418,0.0930935424734352,0.675,0.825,0.875,0.9987624064301912,0.0153377206512085,0.995,0.995,0.995,0.5920689270340563,0.2929388363325054,0.145,0.645,0.945,462,0.0138257122336605,0.8025209336053758,0.0182088464899896,0.775,0.805,0.825,11.71999740600586,10.260000228881836,23.929998874664307,120.24717606811464,277.89425991236027,2.4426218280794463,0.1896770716291753,0.1081485829628129,2.4314207009212945,1.3267383921382463,17.61026646674343,4.807416668965749,tp,1.0
928,49906,0.7259513498300905,0.1272863602048665,0.535,0.765,0.845,0.9997735886694564,0.0073367314923971,0.995,0.995,0.995,0.5600585042733673,0.2930572196562576,0.135,0.585,0.935,522,0.010459664168637,0.8076721158064188,0.0130090586250586,0.785,0.805,0.825,8.010002136230469,10.579999923706056,23.00000047683716,84.7458219902037,588.8903880803581,2.6291762822403686,0.1848069777981507,0.0858379184139175,3.341025429053672,1.495250787489703,17.495918609991964,3.512106589686192,tp,1.0
929,8550,0.5097153990179824,0.2690076224968205,0.175,0.455,0.835,0.9985213501899564,0.0172939628984197,0.995,0.995,0.995,0.5562716752555996,0.2847381784013441,0.125,0.595,0.915,470,0.0549707602339181,0.8078947381770357,0.0175279193580693,0.795,0.805,0.825,9.169998168945312,11.429998397827148,22.36999893188477,104.8130643791228,81.57380046702491,3.1907616315180287,0.5999247987105665,0.0948006256723241,4.83890712613314,3.062171332545065,13.126593715827369,5.508790539231467,tp,1.0
930,9019,0.7364282695268207,0.1635996416686158,0.605,0.785,0.845,0.9983379265225532,0.014814822375772,0.995,0.995,0.995,0.3879595285986327,0.3150119395125255,0.035,0.295,0.885,356,0.0394722253021399,0.792321953880653,0.0293767964748986,0.755,0.805,0.825,10.56999969482422,15.450000762939451,21.289999961853027,163.30650334930397,55.22743929376062,2.4507491399858896,0.6023797150834057,0.154756862384802,1.7134421757722953,2.025556943797504,10.229177305354474,4.985971114180245,tp,1.0
931,31426,0.8191849190535752,0.0706440999547463,0.735,0.835,0.875,0.9993670739834264,0.0141492472318443,0.995,0.995,0.995,0.5793789521314134,0.2977818583414962,0.115,0.635,0.945,429,0.0136511169095653,0.8059196473557354,0.0160809973905155,0.785,0.805,0.825,8.279998779296875,8.029998779296875,21.570000171661377,66.48838009033352,472.6540179998896,2.0498378056793345,0.1448453843905899,0.1052218992450704,1.892619881760344,0.9911226965040012,16.634436748654796,3.972838518371412,tp,1.0
932,4334,0.6120766374644839,0.2196580504994092,0.205,0.715,0.805,0.7710723788797663,0.1400065682895603,0.575,0.775,0.995,0.4417010776913752,0.2872377115132744,0.075,0.415,0.855,230,0.053068758652515,0.529559016260116,0.2401197344058177,0.195,0.505,0.805,6.450000286102295,3.919998168945313,16.239999532699585,25.283989311217734,171.41282361154677,1.2298565577877738,0.7183092332128568,0.3260667688873234,0.9339081865407768,1.0440425596123344,6.467699670779936,2.776942838574425,unmatched_ignored,
933,15652,0.7433779950903663,0.1404836526251374,0.545,0.795,0.855,0.9955878748160752,0.033767052642808,0.995,0.995,0.995,0.5757896878643328,0.3069345582700556,0.115,0.635,0.945,870,0.0555839509327881,0.8152381878645941,0.0410659255117357,0.805,0.825,0.835,8.470000267028809,6.529998779296875,16.290000438690186,55.309091404342325,282.99145045747684,1.9889344175909964,0.3845381724202191,0.2291664904754997,2.11560815310853,1.5219104024160008,11.54973069883713,3.761530570777015,unmatched_ignored,
934,108032,0.6658135076291789,0.1904219005410546,0.355,0.735,0.855,0.9957005051141208,0.0348331019708047,0.995,0.995,0.995,0.5017892699698154,0.3099854562097674,0.075,0.505,0.925,1165,0.0107838418246445,0.803116507962538,0.0666818585672776,0.785,0.815,0.835,14.760000228881836,16.799999237060547,23.74000072479248,247.96799258422837,435.6691316251403,4.477096669243642,0.3068408379315959,0.2519678030297304,4.114956345305794,1.905757048766608,17.013218114837112,4.021652986425919,unmatched_ignored,
935,2779,0.3770280319898409,0.2705996415818333,0.135,0.225,0.785,0.966367684645205,0.0788779107342997,0.895,0.995,0.995,0.3749094578756083,0.3007423700071213,0.035,0.295,0.855,80,0.0287873335732277,0.7061821265146137,0.2203768543856931,0.225,0.815,0.845,10.100000381469728,13.549999237060549,16.52999997138977,136.85499746322603,20.30616383407364,4.5274695867195565,1.206538023654659,0.2098801321928042,5.474149467560772,3.4826336915018423,9.20849622364051,3.235046874533024,fp_counted,0.0
936,140,0.5506669997636761,0.226525415991305,0.225,0.505,0.815,0.7892902591398784,0.1662872765986911,0.555,0.765,0.995,0.8143464846270425,0.2645927385401525,0.285,0.945,0.995,86,0.6142857142857143,0.6684962459948174,0.1972420939746984,0.395,0.795,0.815,5.260000228881836,9.509998321533203,15.789999723434448,50.02259334793053,2.798735343972164,1.879315069587276,0.6021821386631219,0.267059040729306,1.3123225521641837,1.554494599656785,6.028081184199878,6.080847766888279,unmatched_ignored,
937,792,0.6980132163982048,0.1786764063118066,0.405,0.765,0.825,0.7612328396150561,0.1395198692601794,0.595,0.745,0.985,0.4663572916418189,0.3144622195541806,0.075,0.435,0.905,218,0.2752525252525252,0.7722255116619101,0.128975538434501,0.675,0.805,0.835,3.09000015258789,3.479999542236328,14.700001001358032,10.753199116516043,73.65250019257545,0.945886603312557,0.6535565182271472,0.2695528969042703,0.7323712259514237,0.387526230722375,4.118893063693035,2.0383401837533346,unmatched_ignored,
938,17031,0.7783576481805056,0.0854565462209205,0.685,0.805,0.845,0.9769679932017256,0.0613980105738533,0.945,0.995,0.995,0.4909739856508323,0.3000462291335896,0.085,0.495,0.905,947,0.0556044859374082,0.802568434598957,0.0168130155358737,0.785,0.805,0.825,6.560001373291016,7.080001831054688,13.56999945640564,46.444821734621655,366.6931934266522,1.8333636962926003,0.4398010485734768,0.1275526125877509,1.5049608507920451,0.9572970667502788,7.949361229931251,2.4940916202578265,unmatched_ignored,
939,742,0.5262622594823333,0.2609587631051616,0.185,0.535,0.805,0.6879242538120547,0.1683417289386147,0.515,0.625,0.975,0.3751439521412554,0.3267370705130233,0.035,0.265,0.875,107,0.1442048517520215,0.7380770254079426,0.1558201929631294,0.505,0.795,0.825,8.349998474121094,24.450000762939453,21.790000438690186,204.157469062804,3.6344494443734607,3.495304026022864,0.5196190421297389,0.2840326624764044,1.7710769853552637,2.856979247924178,5.869870864678265,6.007119461087931,unmatched_ignored,
940,759,0.5472205188002668,0.2120725738575607,0.185,0.645,0.765,0.6631516474194834,0.1556971199737464,0.515,0.615,0.995,0.3694219697855105,0.2978855226819755,0.045,0.275,0.835,126,0.1660079051383399,0.537610058391851,0.2333829264329458,0.205,0.515,0.785,13.279998779296877,25.34000015258789,22.169999599456787,336.5151710937498,2.2554703775555787,3.3711360799849293,0.8405557043786436,0.4808333468281737,1.8895902332933172,2.6657281166254188,5.885262588816984,5.4636886834537846,unmatched_ignored,
941,8944,0.7042344322541398,0.1827900929191994,0.395,0.785,0.855,0.9982149237783522,0.0185673197888977,0.995,0.995,0.995,0.5162288500991739,0.3188869746167327,0.045,0.545,0.935,261,0.0291815742397137,0.8156303045165036,0.0520134438732887,0.795,0.825,0.835,6.180000305175781,8.839999198913574,18.28000020980835,54.63119774703955,163.71597857717978,1.6287764217477203,0.3156882354029137,0.1075984365244325,2.8766793549765874,1.4263834808241256,10.634469530113668,3.655445610653181,tp,1.0
942,64990,0.6932516587749388,0.1689456701953464,0.425,0.755,0.855,0.996911933466478,0.0294298147045941,0.995,0.995,0.995,0.5425523740396518,0.2999486824582869,0.095,0.575,0.925,468,0.0072011078627481,0.810687666424574,0.0671782188127649,0.795,0.815,0.845,11.239997863769531,10.05999755859375,20.350000619888306,113.07435106812044,574.7545697684125,3.181554988457536,0.2869609674955806,0.219850563471645,3.5555777624098064,1.9389556814609827,14.501168224075183,3.1476994273392265,unmatched_ignored,
943,10767,0.7629537724267809,0.0710484325269172,0.675,0.775,0.825,0.9973941478233678,0.0319176950955319,0.995,0.995,0.995,0.6458243351623311,0.2600661346028337,0.245,0.705,0.945,219,0.0203399275564224,0.8029731468522929,0.0276348686783872,0.775,0.805,0.825,6.099998474121094,4.439998626708984,21.459999322891235,27.08398484802456,397.54120600851394,1.5778265925223596,0.278895858121807,0.0967784000063791,3.337731634621436,1.377918118154455,16.2992135161276,3.81423983108964,tp,1.0
944,9502,0.7156131186470989,0.1090986831477108,0.565,0.745,0.825,0.9991408414688644,0.0148610304790487,0.995,0.995,0.995,0.6601845313793326,0.270791057731073,0.225,0.735,0.965,338,0.0355714586402862,0.8005779209221608,0.0168340321093779,0.785,0.805,0.815,4.4199981689453125,5.670001983642578,18.96000027656555,25.061398385616485,379.1488349450401,1.453797662073283,0.2488199990267965,0.0995763699981798,2.719674680375699,1.22496609580176,13.010625009733335,3.3812906127731885,tp,1.0
945,3589,0.7225561093515126,0.1157165908995238,0.615,0.755,0.815,0.8666270730986373,0.1377494403611546,0.635,0.915,0.995,0.2899779340857151,0.2965483395688555,0.025,0.155,0.825,400,0.1114516578434104,0.7711188898608089,0.1274017657890214,0.615,0.815,0.835,4.519996643066406,5.8600006103515625,11.65000057220459,26.487183087156158,135.49949755662522,1.3228155822569216,0.4092826842817964,0.2383838615387085,1.1100190606098943,0.6483929327547593,4.047556350542729,1.5200626286114034,tp,1.0
946,2793,0.7250843717954383,0.1816728054379544,0.475,0.795,0.845,0.8433365152593244,0.1559915816242942,0.575,0.915,0.985,0.4121027998511062,0.329398543509111,0.025,0.335,0.895,216,0.0773361976369495,0.6245211675694143,0.2650122036734063,0.195,0.785,0.845,6.020000457763672,3.75,18.52999973297119,22.57500171661377,123.7209208247603,1.1738259357633174,0.8176642979864734,1.2325884503687237,0.7102241069565969,0.3935259694260726,6.106481241829883,2.065588500072366,tp,1.0
947,1094,0.751348891072452,0.1363853803657447,0.585,0.795,0.835,0.6969261159081782,0.0847654639118807,0.595,0.695,0.795,0.4961116529672455,0.2767914388489783,0.145,0.465,0.905,377,0.3446069469835466,0.7625739915143274,0.1558680201341586,0.575,0.815,0.845,6.399999618530273,2.6499977111816406,15.069999933242798,16.959984340668598,64.50477653901373,1.015950770905058,0.5594690582441716,0.5202341447708265,0.5216090259742887,0.4452560032848114,3.194072585219221,2.005279371997116,unmatched_ignored,
948,9556,0.7797468242369197,0.0693031226622927,0.705,0.795,0.845,0.997745335083369,0.0235457363710428,0.995,0.995,0.995,0.5472496486350253,0.296432692011122,0.105,0.595,0.925,392,0.0410213478442863,0.8009044283202716,0.0246321494757729,0.775,0.805,0.825,5.75,5.1399993896484375,19.02000069618225,29.55499649047852,323.32942428460706,1.397473177084709,0.4503009418467288,0.2652275498567383,1.578746961799691,0.7777993800117625,10.374022211902885,3.5535417566168555,unmatched_ignored,
949,3324,0.7151711915970458,0.1483051117474124,0.525,0.775,0.835,0.994524957363356,0.0346906073699965,0.995,0.995,0.995,0.5690511178175056,0.3145330709551937,0.085,0.635,0.945,154,0.04632972322503,0.8022853170896506,0.0129691508183136,0.785,0.805,0.815,6.590000152587891,3.380000114440918,16.269999980926514,22.274201269912737,149.2309403026698,1.238372292842557,0.6873714900947392,0.1309794897315242,1.997568991130474,0.984172582986946,8.945970645871475,3.1011122484078832,tp,1.0
950,9361,0.6485151209023923,0.166110089186503,0.395,0.695,0.825,0.988352199520722,0.0460803687434294,0.995,0.995,0.995,0.5404214698004602,0.3053788037276644,0.095,0.575,0.935,581,0.0620660185877577,0.7910579994141337,0.0610936879994654,0.775,0.795,0.815,19.63999938964844,6.230003356933594,20.179999351501465,122.3572621276835,76.50547125050505,2.646898776846494,1.3779500436135912,0.4266428128391957,1.7386337573300144,2.233991307651705,12.174720557664225,5.752684552601003,unmatched_ignored,
951,13746,0.5944012378690832,0.1737099376194922,0.365,0.575,0.825,0.9993808209922104,0.0119169274204606,0.995,0.995,0.995,0.4662321891431029,0.3184088918469557,0.045,0.455,0.905,110,0.008002327949949,0.784610390663147,0.0737928244462991,0.785,0.805,0.815,17.30999755859375,6.450004577636719,20.82000041007996,111.64956349181011,123.11736445801974,2.232588481629205,2.2315598130984955,0.2169305999739852,2.8697230335575186,1.7455924010833863,14.8555275219077,4.902730424765135,unmatched_ignored,
952,2149,0.7829022818093746,0.087203177246234,0.735,0.805,0.835,0.9666743003362388,0.0727972790572351,0.925,0.995,0.995,0.637930013760842,0.3018039963073671,0.125,0.735,0.965,486,0.226151698464402,0.7980737516602862,0.0947479324077953,0.785,0.815,0.835,10.459999084472656,5.299999237060547,15.170000433921814,55.4379871673591,38.764033649210354,1.348780188881153,0.3849877687837732,0.2835992543350502,1.0392301093037497,0.7352859433969665,4.936440198393187,1.936794674422717,unmatched_ignored,
953,2318,0.8150311755410189,0.0754101259043532,0.775,0.825,0.865,0.990936449085257,0.0464875737642053,0.995,0.995,0.995,0.5886591996189919,0.2947981314894875,0.145,0.615,0.955,213,0.0918895599654874,0.8032293308508788,0.0460403078146102,0.785,0.815,0.825,6.829998016357422,6.130000114440918,19.78000020980835,41.86788862190224,55.36462612034825,0.7948717192196757,0.2023754419050965,0.1400084040585761,0.7357668952566161,0.4592701909792897,7.86188951828955,2.608398433605253,unmatched_ignored,
954,1696,0.7857913337999357,0.0648738699744776,0.745,0.795,0.835,0.7561480314734409,0.0866041534518133,0.635,0.765,0.865,0.4204512837790526,0.2966867863370535,0.065,0.345,0.875,518,0.3054245283018867,0.808323738542763,0.073659890554833,0.795,0.825,0.845,4.629997253417969,2.9099998474121094,18.05999994277954,13.473291300964776,125.87867078020908,1.165515423294462,0.7330170525106053,0.6406455109175233,0.5449055116874181,0.3329861903906056,3.0178676986328834,1.0808935826238144,tp,1.0
955,11765,0.7795491466541722,0.0714819553993772,0.685,0.805,0.845,0.9960099664790246,0.0332034188011881,0.995,0.995,0.995,0.6519222604746199,0.2777294214956525,0.195,0.725,0.955,293,0.0249043773905652,0.8152873046162186,0.0480923177340319,0.795,0.825,0.845,5.449999809265137,6.440000534057617,22.100000381469727,35.09800168228139,335.20426907778494,1.405974898559369,0.1643552427068322,0.1015238350720723,2.2839849510203023,0.8907208566119498,15.08089701974083,4.178696970240757,tp,1.0
956,2904,0.678200103522127,0.2100043708235187,0.235,0.775,0.835,0.7483759939095862,0.1508541044992726,0.545,0.745,0.965,0.46137063842139,0.2976099369935838,0.055,0.465,0.875,254,0.087465564738292,0.7348442505898438,0.1713452488187383,0.495,0.815,0.835,7.800000190734863,5.1399993896484375,17.53999972343445,40.09199621963489,72.43341000261239,1.474418023130364,1.1523246440750063,0.8243454707534336,1.0675815257622487,0.6968642659763608,6.291350403723638,2.1774655498764206,fp_counted,0.0
957,735,0.4513160455693193,0.2352406156890322,0.195,0.475,0.795,0.6064095836918371,0.0971729607521376,0.515,0.585,0.715,0.5319583606204575,0.2379144404637317,0.245,0.515,0.865,254,0.345578231292517,0.4773837354650178,0.2415022968020453,0.215,0.505,0.805,5.719999313354492,7.549999237060547,19.840000867843628,43.18599045181327,17.01940819952039,1.1723906964218274,0.8568377747629543,0.5180688085639654,0.6717422360614541,0.6990436141688595,2.994819526648034,2.892258170224382,fp_counted,0.0
958,95797,0.5091233622382956,0.2168778383913047,0.225,0.505,0.805,0.9958234879382376,0.0318435768732816,0.995,0.995,0.995,0.487765648868052,0.3088523499092404,0.075,0.485,0.915,1159,0.0120984999530256,0.6804298945767701,0.1906291917914588,0.495,0.795,0.815,12.39000129699707,14.209999084472656,21.87999963760376,176.0619070869434,544.1097485823169,4.178497082056504,0.3291360559880021,0.2772604206495126,5.685378429489655,2.4739762222198656,15.13972580176951,3.698848566632784,tp,1.0
959,3916,0.766291159329759,0.0872720615562554,0.655,0.795,0.845,0.9981540126138128,0.0234673395761245,0.995,0.995,0.995,0.6732482690379931,0.2577547421221167,0.265,0.735,0.955,226,0.0577119509703779,0.8089033138435499,0.0156502023018425,0.795,0.815,0.825,4.700000762939453,4.900001525878906,18.369999408721924,23.030010910035344,170.03899890875,1.4119845874893642,0.3064183363536296,0.0912389834149054,2.432333134918096,1.0250916257253426,13.32905812502912,4.071247814215605,unmatched_ignored,
960,5093,0.7251780104574533,0.1248362967580614,0.555,0.765,0.845,0.9986245766524924,0.0201488257529929,0.995,0.995,0.995,0.5792175408230867,0.3145756813829101,0.095,0.655,0.945,138,0.0270960141370508,0.8058052460352579,0.0168233128045159,0.785,0.805,0.825,6.6100006103515625,5.539997100830078,13.389999866485596,36.6193842178327,139.07934578320516,1.5310442129425583,0.1802172875935074,0.0784466601899798,2.5172332865326323,1.1299807031022593,9.364080449897228,1.8332619460079649,unmatched_ignored,
961,2811,0.7510491390005205,0.099121250792389,0.635,0.775,0.825,0.9350288318637764,0.0708941148818146,0.845,0.955,0.995,0.4613981413908044,0.3152033439417871,0.065,0.425,0.915,548,0.1949484169334756,0.7986235620494742,0.0719122769829309,0.775,0.815,0.835,8.759998321533203,5.680000305175781,14.570000648498535,49.756793139647925,56.49479845115055,1.5999688723453505,0.5912906725888664,0.2939495946875899,1.205552900237281,0.716252899667671,4.333393105140406,1.5053037451598688,unmatched_ignored,
962,114,0.6563895424468476,0.224100882006759,0.195,0.775,0.805,0.701138787102281,0.1474053818381307,0.515,0.675,0.915,0.8112763953313493,0.1267001983401238,0.635,0.835,0.955,71,0.6228070175438597,0.7103629250761488,0.1615541648577771,0.505,0.775,0.805,1.3199996948242188,1.4000015258789062,1.5299997329711914,1.8480015869135968,61.68825871540231,0.495925719157442,0.7223455226028043,0.3290074409345593,0.3836876109402136,0.2344483153275705,2.2355170730958904,0.4191661948097295,unmatched_ignored,
963,36814,0.7766629521953436,0.1087888873066447,0.635,0.815,0.875,0.9992627444722946,0.0123828834891225,0.995,0.995,0.995,0.5995036515996315,0.3011228776296856,0.115,0.665,0.945,419,0.0113815396316618,0.8083084404539663,0.0319853728952246,0.795,0.805,0.825,8.020000457763672,8.610000610351562,22.730000495910645,69.05220883636503,533.132837028272,2.4533473301573623,0.1713902901521758,0.0997528737567066,3.020580284007053,1.4185308143394912,17.138709932118015,4.394562147887871,tp,1.0
964,9448,0.633427881523746,0.1508889701127942,0.425,0.655,0.805,0.9331448089385012,0.1124248224827425,0.765,0.985,0.995,0.384382938113837,0.3146879898623681,0.025,0.295,0.875,443,0.0468882303132938,0.7384313352860123,0.1494125616776238,0.505,0.795,0.835,7.099998474121094,7.420001983642578,10.799999952316284,52.68200276183779,179.34018269411763,1.912420350231268,0.4674588798943391,0.2606506892253232,2.922782014355043,1.7432844344128433,6.710729892208706,2.3347372781895928,tp,1.0
965,11668,0.7617217041880919,0.0876372392168583,0.695,0.775,0.835,0.9895206375566704,0.0575413148977426,0.995,0.995,0.995,0.6895756904463607,0.2295659137328455,0.365,0.725,0.955,229,0.0196263284196091,0.7008440465092919,0.1818359958019409,0.445,0.785,0.805,3.959999084472656,8.369998931884766,22.84000015258789,33.14518810730078,352.0269657914516,1.2257836208630517,0.2170693545425559,0.2863622987837545,3.507039599276793,1.0679108435091955,17.91193947582456,4.178807466643873,tp,1.0
966,3905,0.783907601565466,0.0783130753220162,0.705,0.795,0.855,0.9947861297487754,0.0330929503575681,0.995,0.995,0.995,0.4187240705559233,0.342535350089681,0.025,0.345,0.925,284,0.0727272727272727,0.8085876212153636,0.0270656425470662,0.785,0.815,0.835,6.560001373291016,3.8600006103515625,17.770000457763672,25.32160930481041,154.216106606548,1.1483813930004858,0.2950290333654045,0.1256614167448463,1.1304979414659329,0.8026585645375396,9.67096474474432,4.106858228375583,unmatched_ignored,
967,313,0.7144152669670483,0.1553503920101469,0.445,0.765,0.795,0.9873797602166002,0.0306189075286206,0.975,0.995,0.995,0.7090136771932387,0.2043344310263114,0.415,0.745,0.945,108,0.3450479233226837,0.7688388835500788,0.0291179830968933,0.725,0.775,0.805,6.570003509521484,3.4099998474121094,13.65000021457672,22.403710964965285,13.970899753592898,1.2458513849516133,0.6316768873875154,0.1658595956062435,1.6928287234134451,0.6485769800246788,5.023023731030595,3.366630076926335,unmatched_ignored,
968,6513,0.799772146293622,0.0766039654665331,0.735,0.815,0.865,0.9956881305268334,0.0319069485933793,0.995,0.995,0.995,0.5342669329298532,0.3121863893737106,0.085,0.575,0.935,276,0.0423767848917549,0.8064042893440827,0.0201563400218867,0.785,0.805,0.825,5.4199981689453125,6.840000152587891,16.250000074505806,37.072788302612025,175.68141750862358,1.3907097684094405,0.2700877141809084,0.2494229190169634,1.240899561689064,0.6875169144022971,10.8366723337651,2.8784226892200144,tp,1.0
969,8270,0.8292550272708071,0.054244245887817,0.775,0.845,0.865,0.9993165922712676,0.0148950329158883,0.995,0.995,0.995,0.6962944432610095,0.2656425203521605,0.265,0.775,0.975,323,0.0390568319226118,0.8086404165616345,0.0165007401199781,0.785,0.805,0.835,7.709999084472656,7.190000534057617,20.75,55.43489753494214,149.18400444029308,1.1753314503880548,0.1773746881003578,0.0928177789436676,1.012529897064497,0.6207352004064514,14.703021643178351,4.108162518206972,tp,1.0
970,84075,0.6263038567715268,0.1964535021415301,0.315,0.685,0.845,0.9997217188872576,0.0088835495803341,0.995,0.995,0.995,0.5119999321263794,0.3072357661888764,0.085,0.525,0.925,684,0.0081355932203389,0.7923617508502034,0.0148195537115335,0.775,0.795,0.815,19.059999465942383,13.460000991821287,24.899999618530277,256.5476117156977,327.71694672087096,3.540787649898604,0.1707803958216021,0.1199072661645571,4.604948562085041,2.3830716703799912,17.910687406825907,4.252823196633466,tp,1.0
971,2436,0.4251063984768291,0.2343386980465771,0.175,0.325,0.775,0.996456235280178,0.0201009054581586,0.995,0.995,0.995,0.4831092523699075,0.3165443991165284,0.045,0.495,0.925,213,0.0874384236453202,0.7821466750662092,0.0429063571413582,0.765,0.785,0.805,13.230000019073486,13.210000991821287,21.489999771118164,174.76831337375643,13.938453447167012,4.678938742001497,0.3779834203370754,0.0781987611103707,5.723701556383069,3.3786187409047463,12.429724553388915,7.70010512183234,fp_counted,0.0
972,12682,0.7761993252382474,0.1811440040246302,0.575,0.835,0.875,0.9992245671369736,0.0155812542399692,0.995,0.995,0.995,0.6308036149869388,0.2713850684251784,0.225,0.675,0.955,287,0.022630499921148,0.8065958307595203,0.0133337188027278,0.785,0.805,0.825,17.219993591308594,30.200000762939453,23.40999984741211,520.043819595332,24.38640653371941,2.9955462799928534,0.3818224837534383,0.1025682290351261,2.108092904400024,2.0107119758717125,17.580076589752704,4.355433182386606,unmatched_ignored,
973,4382,0.7588634008498346,0.0907575162959933,0.635,0.785,0.845,0.9982094596858876,0.0227677210195028,0.995,0.995,0.995,0.62926944721358,0.2859921708686277,0.185,0.695,0.955,251,0.0572797809219534,0.8021723879760955,0.0151338817691945,0.785,0.805,0.815,4.549999237060547,6.899999618530273,20.00999927520752,31.39499300003081,139.576396783898,1.4484788158163509,0.2262178488442313,0.0939936736439788,2.578713080071932,1.1540365492574902,10.76635828500657,3.355400393411662,tp,1.0
974,14266,0.8092303887854639,0.0853986869435024,0.735,0.825,0.875,0.9993295855438928,0.0132530423687084,0.995,0.995,0.995,0.644600618227242,0.2813891217692907,0.185,0.715,0.955,334,0.0234123089864012,0.808191276417521,0.0127480418906078,0.795,0.805,0.825,7.140003204345703,8.479999542236328,20.679999351501465,60.54722390441748,235.6177390151023,1.5385454606855171,0.262485583574124,0.0564486446983579,1.8350152339753356,0.9991841330265854,14.523573020623273,3.8808242485557214,tp,1.0
975,67277,0.6412090355259915,0.1831056080696136,0.365,0.675,0.855,0.9992395944827246,0.0137767831484581,0.995,0.995,0.995,0.5447160849601193,0.2910682208375449,0.125,0.575,0.925,818,0.0121586872185145,0.7947111802134654,0.0663940232749412,0.755,0.805,0.835,9.94999885559082,12.970000386238098,20.30999994277954,129.05148900008157,521.31905273838,3.7746660635038927,0.6720015360476155,0.5169168041097948,4.1894373517598815,1.871747552451904,15.325556443486418,3.0387652003464747,tp,1.0
976,3083,0.7010870751934781,0.1696162720063975,0.445,0.765,0.825,0.8137786301010582,0.1309344006510963,0.605,0.845,0.955,0.3777029586511224,0.2825333870565591,0.055,0.295,0.815,213,0.0690885501135257,0.7316736444621019,0.1591423789664178,0.525,0.795,0.825,10.21999740600586,9.59000015258789,15.56999945640564,98.00977668304404,31.456045553191917,1.2569279771164807,0.7202970591213187,0.800460477044324,0.8802019858935528,0.5935688455490956,5.249391624960774,2.4921034897511403,tp,1.0
977,2152,0.7928592159437037,0.093916778277662,0.745,0.815,0.845,0.9707471472678576,0.0815023598486468,0.945,0.995,0.995,0.5084237804304169,0.2992061782489164,0.055,0.535,0.915,216,0.1003717472118959,0.8126790526288526,0.040646734009691,0.795,0.815,0.835,5.8600006103515625,8.489997863769531,23.640000343322757,49.75139266357292,43.25507055756564,0.9969854083325737,0.4181799182278702,0.1762830229227494,0.9978838092926448,0.5590363678301634,7.110995019720279,2.493984284937359,tp,1.0
978,37251,0.8186472277333393,0.0821548019484549,0.745,0.835,0.885,0.989403761449889,0.057737526837906,0.995,0.995,0.995,0.7048310278830062,0.2377467651534688,0.355,0.765,0.965,462,0.0124023516147217,0.7787761276515274,0.1041397403254856,0.775,0.805,0.825,9.619998931884766,8.979999542236328,23.51000022888184,86.38758600463916,431.20778948493313,2.50370243958407,0.3337850526602646,0.6510279405630862,2.287237359237606,1.128665741031788,17.91827272174472,4.19888678811301,tp,1.0
979,1495,0.7568741829449118,0.1154799640799334,0.585,0.785,0.835,0.8163800025066006,0.0977615844323935,0.685,0.825,0.935,0.382842961357769,0.326940728220568,0.025,0.285,0.875,248,0.165886287625418,0.8104721488010499,0.067030370309025,0.785,0.825,0.845,5.779998779296875,3.399999618530273,13.089999914169312,19.65199364471482,76.07370666955529,0.9461866679759644,0.4080432998218604,0.1378238074381711,0.9330642864861082,0.573959880541028,3.579055526683163,1.9727715151967813,tp,1.0
980,3879,0.7292371758267756,0.1366494819694935,0.515,0.775,0.845,0.9913383753037264,0.0326081692161729,0.985,0.995,0.995,0.4671930137195053,0.3265408808478477,0.055,0.425,0.925,340,0.0876514565609693,0.8172434119617238,0.0177610116449176,0.795,0.815,0.835,6.329998016357422,3.3700008392333984,11.399999976158142,21.33209862747026,181.838649245923,1.7960490638466071,0.2417735970981927,0.1292589307288939,2.0362384656484744,1.6311329800135792,7.247199328950952,2.402505019463027,tp,1.0
981,10046,0.8002403338497055,0.0660963077731018,0.735,0.815,0.855,0.9820796458780018,0.0718272621679109,0.995,0.995,0.995,0.472568567053491,0.2955197593178035,0.085,0.465,0.895,94,0.0093569579932311,0.8070359223700584,0.022905228950308,0.795,0.815,0.825,5.199996948242188,6.199999809265137,15.330000162124634,32.239980087280856,311.6006887350186,1.426267401089619,0.5413719539056346,0.091166687404602,1.5542080672319774,0.8003375859117133,10.886428756005625,2.7556674304260693,tp,1.0
982,22110,0.7649315472879273,0.1077016981055247,0.605,0.805,0.865,0.9994292169876736,0.0120414288991523,0.995,0.995,0.995,0.5514612931880282,0.3021557751835711,0.115,0.565,0.945,433,0.0195838986883763,0.8052523502301399,0.0186760570926826,0.785,0.805,0.835,9.370000839233398,6.030002593994141,21.39000010490417,56.50112936630467,391.3196116250669,2.332036782490334,0.1471279283689894,0.1116647321545508,2.880886091860356,1.394535435085106,16.494281593043304,3.362061142942724,tp,1.0
983,3823,0.7414144814100185,0.1109820161679603,0.615,0.775,0.835,0.9910685616171924,0.0553401686411994,0.995,0.995,0.995,0.4467511145357522,0.3289366129584619,0.045,0.405,0.895,241,0.0630394977766152,0.7584360608545082,0.1339966697349056,0.535,0.805,0.835,10.289999008178713,5.909999847412109,20.609999179840088,60.81389256820694,62.86392530641324,1.6268487674283985,0.2527240744878998,0.3474899528431905,2.14206458116038,1.2535288221148329,9.11987301166258,2.807433010129348,tp,1.0
984,989,0.7362782856029495,0.1671529108441238,0.485,0.795,0.835,0.8341453478599101,0.1223681687553187,0.655,0.835,0.995,0.5719487180162826,0.291282066470994,0.135,0.615,0.955,295,0.2982810920121335,0.8059598515094337,0.0575562207451267,0.785,0.815,0.835,6.609999656677246,6.540000915527344,16.3100004196167,43.22940380630462,22.877946788980772,1.9702755717913063,0.6789278974170382,0.4114097576508817,1.2432508950108834,1.4707125754478156,4.793238182264946,3.431256137928536,unmatched_ignored,
985,9982,0.8488504986454677,0.0474199281114833,0.805,0.855,0.885,0.9982109748213688,0.0221650612300807,0.995,0.995,0.995,0.7151646472013726,0.2339684925235406,0.365,0.775,0.965,314,0.031456621919455,0.8037738926281595,0.0546619267370704,0.785,0.805,0.825,4.810001373291016,4.369998931884766,24.00999975204468,21.019700863645998,474.88782379696346,1.1754971883695349,0.1813690702492077,0.1437784752393823,1.0741686967171475,0.6463539103955432,18.248172823253864,4.9476356597109605,unmatched_ignored,
986,28497,0.6196225085911945,0.2231658781503812,0.275,0.685,0.865,0.9922819231402922,0.0496300075299645,0.995,0.995,0.995,0.6311065992670283,0.2688185388541522,0.215,0.685,0.955,726,0.0254763659332561,0.8052372745861692,0.0751581551660143,0.785,0.815,0.845,17.229995727539062,28.990005493164062,22.480000019073486,499.4976707885508,57.05131708624816,2.9673139095955428,0.4410605975166556,0.3084001995350839,4.341609982988497,2.31546881613347,15.236607158542135,4.22817184351868,unmatched_ignored,
987,10229,0.827001081213103,0.0778449111446021,0.765,0.845,0.885,0.9969606619273268,0.0286906591019079,0.995,0.995,0.995,0.6035196665503371,0.2954680869565501,0.155,0.675,0.955,288,0.0281552448919738,0.7969009243469272,0.0833963394564398,0.785,0.815,0.825,7.489997863769531,26.79000473022461,23.15999984741211,200.657078199758,50.97751891820549,1.4549741946152537,0.2574122820755807,0.1285614726362538,1.1111827545710846,0.9628712235400708,16.944699490621872,4.536900992387403,unmatched_ignored,
988,1553,0.4594895763698118,0.24133143746911,0.165,0.465,0.785,0.6565939255169109,0.1608019872311007,0.515,0.595,0.995,0.5413304207779731,0.324918699078281,0.075,0.585,0.955,261,0.168061815840309,0.5412246610869393,0.2733952760136292,0.185,0.565,0.815,13.290000915527344,24.5,21.88000011444092,325.6050224304199,4.769582448108177,2.253861035215386,0.8400978642781198,0.3262265392289781,1.006403941076061,2.058028816114951,4.846022305118984,3.501901284965616,unmatched_ignored,
989,11475,0.6993609186325198,0.1616738550822241,0.425,0.755,0.855,0.9986918978753432,0.0190452819134866,0.995,0.995,0.995,0.4466908205033033,0.3082016499148625,0.065,0.405,0.915,363,0.0316339869281045,0.7942360598522112,0.0120356092998715,0.785,0.795,0.805,7.12000036239624,13.889999389648438,23.019999504089355,98.89680068798044,116.03004263205284,2.9232960249861453,0.1631746876961582,0.1067905639820678,3.640498918255114,1.8120708391541067,17.05062422113351,4.324338380990095,fp_counted,0.0
990,36321,0.7086798766146003,0.184181649609756,0.395,0.795,0.865,0.999967811837641,0.0016827593868875,0.995,0.995,0.995,0.5125071972722526,0.3104830983799967,0.075,0.515,0.925,380,0.0104622670080669,0.796141935179108,0.0102973451604114,0.785,0.795,0.815,10.149999141693115,14.139999389648438,25.850000381469727,143.5209816684728,253.0710114838813,2.917045961661995,0.2125272654615369,0.0799881041668145,3.390153443060211,1.8788431251947304,18.3428651214816,4.7394510973637045,tp,1.0
991,8726,0.8200397105892229,0.0741162047070329,0.755,0.835,0.875,0.9874985877620008,0.0541630797269037,0.985,0.995,0.995,0.6559694880397942,0.2811783290094268,0.215,0.735,0.965,381,0.0436626174650469,0.7946755333835371,0.0703116988748921,0.775,0.805,0.825,4.25999927520752,4.829998016357422,21.420000076293945,20.57578804893637,424.0906826628725,1.1595259545155625,0.2324617945550833,0.1735214325936089,1.5314400543688422,0.9132789849747802,14.765330378236833,5.438900134411185,unmatched_ignored,
992,21937,0.7286283882137755,0.1195702093459121,0.565,0.765,0.835,0.9834473416044158,0.0707530196740114,0.985,0.995,0.995,0.357181494514519,0.2908537732134645,0.035,0.275,0.845,574,0.0261658385376304,0.7960257938826125,0.0318720158909242,0.765,0.805,0.825,12.56000006198883,7.079998016357422,18.500000596046448,88.92477552433002,246.6916544984473,2.5900038482055323,0.4438567877286231,0.2944859302410345,2.2824273314605383,1.324781093915411,9.300694144374772,2.772484356352668,unmatched_ignored,
993,7265,0.7827224070928012,0.0819605583373163,0.695,0.805,0.855,0.9946633596791123,0.0454877784445453,0.995,0.995,0.995,0.5429069456745429,0.2978368585219518,0.115,0.565,0.935,160,0.0220233998623537,0.7895907490514219,0.0498548424697729,0.765,0.795,0.815,4.779998779296875,5.1399993896484375,17.390000388026237,24.56919080810621,295.6955341648057,1.336518948778998,0.1612684149072987,0.1067098703771257,1.760941815448396,1.0302950140570886,11.62976681143353,2.749329361096885,unmatched_ignored,
994,15763,0.8248848022656385,0.0660841304072112,0.735,0.845,0.885,0.9992667849593406,0.0141127213574798,0.995,0.995,0.995,0.6630869086151879,0.2599980677663039,0.255,0.725,0.955,372,0.0235995686100361,0.7846658440527096,0.0473159927120626,0.755,0.795,0.815,6.909999847412109,5.209999084472656,22.3799991607666,36.001092878723284,437.8478190398482,1.7803195579050215,0.1576463890913896,0.0821475888062329,1.9213573043974288,1.1883113692013298,17.50203522546358,3.695109876872929,unmatched_ignored,
995,179,0.63745177836891,0.1654342050398064,0.475,0.705,0.805,0.6863628202976462,0.1096269697576508,0.575,0.655,0.795,0.7500248938465918,0.2038001225278896,0.455,0.815,0.965,101,0.5642458100558659,0.6455537493866269,0.1465675379875822,0.495,0.555,0.805,5.730003356933594,4.969999313354492,13.7599995136261,28.478112749478896,6.285528875268443,1.0261381129066487,0.2309549839589735,0.1296575286213792,0.7752651247251973,0.7186350861688163,1.749622957541623,2.941550315436761,unmatched_ignored,
996,746,0.7717003133597387,0.0559224569188471,0.695,0.785,0.835,0.9486950905968612,0.0533146156959662,0.895,0.965,0.985,0.459206404346625,0.3421759321913769,0.035,0.415,0.925,138,0.1849865951742627,0.8140251429184623,0.0316834880016219,0.785,0.815,0.835,2.040000915527344,3.220001220703125,3.7199999690055847,6.56880543823354,113.56707197596825,0.7401652584717833,0.1867717709971329,0.1200489694911443,1.3461867847682842,0.4931615633854331,3.9071962593707577,0.7401785661183169,unmatched_ignored,
997,9266,0.8293764709762163,0.0558957536112233,0.775,0.845,0.875,0.9972159284097238,0.0262368393622831,0.995,0.995,0.995,0.7107473126155699,0.2532998094466549,0.305,0.785,0.975,403,0.043492337578243,0.7948656490733547,0.061088170610178,0.775,0.805,0.825,4.970001220703125,7.489999771118164,23.910000324249268,37.2253080055234,248.9166778317894,1.405501253971215,0.2837985745490043,0.1698175186730562,1.2191860865744455,0.8624145053363684,17.30373050426204,5.928416539067374,tp,1.0
998,401,0.711163056275791,0.0907500490465149,0.645,0.725,0.785,0.92109801971407,0.1074079770549988,0.775,0.965,0.995,0.4891688480039599,0.303888353151938,0.055,0.505,0.885,55,0.1371571072319202,0.7353148346597498,0.0877556178978871,0.725,0.755,0.795,1.7000007629394531,5.390000104904175,19.989999771118164,9.16300429058083,43.76293923732095,1.6251990490822206,0.2600562717653982,0.1158000219333429,1.5471178806650585,0.5921798686355132,6.147716846623623,7.205928310881831,fp_counted,0.0
999,16753,0.7207673742221123,0.1572755081230666,0.485,0.775,0.855,0.97850920523856,0.0805450959041419,0.985,0.995,0.995,0.5514474709405711,0.2841439689259927,0.135,0.565,0.925,185,0.0110427983047812,0.776768171787262,0.0721665767552856,0.745,0.795,0.815,10.069997787475586,9.460000038146973,16.369999885559082,95.26217945365896,175.86202726077275,2.640864010434017,0.4751059203332425,0.1106791533965606,2.7162704396938806,1.7655650285441906,9.91134743100646,1.86532968255253,tp,1.0
1000,8989,0.7734501687172642,0.0691612684286945,0.685,0.785,0.845,0.9988348578462506,0.0149903637032351,0.995,0.995,0.995,0.5471661338731766,0.3107846448916885,0.105,0.595,0.935,239,0.0265880520636333,0.8114236683027515,0.0153792350341968,0.795,0.815,0.835,5.1100006103515625,4.099998474121094,17.880000591278076,20.950994705199264,429.0488411879204,1.2113647386168058,0.3969608722065573,0.110798180688721,1.4636383581540808,0.8357663072497247,12.58435264528494,3.605232470042506,unmatched_ignored,
1001,54595,0.739623006377637,0.1510222608208995,0.495,0.805,0.865,0.9995975366616076,0.0118186670978783,0.995,0.995,0.995,0.5620724624867841,0.2857289771600627,0.145,0.585,0.935,404,0.0073999450499129,0.8122268840670586,0.053011526411969,0.795,0.815,0.835,9.94999885559082,9.110000610351562,24.049999237060547,90.64449564742972,602.2980172160964,2.865468391874862,0.4380141929792266,0.0828615985517808,3.248766563886978,2.010176658438374,19.129940953614653,2.9352655525698728,unmatched_ignored,
1002,12392,0.6757925448096264,0.140048327775342,0.495,0.705,0.825,0.9993828467981442,0.0100262652712696,0.995,0.995,0.995,0.5270571252145925,0.3075610438568544,0.075,0.555,0.935,181,0.0146061975468043,0.8167432507098709,0.0149674564625396,0.795,0.815,0.835,13.239999771118164,5.879997253417969,21.709999442100525,77.85116228942934,159.17552976190555,2.111150826527508,1.7254055517822249,0.1581981516156724,1.9575621248605408,1.3306914561771148,13.948889998927124,4.609429995118022,unmatched_ignored,
1003,2686,0.7953166639125799,0.076105168099168,0.715,0.815,0.855,0.9587104757020302,0.0971030994855698,0.825,0.995,0.995,0.5234879910491695,0.3166199554391696,0.065,0.555,0.925,308,0.114668652271035,0.8001050477387843,0.0921190334034697,0.795,0.825,0.845,4.339999675750732,5.6699981689453125,13.65000057220459,24.607790214729903,109.15242598224832,0.965496966895802,0.2177716454534231,0.2400869683527298,1.011414900734779,0.6215622525336483,5.956468324217882,2.293574684869823,unmatched_ignored,
1004,1711,0.7937496158156668,0.0832961002429659,0.745,0.815,0.845,0.9372268976488008,0.0830534237683594,0.835,0.975,0.995,0.5558405979778693,0.2954374027802838,0.175,0.595,0.945,265,0.1548801870251315,0.8131327737614794,0.0819458229231229,0.815,0.825,0.845,4.5,5.229999542236328,13.44000005722046,23.53499794006348,72.70024005769619,0.7638146087492726,0.2000120549536847,0.1467368482490678,0.7469223341658923,0.4546938892354343,5.041979859197161,1.935494876524883,unmatched_ignored,
1005,1168,0.7758009175718953,0.1233082711925218,0.685,0.815,0.855,0.902505288640522,0.1390523425567573,0.655,0.975,0.995,0.5673716280411822,0.2789139225583525,0.165,0.595,0.915,138,0.1181506849315068,0.7308786788928336,0.1701568306388079,0.525,0.805,0.825,4.320000171661377,6.799999237060547,13.78999948501587,29.375997871398795,39.76035146493505,0.974617397057083,0.3743898474879159,0.1387612221848754,1.114403430631077,0.7386787672081874,5.900406652755321,1.861787579235449,unmatched_ignored,
1006,3521,0.7160048266850016,0.1046901113699346,0.575,0.745,0.805,0.9633563070837592,0.0761675479891932,0.865,0.995,0.995,0.3254219630092583,0.3134055838440842,0.015,0.185,0.835,379,0.1076398750355012,0.7945630437151423,0.0354373305162239,0.775,0.795,0.815,5.429999828338623,5.130001068115234,17.750000149011612,27.85590491924268,126.40048888046414,1.5864594224127957,0.3316897954287734,0.1379354419203121,2.338077133376452,1.216023052898526,6.8079936034602895,2.4786683459478605,unmatched_ignored,
1007,41012,0.691468566549655,0.1499749698223078,0.455,0.745,0.835,0.9871279141076956,0.0574481650735598,0.995,0.995,0.995,0.4437647475303782,0.3086072919567762,0.055,0.395,0.895,1051,0.0256266458597483,0.8060114395607096,0.064118441773327,0.785,0.815,0.845,12.369998931884766,9.5,17.609999418258667,117.51498985290527,348.9937756139463,3.087642939399367,0.4250992054721982,0.2563711966844124,3.13070396368861,1.7287674117880063,12.698279796699588,3.6311675241714383,unmatched_ignored,
1008,8617,0.7934370210552708,0.0855469728166826,0.655,0.825,0.855,0.9994108790973368,0.0118054765334648,0.995,0.995,0.995,0.6974333822350106,0.2712626463974156,0.235,0.785,0.975,229,0.0265753742601833,0.8066382933912319,0.0123996224898011,0.795,0.805,0.825,9.35000228881836,7.989997863769531,24.350000381469727,74.70649831389892,115.34471825721796,2.0382684848636683,0.2374091970340961,0.0809322880251635,1.8430834662458344,1.1371310889488375,17.43058050355295,4.617389588118804,unmatched_ignored,
1009,40476,0.7801860536999315,0.1306946478183359,0.595,0.835,0.885,0.9980040131432582,0.0187410528757274,0.995,0.995,0.995,0.5738869146077366,0.2888701716652561,0.145,0.605,0.945,451,0.0111424053760252,0.8010015874902848,0.0213297511293691,0.785,0.805,0.825,7.549999237060547,9.80999755859375,24.410000801086422,74.06547408294864,546.4894473593654,2.546224065970851,0.2588246317468266,0.1537728217108135,2.7923212571772225,1.6051972526373453,18.29878178748901,3.963895471638964,unmatched_ignored,
1010,428,0.7421774441533,0.0887843996293488,0.645,0.765,0.815,0.99318516296204,0.0387092447944227,0.995,0.995,0.995,0.6631233681398052,0.2865263150046656,0.165,0.805,0.915,119,0.2780373831775701,0.7931832596033561,0.0215967233688112,0.765,0.795,0.815,4.259998321533203,4.030002593994141,18.479999244213104,17.167804286189494,24.930386720700287,1.2250224024122938,0.6325858672833707,0.2294021851747466,1.0438755467029586,0.9446234847446154,8.4741355248283,5.504398138929624,unmatched_ignored,
1011,7085,0.7689771228132739,0.0764992384373686,0.665,0.785,0.845,0.9993689137524756,0.0134160388282366,0.995,0.995,0.995,0.4839789441515149,0.3156365403954523,0.065,0.475,0.925,135,0.0190543401552575,0.802334392953802,0.0210230567223937,0.775,0.805,0.825,4.629997253417969,4.69000244140625,14.709999799728394,21.714698422234505,326.27669342832775,1.2966406338491288,0.150656742602857,0.090971194758251,2.2279411578151,0.9590436787232236,11.304570816592928,2.2884245883937,unmatched_ignored,
1012,3573,0.7282969935489841,0.1037062173350325,0.575,0.755,0.835,0.9902378985636914,0.0497958090060267,0.995,0.995,0.995,0.4080555576599929,0.3425075011881086,0.025,0.315,0.905,173,0.0484186957738595,0.7872332013239062,0.0555511041056546,0.755,0.795,0.825,7.400001525878906,3.6299972534179688,13.089999914169312,26.861985214229207,133.01325168280292,1.359480544097461,0.4728337897810615,0.2020877178144453,2.115133996318025,0.882988668644585,8.347465515328562,3.260275699428657,unmatched_ignored,
1013,3057,0.8124933037047766,0.0650569263479129,0.765,0.825,0.855,0.9845775377333144,0.0684363249477712,0.995,0.995,0.995,0.7416143008613045,0.2271538959936246,0.395,0.815,0.955,334,0.1092574419365391,0.7605021806980321,0.1236661890212233,0.715,0.795,0.825,25.89999771118164,3.5699996948242188,20.84999918937683,92.46298392486642,33.06187914597324,0.9984373630128598,0.2855590488253625,0.1721509955250657,0.6905303060933075,0.8132881060832667,12.706671616065568,5.974995882111607,unmatched_ignored,
1014,9105,0.7766331129565729,0.0798261436705137,0.675,0.795,0.855,0.9983459648557051,0.0186680344534413,0.995,0.995,0.995,0.6065291198204075,0.2978400823689434,0.135,0.675,0.955,290,0.0318506315211422,0.7980711157979636,0.0164435373122096,0.775,0.795,0.815,3.2600021362304688,5.75,18.559999465942383,18.745012283325195,485.7292095828307,1.4014684946934015,0.2039992808139327,0.1293512520449897,1.7560990915452406,1.0047387024608652,13.4839196894995,3.7572590888515847,tp,1.0
1015,2916,0.677890694440842,0.1107633501069487,0.525,0.695,0.805,0.9987094421322944,0.006201041311714,0.995,0.995,0.995,0.6636498306078813,0.2589835371897931,0.265,0.725,0.965,139,0.0476680384087791,0.8024429331580512,0.0196569605455092,0.775,0.795,0.835,6.930000305175781,5.849998474121094,13.779999256134031,40.54049121093704,71.92808752187295,1.5028279368395332,0.8219372497716878,0.0992143030332991,2.080980374858418,0.8211451965878322,11.963546675092072,3.045366097311726,unmatched_ignored,
1016,4690,0.7120825792680672,0.1253716120605577,0.545,0.745,0.825,0.9958978217929156,0.0285248551057894,0.995,0.995,0.995,0.6864767837514882,0.2468589333811779,0.295,0.745,0.955,200,0.0426439232409381,0.7976637297868728,0.0185789996980656,0.775,0.805,0.815,7.399999618530273,5.339996337890625,14.69999933242798,39.51597086334368,118.68618934403048,1.2064175837676223,0.7561122458518236,0.1406478730466564,1.6785890003423614,0.8235556514834312,10.499236486696486,2.970236711648227,unmatched_ignored,
1017,5385,0.7745144565346734,0.0966507188962813,0.665,0.805,0.855,0.9951406416786748,0.0306048168113264,0.995,0.995,0.995,0.5196595569957069,0.3050441656546511,0.095,0.525,0.935,231,0.0428969359331476,0.8034874734940467,0.0246919549737176,0.785,0.805,0.825,5.130000114440918,6.719997406005859,14.420000076293944,34.47358746185273,156.20654525609942,1.6499174249330837,0.3503843752495799,0.1734438741202981,1.3716085063874608,0.8843274458961398,9.510160118175415,3.0112670141987907,tp,1.0
1018,799,0.6044215286274129,0.193164264240018,0.235,0.695,0.805,0.7339069253213713,0.1361439247195323,0.565,0.715,0.995,0.3862564487382259,0.3262429857121222,0.035,0.265,0.915,157,0.1964956195244055,0.619871930237029,0.243621285966514,0.225,0.805,0.835,3.239999771118164,5.530002593994141,13.419999599456789,17.91720713882387,44.594003619497606,1.0246212531975314,0.5200629490113841,0.2389539630303301,1.25347897796274,0.7290648983349954,5.018709414070926,2.5631997116646854,unmatched_ignored,
1019,9916,0.7541637034134766,0.1170505212877537,0.585,0.795,0.855,0.9987750592047576,0.0203331915695227,0.995,0.995,0.995,0.6743849373665969,0.279388364368069,0.195,0.765,0.955,298,0.0300524405002016,0.8012365687313496,0.0430306439141686,0.785,0.805,0.825,7.190000534057617,8.040000915527344,19.160000305622816,57.80761087646533,171.53450643705824,1.8523002856953728,0.2187654903835813,0.0915292193891756,2.2379861508792134,1.3877718179496603,13.828763374906242,3.396186178937889,unmatched_ignored,
1020,395,0.7509703752832322,0.1786585152045162,0.505,0.805,0.835,0.8435346135610267,0.0863551145244109,0.755,0.855,0.945,0.8128912032310721,0.2022964054417562,0.605,0.865,0.975,334,0.8455696202531645,0.8067238985443722,0.0543867093131562,0.785,0.815,0.835,4.859992980957031,6.3899993896484375,17.479999780654907,31.05535218201112,12.719224618190117,1.5490354904831254,0.4569942455308922,0.296061265408063,0.9512769480089844,1.3229322197642497,2.921969890896278,2.478196229329314,unmatched_ignored,
1021,20885,0.7143090208388129,0.1453490500946567,0.485,0.765,0.845,0.9995042480119884,0.0126268809411998,0.995,0.995,0.995,0.52913686253094,0.3069489436144832,0.105,0.535,0.935,295,0.0141249700742159,0.7975770122924093,0.0420376821537332,0.785,0.805,0.815,7.1100006103515625,9.510002136230469,19.209999799728397,67.6161209930433,308.8760445478492,2.1910136417523653,0.2701912279136747,0.0684319077645905,2.6962164126366144,1.498209518779242,12.927543162420545,2.920284358443574,unmatched_ignored,
1022,133081,0.6420069987293756,0.2076080069260668,0.325,0.705,0.865,0.9997248461840365,0.0078389461508677,0.995,0.995,0.995,0.5036372289294089,0.2944151046902743,0.095,0.505,0.915,1017,0.0076419624138682,0.7614848781212241,0.1421773890516416,0.495,0.815,0.835,15.860000133514404,11.260000228881836,25.260001182556152,178.58360513343814,745.2027855556031,3.962071714305766,0.2592625178748564,0.2188658500364616,4.591020313051976,2.137326846183712,18.67437687965987,4.368850952735758,tp,1.0
1023,2343,0.3966830079684235,0.0973544387798422,0.285,0.395,0.495,0.9995792919481304,0.001849377521311,0.995,0.995,0.995,0.3915031632105213,0.3030959611337589,0.075,0.295,0.865,189,0.0806658130601792,0.479272352482276,0.0565945049213048,0.405,0.475,0.555,18.199999809265137,9.459999084472656,23.170000076293945,172.1719815330507,13.60848599834596,4.127396169969107,0.7982275134092466,0.3932480040347171,5.113806134087648,1.23335102288835,6.3833747359356,6.797313996588061,unmatched_ignored,
1024,1541,0.6528039209418951,0.2268394588247199,0.215,0.755,0.835,0.7624805147658688,0.1632252589286826,0.545,0.745,0.995,0.6239773139682714,0.2796541515194536,0.185,0.665,0.945,148,0.0960415314730694,0.790394384313274,0.0173183139368839,0.765,0.795,0.815,3.210002899169922,5.929999351501465,15.6899995803833,19.03531511039546,80.95479329146686,1.3049283080286558,0.4146349882348604,0.0971683644035673,1.1820720627328294,0.7859617478637683,6.173207859755878,2.214230977037607,tp,1.0
1025,3770,0.7182691267140664,0.1290001644643988,0.545,0.755,0.825,0.9652815651514168,0.0833093612686125,0.915,0.995,0.995,0.490476050932066,0.3143793755662281,0.055,0.515,0.895,619,0.1641909814323607,0.785737438617885,0.0766142478681657,0.765,0.795,0.825,8.430000305175781,6.939999580383301,12.62999987602234,58.50419858055102,64.43981955943396,1.7199118708236671,0.659560361176004,0.2827151114108527,1.6082572401986694,1.347143600991199,5.655840817323098,2.4809189262210256,fp_counted,0.0
1026,3542,0.7214452201192373,0.1356682473720275,0.615,0.745,0.845,0.9267226761508836,0.119335566469683,0.745,0.985,0.995,0.4074758524003479,0.2975126498619283,0.045,0.355,0.845,146,0.041219649915302,0.7594871335241893,0.0525667150972045,0.725,0.765,0.785,6.430000305175781,4.960000038146973,8.069999873638153,31.89280175895692,111.05954336562006,1.620469715788431,0.5813320947183795,0.2350659721021802,1.7099520446797545,0.7991132199969968,5.984715469673756,2.043219942066823,fp_counted,0.0
1027,518,0.7642050834092164,0.0923957393175883,0.725,0.785,0.815,0.928577593394688,0.1023476060508967,0.795,0.975,0.995,0.6593689685579548,0.2469525368944709,0.295,0.705,0.935,301,0.581081081081081,0.782107559450441,0.0600545571899251,0.755,0.795,0.815,6.229999542236328,2.609996795654297,17.899999260902405,16.260278842164553,31.856772262525624,1.333024029314422,0.4804970838983676,0.2754205512200123,0.8450893080163179,0.5724963135698139,3.037543916103923,2.518677054709796,unmatched_ignored,
1028,7743,0.7524235094819869,0.0855571380023828,0.675,0.765,0.835,0.9985894785745806,0.0164941762570769,0.995,0.995,0.995,0.3136301263527705,0.298302393856614,0.015,0.205,0.845,255,0.0329329717163889,0.7893641320513743,0.0461583183712254,0.765,0.795,0.825,6.1699981689453125,6.130001068115234,18.12999987602234,37.822095365903806,204.72160320816675,1.4520396830468747,0.3618992819799803,0.1989205703233978,1.4790839768129285,0.8576725705723155,7.676145958308485,2.79513470205628,tp,1.0
1029,5718,0.7330362815181873,0.0689724045258278,0.675,0.735,0.805,0.9951902690176448,0.0163033218583941,0.985,0.995,0.995,0.2753354374182325,0.2915552451831624,0.015,0.135,0.785,494,0.086393844001399,0.7918097181358801,0.0254940244755556,0.765,0.795,0.815,5.350002288818359,9.170000076293944,18.0,49.05952139663714,116.55229886510774,1.3567388772126674,0.3543667150525811,0.3291149301539358,1.0768411398999729,0.6655173272201047,4.651191050810241,2.7209249797306696,tp,1.0
1030,40450,0.7848538856053603,0.1018156555199838,0.645,0.815,0.875,0.9987378351266952,0.0217663545714835,0.995,0.995,0.995,0.5656512701835253,0.2929889539435622,0.135,0.605,0.935,453,0.0111990111248454,0.8054896948353344,0.0437323422668713,0.785,0.805,0.835,9.289999008178713,10.68000030517578,22.280000686645508,99.21719224243134,407.6914402209933,2.803008504368801,0.2179637678814887,0.0919011723392554,2.7492896329647705,1.3253524335396407,17.749641510645304,3.046432893246448,tp,1.0
1031,2711,0.7550017064563004,0.1314375096883967,0.595,0.795,0.855,0.9615335675984984,0.1081518522869183,0.845,0.995,0.995,0.4226720303570424,0.3122691881570025,0.055,0.345,0.895,173,0.0638140907414238,0.6671018275093137,0.224994417497705,0.205,0.785,0.825,7.30000114440918,6.200000762939453,18.5600004196167,45.2600126647958,59.89834824126494,1.2806158425259824,0.4115637044042713,0.420965885829327,1.3603304304167485,0.874739652978947,8.577453097077763,3.0672087030638364,tp,1.0
1032,2646,0.7570317036170268,0.0833182216480525,0.655,0.775,0.835,0.99172683529843,0.0328447024820885,0.975,0.995,0.995,0.62406866973335,0.2833573735130927,0.175,0.695,0.955,303,0.1145124716553288,0.8061673202530386,0.0218196284545399,0.785,0.805,0.835,4.25,5.869998931884766,19.320000886917114,24.94749546051025,106.06275103600645,1.6976437370461217,0.7024502619894479,0.1178606223019441,1.5956266797943244,1.081529341397597,11.84937533301471,5.274855810738698,unmatched_ignored,
1033,601,0.5616799640204267,0.2131034853574829,0.195,0.525,0.805,0.6549955669933072,0.107579229134383,0.535,0.635,0.775,0.3123426454068806,0.2731701094656004,0.025,0.225,0.755,71,0.1181364392678868,0.7949775742812896,0.0989549383195308,0.785,0.815,0.825,4.719999313354492,3.0999984741210938,18.65999913215637,14.631990669251536,41.074383765359705,1.211323192285274,0.7501448240401858,0.1529307647787331,1.31226878205469,0.6012703917589922,3.844951716417481,1.6968806466398472,unmatched_ignored,
1034,688,0.5182957087405199,0.2391372046053844,0.185,0.505,0.805,0.6095933040907217,0.1006981198140483,0.515,0.585,0.775,0.4549590302600801,0.2907420034580152,0.115,0.405,0.865,204,0.2965116279069767,0.5912656287900081,0.244429614589328,0.215,0.755,0.815,3.2000045776367188,2.59000015258789,5.589999914169312,8.28801234436105,83.01145937217353,0.9461392215055384,0.6672075694125627,0.6693577154954072,0.6090253131335689,0.2793711322866183,3.1889769736417506,0.9454283808131548,unmatched_ignored,
1035,5984,0.745272121111424,0.1457754389325088,0.635,0.785,0.855,0.9822047837178178,0.0648580956371561,0.965,0.995,0.995,0.3729907819541156,0.3141714218110886,0.025,0.265,0.875,114,0.0190508021390374,0.8018291482799932,0.0330092939815344,0.775,0.805,0.825,4.729995727539063,5.720001220703125,19.890000343322757,27.055581335444003,221.17432724170283,1.2813050230048173,0.4341350658648488,0.1232104975403424,1.982819391215316,0.90239873604817,8.099887896212127,2.6531072703821783,unmatched_ignored,
1036,3170,0.509410969534601,0.2197584306179665,0.195,0.495,0.795,0.6861914014402625,0.1594887524192438,0.525,0.635,0.995,0.5021833053845279,0.2835896835506137,0.095,0.505,0.895,1094,0.3451104100946372,0.5611848568737888,0.2211481811801298,0.205,0.535,0.815,6.769999504089356,7.779998779296875,16.489999294281006,52.67058787765564,60.18539241223856,2.0504504386495843,1.124731228544183,0.5456563419016258,1.004637178235541,0.9239788709588252,3.454662795877231,4.011260202503892,unmatched_ignored,
1037,9384,0.7381676727983678,0.1126782797865955,0.585,0.775,0.845,0.9981823460487148,0.0226535256330755,0.995,0.995,0.995,0.5575374353590887,0.3000938708935273,0.125,0.575,0.945,360,0.0383631713554987,0.8121512368321419,0.034992195371794,0.805,0.815,0.825,6.0,5.1100006103515625,17.90000081062317,30.66000366210937,306.0664996461514,1.503580923142554,0.2309311433862931,0.109703849592588,2.2916000085172312,1.318895125736146,12.054009093481408,3.2091986973669293,unmatched_ignored,
1038,5523,0.7376138409017902,0.1047628646954118,0.665,0.755,0.815,0.9949791671334888,0.0239548608550914,0.995,0.995,0.995,0.4175250388751062,0.2890524388451536,0.065,0.365,0.865,541,0.097954010501539,0.7903279850531417,0.0220741237113809,0.765,0.795,0.815,8.039999723434448,10.670000076293944,17.209999561309814,85.78679766244886,64.38053582244349,1.694061715808783,0.3636340709648249,0.3179838412658374,1.49795560008554,1.1709821076395923,6.22631952014389,2.600645679896715,tp,1.0
1039,2407,0.5126751931326168,0.256597431319502,0.185,0.515,0.835,0.7331874233882953,0.1752362162455835,0.525,0.685,0.995,0.4875708988353341,0.3007280702757013,0.075,0.515,0.895,177,0.0735355213959285,0.4442510430590581,0.2001958341938502,0.215,0.505,0.775,10.56999969482422,9.899999618530272,17.829999774694443,104.64299294662489,23.002017929931878,2.693102293582301,1.2091541438217086,0.4915862047953961,1.5541346550553603,1.6391362242377632,7.134236880169897,4.774325161868555,unmatched_ignored,
1040,3107,0.7627589914709147,0.14108127372551,0.655,0.805,0.845,0.9799512416210672,0.0532535591820949,0.945,0.995,0.995,0.514194845403276,0.3129442436768415,0.055,0.545,0.915,126,0.0405535886707434,0.8164976541958158,0.0128677781182349,0.795,0.815,0.835,7.910003662109375,7.849998474121094,19.989999771118164,62.09351667785086,50.0374300930565,1.459234197602876,0.5281191183117705,0.2096373287463328,1.106879790182168,0.906375516164588,6.610235099388466,2.501530235375001,unmatched_ignored,
1041,3817,0.7488620547113664,0.0720901309446023,0.655,0.765,0.825,0.9985791074377034,0.0150437724936094,0.995,0.995,0.995,0.4298063540639871,0.3174688961610546,0.065,0.355,0.905,286,0.0749279538904899,0.8009404225366099,0.0148347588975129,0.785,0.805,0.815,4.770000457763672,4.560001373291016,16.06000018119812,21.75120863800112,175.4845012764667,1.4169335349068657,0.185138871910929,0.1298476659456642,1.6457470559706404,1.174479873260409,7.424113757016305,2.408272797492173,unmatched_ignored,
1042,4965,0.7398852990128002,0.0988108108370382,0.635,0.755,0.835,0.9548739200032128,0.0898633350166243,0.875,0.995,0.995,0.274117987195177,0.3032064842192565,0.015,0.135,0.825,277,0.055790533736153,0.7367321810675012,0.1704671483554037,0.505,0.815,0.835,8.130001068115234,5.959999084472656,20.88999938964844,48.454798922728514,102.46663097122224,1.53609387011717,0.365818909095524,0.2051175665198527,1.6081897433919563,0.8864314616300645,6.177091186680462,2.64262668790582,unmatched_ignored,
1043,54961,0.7231409677830695,0.1260116202085038,0.535,0.755,0.855,0.9984528692946706,0.0236104785893226,0.995,0.995,0.995,0.6113108062944215,0.2732597258986684,0.195,0.655,0.945,735,0.0133731191208311,0.8133651564721347,0.0149409333118376,0.795,0.815,0.835,11.370000839233398,10.249998092651367,20.640000343322757,116.54248691558678,471.5962517584592,2.9286939744282643,0.2372934593680434,0.0854497285691939,3.443840477057079,1.6608096802508403,15.430854990398672,3.348214992825135,tp,1.0
1044,4079,0.7768046869808448,0.1497522987843775,0.645,0.825,0.865,0.9336693499800796,0.1490978723424005,0.615,0.995,0.995,0.5345924015805221,0.3286823864102034,0.065,0.575,0.945,232,0.056876685462123,0.7866191163916012,0.0802470568705396,0.765,0.805,0.825,5.69999885559082,8.970001220703125,15.809999823570251,51.12899669265608,79.7786043899799,1.586290978971857,1.0675030752717212,0.4727670451218281,1.0552014590301853,0.6408025939912245,9.908382081998624,3.911679916345346,tp,1.0
1045,1130,0.6519469795072764,0.2143068617519591,0.215,0.765,0.825,0.6679824517363996,0.1214452399598774,0.535,0.635,0.865,0.4549477027135744,0.2828239438843279,0.115,0.415,0.885,65,0.0575221238938053,0.6497119630758579,0.2396929779254508,0.205,0.795,0.835,4.600002288818359,5.429996490478516,17.910000324249268,24.97799628447683,45.23981776321527,1.0525771006540077,0.7832183613366609,0.3863690329664798,0.5190674053015752,0.4913375403702109,4.629589253611269,0.7383533625846198,unmatched_ignored,
1046,11208,0.5739337188802622,0.1675260459244417,0.305,0.615,0.765,0.9619360357565508,0.0956485053042683,0.885,0.995,0.995,0.3286916095633296,0.2768362761215584,0.035,0.245,0.785,159,0.0141862955032119,0.7116729929668348,0.1796994000768224,0.455,0.795,0.815,7.0,11.860000610351562,18.68000030517578,83.02000427246094,135.00360663939247,1.8207414355618747,0.5055345410581304,0.243599887355998,3.616699065906472,1.557981633434111,7.906354707187283,1.2729727376465485,tp,1.0
1047,29838,0.7813701356687933,0.1238643814845327,0.655,0.815,0.875,0.9915925098876626,0.0530489340208396,0.995,0.995,0.995,0.5373140157695014,0.3051597389730787,0.095,0.565,0.925,752,0.0252027615791943,0.7546068556567139,0.0633662392520231,0.705,0.765,0.795,8.790000915527344,12.270000457763672,22.300000190734863,107.8533152572636,276.6535264013639,2.413596456397097,0.390127352725541,0.5827293118790767,2.626595495906908,1.2860866246060174,17.594335617608557,4.249371999795624,tp,1.0
1048,7670,0.8288063213608022,0.0666056171069863,0.775,0.845,0.885,0.9940851982444951,0.0411904508330407,0.995,0.995,0.995,0.6203513355908333,0.2935598249954252,0.155,0.685,0.955,346,0.0451108213820078,0.7430113918562501,0.169612712651584,0.505,0.805,0.825,4.80000114440918,4.060001373291016,22.800000190734863,19.48801123809972,393.5753066995822,1.1670029119273606,0.1100959512054458,0.1040307707862619,1.0206672818018772,0.5756261254199035,15.719725085752184,4.354807734590052,unmatched_ignored,
1049,2910,0.7802994098642335,0.1054552676377345,0.695,0.805,0.855,0.9801032056923176,0.0857307133040559,0.995,0.995,0.995,0.7125607223606218,0.2773415957113613,0.225,0.825,0.975,233,0.0800687285223367,0.7867840592441641,0.091637361160403,0.785,0.805,0.825,5.929998397827148,5.3600006103515625,21.52999973297119,31.784795031737303,91.55320954860171,1.0351851974293191,0.5284536483904663,0.1842887070610487,1.044508757622718,0.622737791829276,12.377638459272196,4.819778524027964,unmatched_ignored,
1050,2493,0.6849133727113453,0.1547630234895325,0.465,0.755,0.835,0.9321619895056362,0.0968414805056398,0.785,0.975,0.995,0.5430590717332539,0.3259735359845166,0.065,0.615,0.935,440,0.1764941837144003,0.8026457069272345,0.0828296548783202,0.785,0.815,0.845,5.3899993896484375,12.380001068115234,17.28999900817871,66.72819820098812,37.360517250757766,2.158413798469981,0.9121275440228468,0.2978957795526568,1.6988023783042954,1.477877884613167,7.647374620464639,5.14539450718989,unmatched_ignored,
1051,6115,0.7586595390055966,0.0979985048436775,0.635,0.795,0.835,0.9976804367558252,0.0250537253064235,0.995,0.995,0.995,0.5282537383680748,0.2935200826799052,0.105,0.535,0.935,195,0.0318887980376124,0.8082934489616981,0.0165062578646473,0.795,0.815,0.825,6.420000076293945,5.680000305175781,15.87000036239624,36.46560239257815,167.6922798139374,1.709445305779156,0.1891158124347156,0.0772162389829965,1.9310846787652955,1.175278570418028,11.3453839385451,2.825314254850957,unmatched_ignored,
1052,2937,0.7531548196111847,0.1087543881173129,0.635,0.785,0.845,0.9954425781447748,0.0209466263788674,0.985,0.995,0.995,0.4818700660390882,0.3163182906498464,0.045,0.485,0.915,341,0.1161048689138576,0.8042292009350841,0.0164150647637591,0.785,0.805,0.825,6.579999923706055,4.290000915527344,15.510000228881836,28.228205696868827,104.04487028113807,1.878544899677092,0.2606702416062226,0.1970804136295874,1.5283508276676072,1.3641203444742946,7.60633420697637,3.76111292859193,unmatched_ignored,
1053,36106,0.7272396298799232,0.1590071612034741,0.465,0.795,0.865,0.9986707136544244,0.0188158979792099,0.995,0.995,0.995,0.5788563563450309,0.2921617108725758,0.145,0.615,0.945,490,0.0135711516091508,0.8020273428790423,0.0935840620782113,0.785,0.815,0.835,16.5,11.759999617934229,22.08999919891357,194.03999369591477,186.0750421203511,3.2103284113283923,0.2367455486593307,0.1409761952393524,3.085433059994423,1.877593166332889,16.76565865704635,3.4889791765295994,tp,1.0
1054,44779,0.6270774814460115,0.1484017270188605,0.425,0.635,0.805,0.9965100210083396,0.0353114686746366,0.995,0.995,0.995,0.555074493569871,0.2926489386610872,0.125,0.575,0.935,553,0.0123495388463342,0.7981526007165098,0.0741252129445151,0.765,0.815,0.835,12.969999313354492,9.330000400543211,21.5,121.0100987886426,370.04349594170174,2.6577092864095078,0.2482113840690979,0.161105084429495,4.2511559647938455,1.5360386194053912,14.476953539793431,3.3328475000001028,tp,1.0
1055,14904,0.7522097745799308,0.1005366525793262,0.615,0.785,0.855,0.9972307114345504,0.0151150240165372,0.995,0.995,0.995,0.3662641706428917,0.3135541583676431,0.025,0.275,0.875,326,0.0218733225979602,0.7922235870836702,0.0500645280286409,0.755,0.795,0.825,8.050003051757812,9.070000648498535,18.850000381469727,73.01353289985855,204.1265421362575,1.7894316263265575,0.214202963841441,0.1831853038058085,1.8920953127232008,1.0167232956889614,8.051534711653732,2.3929547101074187,tp,1.0
1056,242,0.6494054786306768,0.1923423320598276,0.255,0.705,0.765,0.9589906014686772,0.0551599317234236,0.895,0.975,0.995,0.4816021721043781,0.3358453090917137,0.035,0.505,0.925,70,0.2892561983471074,0.7452785543033055,0.0264435860768439,0.705,0.745,0.775,8.28000259399414,6.920000076293945,18.31999969482422,57.29761858215352,4.223561222758667,1.88410252908382,0.7252397163130273,0.169521514158902,2.163259188784572,1.3599636018473182,3.0664383133580864,4.589079877559367,unmatched_ignored,
1057,1540,0.6206751370294528,0.223617747676085,0.205,0.745,0.805,0.6626633939804969,0.1246986062542269,0.525,0.635,0.845,0.5872230875440957,0.2939729909103245,0.125,0.645,0.935,514,0.3337662337662337,0.680551545107411,0.213076909626092,0.215,0.785,0.815,10.360000371932983,7.520000457763672,18.18000018596649,77.90720753936785,19.76710562012907,1.3677159804560737,0.5115723176264578,0.3077550878969345,0.8147203793686302,0.9284646663033788,4.203457289431002,2.7773144872890883,unmatched_ignored,
1058,56762,0.7528349447904592,0.1525805595158146,0.505,0.815,0.875,0.9978928315030868,0.0232926120070662,0.995,0.995,0.995,0.6247215905141138,0.2715104671144513,0.205,0.675,0.945,495,0.0087206229519749,0.8010348523355494,0.0832318495348224,0.785,0.815,0.835,11.820000648498535,12.6199951171875,23.960000038146973,149.1683504692046,380.5230789336801,3.241216167293468,0.3124833052062836,0.1178940279337318,3.1733595205952927,1.5696275518726173,17.85719304683523,3.679781685724368,unmatched_ignored,
1059,10264,0.7700078737147483,0.1261753306759268,0.635,0.815,0.865,0.99217739672816,0.0425304219724803,0.995,0.995,0.995,0.4920780266524947,0.3217965084722425,0.065,0.495,0.925,346,0.0337100545596258,0.7937603244461076,0.088309539356304,0.755,0.815,0.835,8.510000705718994,11.360004425048828,17.769999742507935,96.67364567413642,106.17164510995552,1.8823052315640687,0.5610552458048322,0.2271043719557285,1.641866747265392,0.9729423171732,9.419061918729165,2.324588973264465,unmatched_ignored,
1060,745,0.7159317488638347,0.1154792371868007,0.555,0.755,0.815,0.9615939252328553,0.0685088193563816,0.905,0.985,0.995,0.5543857395159856,0.2736453863457278,0.065,0.595,0.905,66,0.0885906040268456,0.777764724962639,0.0147223634749471,0.755,0.775,0.795,4.029998779296875,6.740001678466797,15.049999833106996,27.16219853668008,27.427823966235472,1.7407230639799904,0.5099416643051782,0.1863019492074402,1.5641877810481646,1.3257196023801217,8.388834910744789,5.687530446407605,unmatched_ignored,
1061,2742,0.6526735998054302,0.1640833134848366,0.485,0.695,0.805,0.9741334365633264,0.0724909541601363,0.905,0.995,0.995,0.6031446159118012,0.3179530122527206,0.055,0.705,0.955,409,0.149161196207148,0.8041171457773316,0.0149944335671987,0.785,0.805,0.825,3.779998779296875,5.789997100830078,15.280000567436218,21.88618197327014,125.28452899408576,1.759543679116532,0.4776807991267246,0.1119410058919926,2.094340481366465,1.5779463091777353,8.264306404951887,4.998161029305762,unmatched_ignored,
1062,6345,0.7844612162445735,0.0929064807406836,0.675,0.815,0.865,0.9977994718074424,0.0233428202635356,0.995,0.995,0.995,0.7029778523991643,0.2750944290599394,0.235,0.805,0.965,311,0.0490149724192277,0.8036453862378068,0.0497264869247108,0.795,0.805,0.825,7.059999465942383,5.010002136230469,20.040000021457672,35.370612406157306,179.3862070337087,1.75851549670814,0.3021359211634738,0.1420621809207862,1.9696123577642763,0.9642956708981816,14.033221025970436,4.434399666133486,unmatched_ignored,
1063,10094,0.7548894186819547,0.1009651328633863,0.615,0.785,0.855,0.999270323971746,0.0150176408070973,0.995,0.995,0.995,0.7159753066318809,0.2561714858074744,0.295,0.795,0.975,332,0.0328908262334059,0.8119326910699707,0.0149062512803176,0.795,0.815,0.825,5.909999847412109,5.509998321533203,20.189999401569366,32.56408923950221,309.9733551815528,1.4663851681916618,0.2569698298080619,0.0880490049502182,2.3579823754426705,1.1946504900794443,14.75392902914264,3.659524355944712,unmatched_ignored,
1064,1049,0.6366559595324177,0.1952724823296243,0.235,0.695,0.835,0.8831481650059739,0.1569209178230139,0.595,0.985,0.995,0.5588486572697375,0.3216876650735586,0.085,0.625,0.935,117,0.111534795042898,0.2646633378970317,0.1205768098791225,0.215,0.225,0.505,7.119998931884766,4.549999237060547,14.179999351501465,32.39598970794759,32.380551094651466,2.185440533279163,0.5767104635970655,0.1761446731986134,1.687354568904092,1.4986539750832248,7.351619063614662,3.292946430442773,unmatched_ignored,
1065,10913,0.7759938418242558,0.0886833891316721,0.665,0.795,0.865,0.994679926001686,0.0376196527961387,0.995,0.995,0.995,0.4108825061295753,0.3179058530756494,0.035,0.355,0.895,193,0.0176853294236232,0.8054860783982153,0.0143059722910955,0.785,0.805,0.825,6.25,5.719997406005859,14.550000190734863,35.74998378753662,305.2588796922632,1.6873088549651152,0.1793412271222196,0.0796068755074518,2.090133737277357,1.08969541134545,10.141358161433024,2.292459667847184,unmatched_ignored,
1066,1967,0.686495853246137,0.161637096901752,0.425,0.765,0.825,0.9032727232061792,0.0902888038658213,0.775,0.915,0.995,0.5186617351743,0.3026018243319335,0.115,0.525,0.925,307,0.1560752414844941,0.7850539638669949,0.1233860906800408,0.785,0.815,0.835,7.450000762939453,5.939998626708984,15.46000026166439,44.25299430084124,44.448969636448034,2.1476649291731165,0.4248630961863882,0.124795172177441,1.6022057965214689,1.530260527092711,5.901337671655656,3.1052231891472037,tp,1.0
1067,18107,0.7486852219633496,0.1271655375362226,0.545,0.795,0.855,0.9986559532246584,0.0131155797259389,0.995,0.995,0.995,0.4816005355601271,0.311750512697553,0.065,0.475,0.915,373,0.0205997680455072,0.803666541148127,0.0196546094596848,0.775,0.805,0.825,7.599998474121094,9.25,17.77999973297119,70.29998588562012,257.56761928033035,2.217422066074149,0.2009516414010155,0.1544241452664158,2.141490086973396,1.4587596062056885,10.454491805299822,3.16852699779738,tp,1.0
1068,6199,0.6708100143225708,0.2121106355540294,0.205,0.765,0.815,0.9906675758179512,0.0575830993449153,0.995,0.995,0.995,0.6812312944491379,0.2809040728730116,0.205,0.765,0.975,94,0.0151637360864655,0.5000664055981534,0.189462037289854,0.155,0.485,0.785,15.519996643066406,6.370002746582031,24.11999988555908,98.86242124327693,62.70329941389696,4.087712754473075,1.864093873986513,0.4266832137341219,2.797085747557144,4.2267594933870045,19.395739256854903,5.211931293720146,unmatched_ignored,
1069,35758,0.685465870851308,0.1423118109280218,0.505,0.725,0.825,0.9987896985656044,0.0181055324046125,0.995,0.995,0.995,0.6076222897784685,0.2820539661016127,0.165,0.665,0.945,296,0.008277867889703,0.8206669688224792,0.0161760240066075,0.805,0.825,0.835,7.239997863769531,11.489999771118164,23.570000171661377,83.18757379760791,429.8478530819736,2.6254246664096708,0.8739569389528065,0.0757671822969359,3.242506745029264,1.3157578529295018,17.898555634985755,3.4395678717095115,unmatched_ignored,
1070,1108,0.6446743063689193,0.2115227302223072,0.205,0.755,0.805,0.6466831011892656,0.0992393114001766,0.525,0.635,0.765,0.5047967248350497,0.2711679529435847,0.105,0.515,0.865,362,0.3267148014440433,0.729468558189454,0.1555245258939964,0.505,0.785,0.825,6.6699981689453125,8.25,18.32999992370605,55.02748489379883,20.13539237961543,1.5609581079525108,0.8135227961201046,0.415501149400341,0.6274014590282718,1.0330727202920174,3.65511560300197,2.910144872121461,fp_counted,0.0
1071,609,0.5453901987198636,0.2641708634348751,0.205,0.555,0.825,0.6005533115421414,0.1013736017801105,0.505,0.565,0.745,0.5953329928029689,0.2797762486524633,0.195,0.625,0.945,195,0.3201970443349753,0.6349594405064216,0.2334892752653273,0.225,0.805,0.835,3.930002212524414,6.439999580383301,21.09999942779541,25.30921259956267,24.062384303908495,1.0948184063077435,0.720901822725808,0.24577800583392,0.6376000718939266,0.4430149670635931,3.7282235565479103,2.1618384866048515,fp_counted,0.0
1072,13173,0.7672599018477528,0.1068474601755033,0.625,0.805,0.865,0.9991930973635696,0.0137424319719604,0.995,0.995,0.995,0.624067885633674,0.2712984888929593,0.205,0.685,0.945,322,0.0244439383587641,0.8127798130793601,0.0131438571610677,0.795,0.815,0.825,5.909999847412109,7.399999618530273,18.12999963760376,43.733996616363584,301.2073219732031,1.7996688959939546,0.1502873131141229,0.1213902924071384,2.845869949941781,1.3511794775396473,13.1553233357571,2.9407321051573367,tp,1.0
1073,3916,0.736408873962522,0.1424514514149077,0.475,0.785,0.845,0.9965872066104984,0.0241241266876824,0.995,0.995,0.995,0.5278160446512674,0.3013104405264342,0.085,0.565,0.915,186,0.0474974463738508,0.8108277474680254,0.0161618051995711,0.785,0.815,0.825,6.989999771118164,9.360000610351562,17.450000286102295,65.4264021240233,59.85351284603377,2.6632010398726065,0.4674225851027453,0.1342231003915114,1.8292410337884808,1.759922465190111,9.14454633553833,4.1034644035371945,tp,1.0
1074,119031,0.6924515152222143,0.152365359095188,0.465,0.735,0.855,0.9977741403913052,0.02461015805644,0.995,0.995,0.995,0.4383067729799991,0.2944754682053861,0.065,0.405,0.875,536,0.0045030286227957,0.8066457040719132,0.0596464426686023,0.795,0.815,0.835,11.770000457763672,13.849994659423828,20.979999661445618,163.01444348144287,730.1868316567309,3.65767124382733,0.2082433873268427,0.1332514050023989,3.636396354375768,1.541072644105742,15.16425400615132,3.5648142275942463,unmatched_ignored,
1075,358,0.271760363423125,0.1652340203318595,0.125,0.175,0.475,0.5786624524180449,0.0864329816468787,0.505,0.555,0.655,0.5777428330692291,0.2686190002929916,0.155,0.595,0.905,58,0.1620111731843575,0.2425101695518041,0.1673959063041273,0.115,0.165,0.445,5.339999914169312,4.659999847412109,13.839999556541445,24.88439878520967,14.38652398597556,1.4102485523549124,1.122594901376164,0.6575526119575481,1.9692600379188037,0.4808046046721949,4.154308424315639,2.1779126860276907,unmatched_ignored,
1076,4566,0.7397931267997307,0.1614390198753437,0.485,0.795,0.845,0.8372638787661422,0.1385284430790098,0.615,0.865,0.995,0.4632871175205867,0.3300600737455347,0.035,0.455,0.925,514,0.1125711782742006,0.7933632124954625,0.0934734931504187,0.775,0.815,0.835,6.020000457763672,6.700000762939453,13.360000610351562,40.33400765991246,113.204718918574,1.6851907165186937,0.9605760718295362,0.5008473971717695,0.9747771436985044,0.6553136298176397,5.542520200996037,2.0050638130399725,unmatched_ignored,
1077,41645,0.6704614621735031,0.1552458298429536,0.435,0.705,0.835,0.9731764302174718,0.081704522367281,0.925,0.995,0.995,0.5482922202167477,0.2951493719996203,0.115,0.575,0.925,622,0.0149357665986312,0.8124265200024249,0.0316041439520242,0.795,0.815,0.835,11.970000267028809,7.239999771118164,16.490000247955322,86.66279919357294,480.5406747476542,3.10936587926074,0.333189574884334,0.1191548296046782,3.485868642073922,1.8187428144848656,11.495554536777927,2.879319350354669,tp,1.0
1078,20805,0.4879699812743189,0.197224427658681,0.225,0.485,0.795,0.9313659716872922,0.1397848408426216,0.655,0.995,0.995,0.4848339661624136,0.2818939953454445,0.105,0.475,0.895,1044,0.0501802451333814,0.7589234308593004,0.1545714853423219,0.685,0.805,0.835,13.329999446868896,7.990000247955322,14.9900004863739,106.5066988857268,195.33982573548832,2.962294224410208,0.993536241594269,0.2959051986571975,4.644952345102057,2.592458918570373,10.03601284243974,3.895908610209842,tp,1.0
1079,1432,0.684763755472429,0.1522137786317693,0.495,0.755,0.815,0.7603682469389292,0.1138866692044267,0.595,0.765,0.895,0.4767262615425972,0.267753866497785,0.095,0.475,0.865,162,0.1131284916201117,0.7653092480736015,0.112448508940944,0.535,0.815,0.835,4.400001525878906,6.680000305175781,8.150000154972076,29.392011535645,48.72072121580893,1.152214178111703,0.3658862505719914,0.1679781993039348,1.1420327259244485,0.9029753309669376,4.081865841210638,1.9423922339138524,tp,1.0
1080,1206,0.5588300278469006,0.2363748568169082,0.195,0.705,0.785,0.7022165550817898,0.1398737985512255,0.555,0.665,0.995,0.3366621407343516,0.265771896746503,0.055,0.245,0.795,128,0.1061359867330016,0.680327252484858,0.1884324587612454,0.405,0.775,0.805,5.189999580383301,7.909999966621399,23.68000030517578,41.05289650759698,29.37673349739952,1.369922031470252,0.799768762504573,0.3750334390855876,0.8835170979685169,1.282675062812344,4.835450185274405,4.442900517977316,fp_counted,0.0
1081,616,0.6545153601796596,0.1615707368119493,0.435,0.695,0.825,0.9780726895316856,0.0637236333260654,0.935,0.995,0.995,0.6362466965557986,0.2931077054213513,0.165,0.695,0.955,117,0.1899350649350649,0.7990157737945899,0.0826831632592882,0.785,0.815,0.835,7.580001831054687,3.579998016357422,17.37999975681305,27.136391519161407,22.700144179635423,2.266269342257459,1.3082495035899235,0.1569268357813938,1.5991914511539094,0.931104210065013,11.87165087742078,6.675937747084688,unmatched_ignored,
1082,21036,0.8306978261294837,0.0463915225145497,0.785,0.835,0.875,0.9988732137484432,0.0153130396112586,0.995,0.995,0.995,0.6582157928847648,0.2625428709520735,0.245,0.715,0.955,280,0.0133105153070926,0.7980778861258712,0.0343915657654469,0.785,0.805,0.825,7.260002136230469,4.330001831054688,21.709999799728397,31.435822543338872,669.1728829744729,1.4534691772257184,0.2179296841907895,0.1311303838490805,1.4529144347658942,0.8006894146796726,17.001331771461654,3.945264281035864,unmatched_ignored,
1083,4881,0.7932233668007438,0.0792266291848119,0.705,0.815,0.855,0.985426669029446,0.0491763528243367,0.965,0.995,0.995,0.607848658171216,0.2966214950078593,0.135,0.675,0.945,355,0.0727309977463634,0.803848081113587,0.0683257577375074,0.785,0.815,0.835,7.130001068115234,6.5500030517578125,19.77000069618225,46.70152875519125,104.5147799247886,1.223602048970372,0.2621499029288457,0.2226440462823462,1.50185576674739,0.915229251777112,10.715550663828532,4.289844123180836,unmatched_ignored,
1084,4302,0.751638624694169,0.0988730892294439,0.615,0.785,0.845,0.9957622756020296,0.0352093150868938,0.995,0.995,0.995,0.5835575167134006,0.315047122210725,0.135,0.625,0.965,252,0.0585774058577405,0.8106541740042823,0.0536459329490879,0.795,0.815,0.825,4.619998931884766,5.790000915527344,18.200000166893005,26.749798045348143,160.82364407787102,1.1843717025219649,0.3971640925313321,0.0770459003933994,1.7111865612961674,1.2670422902104883,12.677767529730351,4.146366725154621,unmatched_ignored,
1085,768,0.5307059168602185,0.2606613506846843,0.195,0.545,0.825,0.6403914226684719,0.1213679166580197,0.515,0.605,0.805,0.431826120061487,0.3144070973019906,0.065,0.355,0.915,153,0.19921875,0.4937244275329159,0.2482897084288899,0.205,0.535,0.825,4.669999957084656,5.430000305175781,17.980000153183937,25.35810119214057,30.28617932315974,1.099256212436184,1.0151477386843557,0.3832684713300094,0.5922418516715309,0.4273179521932516,5.055702514325579,3.232075667209385,fp_counted,0.0
1086,18718,0.7926147089852572,0.0775757660520157,0.695,0.815,0.865,0.9985997321985512,0.0212575495799867,0.995,0.995,0.995,0.507888905959186,0.3221361135386059,0.075,0.505,0.945,424,0.0226519927342664,0.8104959120446781,0.0200930907217047,0.795,0.815,0.825,8.059999883174896,7.020000457763672,19.50999927520752,56.58120286946291,330.8165795482262,2.031366684557187,0.1212437417447375,0.0866407424213815,2.069568913530881,1.155676848719425,15.206780591910624,3.1481443859644727,tp,1.0
1087,21559,0.7205961927397639,0.1158852831143169,0.565,0.745,0.845,0.9966889261049278,0.0268146315781171,0.995,0.995,0.995,0.5354025806339912,0.3071915584012337,0.095,0.565,0.925,340,0.0157706758198432,0.8061102814972401,0.0406580699999584,0.785,0.805,0.835,6.1699981689453125,24.38999557495117,21.97000026702881,150.486228038033,143.26227908743454,1.9515881745316768,0.7553559442059032,0.1818769397054235,2.357384904092062,1.0531675278500237,13.59602334781748,3.937228586529899,unmatched_ignored,
1088,5961,0.5667708541418638,0.1179922553506988,0.435,0.575,0.705,0.977466377300457,0.0897495104295323,0.995,0.995,0.995,0.4386691101434941,0.300339779089195,0.045,0.415,0.875,78,0.0130850528434826,0.7338038067787122,0.1444897281991382,0.505,0.785,0.805,7.189994812011719,26.720001220703125,21.00999975204468,192.11667015380223,31.02802060449945,2.353830282756563,1.4409965248459482,0.4076128849653532,2.9789544725986343,1.6696028409245562,11.892540158131162,5.074916206939343,unmatched_ignored,
1089,12846,0.7899141676217044,0.0874620369990024,0.685,0.815,0.865,0.9995032555261134,0.0117047954905591,0.995,0.995,0.995,0.602171251017279,0.3084720655049261,0.115,0.675,0.965,293,0.0228086563910945,0.8039710002954502,0.0143213660304452,0.785,0.805,0.815,7.739999771118164,11.43000030517578,20.68000030517578,88.46819974594109,145.20471804434308,1.7598352176804062,0.1544720500665383,0.0910516916826432,1.9635527939117112,1.2833372150049898,15.473337335929635,3.743384201245778,tp,1.0
1090,14650,0.7488482704758644,0.1223389858287705,0.585,0.795,0.855,0.9996537401366966,0.0102717709613247,0.995,0.995,0.995,0.557793009155339,0.3079009892387068,0.115,0.595,0.955,242,0.016518771331058,0.7967243551715346,0.0154458684251841,0.775,0.795,0.815,8.239999771118164,10.970000267028809,20.020000457763672,90.39279968948358,162.0704309450037,2.184703424258796,0.1949993430705089,0.0981849807527702,2.3885319696278664,1.454742829701847,14.679528565044697,2.8950565269969366,tp,1.0
1091,5003,0.7395306291960011,0.1148316367308173,0.595,0.775,0.845,0.9964381147212512,0.0258980966312092,0.995,0.995,0.995,0.6489905439316854,0.264454376249216,0.245,0.715,0.955,391,0.0781531081351189,0.8068691451683678,0.0289237160956843,0.785,0.815,0.825,6.419999599456787,7.899999856948851,18.84000015258789,50.71799591732031,98.64348757304631,1.5349131398191511,0.2737204028813073,0.166241330508662,2.864970155778569,1.4229001271648485,10.427616521894825,3.7900497955289096,tp,1.0
1092,22952,0.7456573140075441,0.0943551787141872,0.615,0.765,0.845,0.9966325081103188,0.0262943746800739,0.995,0.995,0.995,0.514186484765824,0.2990562056619629,0.095,0.505,0.925,849,0.036990240501917,0.8043711336397591,0.0809740685061231,0.795,0.825,0.835,10.970000326633452,7.579999923706055,19.9399995803833,83.15260163893697,276.0226324566677,1.9505752227778923,0.3126058260086339,0.1380828341412943,2.8103397916958355,1.3187553455774808,13.286744083015916,4.2740644572888185,tp,1.0
1093,3039,0.7566195868529372,0.1312143171786367,0.695,0.795,0.845,0.8774128536834416,0.1242172365876951,0.695,0.915,0.995,0.4586885932739424,0.3091932767038929,0.055,0.445,0.895,93,0.0306021717670286,0.6729792995798972,0.176069680278774,0.475,0.775,0.815,9.580001831054688,6.920000076293945,17.43000030517578,66.29361340179457,45.84151993014962,1.715313348704096,0.5257391555699819,0.2302792033530045,1.38431510684062,0.8417039728045682,6.658239920213255,2.156623146482352,tp,1.0
1094,5297,0.6605680335706217,0.1985168325768611,0.345,0.735,0.825,0.7605267705412345,0.1406156798143925,0.555,0.775,0.945,0.3854304814264475,0.2943527458051399,0.045,0.325,0.835,190,0.0358693600151028,0.473591951869036,0.247588279663358,0.195,0.515,0.795,7.369998931884766,6.769998550415039,12.269999980926514,49.89488208542025,106.16319306921126,1.6624930069626345,0.7395572464779865,0.2919708225027946,1.794858289050833,0.9767008060063492,6.85233962840239,1.8177908719866909,tp,1.0
1095,1060,0.8013749636850267,0.0876763593554117,0.745,0.825,0.845,0.9918043908645522,0.0477937871067124,0.995,0.995,0.995,0.6019487144592447,0.3004708479392918,0.125,0.695,0.945,134,0.1264150943396226,0.8071243727385108,0.0145593113953861,0.785,0.805,0.825,8.639999389648438,3.919998168945313,19.08999937772751,33.86878178711049,31.29725794871684,0.990509333566752,0.3545780189738662,0.1042954157233806,0.7690776018267395,0.6757977761784205,7.7982120903876595,3.152974649172525,unmatched_ignored,
1096,50079,0.7558188619437901,0.1063651538740383,0.615,0.785,0.865,0.999518635069263,0.0104955219964119,0.995,0.995,0.995,0.5718565585922003,0.2837406497959407,0.145,0.595,0.935,686,0.0136983565965774,0.8069284755313014,0.0398534021850873,0.785,0.805,0.835,10.59000015258789,9.599998474121094,20.0,101.6639853057859,492.5933195454802,2.9280779881285177,0.1921279361977124,0.2337147764717763,2.8597785244200407,1.2841680317663098,15.116902014825426,2.959055802916457,unmatched_ignored,
1097,1575,0.7347975936011663,0.0785481467134728,0.625,0.755,0.815,0.9905954421512664,0.0498483714594422,0.995,0.995,0.995,0.6118602140931161,0.2930935691027863,0.195,0.685,0.955,69,0.0438095238095238,0.8032206910243933,0.0341611362818186,0.795,0.805,0.815,5.909999847412109,5.8600006103515625,19.49999976158142,34.6326027130126,45.47737901916973,1.0105747625474415,0.7095386698915219,0.1629433263684062,1.1598643181629944,0.6600269335936697,10.061178170329049,5.153901580890458,unmatched_ignored,
1098,2523,0.7287813852254332,0.1294204148579553,0.555,0.775,0.835,0.9261808825115624,0.1269732130841715,0.725,0.995,0.995,0.6540536690420321,0.3027740426303041,0.095,0.755,0.955,76,0.0301228695996829,0.716494048504453,0.15417617311666,0.475,0.795,0.815,11.010000228881836,2.5500030517578125,16.750000476837158,28.075534183502896,89.8647193499352,1.133588154366281,0.7823861680125506,0.1880930362623482,1.3169084516734144,0.5773068246472333,10.501584349131472,4.299808083923038,unmatched_ignored,
1099,5843,0.7162346766062047,0.134576160322092,0.515,0.765,0.835,0.9789415469076584,0.0808852590663244,0.985,0.995,0.995,0.7663948413688382,0.2290468055723142,0.425,0.845,0.985,303,0.0518569228136231,0.734685653285815,0.1491993528013773,0.505,0.785,0.815,7.799999237060547,3.1699981689453125,17.600000023841858,24.725983299256768,236.31011674167203,1.9420613356287697,1.033053260573325,0.2745249139669906,1.532977024816078,1.0061748591923916,12.32744790422892,4.184617583128396,unmatched_ignored,
1100,14311,0.7565283270360256,0.0785305231450324,0.685,0.775,0.825,0.9993392409672568,0.014215202414189,0.995,0.995,0.995,0.5534011123641762,0.297672543713504,0.105,0.595,0.935,500,0.0349381594577597,0.7950196862220764,0.0247008411670143,0.765,0.795,0.825,10.55000114440918,6.790000915527344,22.76000022888184,71.63451742935285,199.77799130305783,1.736099382137413,0.3386495517649404,0.117967976872383,1.8237947180492136,0.9652557307604916,16.644340948795808,4.544085290567844,unmatched_ignored,
1101,7304,0.7499001310222251,0.0836263556679388,0.675,0.765,0.825,0.9998425414126778,0.0014595927315873,0.995,0.995,0.995,0.6896218888450975,0.2604873946608085,0.285,0.775,0.965,393,0.0538061336254107,0.8021092328406473,0.0158226238110179,0.785,0.805,0.825,8.889999389648438,4.220001220703125,21.710000038146973,37.51580827636644,194.69126044663275,1.7078256417097293,0.4747203133441247,0.1136410345656451,2.3771639960430604,1.264257345913995,15.22982979582996,5.254361111178349,unmatched_ignored,
1102,2604,0.693819176831988,0.1473852619700263,0.485,0.745,0.805,0.9857681604208118,0.052794820196881,0.985,0.995,0.995,0.5220233398245244,0.2791574975220348,0.125,0.525,0.905,145,0.0556835637480798,0.7265287005695803,0.1584377916309531,0.465,0.795,0.805,13.009994506835938,9.839996337890623,18.799999713897705,128.01829830324277,20.340842164858238,3.096845968793066,0.513032573435943,0.2545173353065589,1.962964717280136,2.905036472165598,6.748272630212951,4.792009406622217,unmatched_ignored,
1103,25343,0.7747891522411559,0.0909854633098396,0.655,0.805,0.855,0.9993246983029268,0.0140381904646607,0.995,0.995,0.995,0.6038054024165205,0.296810349097648,0.145,0.665,0.955,461,0.0181904273369372,0.7969432411121443,0.0211292601623451,0.765,0.805,0.825,30.729999542236328,6.3000030517578125,23.78999948501587,193.59909089660505,130.90454031901868,2.069516632862837,0.4902651658838579,0.1554852500767893,1.813032538810366,1.015255621502107,14.30579610309461,4.405621620721295,unmatched_ignored,
1104,10703,0.7625568805322138,0.0820065371261992,0.665,0.785,0.835,0.9993339991620752,0.0119604808473085,0.995,0.995,0.995,0.5506443138577295,0.3199162085265883,0.085,0.595,0.945,254,0.0237316640194338,0.7965742016401817,0.017089812030076,0.775,0.795,0.815,29.68000030517578,6.400001525878906,22.98999929428101,189.9520472412114,56.34579966600071,1.8583827488318965,0.4927149470409055,0.2013100989340288,1.5120229422015623,1.014075215172228,11.73814817487993,4.486405573774333,unmatched_ignored,
1105,10056,0.7742712567990102,0.1062871555086062,0.715,0.795,0.845,0.9834930483035464,0.0680723817475951,0.995,0.995,0.995,0.5250568346272043,0.2898249156808528,0.105,0.545,0.905,645,0.0641408114558472,0.7415774425101834,0.134500084358572,0.715,0.775,0.805,4.269996643066406,35.320003509521484,23.670000076293945,150.81629641875043,66.67714457116038,2.496576835021806,0.9607299510843452,0.5205255774592961,1.593026513894501,2.0278997332522355,15.067460818063577,6.06009865039554,unmatched_ignored,
1106,1735,0.6336454986795912,0.1928021367216172,0.215,0.705,0.785,0.7770024635262723,0.1452786488469019,0.575,0.785,0.955,0.3519044491669071,0.2420708040165723,0.075,0.305,0.715,227,0.130835734870317,0.6421021819442905,0.2338003048223407,0.225,0.785,0.825,4.459999084472656,26.540000915527344,20.88000059127808,118.3683797851554,14.657630721558515,1.730345458846025,0.4132021401869511,0.2271169755121559,1.1685887778683686,1.4070960470794895,2.2127703018851514,2.6186123168921176,unmatched_ignored,
1107,5286,0.7808837298694272,0.0994391504733642,0.665,0.815,0.865,0.991607286365836,0.0430389338750622,0.995,0.995,0.995,0.4734055756381896,0.3135824767357316,0.055,0.465,0.905,225,0.0425652667423382,0.7973704412248399,0.0427906334707315,0.785,0.805,0.815,6.25,6.950000762939453,12.160000324249268,43.43750476837158,121.69207297213184,1.4826505212648815,0.2780462607945281,0.119071390778046,1.884153850571706,0.9295534268579156,8.767414695000811,2.407282518326104,tp,1.0
1108,6614,0.7649159628570098,0.0989259735057633,0.625,0.795,0.845,0.992176614284948,0.0372366404474243,0.985,0.995,0.995,0.5255899252866685,0.3027098172000022,0.095,0.555,0.925,438,0.066223162987602,0.8002310465323871,0.038379176739151,0.785,0.805,0.815,6.1699981689453125,6.559999465942383,13.93000030517578,40.47518469314673,163.40876638717066,1.5309140395279637,0.1828471685345548,0.1597561522412275,1.7387602991107534,1.0721848959942888,7.544453303232487,2.347668718864223,tp,1.0
1109,8026,0.7352023051692873,0.0627729077553143,0.665,0.735,0.815,0.9913992294640188,0.0312367677923017,0.985,0.995,0.995,0.3470951354979429,0.3113907816622842,0.025,0.235,0.845,468,0.0583104909045601,0.7952348619508438,0.0698509724367576,0.785,0.805,0.825,5.799995422363281,5.560000419616699,15.539999961853027,32.24797698211478,248.8838293469182,1.1818691893810591,0.3731893325209087,0.3063908235652446,1.2841790977249952,0.5997871252639158,5.917604828583401,1.715132064791396,unmatched_ignored,
1110,16382,0.7829155681568171,0.0597259088947272,0.715,0.795,0.845,0.9980622649141871,0.0121300958426402,0.995,0.995,0.995,0.3875397083520187,0.2927110116280748,0.035,0.335,0.845,566,0.0345501159809547,0.794430524847954,0.0232478955472868,0.765,0.795,0.825,5.870002746582031,6.479999542236328,18.32000064849853,38.03761511077755,430.6789464137129,1.422819774755398,0.2371159196789126,0.1518569490924591,1.479665159030264,0.8326662386155328,7.052379134785466,2.08871352268175,tp,1.0
1111,755,0.766938535602677,0.0669806358102438,0.685,0.785,0.825,0.9890252892544728,0.0417488244814957,0.975,0.995,0.995,0.6204509704734588,0.2946338296157441,0.155,0.705,0.935,209,0.2768211920529801,0.7994722581366033,0.0215827667153448,0.765,0.805,0.825,2.459999084472656,3.1199989318847656,14.009999752044678,7.675194515992189,98.36884243479,0.6930915434339285,0.3695119964687582,0.088738002933001,0.5380127647404718,0.459340167912672,4.9438910922072585,3.479080378800086,unmatched_ignored,
1112,370,0.7756853498115733,0.081070914758017,0.705,0.795,0.825,0.9827471596163672,0.0593792284843777,0.975,0.995,0.995,0.7038642437172097,0.3072072386838515,0.145,0.865,0.965,195,0.527027027027027,0.8037567994533441,0.0142540273035581,0.785,0.805,0.825,4.189998626708984,3.1599998474121094,16.420000553131104,13.240395021057338,27.944785590728767,0.6454888392593389,0.2464076646778436,0.113450050287625,0.4003281332767699,0.4909717893399501,3.7625849416932544,3.0246372795267296,unmatched_ignored,
1113,2396,0.5515805465730532,0.2354750210130649,0.195,0.535,0.825,0.7164924351470499,0.1470688128218903,0.535,0.705,0.935,0.4568019849158586,0.3160581061147667,0.055,0.435,0.895,864,0.3606010016694491,0.6742948132860301,0.2011996540439742,0.245,0.805,0.835,11.059999465942385,7.090000152587891,20.28000056743622,78.41539790115348,30.555223388909884,1.6364879876893772,0.6636602538936621,0.1934469428388688,1.033869559664948,1.2959095961385696,3.5496224407199928,3.126257361090787,unmatched_ignored,
1114,46126,0.700186420730529,0.1900614031620462,0.385,0.785,0.875,0.9995072553692576,0.0103195454877278,0.995,0.995,0.995,0.5494162359997591,0.2929516762915231,0.125,0.575,0.935,449,0.0097342063044703,0.8062698097696283,0.0220368380051087,0.775,0.805,0.835,12.369998931884766,9.669998168945312,21.94999957084656,119.61786702118115,385.6112899240404,3.22410777870618,0.2064142612933074,0.1088337593065933,3.4498507485361025,1.8800310549798456,16.297913132936998,3.488032283394279,unmatched_ignored,
1115,6000,0.494876730573674,0.2655624225184369,0.085,0.545,0.785,0.96307020526131,0.0858937708548214,0.855,0.995,0.995,0.5345500462719471,0.2857163229315711,0.115,0.565,0.915,537,0.0895,0.7740165321243098,0.0910983781378592,0.735,0.795,0.835,12.210000038146973,6.790000915527344,20.1299991607666,82.90591143760685,72.37119640757423,2.8378838930730903,2.2940053642077,0.4300541471411006,3.5625204551461995,2.432410114072721,12.638898708601792,5.54843768619228,unmatched_ignored,
1116,34843,0.6720006102226965,0.1512260830650793,0.465,0.715,0.815,0.9990284606218646,0.0120945307242708,0.995,0.995,0.995,0.5563082074205167,0.2980934153085224,0.105,0.605,0.925,569,0.0163303963493384,0.8096384644927375,0.0145024382380898,0.785,0.815,0.825,11.180001258850098,7.0500030517578125,21.920000791549683,78.81904299354937,442.0632207225808,2.4478590725639084,0.8554104296570421,0.099691753226178,2.916664882036717,1.4765546883690048,13.51124358152124,4.545881226183336,unmatched_ignored,
1117,3589,0.7760071825909728,0.0894710576957141,0.715,0.795,0.845,0.9095359846688008,0.1264001773085362,0.695,0.985,0.995,0.4443199456890805,0.3353323838927481,0.035,0.405,0.915,541,0.1507383672332126,0.788649222519173,0.1078761269185353,0.745,0.825,0.835,5.840000152587891,3.6100006103515625,13.760000228881836,21.082404115295503,170.23675195544436,1.1978521358052163,0.5143013455374399,0.3822368119307587,1.0348376139213165,0.6802712116623685,5.785469629839955,2.791777062484388,unmatched_ignored,
1118,2720,0.7193252258221893,0.1785757411170223,0.465,0.795,0.855,0.9065827047342764,0.1202919408140848,0.695,0.965,0.995,0.6955227495930183,0.2616299285896524,0.275,0.785,0.965,579,0.2128676470588235,0.8068338762293208,0.0429157413802088,0.775,0.815,0.835,2.7800025939941406,4.240000247955322,14.68000030517578,11.787211687851595,230.75856038144696,1.065810915087252,0.4345279266747503,0.1849788630837898,0.7908938562484632,0.6414431222024454,5.318659765306203,2.678970401097597,fp_counted,0.0
1119,1774,0.6768209444739034,0.198216346563365,0.245,0.775,0.845,0.9353177015582496,0.0645161357292674,0.855,0.955,0.985,0.5984369669922784,0.2921072040496002,0.115,0.665,0.945,238,0.1341600901916572,0.8079837355293146,0.0307897145609637,0.775,0.815,0.835,4.860002517700195,5.259999752044678,17.710000038146973,25.563612038039537,69.39551411436798,1.153094454256078,0.2900070983719321,0.2118007839581671,0.9429500352295724,0.7659837092631913,5.197094418570449,2.15941585122404,tp,1.0
1120,2800,0.7220590686971056,0.1375877654590036,0.525,0.775,0.825,0.8719919324346951,0.1235035429288518,0.685,0.905,0.995,0.5650751008367765,0.3158699704588933,0.065,0.665,0.935,460,0.1642857142857142,0.8047130103992379,0.0206825262966303,0.795,0.805,0.825,3.920000076293945,4.790000915527344,20.109999179840088,18.776803954315252,149.12015946976473,1.1450754002486272,0.5608170629935572,0.1273676273284452,1.25699399261801,0.7027697635425303,6.004165716139334,2.302961340896531,unmatched_ignored,
1121,1114,0.5779298945753107,0.209371967021814,0.305,0.515,0.815,0.982881547037104,0.0431628646802507,0.945,0.995,0.995,0.6801612487878869,0.2426709012004112,0.285,0.735,0.955,100,0.0897666068222621,0.8031258630752564,0.0175371707181163,0.785,0.805,0.825,7.920000076293945,5.0,18.289999842643734,39.60000038146973,28.131312860322115,2.7592335504376138,1.1566641494774537,0.2527461844094539,2.858483555455869,2.2771651095619005,10.949907269415778,5.997175576710165,unmatched_ignored,
1122,3898,0.7271504171227051,0.1491973768440754,0.515,0.785,0.845,0.9969987106237612,0.0215989406704786,0.995,0.995,0.995,0.4847628390509533,0.3190970529086488,0.085,0.465,0.925,117,0.0300153925089789,0.8026572002304925,0.0144322439606498,0.785,0.805,0.815,6.359999656677246,5.399997711181641,18.49999964237213,34.34398358917315,113.49877307852064,1.2904809484197772,0.5819502542242773,0.0948606769594628,1.4383199307510706,0.82371336396925,10.177454942285925,2.8203741795165875,unmatched_ignored,
1123,9749,0.7886229700593536,0.0910830495690195,0.665,0.815,0.865,0.9992080277840972,0.014733581217067,0.995,0.995,0.995,0.6262433227206083,0.2859032133764473,0.165,0.695,0.945,307,0.0314904092727459,0.8053008537339077,0.0135976224804993,0.785,0.805,0.825,5.640000104904175,6.529998779296875,17.560000598430634,36.82919380025851,264.7084824303586,1.8106809407922,0.1914303489729265,0.0575091250375035,2.226489364913965,1.3834388071369408,13.315007474046082,2.982904157456873,tp,1.0
1124,163,0.2527833130507747,0.1805312611375396,0.115,0.165,0.515,0.6572375312173293,0.1958320579046852,0.515,0.555,0.995,0.553976060056979,0.2305098098034483,0.165,0.635,0.795,67,0.4110429447852761,0.2195277908511126,0.1747395329543818,0.055,0.155,0.405,4.780000150203705,6.190000534057617,10.730000138282776,29.588203482556423,5.508952244974786,2.0107955522980943,1.4765042755530096,0.3791279027852455,1.7058101055007493,1.4137799829157829,6.081407187175166,3.976879066516292,unmatched_ignored,
1125,3747,0.8305090650069036,0.0428038104174997,0.795,0.835,0.865,0.9977258523209812,0.0254159442491588,0.995,0.995,0.995,0.7976351055423007,0.2103056193542697,0.505,0.875,0.975,231,0.0616493194555644,0.8047274969098888,0.0282757363364163,0.775,0.805,0.825,2.9900002479553223,2.8600006103515625,19.609999179840088,8.551402534103545,438.173736420046,0.7279424915626118,0.1640895852851926,0.1027283817888844,0.9392637988778504,0.5431519703213181,13.62110140786064,4.580448089325186,tp,1.0
1126,111,0.5867855127330299,0.2122887828685376,0.205,0.715,0.775,0.7605777495616192,0.1711158752539734,0.545,0.725,0.985,0.6814518132045664,0.2636967948177219,0.215,0.765,0.925,84,0.7567567567567568,0.5620553145805994,0.2303113579596171,0.205,0.505,0.785,1.239999771118164,2.709999084472656,8.510000228881836,3.360398244476528,33.03179918703095,0.2822217156728078,0.4284100009456489,0.32430953151539,1.0561361795975004,0.3369247113176786,0.7542910732932993,0.8696886489543671,unmatched_ignored,
1127,462,0.4853571460812123,0.2240996729106105,0.175,0.465,0.775,0.5564966973288235,0.0396707710957704,0.505,0.555,0.615,0.414099262670001,0.3024692435676379,0.065,0.395,0.845,115,0.2489177489177489,0.621370256335839,0.1993255634427126,0.215,0.765,0.795,2.6999988555908203,4.229999542236328,4.029999732971191,11.42099392318778,40.4518208403922,1.211718370109497,1.261750780884246,0.4169464655498917,0.4743209603931975,0.1976961019499987,2.8037923767969204,0.9207912623931764,unmatched_ignored,
1128,2796,0.805264524731769,0.0722787901475746,0.745,0.825,0.855,0.9975072484841844,0.0212738518420203,0.995,0.995,0.995,0.5986269657710682,0.3141401594622789,0.125,0.665,0.965,230,0.0822603719599427,0.8220790409523507,0.0219119498072614,0.795,0.825,0.845,3.34000015258789,4.249999046325684,20.0,14.194997463226173,196.97079955409436,0.8613287272712465,0.1982268254704495,0.0874874412599178,0.7694710700267804,0.502567298832748,10.38206956887322,3.554295444304417,tp,1.0
1129,3064,0.7995135398246056,0.0811340610592778,0.705,0.825,0.865,0.998069690058966,0.0227056523433159,0.995,0.995,0.995,0.4806195996300561,0.34871202546966,0.025,0.475,0.935,125,0.0407963446475195,0.810137547492981,0.0122747303145052,0.795,0.815,0.825,5.310000061988831,4.479999542236328,16.589999616146088,23.788797846984835,128.8001192707749,1.25814211270509,0.159951011206987,0.0852315864810549,1.6185809859510585,1.0373842426282252,8.8089417909362,2.204895191990873,tp,1.0
1130,6927,0.8013962572665033,0.0644947498771572,0.725,0.815,0.865,0.9990528473025262,0.0161769026757533,0.995,0.995,0.995,0.6564930360139417,0.2662626552145465,0.255,0.705,0.965,221,0.0319041432077378,0.7988320934287024,0.0176486101724503,0.775,0.805,0.815,6.4200000166893005,5.409999847412109,17.55000001192093,34.732199110674856,199.4402939453092,1.3591864453377152,0.2067174479314659,0.0964651683397412,1.4218696613834585,0.9725360650896264,12.29051224688818,3.007882958196244,tp,1.0
1131,52714,0.6966729860042024,0.1595040144492195,0.445,0.755,0.855,0.9991066668404656,0.0153093021730257,0.995,0.995,0.995,0.5945818340651311,0.2817868886482166,0.165,0.645,0.935,582,0.011040710247752,0.8069784910357285,0.0742995248215802,0.785,0.825,0.835,11.260002136230469,8.110000610351562,23.65999937057495,91.318624197389,577.2535500103079,2.99487554924659,0.3092537132263325,0.2269077614892725,3.624839874429171,2.0017779700635283,17.89483589410118,3.571460275019284,unmatched_ignored,
1132,13479,0.6124289985225174,0.1671394203395256,0.385,0.635,0.825,0.99874535278818,0.0180419911162329,0.995,0.995,0.995,0.511836570079273,0.2915539534636793,0.115,0.505,0.925,341,0.0252986126567252,0.8086758869047389,0.0543017288743479,0.795,0.815,0.835,7.219997406005859,7.680000305175781,18.18000054359436,55.44958228149335,243.08569055710817,1.9638352918956492,0.2107674910158837,0.0878599143453386,4.381902138123302,1.5947127889127122,13.074112853595134,3.0858085389405567,tp,1.0
1133,26163,0.765130629521304,0.1084183942850625,0.625,0.795,0.855,0.9958635925385482,0.0354941629903892,0.995,0.995,0.995,0.5992644370441383,0.2731236925387387,0.185,0.635,0.945,384,0.014677215915606,0.8129741965482632,0.0165271417897231,0.795,0.815,0.835,10.93000030517578,10.919998168945312,20.519999563694,119.35558331909124,219.2021459947501,2.466547847385781,0.4660923572308444,0.0588607879309604,2.3661990246598696,1.1078047175724444,14.179824406195182,3.1096012833938267,tp,1.0
1134,3742,0.6592618089501773,0.0842986084614975,0.545,0.675,0.745,0.9653871512903625,0.0521357463914554,0.905,0.985,0.995,0.3485002667275859,0.2682883753207826,0.035,0.295,0.775,132,0.0352752538749331,0.737072459676049,0.0369474044491298,0.705,0.745,0.775,3.910003662109375,3.970001220703125,4.630001068115234,15.522719311527908,241.0660094343788,1.2828979846947703,0.7070485606256195,0.2368520964587453,1.5226693646941,0.2464087535154757,4.980041589219579,1.1208396601623103,unmatched_ignored,
1135,1165,0.6272354177618998,0.236452729206058,0.195,0.745,0.815,0.7443818847508901,0.1650447566277668,0.525,0.755,0.975,0.4395463822486454,0.3468126545051705,0.035,0.365,0.905,381,0.327038626609442,0.7511449702612059,0.1640946123163779,0.645,0.805,0.835,5.679996490478516,4.590000152587891,19.210000038146973,26.07118475799507,44.68534939298213,1.518451757933954,0.8485033555510663,0.2543532220097769,0.9630783445781677,1.3004075005390132,4.328389295308886,3.431624233608892,unmatched_ignored,
1136,18703,0.632380876639358,0.1224920371299137,0.465,0.645,0.795,0.9993528868402128,0.0123191641194329,0.995,0.995,0.995,0.5193959166421116,0.2984965620224583,0.115,0.515,0.925,377,0.0201571940330428,0.8068083229052293,0.0145973475001818,0.785,0.805,0.825,8.990001678466797,5.430000305175781,20.410000324249268,48.81571185760549,383.1348409822701,1.8437741323975472,0.2127667455812645,0.1081742503524656,4.144438955333588,1.3996626731530888,13.668252491842196,2.961791683731925,unmatched_ignored,
1137,7739,0.7916844947780345,0.0585341270873916,0.735,0.805,0.845,0.998680138190536,0.0204631172502476,0.995,0.995,0.995,0.5956444868169458,0.3056763291717179,0.125,0.665,0.945,231,0.0298488176767024,0.8124936770051072,0.0160068303320968,0.795,0.815,0.835,6.269999504089356,4.719999313354492,19.530000925064087,29.594393354034764,261.50223481249026,1.3080385017156413,0.3455243779117983,0.0762819599225221,1.2569482152514206,0.6619177446339335,14.629393988404106,3.5811152962229307,tp,1.0
1138,3597,0.7848712276519256,0.0676301750636488,0.705,0.795,0.855,0.9976271856550312,0.0188675679343913,0.995,0.995,0.995,0.4926333947506801,0.3182310363220824,0.035,0.515,0.905,327,0.0909090909090909,0.8059685277647199,0.0162564262204681,0.785,0.805,0.825,4.519999980926514,4.1699981689453125,12.9900004863739,18.84839164409641,190.83856426161609,1.158968601457382,0.2384571786669773,0.1070984156186453,1.2585792459940828,0.7412890298725149,7.701328208463405,3.016076612667837,tp,1.0
1139,6262,0.8396898149463629,0.0400493576321925,0.805,0.845,0.875,0.998210956725934,0.0243715513282153,0.995,0.995,0.995,0.7299916857225313,0.2344432637278134,0.365,0.795,0.965,271,0.0432769083359948,0.8037664099593004,0.026293716726722,0.785,0.805,0.825,4.619999885559082,3.689998626708984,19.41000008583069,17.047793233108678,367.32026922044736,1.0363491721840814,0.1416822012232433,0.0601573427547087,1.010970918790573,0.5478874900876869,14.50537629442421,3.910162855158461,tp,1.0
1140,31302,0.5859949148981444,0.1714814906136122,0.305,0.635,0.775,0.982654690988132,0.0806087760251352,0.995,0.995,0.995,0.5407447238047983,0.2989159751840503,0.095,0.575,0.925,396,0.0126509488211615,0.7950873256030709,0.0497028482486442,0.775,0.805,0.815,10.300003051757812,8.200000762939453,20.48999947309494,84.46003288269276,370.6131637845276,2.336896362247921,0.3766579861642983,0.1968546495310226,4.760314876375257,1.797005287332578,15.597928507485245,3.458831964740833,unmatched_ignored,
1141,12357,0.7658157595185711,0.1140754113890428,0.625,0.805,0.855,0.972920040332973,0.0849936475738821,0.955,0.995,0.995,0.5467827653977975,0.2933187789868324,0.115,0.575,0.925,490,0.0396536376143076,0.7669963330638652,0.1192520967645569,0.585,0.805,0.825,7.90999972820282,8.200000762939453,21.87999987602234,64.86200380611399,190.5121531079681,2.055449166596075,0.3937160348776762,0.2941769639685084,1.958321283933296,1.070504365421895,8.780359048491764,2.9784650761733658,unmatched_ignored,
1142,1797,0.6163688856086336,0.1834719533158885,0.295,0.685,0.785,0.7233551239463177,0.1798437864502199,0.525,0.665,0.995,0.5173203120113125,0.2776316837377853,0.105,0.525,0.895,174,0.0968280467445742,0.7020547694430269,0.1219113435437282,0.615,0.735,0.795,9.039999842643738,9.09000015258789,15.440000265836716,82.17359994902608,21.86833728977086,1.7313659620879436,0.6957935967605936,0.365260776407921,1.234977217597503,1.0184664876273892,5.9261585985479845,3.418552994374816,unmatched_ignored,
1143,1022,0.6338766939106986,0.2272320851202272,0.225,0.765,0.845,0.6621520489512591,0.145959462499252,0.515,0.605,0.925,0.4679184810455739,0.3431013906303793,0.035,0.425,0.945,164,0.1604696673189823,0.6702124984344331,0.1892096440841119,0.485,0.785,0.835,3.2800002098083496,4.39000129699707,12.34999978542328,14.399205175209318,70.97613983301987,1.283310611919729,0.9280530474287072,0.4750249019266858,0.7988561768852077,0.4637626021103926,5.004731204061826,1.7927667331525958,tp,1.0
1144,10696,0.6804675102727062,0.1466672956333322,0.475,0.715,0.835,0.995903469410376,0.029761347409448,0.995,0.995,0.995,0.5816946189817246,0.2860626919212747,0.155,0.615,0.935,558,0.0521690351533283,0.8140440002137188,0.0133636047808676,0.795,0.815,0.825,10.460002899169922,5.680000305175781,14.809999227523804,59.41281965942471,180.02848646661198,2.4106674749178745,0.6588585579166744,0.0774159527570979,2.973370259825445,1.590232931362892,9.22135088019346,2.6355695355193065,tp,1.0
1145,5140,0.6704117820377132,0.1639453321997583,0.465,0.705,0.835,0.915840035421839,0.1355027710708115,0.665,0.985,0.995,0.5346091961648907,0.2890250624344037,0.095,0.555,0.925,556,0.1081712062256809,0.7572771175194988,0.1378243423882741,0.515,0.805,0.835,7.950000762939453,11.639999389648438,18.299999713897705,92.53800402831985,55.54474676617167,1.947093851051098,1.0068632310911232,0.5609687156329747,1.6475346397660913,1.333542377093811,7.929054965519487,5.144796088504314,fp_counted,0.0
1146,39071,0.704663677807782,0.1482754194941405,0.465,0.755,0.845,0.9983521999324496,0.0174243019998857,0.995,0.995,0.995,0.5379181701769875,0.2967669363945225,0.115,0.565,0.925,984,0.0251849197614599,0.8112880941328964,0.015315252325278,0.795,0.815,0.835,8.96999740600586,9.98000144958496,18.47000026702881,89.52058711471182,436.4470928897546,2.6604449021360685,0.2180791106244556,0.097354178650996,2.944090994803251,1.801676152150073,13.609679726439786,3.5595547703878028,tp,1.0
1147,2651,0.8025195177142821,0.0693432040096282,0.725,0.815,0.865,0.996588462683355,0.0273979686729962,0.995,0.995,0.995,0.479801429983355,0.3227108718590255,0.075,0.425,0.945,162,0.0611090154658619,0.804344371881014,0.0181675371708422,0.785,0.805,0.825,4.090000629425049,4.44999885559082,14.919999837875366,18.2004981203072,145.65535418188074,1.3734940289366555,0.1930910306608662,0.0886334993820469,1.7607395558455476,1.1594568824905251,9.277523502982907,2.734395270790241,tp,1.0
1148,18285,0.7909577043013459,0.0752686137648773,0.695,0.815,0.865,0.999584460604018,0.011083962324054,0.995,0.995,0.995,0.5942839928003555,0.271287671442961,0.205,0.615,0.945,324,0.0177194421657095,0.8095043297903037,0.0139940468908556,0.795,0.815,0.825,6.789999961853027,5.950000762939453,19.67999911308289,40.40050495338437,452.59335300630335,1.91125444216482,0.1796888233022639,0.0514713504766068,2.2431355827265733,1.2875804504987536,13.92229213721445,3.187732300576629,tp,1.0
1149,30148,0.8363882048621218,0.0519244540318212,0.775,0.845,0.885,0.9993572856321944,0.0125046608154559,0.995,0.995,0.995,0.6607979378483753,0.2723448913035981,0.225,0.735,0.965,391,0.012969351200743,0.8169399669865514,0.0261198483950446,0.785,0.815,0.845,7.870000839233398,6.450000762939453,26.05000066757202,50.76151141738956,593.9145458476654,1.860899301733888,0.1301771541632358,0.1107924274517649,2.2173094828724,1.3990975427789474,20.472453751337216,4.3628352619342285,tp,1.0
1150,9021,0.7974450096889394,0.0784814250196381,0.705,0.825,0.855,0.9952986683407852,0.0351655479261516,0.995,0.995,0.995,0.6187909588711467,0.3147212251409635,0.095,0.715,0.965,141,0.015630196208846,0.782877911489906,0.1092583444358017,0.765,0.805,0.835,8.389999389648438,4.569999694824219,24.269999504089355,38.34229465026874,235.27543362449157,1.1222399686179256,0.3379519924356792,0.1436314200733372,1.653664015976622,0.8605850585791713,15.20583049642605,5.26550799848855,tp,1.0
1151,41958,0.6713766071859661,0.1970124406573816,0.345,0.745,0.855,0.9905702104811798,0.0496697631275772,0.995,0.995,0.995,0.5129451454833595,0.3043522644335973,0.085,0.525,0.925,609,0.0145145145145145,0.8094210947675659,0.0816467832537167,0.795,0.825,0.845,12.419998168945312,14.700000762939451,20.049999713897705,182.5739825592027,229.8136865497493,3.177481907949688,0.5171348120548901,0.1067190531737772,3.395434958438833,1.9132415511563792,13.504607687068512,3.1525198785691324,tp,1.0
1152,73281,0.6788225654866002,0.1792050526271872,0.405,0.725,0.865,0.9995385200658388,0.0107235462164433,0.995,0.995,0.995,0.4239100837875499,0.3150151237787784,0.045,0.365,0.905,650,0.008869966294128,0.8154602866677138,0.0375572665997286,0.795,0.815,0.845,10.639995574951172,13.549999237060549,22.94999933242798,144.17193192291597,508.28895071740425,3.5855602343588657,0.2938703559662511,0.1224855477860367,3.670824910442214,1.626361288042854,15.600733630127465,3.698600944452569,tp,1.0
1153,24109,0.6394470541543782,0.171771978593104,0.375,0.695,0.815,0.9856077618722356,0.0553828791334005,0.975,0.995,0.995,0.3512354666571757,0.3065791676780997,0.025,0.245,0.855,1863,0.0772740470363764,0.7821006443525474,0.1034682781058269,0.775,0.805,0.825,7.579998016357422,13.65999984741211,17.859999895095825,103.54277174682647,232.84097569793835,2.56177341595303,0.4942904947611601,0.4110432619310851,2.6602775857740606,1.5641997738147049,7.021098664051524,2.282063772909128,unmatched_ignored,
1154,3230,0.6327760748334529,0.2071649996822215,0.245,0.715,0.815,0.976961723532839,0.0789787664681071,0.975,0.995,0.995,0.5728142541701309,0.2898766790693831,0.135,0.615,0.925,87,0.0269349845201238,0.8197367622934538,0.0093028918504571,0.805,0.825,0.835,8.75,5.270000457763672,11.779999732971191,46.11250400543213,70.04607686495405,1.5133037660118005,1.0938118099517076,0.1683166982301904,1.0809142821326887,0.8458891239580073,9.185348562937772,1.724194443186873,unmatched_ignored,
1155,1471,0.7026184156035623,0.2056710458536324,0.225,0.785,0.835,0.8220666807821054,0.135318995777218,0.595,0.855,0.985,0.42868957217093,0.3270925719370931,0.025,0.395,0.905,258,0.1753908905506458,0.8138690124186434,0.0197383577633392,0.785,0.815,0.835,5.479999542236328,3.3600006103515625,18.980000495910645,18.412801806640346,79.89006862983244,0.8990991198270754,0.5248437367764662,0.1186448578958845,0.7525481752797162,0.4019057511432115,4.493496641040577,2.062116150676024,tp,1.0
1156,1742,0.7832478254896628,0.0937370622280555,0.725,0.805,0.845,0.9222907267947148,0.0899828992401786,0.795,0.965,0.995,0.5086338243968974,0.3197984722246502,0.075,0.545,0.935,154,0.0884041331802525,0.8179038248278878,0.0203774033593233,0.795,0.815,0.845,6.049999237060547,3.8899993896484375,20.22000026702881,23.53449333953904,74.01901434068093,1.1417881349615873,0.3996193630728017,0.176290226755771,0.8018639075947867,0.6352750690635744,5.753464756787986,2.948814731650532,tp,1.0
1157,1301,0.7890130567101677,0.0853757089800501,0.725,0.815,0.845,0.987300485166378,0.0434524333867632,0.975,0.995,0.995,0.6907544611003644,0.2628599600783085,0.235,0.765,0.955,251,0.1929285165257494,0.8135358603352094,0.0202759345518688,0.785,0.815,0.835,3.8799991607666016,5.230003356933594,15.199999570846558,20.292408635708853,64.11264544074926,1.1746599657239156,0.6349852169298547,0.2920805467979872,0.7702870494589525,0.5601796128640179,6.787370193036678,3.694402804630056,unmatched_ignored,
1158,24419,0.7149090566080654,0.1832564572993797,0.405,0.795,0.875,0.9973925309136497,0.0296243987376451,0.995,0.995,0.995,0.5729105192458159,0.3018421781858884,0.125,0.625,0.945,396,0.0162168802981285,0.7951493933044299,0.0502440158964747,0.765,0.805,0.825,6.649997711181641,11.519999504089355,21.75,76.60797033500785,318.75273412433893,2.32396822648872,0.3034680903890629,0.1144418961656648,2.813831468850559,1.805073733725549,14.84385064835795,3.770363726111188,tp,1.0
1159,3885,0.7017465339501315,0.1501700703839359,0.525,0.735,0.855,0.9530270991484938,0.1078845174285152,0.855,0.995,0.995,0.3837445848192214,0.3029760631558469,0.045,0.285,0.875,135,0.0347490347490347,0.7892026287538034,0.0735758892289584,0.765,0.805,0.825,5.489997863769531,13.790000915527344,16.94000005722046,75.707075567625,51.31620751259559,1.815081306461889,0.8826933872709772,0.215995381104111,2.2279406275724245,1.0801806443180764,7.271266780350659,2.281170067865065,tp,1.0
1160,23970,0.6312993332342675,0.206531370194191,0.305,0.705,0.845,0.9931580473096558,0.0337915017159384,0.995,0.995,0.995,0.5378190901850411,0.2827170870191971,0.135,0.545,0.915,548,0.0228619107217355,0.8067874565829326,0.0148181217560999,0.785,0.805,0.825,7.780002593994141,10.719999313354492,14.060000658035278,83.40162246551336,287.40448076908353,2.634230035889401,0.4397618228542039,0.13695888138542,3.5549443259054416,1.9092294895725617,8.680674828858141,2.0736658207479626,tp,1.0
1161,37814,0.7411708471673086,0.1231140137270691,0.585,0.775,0.855,0.9873096796861248,0.0501632440378001,0.975,0.995,0.995,0.513166210969466,0.3057431378545474,0.085,0.535,0.925,1331,0.0351986036917543,0.8178541104230193,0.0344329590438033,0.795,0.825,0.845,9.339996337890623,11.230000019073486,16.52000054717064,104.888159052658,360.5173390546008,2.6683268146810035,0.3239246949798866,0.1303055018845185,2.45666835555004,1.3208030218550777,11.232936405182553,3.494210142517769,unmatched_ignored,
1162,5913,0.6347905435165777,0.1139209068387632,0.505,0.645,0.775,0.9993607780866044,0.0030938796531085,0.995,0.995,0.995,0.5352417152898803,0.2997108877425306,0.095,0.565,0.925,210,0.0355149670218163,0.7973643246151152,0.0363726297791747,0.735,0.815,0.835,6.979995727539063,10.629997253417969,17.860000610351562,74.19733541260939,79.69288879604592,2.929994993585121,0.9698650126085332,0.1118421125711923,2.3703128313559048,1.4944389164498797,14.193781982717349,5.004226103104777,unmatched_ignored,
1163,11782,0.8278978812210913,0.0567756136485923,0.765,0.845,0.875,0.9990557114016806,0.0171600258667831,0.995,0.995,0.995,0.6058999951211306,0.3082205117251841,0.105,0.695,0.955,236,0.0200305550840264,0.810187564562943,0.0166310428637161,0.785,0.815,0.825,6.380001068115234,5.0500030517578125,22.140000581741333,32.21902486420004,365.68456213867273,1.4644153256736805,0.2745887077567592,0.083901210488386,1.7012587458032469,0.8707194298692729,15.33060693759057,3.847795325089736,tp,1.0
1164,4491,0.7582833784315308,0.0800942480361435,0.675,0.775,0.835,0.9914443121272826,0.0490209035116754,0.995,0.995,0.995,0.4700927599072063,0.314718582273761,0.065,0.445,0.915,104,0.0231574259630371,0.7931063149410945,0.0469387730930747,0.785,0.805,0.815,4.75,4.9199981689453125,13.389999747276306,23.369991302490234,192.1695195291516,1.265049324374179,0.2915778617989208,0.1160114723660693,1.542670385797902,0.7616614370711132,9.599511013524925,2.641247076924909,tp,1.0
1165,4083,0.7087465283437421,0.1352563972404823,0.525,0.745,0.845,0.9824287767740782,0.0754032438020474,0.995,0.995,0.995,0.4533789967922692,0.3085189170649201,0.055,0.435,0.905,201,0.0492285084496693,0.7070434149818041,0.2023312729366141,0.225,0.795,0.825,8.239997863769531,3.9600000381469727,13.640000343322754,32.63039185485832,125.12874556215556,1.461716588709573,0.4726707277123729,0.1811592442732104,1.9872371677213847,0.966233845109807,8.531577566788677,3.1764314905913995,tp,1.0
1166,1971,0.6037517177051606,0.1698651973817081,0.305,0.645,0.775,0.9732521552533924,0.0734825026690387,0.935,0.995,0.995,0.4335623287262333,0.2744269016573201,0.095,0.385,0.865,109,0.0553018772196854,0.8016079172081904,0.0267360807054371,0.755,0.805,0.835,8.610000610351562,9.18000030517578,16.65000009536743,79.039808230591,24.936801393163783,1.4750674677125963,0.9477058102242918,0.1582491165082125,2.4646869653419365,1.1449285836278684,6.889164540200352,4.22324045345947,fp_counted,0.0
1167,2186,0.7764488393704987,0.1133939094147611,0.675,0.805,0.855,0.7995442868042516,0.105581316516298,0.655,0.805,0.935,0.49942985305065,0.3283019063743094,0.055,0.505,0.935,278,0.1271729185727355,0.7870135834212784,0.1240075003533369,0.775,0.815,0.845,3.770000457763672,9.220001220703123,17.9700001552701,34.759408822632395,62.88944703158073,1.0692285379866135,0.4521776817281213,0.2284075001462491,0.8978400172884626,0.6501033368582589,5.141797277445872,2.264472546903186,unmatched_ignored,
1168,992,0.5633410010299075,0.2881750725541298,0.065,0.735,0.825,0.7401201719598424,0.147289040878293,0.545,0.745,0.925,0.4456505712969273,0.3168649651930302,0.025,0.425,0.915,156,0.157258064516129,0.5751119031546972,0.2875729720581464,0.065,0.755,0.835,3.980000495910645,5.459999084472656,19.30999994277954,21.73079906387284,45.64949485217903,0.9781865368407094,0.533283986866367,0.2455552481110512,0.841639914087378,0.7676809004991545,4.310924286323209,2.9573624571878727,unmatched_ignored,
1169,8872,0.6647338801852156,0.1811819509680359,0.415,0.715,0.825,0.9098683927003276,0.1417934252141765,0.645,0.995,0.995,0.4129490348070804,0.3102994757470942,0.035,0.355,0.875,598,0.0674030658250676,0.7320008911503896,0.1778714989289614,0.495,0.805,0.835,9.199996948242188,8.580000162124634,13.389999389648438,78.9359753074641,112.39488668433634,2.126247227632142,1.1008941096768037,0.8801590555606194,2.339821235822895,1.3411338494632703,7.6196297192165074,2.766237619907179,fp_counted,0.0
1170,56267,0.7330140734787008,0.1410491798898893,0.525,0.785,0.865,0.9959228847555932,0.0353266874401271,0.995,0.995,0.995,0.585267101257846,0.2852708579844956,0.155,0.625,0.935,507,0.0090106101267172,0.8085306965740475,0.0908792986567414,0.795,0.825,0.845,11.560001373291016,11.450000762939451,24.980000972747803,132.36202454376323,425.09926992992064,3.5443023643525247,0.3879004541994729,0.0909178329538753,3.5137603890346005,1.6304128590631972,19.530159463952064,3.632074185745669,unmatched_ignored,
1171,1649,0.7606632633325618,0.0761974485810246,0.685,0.775,0.825,0.9919342666123404,0.0369473488869358,0.985,0.995,0.995,0.3824297287833909,0.3016223237190291,0.055,0.305,0.875,246,0.1491813220133414,0.8117729992401309,0.0195065303199059,0.785,0.815,0.835,4.340000152587891,6.850002288818359,14.239999771118164,29.72901097869908,55.46770463307754,1.085971016463601,0.1725523930362976,0.1115683738963106,1.2404781928286146,0.7866227072448126,6.510488099450773,2.545470463819585,unmatched_ignored,
1172,1511,0.5225541892921901,0.2284601269444488,0.205,0.505,0.805,0.7749096539776346,0.1370117777141068,0.575,0.785,0.945,0.4050540737393247,0.3384976373148027,0.025,0.275,0.915,309,0.2045003309066843,0.7612632322321046,0.134213552579448,0.705,0.795,0.835,4.020000457763672,4.9199981689453125,22.350000381469727,19.778394891356584,76.39649265271403,1.2298465075926837,1.6088936314077775,0.4310801228807207,1.845129129522996,1.1047876816674849,4.988995286771038,2.383687286405219,unmatched_ignored,
1173,3362,0.6603293458087363,0.1991937604467185,0.295,0.745,0.835,0.9073733226626064,0.1372805224541388,0.645,0.975,0.995,0.4181348592265002,0.3164677484678643,0.035,0.345,0.905,198,0.0588935157644259,0.7985452290887785,0.0917013087640004,0.775,0.815,0.835,10.220001220703123,4.590000152587891,15.53999924659729,46.90980716247577,71.66944831718133,1.668829539618096,0.8029478874936649,0.3200253341936315,2.153867402030593,1.3797733781892587,6.737815010616781,1.9425284781769612,tp,1.0
1174,1406,0.6175626075533808,0.1826099926232071,0.345,0.655,0.825,0.9885056192216968,0.0557845780528964,0.985,0.995,0.995,0.5229867697308558,0.3116807111717964,0.115,0.475,0.935,120,0.0853485064011379,0.8045736985901991,0.0390331949275988,0.775,0.815,0.835,5.779998779296875,4.880001068115234,13.0600004196167,28.2064002166735,49.84684288670337,1.7695832602959447,0.7040215995377864,0.1788344866388556,2.157345329610742,1.343134274271517,8.86036248814585,2.944657278647558,fp_counted,0.0
1175,9382,0.7532792512098722,0.1376257999543552,0.655,0.795,0.845,0.970652404642898,0.1009425371312785,0.995,0.995,0.995,0.5132847070529779,0.3076143194749735,0.085,0.525,0.925,201,0.0214240034107866,0.804782544499013,0.0452049768744461,0.785,0.805,0.825,6.209999084472656,6.899999618530273,17.509999752044678,42.84899131393468,218.95497915604216,1.833133551541421,0.6593813657176074,0.0907750830505859,1.560683601021519,0.8368159050796464,12.028217773238902,3.289915799883583,tp,1.0
1176,1157,0.3734791641322414,0.1967887650019707,0.185,0.365,0.575,0.6307087350530468,0.1040760628926256,0.515,0.605,0.775,0.2833997258486254,0.2800080007406953,0.015,0.185,0.805,66,0.0570440795159896,0.5303755425142519,0.2110511698683261,0.215,0.555,0.845,4.150001525878906,5.970001220703125,13.87999963760376,24.7755141754169,46.69933353585107,1.1149048507122516,0.8662463410396632,0.2309275352734674,1.094466925857563,0.3882106728657927,4.358131439730125,1.5211169291443745,fp_counted,0.0
1177,3222,0.7646413910567464,0.1595608576579392,0.545,0.805,0.865,0.9324755041144932,0.1431168714003385,0.645,0.995,0.995,0.4302130581100723,0.3218932277588775,0.035,0.385,0.915,156,0.0484171322160148,0.781041624263311,0.0989109341817159,0.775,0.795,0.825,3.1199989318847656,4.079998016357422,14.420000076293944,12.72958945312712,253.11106943896695,0.9254193943347516,0.1889945753640758,0.0786892748633471,0.9881925811896228,0.6030742482766206,9.053811806447753,3.7135063665000776,tp,1.0
1178,2428,0.5981195826233784,0.2686845732070072,0.145,0.755,0.825,0.7625840470759441,0.1688795655492235,0.525,0.785,0.965,0.3919957220222367,0.2776408460970513,0.055,0.335,0.815,213,0.0877265238879736,0.5833593534366905,0.2362095586899657,0.205,0.565,0.815,5.259998321533203,3.900001525878906,10.130001068115234,20.514001480099974,118.35818586419283,1.430302165842986,1.092131675383338,0.2709845858404644,0.8918838162471056,0.5564288367058433,5.205689711603635,2.604686743025967,unmatched_ignored,
1179,2628,0.5825403946079031,0.1971815389453392,0.225,0.665,0.795,0.771394219323199,0.1660063626578199,0.545,0.775,0.985,0.3888816375410606,0.2971024804457174,0.065,0.305,0.885,236,0.0898021308980213,0.7081779472024764,0.1705485286993517,0.495,0.805,0.825,8.75,5.420000553131104,20.399999618530277,47.42500483989716,55.41380562578555,1.596390496166206,0.9542051933820208,0.2280696443459136,1.3514736373681655,0.8349013543930952,5.112175475380736,2.2211979839687834,tp,1.0
1180,5152,0.6917706419083273,0.125018971629315,0.565,0.715,0.805,0.9849931828747068,0.0349172435421935,0.955,0.995,0.995,0.4032144165618848,0.2801778878900098,0.075,0.335,0.825,78,0.015139751552795,0.7429747222325741,0.0434271743359151,0.665,0.755,0.785,9.299999237060549,4.599998474121094,20.520000457763672,42.77998229980585,120.43015735477248,1.8513405198842745,0.7529432625673815,0.2674890236188956,1.8406554039848595,1.3105276072493683,7.589152369630864,3.768078296080758,unmatched_ignored,
1181,2783,0.4739798319653517,0.2697479189987679,0.155,0.445,0.805,0.7748737397101385,0.1814921940838578,0.535,0.745,0.995,0.6277489530011254,0.30260382145179,0.165,0.725,0.955,846,0.3039885016169601,0.6912339015359644,0.2093210294685684,0.235,0.795,0.825,12.460000038146973,14.3800048828125,23.880000352859497,179.1748613883974,15.532312839172734,3.786762101997189,0.7363133859232105,0.3235523238935197,3.047501630428087,3.7245431105697,7.057182192256286,6.415808420716209,unmatched_ignored,
1182,5363,0.8107093342416837,0.0554064279380717,0.755,0.825,0.855,0.9970308772756964,0.0293966209423646,0.995,0.995,0.995,0.6138759990515342,0.2913214006179518,0.155,0.675,0.955,183,0.0341226925228416,0.7932889262835184,0.0193377173591588,0.765,0.795,0.815,6.810001373291016,2.839996337890625,20.28999948501587,19.34037896117661,277.2954971960762,0.7887380689577439,0.2978679473117427,0.1914615833015457,0.8598014534824361,0.4517474774643941,11.66953288906438,3.405314328901283,unmatched_ignored,
1183,9615,0.7312672403614409,0.0780383751718439,0.625,0.745,0.815,0.9990504110411188,0.011241737905562,0.995,0.995,0.995,0.4897208685993249,0.3461299665696323,0.035,0.495,0.945,187,0.019448777951118,0.793030482562468,0.0167465005449521,0.775,0.795,0.805,5.670001983642578,2.80999755859375,22.21999931335449,15.932691731257364,603.4761835714755,1.3291520865721345,0.8106268774401718,0.1628171700105218,1.1344637898425234,0.7373990165520611,10.63246770470606,4.834647673935375,unmatched_ignored,
1184,13617,0.6964231046305018,0.1345424672846173,0.515,0.735,0.825,0.9950106814104248,0.0397910946474173,0.995,0.995,0.995,0.5671475247277362,0.3018381230295231,0.115,0.615,0.945,343,0.0251891018579716,0.7960788559809371,0.0934476031154189,0.785,0.815,0.835,8.889999389648438,6.5,18.749999284744263,57.78499603271485,235.6494061588369,1.9713316446400624,0.4517494440928852,0.165225293495037,2.703667576409322,1.3295097876021198,11.943285991695648,3.442664093949574,unmatched_ignored,
1185,8204,0.759789813813031,0.08086636398181,0.655,0.775,0.845,0.99956118245348,0.0068735043527445,0.995,0.995,0.995,0.5730208276904898,0.2837874783008053,0.155,0.605,0.935,109,0.0132862018527547,0.8038863791238278,0.0168236625841999,0.785,0.805,0.825,6.530002593994141,7.049999237060547,18.59000039100647,46.03651330566208,178.2063716582763,1.6589609054636767,0.2516457249614149,0.104340267229285,2.1001858645387355,1.0129012104626016,13.547624224790534,2.7018051703535493,unmatched_ignored,
1186,78780,0.6851176347165513,0.2066456169412787,0.315,0.755,0.865,0.9996051832817932,0.010146396856525,0.995,0.995,0.995,0.5608528286887834,0.2914030596798442,0.125,0.595,0.935,602,0.0076415333841076,0.8040300711147809,0.0325134386250843,0.785,0.805,0.825,17.349998474121094,12.089998245239258,24.11000061035156,209.76145110702785,375.5694842128243,4.035238501104967,0.5087762192382158,0.0905679931894165,3.697697375292044,2.140602870551548,16.746772697600957,3.849005087770784,tp,1.0
1187,594,0.5584623986221724,0.2658432584805437,0.195,0.585,0.835,0.7005201824987778,0.1742897012335573,0.525,0.635,0.995,0.5556697588074617,0.299224788848711,0.115,0.595,0.925,167,0.2811447811447811,0.6811546505300584,0.2197133232009575,0.235,0.815,0.835,4.030002593994141,6.05999755859375,15.390000343322754,24.42180588073097,24.322525651908133,1.5375629557236483,1.2164792445120942,0.3549184791027669,1.0314873010237822,0.6897797845724319,5.572188428756765,3.743803557804175,unmatched_ignored,
1188,10894,0.7687400191918369,0.1084302040014742,0.645,0.805,0.865,0.998637007916326,0.0186242666666074,0.995,0.995,0.995,0.5963070298032694,0.3063735421821924,0.115,0.665,0.955,283,0.0259776023499173,0.8043771584126638,0.0194507281620537,0.775,0.805,0.825,7.049999237060547,7.210002899169922,19.78000044822693,50.83051493835228,214.3200794485821,1.7423273030792723,0.4797069724127184,0.072947474999972,1.6657656230442424,1.000040242848656,12.447022832360386,3.5840253898313548,unmatched_ignored,
1189,15327,0.6006337327737665,0.21623498381861,0.255,0.655,0.845,0.9987697620840466,0.0163152887329445,0.995,0.995,0.995,0.4224014979571401,0.3186733081295133,0.035,0.365,0.895,277,0.0180726821948196,0.7971875570741371,0.0667370203399441,0.755,0.815,0.835,7.1699981689453125,9.119998931884766,17.010000705718994,65.39037564239698,234.3922916702512,2.5207256494804056,0.7465505313986216,0.089717331527992,3.158336913349111,1.935960066853417,9.889132398008764,2.6447740205666084,unmatched_ignored,
1190,22116,0.686699618216517,0.1729518094884711,0.405,0.745,0.845,0.9798490661439812,0.0729985729711699,0.975,0.995,0.995,0.5652592639709845,0.2945662466310146,0.115,0.605,0.935,639,0.028893109061313,0.7911728217568196,0.0917630181720889,0.785,0.805,0.825,10.120002746582031,8.590002059936523,18.45999956130981,86.93084443970292,254.40912420148092,2.5188084939021125,0.5978307718275675,0.1771452827362739,2.96981228203428,1.637236374000247,11.570695969844287,3.884934223160875,tp,1.0
1191,30216,0.5613343901546346,0.1959186256135747,0.295,0.585,0.805,0.9910554441097932,0.0482025042374807,0.995,0.995,0.995,0.498506210507931,0.2988491486271752,0.085,0.495,0.905,770,0.0254831877151178,0.7890685390535888,0.1015144415351252,0.775,0.805,0.835,8.569999694824219,8.789999008178711,18.189999222755432,75.33028881759674,401.1135557061838,2.6460678118697216,0.4560833231773663,0.2487596621779217,4.7692318949059,1.9633231696493825,12.2722044898012,3.16324178743855,tp,1.0
1192,2264,0.7315233862422433,0.1001946870114885,0.685,0.745,0.805,0.8162845780697813,0.0954069686295993,0.685,0.825,0.935,0.2777482252341826,0.2444286794137191,0.035,0.205,0.665,231,0.1020318021201413,0.7964101135085672,0.0537594184452508,0.755,0.805,0.835,6.8600006103515625,11.170001983642578,14.299999237060549,76.62622042541625,29.546022072218125,1.1207490517844452,0.7306613693146224,0.3982415565428994,0.6150797530269574,0.5459853693744517,3.156440871975026,2.0389646978258407,unmatched_ignored,
1193,2963,0.3899360772849658,0.1723688319049596,0.185,0.365,0.655,0.9356840783142376,0.1501429294061399,0.615,0.995,0.995,0.3716740142124117,0.2778902772418328,0.055,0.305,0.825,128,0.0431994600067499,0.516256342176348,0.2269177982147094,0.205,0.525,0.815,9.899993896484377,14.81999969482422,19.389999479055405,146.7179065246601,20.19521727228288,3.936072311146055,0.9573081393908264,0.3884415678880099,4.402079982229666,2.5069036172646384,10.409311159947334,4.137876922861975,unmatched_ignored,
1194,16089,0.6681850947621664,0.137155371526012,0.485,0.695,0.825,0.998114289898226,0.0177751724808484,0.995,0.995,0.995,0.5339414783614157,0.3102528563894239,0.065,0.565,0.935,313,0.019454285536702,0.8013584124870574,0.0510018785012928,0.775,0.805,0.825,7.819999694824219,15.65999984741211,21.050000458955765,122.46119402771,131.38039464452265,2.228076512142841,1.1087648798359444,0.1473957604871268,2.226984085358126,1.1311313224410016,12.62117413960018,3.7055347435697343,unmatched_ignored,
1195,27884,0.6936438778888799,0.1428560515007202,0.485,0.735,0.825,0.9732031727402338,0.0743727256516316,0.915,0.995,0.995,0.3909841173305936,0.3002037960015202,0.045,0.325,0.865,700,0.025104002295223,0.7934412532406194,0.0511850707556977,0.765,0.805,0.825,9.860000610351562,10.139999389648438,16.750000476837158,99.98040017089806,278.89466287729834,2.782836699223532,0.4131923280563674,0.2972029958919394,2.8551777890287178,1.2982197738624364,9.282389615563131,3.36593675214105,unmatched_ignored,
1196,30468,0.714711998549355,0.1578942036974294,0.485,0.765,0.855,0.9986569840298154,0.0145512556896035,0.995,0.995,0.995,0.5133472704158678,0.3165844106719932,0.065,0.535,0.925,684,0.0224497833792831,0.8132365731119412,0.0127763839774788,0.795,0.815,0.825,11.960002899169922,12.079998016357422,16.609999895095825,144.47681129760167,210.8850529462493,2.718398029928496,0.3429503322579535,0.1014010941556868,2.483499634888759,1.4235416436316712,9.836547306407322,2.483163134485531,tp,1.0
1197,432,0.6142129900485829,0.1291255134220176,0.475,0.635,0.765,0.9231236085847572,0.1434878419887597,0.645,0.995,0.995,0.4477769059435727,0.316678860739163,0.085,0.365,0.925,61,0.1412037037037037,0.5836580112332204,0.2276500875747273,0.215,0.535,0.815,11.44000244140625,4.810001373291016,21.269999980926517,55.02642745361664,7.850773164660659,2.4931165663191948,0.7904588857001059,0.1903879382021797,2.265496297016909,1.4290268712272571,7.524650144011334,5.6276451248925135,unmatched_ignored,
1198,3268,0.6631410215665544,0.0991436677330741,0.555,0.655,0.795,0.96118680490785,0.0709802593122593,0.845,0.995,0.995,0.4049757853225318,0.3212209777841725,0.065,0.285,0.895,319,0.0976132190942472,0.7862592027945952,0.0491394944632742,0.755,0.795,0.825,5.529998779296875,30.36999893188477,22.299999713897705,167.94605702057015,19.45862890725522,1.689356579625936,1.217595844573445,0.3449830455804235,2.035719710931362,1.177295158753929,8.054649413379783,5.267354515813508,unmatched_ignored,
1199,41697,0.68020247021237,0.1363021606895613,0.485,0.715,0.805,0.9812156710461276,0.0625207714388185,0.965,0.995,0.995,0.387006656050303,0.2979722375343907,0.035,0.325,0.845,3429,0.0822361320958342,0.773349329829216,0.0713079504011343,0.755,0.785,0.805,15.919998168945312,11.78000259399414,23.78000020980835,187.53761972655772,222.33939014901108,2.7087709348243,0.8195135160987861,0.4959909711030036,1.795845439308235,1.3202065153361362,6.52237518195273,2.3041679983785803,unmatched_ignored,
1200,38548,0.7578290221361078,0.1288778016065397,0.595,0.795,0.875,0.9839667322985226,0.0698666008798368,0.995,0.995,0.995,0.5431178949751859,0.3041176264744042,0.085,0.575,0.925,317,0.0082235135415585,0.7993788813190882,0.0195580603464836,0.775,0.805,0.815,10.129997253417969,8.729999542236328,21.78999948501587,88.43487138519413,435.89140116569166,2.482960216744357,0.3260751796445002,0.0804995148713457,2.707263412814236,1.499215970928319,14.760047715521798,5.096925478246003,unmatched_ignored,
1201,2108,0.5414964016314872,0.2388414402017501,0.205,0.525,0.805,0.6682954843401683,0.1250354184949725,0.525,0.635,0.865,0.6252330743575286,0.2800865900802627,0.195,0.685,0.945,661,0.3135673624288425,0.501213239226913,0.2809989744747908,0.195,0.525,0.815,7.059999823570252,6.080001831054688,18.050000071525574,42.9248118545529,49.10912614230622,0.7854041171969011,0.3663137607427799,0.2390111772447108,0.5529919597190808,0.4568512400644126,3.6021794709156087,1.8529942266038877,unmatched_ignored,
1202,4247,0.6807981378793337,0.165778698901459,0.455,0.745,0.825,0.7364223337689932,0.1417304276011707,0.545,0.735,0.935,0.567894282935153,0.2604398058154871,0.185,0.585,0.915,983,0.2314574994113492,0.7364220302836213,0.1343506396361202,0.545,0.775,0.825,5.330000102519989,5.200000762939453,17.899999260902405,27.716004599571303,153.23276429481072,0.96080795726195,0.4393022628914028,0.2856368411820362,0.7623798349893033,0.51469488204336,3.7435072906962663,2.0528757425196145,unmatched_ignored,
1203,5378,0.8114113997115261,0.0637699146382701,0.755,0.825,0.855,0.9970375167897928,0.0304020252107424,0.995,0.995,0.995,0.6753962198330604,0.2661994032117096,0.255,0.735,0.965,280,0.0520639642989959,0.8145609151039804,0.0215374156543262,0.785,0.815,0.835,3.80000114440918,6.1699981689453125,19.6999996304512,23.44600010299473,229.3781445182658,1.2040415884450608,0.1581333481406252,0.0899632157684111,1.33535031259537,0.8042107365005836,14.21459936815241,4.238423994546497,unmatched_ignored,
1204,297,0.7898518151105053,0.0588657155874578,0.735,0.805,0.825,0.9965569256532072,0.0054118075795296,0.995,0.995,0.995,0.8166205858943438,0.1202302449016957,0.665,0.845,0.915,62,0.2087542087542087,0.8058825894709556,0.016156160145155,0.785,0.805,0.825,2.6700000762939453,2.770000457763672,16.329999208450317,7.395901433563267,40.15737671302476,0.6114895482854052,0.3037556616511489,0.0821263195882117,0.5232068949326253,0.4748542465971384,6.355419689758056,3.897797875393485,unmatched_ignored,
1205,11229,0.768525851186624,0.0996683498403512,0.655,0.795,0.865,0.9839409240972264,0.0626668304324613,0.995,0.995,0.995,0.4990470580449156,0.3166566616650602,0.065,0.505,0.925,245,0.0218185056550004,0.803560064763439,0.0524273835682814,0.785,0.815,0.825,6.1199951171875,9.010000228881836,15.80000066757202,55.14115740661509,203.64099210316712,2.0489292146901863,0.3396870486313628,0.1294288995137147,1.9038840584623256,1.1073081961517317,10.710979076092258,2.850373146789248,unmatched_ignored,
1206,4223,0.6265018317930483,0.2625437263467258,0.145,0.745,0.855,0.9888867124855136,0.0503606915251996,0.995,0.995,0.995,0.6374516857051253,0.3016612033653209,0.145,0.725,0.965,390,0.0923514089509827,0.812869221659807,0.0508901851650501,0.795,0.825,0.835,3.5199966430664062,5.840000152587891,21.649999976158146,20.556780932616675,205.4309968979396,1.849630542581553,0.8389078765183089,0.2542449134465642,2.043713808018182,1.385835266674407,11.858119836611232,5.831457464322222,unmatched_ignored,
1207,6245,0.7203303762191864,0.1510867594377727,0.515,0.775,0.845,0.953912242209081,0.0900112883909218,0.835,0.995,0.995,0.4018728895045754,0.3223955806139622,0.035,0.325,0.895,370,0.0592473979183346,0.7824521233101149,0.102208840280556,0.775,0.805,0.825,7.200000762939453,11.470001220703123,22.02999949455261,82.58401753997896,75.61995875263386,1.9564416764546664,0.6318935491466422,0.1353697156724032,2.068205567125568,1.2831711832386954,8.361938491924178,3.140365809584822,unmatched_ignored,
1208,8434,0.6942439241600257,0.147659038762435,0.455,0.755,0.815,0.9943457051973816,0.0158466064265891,0.985,0.995,0.995,0.5860589037859213,0.2914405104396855,0.135,0.635,0.945,570,0.0675835902300213,0.7976536969866669,0.0359788310910673,0.765,0.805,0.825,10.920005798339844,10.959999084472656,20.320000171661377,119.6832535522408,70.4693409451693,2.697393380760744,1.0942261246672087,0.2244072663063849,1.967912208648401,2.0052022913102685,13.95338108336329,6.299614350712163,unmatched_ignored,
1209,2603,0.5696714643247303,0.1912876682653756,0.215,0.625,0.775,0.8043458177820793,0.2041848896089086,0.535,0.865,0.995,0.5053021551199862,0.3150783612630564,0.075,0.555,0.915,243,0.0933538225124856,0.4418770704924324,0.2350971047372379,0.215,0.495,0.815,9.369998931884766,6.5,21.47999930381775,60.90499305725098,42.73869627656254,2.0875534686439328,1.4163100572409528,0.2697060040409846,2.6869834723579973,1.641243630972399,11.409275081436588,6.798665021923182,unmatched_ignored,
1210,696,0.4796267724542439,0.1405654561637297,0.275,0.495,0.645,0.77786092871222,0.1957552642523025,0.535,0.715,0.995,0.4340698335564129,0.2990194351013608,0.075,0.365,0.885,55,0.0790229885057471,0.5932959323579615,0.1025237320267705,0.525,0.555,0.815,6.430000305175781,3.859996795654297,21.179999619722366,24.819780574034667,28.04214960417997,1.4115049815836955,0.8859969086004339,0.1707574749684702,1.6765631366927998,0.8919361451859725,8.279914882333799,5.235515400488988,fp_counted,0.0
1211,1386,0.6446631445104598,0.1185633125385596,0.485,0.675,0.765,0.8721508433206429,0.0984317532027198,0.735,0.895,0.975,0.6201965652267122,0.2743812011163484,0.175,0.645,0.945,65,0.0468975468975468,0.7473129222026238,0.0925650749370614,0.695,0.775,0.805,6.090000152587891,6.799999237060547,11.25000011920929,41.41199639129627,33.4685627542289,1.2411355104771764,0.6169034044180277,0.2638692735269602,2.384450696206008,0.6307428202990559,5.181484379465618,1.3881339921966989,unmatched_ignored,
1212,13798,0.7147459409178462,0.1211218965151954,0.545,0.745,0.835,0.9913757527145826,0.0392571446559576,0.995,0.995,0.995,0.4768104865776834,0.2960172503588961,0.085,0.455,0.895,391,0.0283374402087259,0.7922790238390798,0.0802726797727595,0.755,0.815,0.835,9.540000915527344,10.980000019073486,17.84999990463257,104.74921023445133,131.72414349585168,1.5661611817088148,0.5510526666869371,0.2297107610998894,2.347547434285127,1.161252440263701,8.97146505497127,2.198331684806884,unmatched_ignored,
1213,1805,0.4507533551954827,0.1913478365011603,0.135,0.485,0.675,0.9802176581525406,0.0877066363153481,0.995,0.995,0.995,0.5448687907861716,0.3093415730424049,0.095,0.585,0.935,89,0.0493074792243767,0.5223268084646611,0.2009656820145349,0.205,0.485,0.775,4.590003967285156,7.699999809265137,18.27999973297119,35.343029672621924,51.07089054672137,2.211495084558016,1.5075979330144609,0.219213722680407,2.2911229849547223,1.8170390730394703,13.526750467705265,4.185980908550482,unmatched_ignored,
1214,6676,0.5261630457242836,0.1978249503146398,0.175,0.575,0.745,0.9987108934204189,0.0122066900189393,0.995,0.995,0.995,0.5609816175013229,0.3016438522227999,0.115,0.605,0.925,267,0.0399940083882564,0.8084389673413409,0.0258293867000518,0.795,0.815,0.825,3.6199951171875,8.860000133514404,20.82999920845032,32.07315722160274,208.14913710781823,2.1888348513342804,2.655385879757776,0.1845021110759743,2.40054098274914,1.9894994399142432,11.30415633256079,4.570251671127847,unmatched_ignored,
1215,102293,0.537924611314757,0.2533935539256215,0.175,0.575,0.835,0.997501902199278,0.0237917890551548,0.995,0.995,0.995,0.4654352466825064,0.2907246611941184,0.075,0.445,0.885,1718,0.0167948931011897,0.8094899662801772,0.0376699624003186,0.785,0.815,0.835,15.830001831054688,13.079998016357422,20.819999236613512,207.05639254912967,494.0344934084962,4.623516279744889,0.6163414556111521,0.3003671728731428,4.97574342950239,2.7288070642418467,14.692495598738365,4.162253988146431,unmatched_ignored,
1216,14966,0.8192786944254219,0.0772690015501393,0.725,0.845,0.885,0.9991404028694276,0.0153149287985276,0.995,0.995,0.995,0.6103706197676919,0.2966948762637155,0.145,0.675,0.965,358,0.0239208873446478,0.7978592052556283,0.0589243139304785,0.775,0.805,0.825,6.6699981689453125,6.769996643066406,23.640000760555267,45.15586521301884,331.4298138104365,1.8552930982313227,0.1812758027198066,0.0565158090617906,1.6752414740291834,0.9592396436857566,17.87214878270982,4.334491358143407,unmatched_ignored,
1217,46268,0.7012293931042686,0.1651718477010527,0.455,0.755,0.865,0.997927226895922,0.0284761397439125,0.995,0.995,0.995,0.6775038670122623,0.2532522098515734,0.285,0.735,0.965,529,0.0114333880867986,0.8146397402696663,0.0189599003293807,0.795,0.815,0.835,12.619998931884766,10.310001373291016,25.65999984741211,130.11220631866308,355.600764210263,3.706832242938713,0.4746868479756988,0.1364597254771278,3.9048076276032577,1.977639416599945,19.28944374233796,3.9119573534774497,unmatched_ignored,
1218,6885,0.653731400596983,0.148559396191029,0.435,0.695,0.815,0.9974126699443476,0.0249123765888227,0.995,0.995,0.995,0.3885172948961263,0.2980462209407674,0.055,0.305,0.865,391,0.0567901234567901,0.8039877300372209,0.014147095947953,0.785,0.805,0.825,6.830000877380371,6.849998474121094,15.13999891281128,46.78549558830127,147.16099323999885,1.9768298174331669,0.2735411838629116,0.1483509701358914,2.528168741104754,1.3403021274495126,7.278278272322494,1.750126420164699,unmatched_ignored,
1219,819,0.7096802296346651,0.1528425854789262,0.495,0.775,0.845,0.9915706731460908,0.0327038522102165,0.985,0.995,0.995,0.5927192253507839,0.3027998569625404,0.145,0.695,0.935,157,0.1916971916971917,0.8168792124766453,0.0147290435311475,0.795,0.815,0.835,3.710000991821289,5.989997863769531,13.480000495910645,22.222898015592364,36.85387924767332,1.4756058931024512,0.4103248731830423,0.1211085217940722,1.6369191094651143,1.3167978579808672,5.867985978340491,3.1652092843878967,unmatched_ignored,
1220,4524,0.6186321038426708,0.1768282229849871,0.355,0.695,0.805,0.9934914167163438,0.0224647397424313,0.985,0.995,0.995,0.4635152022886457,0.3209443219320479,0.035,0.445,0.905,186,0.0411140583554376,0.7963137897432492,0.0516683093802796,0.765,0.805,0.835,2.470001220703125,6.660000801086426,16.720000386238098,16.450210108567262,275.0116849658901,1.415594889851974,1.057505747499254,0.1806290349339957,1.452491241955451,0.7342136566062205,8.251995813493492,4.18873264376174,unmatched_ignored,
1221,3175,0.6374439531869776,0.1702090993265349,0.445,0.675,0.795,0.9974332299945862,0.0218199514129637,0.995,0.995,0.995,0.5344596223930432,0.3172271182940578,0.095,0.545,0.945,133,0.0418897637795275,0.7452805499385174,0.0718455529624904,0.695,0.755,0.805,3.7599945068359375,10.150001525878906,21.28000020980835,38.16394998168107,83.19369461295331,2.0250645104447607,0.8514610860985646,0.2972911584843975,1.7934696619241126,1.5432933323604914,10.350154771373028,4.155312601955767,unmatched_ignored,
1222,1626,0.3684579845366663,0.2614174657114287,0.165,0.235,0.815,0.9508839613617126,0.122422677657646,0.745,0.995,0.995,0.4038148891730307,0.3565945730954317,0.025,0.255,0.945,143,0.0879458794587945,0.80395633857567,0.0272750452585516,0.775,0.805,0.835,5.129997253417969,10.550003051757812,15.260000228881836,54.12148667906877,30.04352060101202,3.0302416230357663,1.18528344432037,0.107254616299447,4.272652194075726,2.758035579244398,8.420767386296138,3.3611761220568432,unmatched_ignored,
1223,27028,0.699472487633294,0.158758893970317,0.445,0.755,0.845,0.9994263813810376,0.0117665261074426,0.995,0.995,0.995,0.6092343300494296,0.288474000369065,0.165,0.665,0.955,385,0.0142444871984608,0.8021844809705561,0.0180053729303403,0.775,0.805,0.825,9.359996795654297,7.779998779296875,23.959999695420265,72.82076364441309,371.1578765086683,2.4920541118561013,0.5116390242376759,0.0951233419041627,3.094076807697521,1.5690989431219198,17.384620450872614,4.202150114075302,unmatched_ignored,
1224,19906,0.6763970257521071,0.15642933203113,0.465,0.715,0.825,0.998543648809976,0.0202994881510213,0.995,0.995,0.995,0.60393875943479,0.2857860318207869,0.165,0.655,0.945,333,0.0167286245353159,0.7982803132977929,0.0311007237534666,0.775,0.805,0.825,10.220001220703123,9.260002136230469,23.90999916009605,94.63723313598894,210.3400463049895,2.5427129038124767,0.462325232758744,0.2243524772077593,3.447333516903432,1.47048670694848,16.85335092491841,4.439061707122023,unmatched_ignored,
1225,9507,0.5315359867462679,0.1774989342685469,0.295,0.525,0.785,0.9979781141175298,0.02157241729625,0.995,0.995,0.995,0.6390791039190179,0.2663387324029573,0.225,0.695,0.945,372,0.0391290627958346,0.8088736971539836,0.0241937808070174,0.785,0.815,0.825,7.219997406005859,7.880001068115234,23.25,56.89358727111539,167.10143367645688,2.5826678820601794,0.390256095792665,0.0772061152565991,5.675326920262712,2.130602011975089,17.47670304078377,5.348938280410758,unmatched_ignored,
1226,2146,0.4218028102500602,0.1665291345714457,0.225,0.405,0.635,0.8675406311342678,0.1640260432698818,0.595,0.975,0.995,0.675760451922556,0.2754147565595504,0.255,0.755,0.975,306,0.1425908667287977,0.6151071015039301,0.2097892883789198,0.235,0.555,0.825,10.439998626708984,9.699996948242188,17.549999177455902,101.26795481872978,21.1913038417864,4.12219898931405,1.5435560404982742,0.1165234418773139,3.69182188016164,1.7276338004446177,9.201141927137844,3.7879411184837695,unmatched_ignored,
1227,32916,0.732662297827044,0.1502469766008266,0.515,0.785,0.865,0.9981124783571964,0.0199968976547815,0.995,0.995,0.995,0.5414570241273501,0.3153905587892583,0.085,0.585,0.935,480,0.0145825738242799,0.8034066530565421,0.0263316717958002,0.775,0.805,0.825,11.720001220703123,15.68000030517578,24.19000005722046,183.76962271728556,179.11556607284635,2.834744492916077,0.7620063815569152,0.0720023477469288,2.162687869536993,1.5876014157273304,14.424337086717642,4.659798052160242,unmatched_ignored,
1228,573,0.5930471827404453,0.197818593416498,0.375,0.695,0.775,0.7905611088970776,0.1073089298566232,0.635,0.795,0.905,0.3992182505859872,0.2909148660214298,0.065,0.325,0.865,90,0.1570680628272251,0.7545831210083431,0.0664458913336806,0.735,0.765,0.805,21.209999084472656,9.229995727539062,18.47000026702881,195.76820093079004,2.926930917665085,3.459976207293153,0.4620008477838354,0.1536159755222546,1.2690776213026294,3.1227946056477167,2.6017931174441364,4.162964059753896,unmatched_ignored,
1229,565,0.7312996489416181,0.1554655176006754,0.485,0.795,0.835,0.6985419710125543,0.1217689567434353,0.565,0.675,0.895,0.5479674738386762,0.2839536869728203,0.155,0.545,0.925,116,0.2053097345132743,0.7726414415599971,0.1142664864421068,0.525,0.815,0.835,5.540000915527344,7.100000381469727,21.49000072479248,39.334008613586775,14.364160173718917,1.186549795587939,0.3818364586068385,0.1917217393362287,0.6441981668504935,0.8797422741487776,4.868836961594303,4.570451183810569,unmatched_ignored,
1230,815,0.752554211898084,0.0999266573081336,0.595,0.785,0.835,0.819897398553743,0.1261150452432371,0.675,0.795,0.995,0.6039789512025444,0.2764376648900203,0.195,0.655,0.925,218,0.2674846625766871,0.8053402355231276,0.0415124086360137,0.775,0.815,0.835,6.19000244140625,3.34000015258789,19.350000143051147,20.67460909881629,39.42033419372665,1.7583983745204497,0.4541245480090922,0.2405518565516358,1.1199466889980496,1.511172061314562,7.159204890391578,6.465448080064789,tp,1.0
1231,18275,0.6583167795361964,0.1566302830176625,0.415,0.695,0.825,0.9984548278644212,0.0163847919615091,0.995,0.995,0.995,0.5465461419682944,0.287219513364273,0.125,0.575,0.915,693,0.0379206566347469,0.8131815102193263,0.0175555769131322,0.795,0.815,0.835,8.639999389648438,7.249999046325684,16.790000081062317,62.63998733520566,291.7465468536081,2.4834252817871696,0.6608308515896245,0.3523782988752763,3.138152022674096,1.4737310889308577,12.27210042685882,3.1718368459722592,unmatched_ignored,
1232,6401,0.7744362957786068,0.0930174390572659,0.685,0.795,0.855,0.9850422083782118,0.0555617985467496,0.965,0.995,0.995,0.4897998388069887,0.3212660265685287,0.055,0.485,0.905,584,0.0912357444149351,0.805276218138329,0.020671492327996,0.785,0.805,0.835,6.8699951171875,5.619998931884766,15.769999504089355,38.609365220647305,165.78879148670666,1.526297671509743,0.3992897402795461,0.2087431341177552,1.3076583268235673,0.9475052565718388,7.778575968605487,3.729014238278635,unmatched_ignored,
1233,16516,0.707041305998919,0.1723067227130068,0.625,0.755,0.825,0.996393147028656,0.0193413078664672,0.995,0.995,0.995,0.4807273829400375,0.2981346400543974,0.085,0.465,0.905,463,0.0280334221361104,0.8008590140430253,0.0380951001145823,0.775,0.805,0.825,8.349998474121094,14.340002059936523,20.899999141693115,119.73899531936333,137.9333437360916,2.872000799887888,0.4834085383508474,0.1228925486084001,1.912397464432663,2.1307120598801,7.262224101356586,3.7637107010839377,unmatched_ignored,
1234,1368,0.5590053492971854,0.1530126023805433,0.355,0.565,0.745,0.9981160495887724,0.0050306392695164,0.995,0.995,0.995,0.3473417083174335,0.3108130276874445,0.015,0.265,0.825,59,0.0431286549707602,0.7879954748234507,0.0299265716000811,0.745,0.795,0.825,4.040000915527344,10.029998779296877,12.070000648498535,40.52120425109752,33.760102279362734,1.8845438294679928,0.7425852717026781,0.156872103788949,3.2007943048472205,1.212121872033388,7.03373692677035,2.578338936493803,unmatched_ignored,
1235,4891,0.5885220314036165,0.1681197681955741,0.365,0.605,0.805,0.9833694876544292,0.0436252587703252,0.945,0.995,0.995,0.4070165626675294,0.3254629804221631,0.025,0.345,0.905,397,0.0811694949907994,0.7972989671626679,0.0960040143162985,0.785,0.815,0.835,6.549999237060547,6.1399993896484375,18.169999599456787,40.21699131774949,121.61526359236602,1.9272916505070363,0.8029388360260742,0.2310225859737864,2.582057672777325,1.4893629426717758,5.926008214378522,2.4861101437991047,unmatched_ignored,
1236,19333,0.7988002464727861,0.0696925209157752,0.705,0.815,0.865,0.9987157051071084,0.0185963663717763,0.995,0.995,0.995,0.5783211838351666,0.2875506610897228,0.155,0.615,0.935,384,0.0198624114208865,0.8047083574347198,0.0129445619411188,0.785,0.805,0.825,6.590000152587891,7.770000457763672,19.15999984741211,51.20430420227058,377.5659156236071,1.7804879188829954,0.1319577040386911,0.1160387227209752,1.7116668510232127,0.9474561474438308,14.817197542984625,3.2137097909826684,tp,1.0
1237,2769,0.7113617324159652,0.1189529169937453,0.535,0.755,0.815,0.996475850601582,0.0238179797107599,0.995,0.995,0.995,0.5035807141118669,0.3279464314897416,0.085,0.485,0.945,400,0.1444564824846515,0.7963143954798579,0.0454576811657082,0.775,0.805,0.815,3.6100006103515625,5.5,17.24000072479248,19.855003356933597,139.46106934467144,1.404637810388357,0.6635680734773852,0.1223655492302,1.3793525964322968,1.2562251291941569,7.077618001078001,2.9488287431704547,tp,1.0
1238,818,0.6016688225722546,0.2273129426066703,0.185,0.725,0.795,0.6874965151685374,0.1335803248690715,0.535,0.675,0.995,0.3333282462538398,0.2587025427130905,0.035,0.285,0.715,56,0.0684596577017114,0.797482678932803,0.0270303616741912,0.765,0.795,0.845,7.389999777078627,4.619999885559082,15.230000019073486,34.141798124384906,23.95890213573035,1.1505901487581165,0.9852486436431336,0.0902280659563072,1.3008282184821671,0.6213119054009175,3.942488427704296,3.536098492819593,unmatched_ignored,
1239,16669,0.7594893585379419,0.1112828218107243,0.595,0.795,0.855,0.9917976859020796,0.0506357617899211,0.995,0.995,0.995,0.4613815417128373,0.3088717290096385,0.065,0.425,0.915,276,0.0165576819245305,0.8062706615613855,0.0209632837489716,0.775,0.805,0.825,8.299999713897705,7.2699995040893555,16.77999973297119,60.34099380397811,276.246693154415,2.096517917427037,0.2034927551287327,0.1202694365793208,2.2602151402499517,1.130409744471529,10.978151504961184,2.8596966545891256,tp,1.0
1240,5456,0.5963716115283608,0.1396251229363286,0.435,0.615,0.765,0.9917322093528036,0.042342722171806,0.995,0.995,0.995,0.4900749221272547,0.3032055105037589,0.065,0.505,0.905,134,0.0245601173020527,0.7644604989396993,0.1149264779822686,0.505,0.815,0.835,6.8600006103515625,11.0,18.37000036239624,75.46000671386719,72.3032005640858,3.021696195141768,0.6844373293835772,0.0825906996505477,3.119691512197608,1.4728908282839146,14.033519748609262,4.767658462607302,unmatched_ignored,
1241,8793,0.7093157953069328,0.106865927029457,0.575,0.735,0.815,0.994715957006849,0.0353047917772021,0.995,0.995,0.995,0.5281582406835763,0.290987145625835,0.115,0.525,0.925,457,0.0519731604685545,0.782507107639991,0.0754394368204374,0.765,0.795,0.815,6.9199981689453125,11.029998779296877,19.1399998664856,76.3275713562034,115.20083560585296,1.8808918773666583,0.4910504160622619,0.2350466346067409,1.8122797974359872,1.290615980006684,9.0661761110453,4.89319799300199,unmatched_ignored,
1242,13441,0.7866044062235559,0.1219093193474279,0.665,0.825,0.865,0.9799506540818544,0.0749220366271929,0.975,0.995,0.995,0.6116571732720788,0.3045150829430771,0.125,0.695,0.955,411,0.0305780819879473,0.7798945371723233,0.0899373105062319,0.765,0.795,0.825,7.629999160766602,6.659999847412109,21.59999990463257,50.81579324646009,264.5043822264119,1.7528762395963815,0.3352263642696924,0.1095127468675747,1.4316402143943112,1.0344750171706072,13.8912146636728,5.3015542776117695,unmatched_ignored,
1243,11425,0.6679349103693889,0.1282896815511433,0.485,0.705,0.805,0.9987954357885948,0.0175491557947414,0.995,0.995,0.995,0.5985779385472074,0.2915728625591171,0.145,0.665,0.935,276,0.0241575492341356,0.8032595582198405,0.0159971131846992,0.785,0.805,0.825,6.670000076293945,8.430000305175781,18.98000030219555,56.22810267868044,203.1902101568141,2.002596423687368,0.2337274151804749,0.2047447535749362,3.475940748866578,1.47219068860014,13.026333775104266,3.197013861758257,unmatched_ignored,
1244,1067,0.6043724282221361,0.2123746433197959,0.265,0.665,0.815,0.9974600473294888,0.0232852106332675,0.995,0.995,0.995,0.6213709787730513,0.3410457774354726,0.065,0.755,0.975,177,0.1658856607310215,0.8061731329745492,0.0129556902042489,0.795,0.805,0.815,6.3899993896484375,7.580001831054687,18.84999969601631,48.43620707397349,22.028975108856887,2.469775237444477,0.3665185448592302,0.0853513372082056,2.735786191373812,2.0568404165535066,8.694201253571014,4.921671393168287,unmatched_ignored,
1245,19750,0.7881973546249202,0.0899753613167293,0.705,0.815,0.865,0.99125788510902,0.0476685420566139,0.995,0.995,0.995,0.5144225712705555,0.3020573799766982,0.085,0.525,0.925,1089,0.0551392405063291,0.7857741953598129,0.1034272768662138,0.775,0.805,0.825,14.64999771118164,7.170000076293945,17.389999866485596,105.04048470687847,188.0227424227288,1.8894812618673376,0.6096448297338118,0.4799919718959051,1.82011158109934,0.9629577268687918,10.060925802994378,3.4644349440657463,tp,1.0
1246,1739,0.7206236444126607,0.1956233577694267,0.295,0.795,0.845,0.9963657797376886,0.0161631787229334,0.995,0.995,0.995,0.5682984345629445,0.3191867071212032,0.095,0.605,0.945,167,0.0960322024151811,0.8218553715837216,0.0170395048323317,0.805,0.825,0.845,5.5500030517578125,3.8199996948242183,15.27000093460083,21.201009963988326,82.02439426017136,1.3101470459214088,0.5282900227119409,0.0798247751966533,1.141960146217265,0.7864483971983451,6.844658974323209,2.631992202553103,unmatched_ignored,
1247,12363,0.6688263640452539,0.1490035156287903,0.455,0.705,0.825,0.9988939992617628,0.0097528325914278,0.995,0.995,0.995,0.5422006245811163,0.2988356326044722,0.115,0.565,0.935,298,0.0241041818328884,0.8133049623278163,0.015820553521497,0.795,0.815,0.835,10.239997863769531,8.210000991821289,16.86000084877014,84.07039261779573,147.05533797379985,2.301984756960378,0.5419536307533592,0.0571881935351105,2.7534871893949764,1.51463185432476,8.692739856654866,2.218219135948767,tp,1.0
1248,817,0.409609260983683,0.3198085575895265,0.125,0.185,0.855,0.8660662875327223,0.1689498690488328,0.555,0.995,0.995,0.4915616104944701,0.3265905835739094,0.045,0.475,0.925,103,0.1260709914320685,0.7835427676011057,0.1070875350689001,0.745,0.815,0.835,8.519996643066406,7.189998626708984,17.36999922990799,61.25876416321262,13.336867159501535,3.3054970361980973,0.7678434820669817,0.1976929980539968,3.2235431466815645,2.831698557216451,11.134612020693329,6.760193236536788,unmatched_ignored,
1249,1442,0.6353459378314332,0.2624271409457065,0.145,0.775,0.835,0.7654311845851507,0.1423003602212621,0.575,0.755,0.995,0.5230979883374715,0.3010350672930504,0.115,0.495,0.935,499,0.3460471567267684,0.7448291493083289,0.1722259702466472,0.535,0.825,0.845,6.260002136230469,7.479999542236328,18.04000037908554,46.82481311340234,30.795638126898712,1.8667510033662416,0.6747622712181289,0.1935302694980004,1.4254678494888076,1.7502353984318555,5.247442969171416,5.820551262526744,unmatched_ignored,
1250,26761,0.775137278837581,0.1399424224686004,0.585,0.835,0.875,0.9994536192511316,0.0126233259477283,0.995,0.995,0.995,0.6342434004903388,0.2738023562288731,0.205,0.685,0.955,412,0.0153955382833227,0.8041676070215633,0.0159061166156057,0.785,0.805,0.825,7.620002746582031,13.060001373291016,26.079999446868896,99.51724633484264,268.9081640177028,2.4572587322570016,0.2883158872511605,0.083054720407943,3.187432503157419,1.8515157584630035,19.78686887726596,4.203344974481024,unmatched_ignored,
1251,5207,0.654168085804857,0.2118563927867849,0.335,0.765,0.855,0.9963874499354134,0.0192418937823723,0.995,0.995,0.995,0.6644729668356876,0.2719799220445866,0.205,0.745,0.955,560,0.107547532168235,0.8195292127983911,0.0145153710787553,0.805,0.815,0.835,9.680004119873049,7.399999618530273,19.519999980926517,71.63202679443202,72.69094890952802,2.498634302751516,0.262227399970077,0.1061605641307647,3.317743358824473,2.4439948738814268,11.423464847422045,4.830743104628539,tp,1.0
1252,36144,0.7099863804129355,0.1411487727100766,0.515,0.745,0.855,0.9890757205394344,0.0560411902977827,0.995,0.995,0.995,0.5331490518622173,0.297618195042195,0.105,0.545,0.935,380,0.0105135015493581,0.8160707934906608,0.0150080898344479,0.795,0.815,0.835,9.64999771118164,10.14000129699707,20.8700008392334,97.8509893074006,369.377972116899,2.624222610077365,0.3490933269446835,0.0836722787322937,3.043508386403197,1.5693838407697134,14.734837531725184,3.6397055026365055,tp,1.0
1253,11239,0.7533871978799774,0.0924987378585131,0.635,0.775,0.855,0.9781053155774652,0.0846156359509666,0.995,0.995,0.995,0.4867289931794872,0.3049254932399421,0.075,0.465,0.925,313,0.0278494527982916,0.8026692732073628,0.0160698522638855,0.785,0.805,0.825,5.100000381469727,7.909999847412109,19.649999737739563,40.34100223922724,278.5999200850616,2.2010955396607117,0.3846852132082162,0.0905333337953896,2.4627666042113825,1.3926621166297992,13.633221680781883,4.439741287649056,unmatched_ignored,
1254,4351,0.7168799004310084,0.0985420397236652,0.605,0.715,0.835,0.9975876743506904,0.0190731249775472,0.995,0.995,0.995,0.5447585333447642,0.2889205388157714,0.125,0.565,0.915,269,0.061824867846472,0.8073726214440782,0.019785926300466,0.785,0.815,0.825,5.329999923706055,6.279994964599609,19.699999451637268,33.472372682190326,129.9877974385437,2.0425539445360346,0.2664708289843714,0.1515514418157222,3.2109735876258387,1.3966230939665711,15.179998425417072,4.593461795479795,unmatched_ignored,
1255,4010,0.5711565590726021,0.3052891394728414,0.115,0.755,0.835,0.9962506662134518,0.0230936211149082,0.995,0.995,0.995,0.5676202501226078,0.2903753946188254,0.115,0.615,0.925,284,0.0708229426433915,0.8086305216584407,0.0252485049063765,0.785,0.805,0.825,14.599998474121094,11.80999755859375,17.470000743865967,172.4259463348426,23.256360688389552,4.708689351756125,0.9719688431587284,0.0884984185305604,3.5991200377359704,4.232361511343103,9.144623818830064,4.274180123220709,unmatched_ignored,
1256,28708,0.2820380935117123,0.1762229751448147,0.125,0.235,0.535,0.9996886313900036,0.0077352591042249,0.995,0.995,0.995,0.4947573457808141,0.2830223269195055,0.115,0.485,0.895,418,0.0145604012818726,0.7851968530262486,0.0415961915795438,0.725,0.795,0.815,15.8800048828125,9.230003356933594,23.13999938964844,146.57249837648124,195.8621181871485,4.085948027669526,1.878256013697578,0.3188146397850928,6.3460145966480885,2.4203175305994016,14.610897315783289,4.121008066628203,unmatched_ignored,
1257,8588,0.8090577888565809,0.0755584136547507,0.735,0.825,0.865,0.9988400738670709,0.0185839265600571,0.995,0.995,0.995,0.6005204462224882,0.2851253150784963,0.185,0.635,0.955,304,0.0353982300884955,0.7996966123188797,0.0163307037097956,0.775,0.795,0.815,6.580001831054688,7.919998168945312,24.16999912261963,52.11360245360993,164.79382724778617,1.565827240938757,0.2342452279652225,0.0734032796918,2.869498688399115,1.168885074888509,18.57957919977491,5.039369739640821,unmatched_ignored,
1258,25731,0.5868736011050009,0.1705923976289678,0.345,0.615,0.795,0.9996225709105516,0.0103460977447715,0.995,0.995,0.995,0.5118484106594714,0.313097275819114,0.075,0.525,0.925,346,0.0134468151257238,0.7970345835120691,0.0195582590881163,0.775,0.795,0.825,9.040000915527344,13.359996795654297,25.059999465942383,120.77438326415722,213.0501461035927,2.343572215206845,0.3592816116896392,0.1035382323989943,5.27304439618308,1.5756939185878718,18.458020623806583,3.950516159461953,unmatched_ignored,
1259,44557,0.7405606375432273,0.1323136854798158,0.575,0.775,0.865,0.9948274340691006,0.0350948815268555,0.995,0.995,0.995,0.6629857334417321,0.2598093028511694,0.255,0.725,0.955,477,0.0107053886033619,0.8056231395066159,0.033882386816708,0.785,0.805,0.835,9.209999084472656,13.54000473022461,25.970000743865967,124.70343116912407,357.3037211748515,3.3682744127626987,0.2883790699780734,0.0810195155222022,3.294649069768528,1.6216031080296698,20.470675824348376,4.544683841624789,unmatched_ignored,
1260,6266,0.7286656365937655,0.104912558468494,0.595,0.755,0.815,0.9914933647585874,0.0557129064441766,0.995,0.995,0.995,0.5253955164340914,0.3062015985968772,0.095,0.535,0.935,227,0.0362272582189594,0.782607974131727,0.0958130235738451,0.765,0.805,0.825,5.260002136230469,5.960000991821289,19.40999984741211,31.349617948915693,199.8748440957229,1.4693418301393637,0.2546672610208428,0.1489712508973114,2.416306547411981,1.0103062754627417,11.49498207605079,3.5571092454001114,tp,1.0
1261,1234,0.7917297139908738,0.0658083005535174,0.755,0.805,0.845,0.9966357733867156,0.0225902776814025,0.995,0.995,0.995,0.7911230092309717,0.1969028573851606,0.485,0.865,0.965,165,0.1337115072933549,0.800315354087136,0.0218147167998681,0.775,0.805,0.825,10.079999923706056,2.930000305175781,21.88000011444092,29.534402852630592,41.78178262676772,1.46396825436916,0.3655716868173992,0.1043964886986815,1.6260203325525446,1.117862552891526,12.128963980769417,6.700033099940685,unmatched_ignored,
1262,4646,0.5131954838326533,0.1913733056896697,0.245,0.515,0.795,0.996353869673203,0.0331187673720861,0.995,0.995,0.995,0.6736065351423643,0.2409428961249662,0.335,0.715,0.965,144,0.0309944037882049,0.7999726488358445,0.013090537740547,0.785,0.805,0.815,10.149999618530272,3.1500015258789062,22.77999973297119,31.97251428604068,145.31231289584446,2.9290610133269017,3.536720144729181,0.108527227529778,3.913110419046522,2.657283370621219,17.285690401790216,4.990522538606631,unmatched_ignored,
1263,14656,0.7237974831645833,0.1391666427894308,0.545,0.765,0.835,0.903027064939676,0.1490388248401219,0.625,0.995,0.995,0.4203876793923544,0.3028419587183676,0.045,0.375,0.865,1011,0.0689819868995633,0.6575592572770416,0.2082007113575865,0.225,0.775,0.815,7.659999847412109,5.549999952316284,13.289999961853027,42.51299878787995,344.74161827836724,1.824665957097908,0.7481389540237771,0.8041994472875695,1.5535233653814406,0.926488763979866,7.181386462910463,2.213214513427459,fp_counted,0.0
1264,6994,0.8280610159835263,0.0944697248344565,0.785,0.855,0.875,0.9892463243737164,0.0659671249064161,0.995,0.995,0.995,0.7268577760903251,0.2407078605941277,0.355,0.795,0.975,298,0.0426079496711467,0.7496404340178174,0.1446712408632199,0.475,0.795,0.825,4.319999694824219,4.739999890327454,17.460000038146973,20.47679807968143,341.5573066054676,1.2243334196753883,0.2024163043787128,0.3008646671031306,1.229463413502314,0.6763610187649445,11.672391846867622,3.3594042461345053,tp,1.0
1265,28475,0.6650506779469085,0.1483987308552014,0.455,0.695,0.835,0.9970536660520104,0.0223772863465556,0.995,0.995,0.995,0.5061839231265983,0.300258125741408,0.085,0.495,0.925,603,0.0211764705882352,0.8161909859967271,0.0145372163971569,0.795,0.815,0.835,8.160000324249268,11.419998168945312,19.13000011444092,93.1871887615198,305.56775430656955,2.6908248422689014,0.3488457311199175,0.0997088472545206,3.3860110786056,1.7931044716147135,13.258749324460862,4.118132070570992,unmatched_ignored,
1266,3737,0.5282839734544881,0.2418538432539049,0.175,0.595,0.785,0.7070798538635209,0.1601239137719096,0.525,0.665,0.975,0.2824814645470634,0.2691575752164272,0.025,0.205,0.745,152,0.0406743377040406,0.6688145861813897,0.225953553891746,0.215,0.795,0.815,6.949996948242188,8.069999814033508,13.77999997138977,56.0864740798479,66.62925529388411,1.6444930362390997,1.105113954394821,0.5875019601509012,1.1480228088308986,0.5690834721216219,5.25644421655608,2.413088038295064,unmatched_ignored,
1267,6718,0.6984599551591323,0.130799137082697,0.515,0.735,0.825,0.997616260631626,0.0165823521532381,0.995,0.995,0.995,0.3732779490715222,0.3055398695328634,0.035,0.275,0.875,258,0.0384042869901756,0.7896429280671038,0.0504822061917325,0.715,0.805,0.825,6.930000305175781,13.430001258850098,17.96000039577484,93.0699128223423,72.18229604258619,1.915436016087305,0.398733434294766,0.1483735406091632,1.879987422775027,1.0837409024146727,6.607432967097889,2.1494306141785477,unmatched_ignored,
1268,17741,0.8246082115781279,0.0688404253253944,0.745,0.845,0.875,0.9958913776733568,0.036031412258039,0.995,0.995,0.995,0.6178744505935925,0.2768361490162155,0.185,0.665,0.945,378,0.0213065779832027,0.7976764673514972,0.0580590646056212,0.785,0.805,0.825,9.119998931884766,6.069999694824219,20.699999809265137,55.35839073333773,320.4753564000566,1.5507362921498642,0.1577125497890244,0.17439723554593,1.904671608164347,1.0708767754036337,16.322970482317128,3.5676429831442946,tp,1.0
1269,9722,0.5756875334824463,0.2170942590034099,0.225,0.665,0.805,0.8569456138401899,0.1831914895695472,0.555,0.985,0.995,0.3939988793914088,0.2882953858933297,0.055,0.325,0.835,499,0.0513268874717136,0.4470602305893429,0.2053179094428261,0.195,0.465,0.785,7.120002746582031,6.470001220703125,8.490000151097775,46.06642646179535,211.0430686014429,1.9514191705584465,0.9246125632770742,0.7058422329623291,1.8783475254859048,1.5649905019709731,6.100000953469237,1.9555021613196195,fp_counted,0.0
1270,224,0.6962016464344093,0.163064902578452,0.515,0.785,0.825,0.6807194905621665,0.1168549287848542,0.525,0.675,0.845,0.7690927659028343,0.190579413168286,0.505,0.835,0.955,111,0.4955357142857143,0.7814050017444937,0.1089085682731361,0.765,0.815,0.835,1.6200008392333984,1.640000343322754,3.529999852180481,2.656801932525923,84.31189290314715,0.5537325841985102,0.2520602063164259,0.1013243168310406,0.720056263756009,0.3616846155761749,2.466670729752098,0.8438020664576813,fp_counted,0.0
1271,1302,0.7978169591539467,0.0519007343388912,0.765,0.805,0.845,0.9903041238792116,0.0511142352337701,0.995,0.995,0.995,0.6962683911044751,0.2922632862368817,0.245,0.835,0.975,179,0.1374807987711213,0.7983558564212735,0.0442414706622975,0.775,0.805,0.825,1.8300018310546875,3.000000476837158,14.400000095367432,5.490006365776935,237.15819495516075,0.6171665608396025,0.2065269688720757,0.1060094409129886,0.6491342855077717,0.4810546119393111,10.15477065989224,4.530192127744031,tp,1.0
1272,4586,0.5853140013551561,0.1689899484719129,0.295,0.645,0.755,0.9993557386584434,0.0039611402613944,0.995,0.995,0.995,0.5484505291810754,0.2747794769139658,0.135,0.575,0.905,115,0.0250763192324465,0.7763447429822838,0.0184591996014892,0.755,0.775,0.805,10.470001220703123,5.899993896484375,16.62999963760376,61.77294329833239,74.23962264274694,2.904183036203938,3.29756134167286,0.0694772600965723,3.990448828446267,2.505166443367985,15.984339534014632,7.094516495082713,unmatched_ignored,
1273,622,0.7146012369794861,0.1378910163340337,0.515,0.765,0.835,0.9202795020062056,0.1241250715238561,0.715,0.995,0.995,0.6664647925592707,0.2616983915395316,0.275,0.735,0.955,202,0.3247588424437299,0.7919986051055464,0.1060644379569035,0.775,0.815,0.835,3.1100006103515625,5.4900007247924805,15.959999464452268,17.073905604935135,36.42986053643249,1.4916057704764982,0.8763471754146516,0.1853523429396767,1.2933476349699615,1.0323405853558043,8.42902249214464,6.003679470618343,unmatched_ignored,
1274,11130,0.7691777446922267,0.0991362867819175,0.645,0.805,0.855,0.9980221360252446,0.0163324622966066,0.995,0.995,0.995,0.6433225453071248,0.2826208722064882,0.195,0.725,0.955,760,0.0682839173405211,0.8098353525525646,0.0134537281190992,0.795,0.815,0.825,6.080001831054688,7.739999771118164,16.260000303387642,47.0592127807613,236.51054368147348,1.946342262983222,0.8140765179625916,0.3693232108421871,1.793784352147603,1.0652780463958686,10.77668266489178,3.838598740130296,unmatched_ignored,
1275,23102,0.6127457706393638,0.185415878610793,0.325,0.655,0.815,0.9968643272560858,0.0276492052395539,0.995,0.995,0.995,0.5762392345108066,0.2884434789278066,0.135,0.625,0.935,458,0.0198251233659423,0.8073201395538696,0.012744579406754,0.795,0.805,0.825,10.40999984741211,9.889999389648438,21.52000081539154,102.95489213714608,224.3895313806541,2.6988918863922344,0.3931022721319686,0.1138315052227955,4.404443399944749,1.9134776131845657,16.940803266995275,3.830146637513409,unmatched_ignored,
1276,12309,0.6864024316726328,0.1877225288522566,0.375,0.765,0.845,0.9994318867661408,0.0114330246971947,0.995,0.995,0.995,0.4385216378967355,0.2976467635074877,0.065,0.395,0.885,124,0.0100739296449752,0.8004441713133166,0.0190455811094343,0.785,0.805,0.815,9.1300048828125,12.939998626708984,18.71000063419342,118.14225064544009,104.18795928427735,3.1817854714270863,0.6294031837886929,0.0696949013952141,2.7452240793649514,2.129988041990284,12.289791265372434,2.419878960691403,unmatched_ignored,
1277,10414,0.5481696093244975,0.256211799497096,0.175,0.625,0.835,0.9961812098572984,0.0171326208531978,0.995,0.995,0.995,0.5963733513533898,0.2962984331502181,0.145,0.665,0.945,250,0.0240061455732667,0.8163752422332764,0.0157713665257984,0.795,0.815,0.835,19.429999828338623,5.1399993896484375,16.029999256134033,99.87018725852975,104.275362707008,5.950867560181429,2.7843405735616944,0.1214203304202842,3.484453419276708,2.5926794971459057,8.91907449115861,2.8516950386961457,unmatched_ignored,
1278,4216,0.5936999848621421,0.1762690140964111,0.315,0.635,0.785,0.9966801217628158,0.0238812705857097,0.995,0.995,0.995,0.5433561329311135,0.3033881454554905,0.085,0.585,0.925,342,0.0811195445920303,0.8029935135130297,0.0187519739430327,0.775,0.805,0.825,17.710002899169922,9.360002517700195,17.229999899864197,165.76567172470823,25.4334926896181,2.412368852952313,1.1441727704349551,0.2003345706479216,2.7613216810991905,1.5391354786456295,8.570643908745367,4.059070616649252,fp_counted,0.0
1279,8437,0.7759036342651482,0.095930951961613,0.645,0.805,0.855,0.998420043714778,0.0211757249664248,0.995,0.995,0.995,0.4564860131304451,0.3349655576034653,0.035,0.435,0.935,368,0.0436173995496029,0.8067851657776729,0.0196042192898462,0.775,0.805,0.825,7.740001678466797,13.800003051757812,16.68000078201294,106.8120467834524,78.98921754682715,1.5795588835559171,0.2260741797814997,0.1222093721993073,1.4483561381362016,0.9550339510908024,8.724821620029452,2.683033666902957,unmatched_ignored,
1280,5139,0.5919580933407578,0.1976780631107058,0.295,0.625,0.815,0.9962805559440772,0.0233830264362776,0.995,0.995,0.995,0.4459497050467831,0.3244450580780628,0.035,0.405,0.915,709,0.1379645845495232,0.8021959606636899,0.0503117502025781,0.765,0.815,0.835,11.629997253417969,12.290000915527344,20.450000762939453,142.93267689208733,35.95398975057251,3.076880555338679,0.9214997700087868,0.1891700686600492,2.891182391237106,2.1548909192669417,6.413195967036338,3.233177499872627,unmatched_ignored,
1281,6026,0.8246705503253359,0.0501326801707083,0.785,0.835,0.865,0.993756514469176,0.0436518394739294,0.995,0.995,0.995,0.5480297094804186,0.2805701667663337,0.155,0.545,0.925,224,0.0371722535678725,0.8100156819314829,0.0649105011817638,0.795,0.825,0.835,4.680000305175781,3.869999885559082,16.280000001192093,18.111600645446742,332.7149332610167,1.1499068122036933,0.1074142191352862,0.1302266393629239,1.0448927459270108,0.5874928971955482,11.990080267730006,3.173736351608736,unmatched_ignored,
1282,486,0.7696894001629617,0.110486981481911,0.735,0.795,0.835,0.7614756165217961,0.0911860356648453,0.665,0.745,0.875,0.4539062653548995,0.2924158047494241,0.065,0.385,0.895,155,0.3189300411522633,0.8255065291158614,0.0153776472814794,0.805,0.825,0.845,2.7299957275390625,2.390000343322754,12.700000286102297,6.524690726088011,74.48628914421965,0.6012993022037671,0.4603496829616966,0.2207578846799645,0.5127589064110579,0.2467921891791831,3.305536130021629,2.508478825223434,unmatched_ignored,
1283,3167,0.7712712586537723,0.0977883374136918,0.655,0.805,0.855,0.994393632225257,0.0438635405474758,0.995,0.995,0.995,0.5218426754670527,0.3230068869218357,0.055,0.535,0.945,123,0.0388380170508367,0.8039377326887798,0.0199559496670727,0.795,0.805,0.815,4.8899993896484375,4.890000343322754,13.90999984741211,23.91209869422892,132.44341454497015,1.3689751063257218,0.4212432449779986,0.1526735029064967,1.503401268144504,0.8833174919081486,9.565547624747008,2.3663216896229327,unmatched_ignored,
1284,2879,0.6986599295203079,0.1065550809316927,0.625,0.715,0.805,0.9966377097519374,0.0246684210876301,0.995,0.995,0.995,0.4548458045426981,0.3053208387171573,0.055,0.455,0.865,234,0.0812782216047238,0.8105496331157848,0.0148586771318106,0.795,0.815,0.825,7.220001220703125,6.849998474121094,17.449999570846558,49.45699734496884,58.21218744677541,1.431852713534065,0.4616085819105703,0.0925897698816966,2.430798057436849,1.084911599612416,7.813309398665118,2.549497977573336,unmatched_ignored,
1285,17590,0.7086925316095827,0.1367847116329935,0.535,0.745,0.845,0.9986275424430016,0.0205999931032101,0.995,0.995,0.995,0.5411034023465532,0.3024405943114083,0.105,0.565,0.935,332,0.0188743604320636,0.8135317759700569,0.0402597732294381,0.795,0.815,0.835,9.290000915527344,5.969999313354492,18.060000598430637,55.461299086760846,317.1580956386019,2.1446240872802305,0.3559136560858995,0.1229665051383522,2.7028791969363155,1.5560916076891358,11.638634253806218,2.7059278577730232,tp,1.0
1286,2658,0.6538514644187855,0.1783293859972458,0.385,0.735,0.805,0.8706783221080125,0.1132252632846714,0.715,0.895,0.995,0.3400597993089574,0.2909304049971589,0.035,0.245,0.825,407,0.1531226486079759,0.760520084777101,0.1334306256908008,0.505,0.805,0.835,10.460002899169922,5.269998550415039,17.68000054359436,55.124200115962594,48.21838674136715,1.7644128815115243,0.8744186772948728,0.3339489955014742,1.2731184425158883,1.1172533785976675,3.941906099192983,3.061830056176676,unmatched_ignored,
1287,7017,0.6866497524317317,0.1798668475592064,0.385,0.765,0.855,0.998757650238234,0.0149537291167861,0.995,0.995,0.995,0.5132928275283349,0.3121778027446473,0.085,0.525,0.925,249,0.0354852501068832,0.8056181944517725,0.0141365107781509,0.785,0.805,0.825,7.290004730224609,11.490000247955322,18.600000381469727,83.76215615787623,83.77291514289875,2.275954875713093,0.461817466903566,0.1103681488948528,2.971158545382424,1.687194756825696,10.577799173405117,2.9558325314356595,fp_counted,0.0
1288,22066,0.8270583863032556,0.0727846721723393,0.765,0.845,0.875,0.9912477802908304,0.0551282821837566,0.995,0.995,0.995,0.5951212813410183,0.2934724942874874,0.145,0.645,0.955,628,0.028460074322487,0.7873641732297126,0.1207112853527539,0.785,0.815,0.835,9.049999237060549,6.899999618530273,23.9399995803833,62.44499128341704,353.3670122532289,1.992981983484344,0.3094051610736642,0.2396113603818189,1.8705505500912367,1.005136627001665,19.265068993012385,4.700810673817453,tp,1.0
1289,1149,0.6624963448826285,0.1745648815560115,0.425,0.735,0.805,0.7699917123253394,0.1620353847281898,0.565,0.745,0.995,0.3602367109952724,0.3071897016287239,0.025,0.245,0.855,86,0.0748476936466492,0.6452361019544823,0.2197697161739107,0.225,0.775,0.815,6.099998474121094,6.569999694824219,21.669999599456787,40.076988113403786,28.6698191178622,1.7378542064077114,1.0061375354077016,0.3284256628436043,1.0074455409547158,0.9831803195240776,7.130342400831384,7.190073854107486,unmatched_ignored,
1290,8875,0.7979491636417282,0.0778441066087956,0.715,0.815,0.865,0.9992997380780502,0.0115244801279497,0.995,0.995,0.995,0.607613407223105,0.3116891400276063,0.095,0.695,0.955,424,0.0477746478873239,0.8096677116909117,0.0165135053362254,0.785,0.815,0.835,6.129997253417969,5.309999942779541,17.8400000333786,32.55028506488816,272.6550622308811,1.4433691593009643,0.2245542641237598,0.1198005225585034,1.504320868717001,0.8704404450638974,11.625405493474345,3.2394612079171767,unmatched_ignored,
1291,11226,0.647221163411006,0.1756028211401607,0.365,0.705,0.825,0.9879840793253668,0.0413649450051448,0.975,0.995,0.995,0.505685276849101,0.2995468050135337,0.095,0.515,0.915,185,0.0164796009264208,0.8094381557928549,0.0167296932789282,0.785,0.815,0.825,10.19000244140625,7.029999732971191,20.6800000667572,71.63571444206173,156.7095419852269,2.0449551414224856,0.8085076922584518,0.0665757350362123,1.9106471247960624,1.333967611701456,12.059988570801613,3.8631181243777695,unmatched_ignored,
1292,727,0.6601752587882328,0.2194005402363009,0.175,0.755,0.815,0.9687341999318938,0.0648708827163121,0.915,0.995,0.995,0.5589107995178035,0.2886904647662426,0.105,0.605,0.925,190,0.2613480055020633,0.7981335183507517,0.0469789731623413,0.775,0.805,0.825,10.840003967285156,11.689998626708984,16.240000009536743,126.71963149108342,5.7370747645455005,2.890802578616478,1.1527959186131385,0.148876385277803,1.763392965145184,1.8088209978939305,5.322320992180865,3.7764753224313306,unmatched_ignored,
1293,6162,0.6974813268338268,0.2152425761963285,0.235,0.785,0.845,0.9995005638306886,0.0106331263126148,0.995,0.995,0.995,0.5175925187600395,0.2975823853344682,0.095,0.525,0.915,123,0.0199610516066212,0.8079332011501964,0.0115143455068589,0.795,0.815,0.815,9.8800048828125,12.170000076293944,19.820000171661377,120.23966017761268,51.24764982617023,2.8839914933254,0.6623625526935533,0.0790264678906889,1.9991276006874727,2.343242298166276,12.329653192914876,3.366600234602648,unmatched_ignored,
1294,4850,0.8167693810794772,0.0487290256620342,0.775,0.825,0.855,0.9944963036492928,0.0284230326930285,0.995,0.995,0.995,0.5676812610007251,0.2934195713244705,0.105,0.615,0.925,259,0.0534020618556701,0.8133461164691733,0.0193058230557698,0.795,0.805,0.845,4.420000076293945,3.46999740600586,18.56000030040741,15.33738879928569,316.2207115872214,1.1714888698914367,0.4230897279330649,0.339823733831033,1.208761476785886,0.8007535178992462,10.671165290923463,3.346634405990855,unmatched_ignored,
1295,2291,0.6636430039279901,0.1634808720999269,0.445,0.735,0.835,0.9919171310418144,0.0256370628259507,0.975,0.995,0.995,0.5343842314431835,0.2896827543278582,0.075,0.565,0.895,363,0.1584460934089917,0.8152745945722932,0.0147663396052847,0.795,0.815,0.835,7.689999580383301,5.400001525878906,19.179999846965075,41.52600946807797,55.17024220112327,2.7619002478174286,0.3709872296264656,0.0957182690214163,2.882348657755249,2.113505640606547,11.160286854627364,5.19715328873346,unmatched_ignored,
1296,7984,0.7140706571141904,0.136406947314003,0.565,0.755,0.835,0.9837436210849362,0.0480297216422318,0.965,0.995,0.995,0.5086368754409956,0.3135652382932922,0.065,0.525,0.925,602,0.0754008016032064,0.7972417531714487,0.0258938938281679,0.775,0.795,0.825,9.290000915527344,6.079999923706055,19.45000028610229,56.48320485763543,141.35175261608262,1.963563948606502,0.5138474164950485,0.2253067142402417,2.0779898796606293,1.3107509113978268,7.194843762628883,3.654155398297538,unmatched_ignored,
1297,4533,0.5742150439968928,0.2070244431060031,0.215,0.575,0.815,0.8881736479793298,0.1308735890986843,0.675,0.925,0.995,0.4752538690952007,0.3053691370019424,0.065,0.465,0.895,213,0.0469887491727332,0.7176854254354333,0.1968066767872094,0.525,0.805,0.835,9.790000915527344,14.619998931884766,22.669999599456787,143.12980292816064,31.670552933515825,3.433217570804094,1.384328682738555,0.1070828130993082,2.872347763913203,2.473403779434932,9.4745481875646,7.269148069353662,unmatched_ignored,
1298,1388,0.6910144672742494,0.1815547740238207,0.385,0.765,0.855,0.9689695216736808,0.0508956750580943,0.905,0.995,0.995,0.5027940891225492,0.2987529307655567,0.095,0.515,0.905,64,0.0461095100864553,0.8040888495743275,0.0713131120577746,0.795,0.825,0.835,9.830001831054688,14.75,23.1899995803833,144.99252700805664,9.57290716040058,2.8877237378982468,0.5445236842370299,0.070999606423498,2.340653436909168,1.6202211026107298,12.185062964470998,6.712371200183397,unmatched_ignored,
1299,43708,0.8037839189987114,0.0836565450130488,0.715,0.825,0.875,0.9942346448222792,0.0478985249121391,0.995,0.995,0.995,0.6048895988510424,0.2806623091094408,0.185,0.655,0.945,712,0.0162899240413654,0.8041412682387601,0.0842670116769614,0.795,0.825,0.835,5.829999804496765,10.889999866485596,22.32999992370605,63.48869709258082,688.4375015014703,2.3739336474521915,0.2492415830997772,0.2561968199510278,2.1373413825485588,1.2002907072364168,16.326816864826494,3.672972267251545,tp,1.0
1300,3833,0.7268866241569156,0.1466477250959526,0.475,0.775,0.835,0.9302933682451168,0.1191692834466539,0.725,0.995,0.995,0.4256744014142353,0.3131549911109091,0.045,0.375,0.885,331,0.0863553352465431,0.7133365686521429,0.2032130745295413,0.245,0.815,0.835,5.2499998807907104,6.1900001764297485,16.000000476837158,32.49750018835066,117.94753374211876,1.046918055792851,0.309399868374689,0.1632016342987894,0.8185297719037707,0.5272922988914627,5.030336929882223,2.0603972356040976,tp,1.0
1301,3516,0.7484810779568346,0.1487647028570098,0.695,0.785,0.845,0.919348561994316,0.1060087795425033,0.825,0.955,0.995,0.390259472945947,0.3177281614655551,0.035,0.285,0.895,115,0.0327076222980659,0.8007829730925353,0.0729790800228038,0.795,0.815,0.835,7.879997253417969,5.570001602172852,19.32000064849853,43.89159732665576,80.10644893674676,1.2726233120503223,0.4516321433306567,0.189639539021767,1.4683155114895283,0.8279853695030885,6.929723356720124,2.0474479952322624,tp,1.0
1302,939,0.5748566892057562,0.2121535421323997,0.195,0.675,0.775,0.7052764025486061,0.1636345856499295,0.525,0.645,0.955,0.3807924266231888,0.2997826270648545,0.075,0.255,0.885,150,0.1597444089456869,0.6263280669848125,0.2309948046152134,0.215,0.775,0.825,8.560001373291016,4.929998397827148,17.31999969482422,42.2007930557229,22.250766680145627,1.6314452608285537,0.984094761261387,0.2640597293206457,1.3305862687039902,1.1414346786082854,4.77868711207304,3.042461055291987,unmatched_ignored,
1303,9584,0.7683432237925365,0.1069670728434691,0.645,0.795,0.845,0.9782044539579464,0.0872992359120117,0.995,0.995,0.995,0.3947744985291747,0.312502984271584,0.035,0.305,0.885,211,0.0220158597662771,0.7510893910558303,0.1679218217162056,0.545,0.805,0.825,5.780002593994141,5.459999084472656,15.999999046325684,31.558808871457583,303.6870003249064,1.523166190573061,0.2942367090225378,0.1898728383696817,1.4872316137366015,0.9248052147733796,10.1830979653219,3.2794295400079947,unmatched_ignored,
1304,5544,0.5290266413908199,0.3079367788152329,0.115,0.725,0.835,0.9981884605333232,0.0108954788593905,0.995,0.995,0.995,0.4834200817605421,0.3004433180333836,0.075,0.465,0.915,109,0.0196608946608946,0.8093153615610316,0.0165259157491496,0.785,0.815,0.825,11.489997863769531,15.690000534057615,19.780000686645508,180.27807261886483,30.75249207772959,5.12879780376502,0.7351528520134676,0.1140060831141199,4.12389620826849,4.168210836757964,11.632406331690143,5.21260815255754,unmatched_ignored,
1305,5922,0.7168543290338054,0.1935984632865818,0.455,0.785,0.855,0.9994030731306492,0.0135134546542824,0.995,0.995,0.995,0.5118145999076463,0.313948438815958,0.075,0.525,0.935,117,0.019756838905775,0.7995707382503737,0.0182080366648737,0.775,0.795,0.825,11.599998474121094,14.690000534057615,19.99999988079071,170.4039837799064,34.75270864353059,3.1975119599557327,0.3718740026793746,0.0874398549740484,2.1562643899884044,2.299681188656293,11.16777165409219,2.746529525789398,unmatched_ignored,
1306,6034,0.7087241489703208,0.1514407252428258,0.525,0.745,0.845,0.9993600542473404,0.0129333256027807,0.995,0.995,0.995,0.6745598051421181,0.2539798329865481,0.275,0.735,0.955,159,0.02635067948293,0.8056744974364275,0.0143352073781195,0.785,0.805,0.825,10.209999084472656,14.879999160766602,20.34999990463257,151.9247778083809,39.71702369451901,1.8313926537929603,0.4039590021474147,0.0878368664543894,2.4155456175344074,1.274473421757234,11.947919113569537,3.0748144291548694,unmatched_ignored,
1307,6870,0.7375469173753453,0.1717039748263465,0.575,0.795,0.855,0.9960155055859552,0.0312420631232022,0.995,0.995,0.995,0.6399646457934294,0.2876041991545445,0.185,0.715,0.955,459,0.0668122270742358,0.8043530216209249,0.0610594531158138,0.785,0.815,0.835,5.629997253417969,7.719997406005859,21.40000033378601,43.46356419220683,158.06342916607412,1.62206138993078,0.52042453078231,0.0797440247750747,1.295693643815825,1.050746475717604,10.952785329333487,3.915576246832032,unmatched_ignored,
1308,8256,0.4944931480592719,0.2005229785390347,0.205,0.495,0.755,0.8944595692780359,0.1572286649131095,0.605,0.995,0.995,0.3700600051003008,0.3144972116295889,0.025,0.265,0.875,463,0.0560804263565891,0.6175676544174777,0.2163329617721273,0.225,0.765,0.815,10.730003356933594,5.580001831054688,24.989999771118164,59.8734383789124,137.89086151611076,3.0527607335954654,1.1640016974324114,0.3428031634520308,2.851349111470646,2.428215693807754,12.235091909968345,7.504583513710711,unmatched_ignored,
1309,26658,0.5712339798818193,0.1919501685240301,0.265,0.605,0.785,0.9808710124641288,0.0672324880396934,0.965,0.995,0.995,0.4213742545858051,0.3252016295500933,0.035,0.355,0.905,1854,0.0695476029709655,0.7255775430345227,0.1094326831960293,0.535,0.765,0.805,9.830001831054688,5.6399993896484375,24.340000867843628,55.44120432739146,480.8337106564127,2.446077124721908,2.2642086472317664,0.270966898650302,2.8572641692151124,1.9512446659201723,15.36474852096123,8.862539700454812,unmatched_ignored,
1310,4064,0.8035759427291378,0.0760434764899245,0.715,0.825,0.875,0.9906511400334947,0.0499017590913867,0.995,0.995,0.995,0.5214338204713189,0.3212117113749272,0.045,0.555,0.935,124,0.030511811023622,0.8162617471910292,0.0201191866996857,0.785,0.815,0.835,4.089996337890625,4.119999885559082,13.850000023841858,16.85078444404644,241.17571579499105,0.9873183994905702,0.1748140609973003,0.1711954853200465,0.9442090502790972,0.6146694248509896,8.041925037932383,2.50945565308896,unmatched_ignored,
1311,5084,0.5699468689928906,0.2271654095434753,0.215,0.665,0.815,0.9852981087286392,0.0642694483003357,0.995,0.995,0.995,0.5358991887441872,0.2910401982994783,0.095,0.565,0.915,111,0.0218332022029897,0.7836893590183945,0.0887177682096341,0.765,0.805,0.825,7.230003356933594,8.84000015258789,18.1899998486042,63.91323077850393,79.54534511983883,1.9550772250824369,0.7967428021422985,0.2682437533826799,3.00749293985428,1.4271138398622594,11.23604781112035,3.7218533863910896,unmatched_ignored,
1312,1455,0.3558081651676151,0.2309922851443554,0.155,0.215,0.765,0.806567500710897,0.1980137231198521,0.535,0.805,0.995,0.5050657472469207,0.3006313384049776,0.075,0.525,0.925,140,0.0962199312714776,0.5705292725137302,0.2389879367205506,0.195,0.535,0.815,8.400001525878906,5.830001831054688,17.87999963760376,48.97202427673619,29.710840454091404,2.685096016380008,1.057716776082786,0.5471586356742675,2.447285116129976,2.173009438095048,10.20473926749426,6.790186319213079,unmatched_ignored,
1313,9423,0.6574398381788741,0.1397662872498903,0.475,0.685,0.805,0.9985518354677816,0.0079794893095979,0.995,0.995,0.995,0.4718724965747826,0.3359857432216938,0.045,0.455,0.945,308,0.0326859811100498,0.8088236253756982,0.0159488357680083,0.785,0.805,0.825,4.970001220703125,8.290000915527344,22.41999912261963,41.20131466980092,228.7062943383872,2.217728750842279,1.1410999199267664,0.175081776864061,1.5872795038980403,0.8045278763960588,9.682053163086268,3.5398886236424225,unmatched_ignored,
1314,5147,0.6013600902708961,0.1984783558112094,0.275,0.655,0.805,0.9011554059784044,0.1320562390086487,0.695,0.965,0.995,0.4747843610572309,0.304531995035888,0.055,0.485,0.895,571,0.110938410724694,0.5716901016266668,0.1854905110790515,0.215,0.535,0.825,5.189994812011719,4.799999237060547,20.889999628067017,24.911971138004446,206.6074969133212,1.4185690071273054,1.2022863691912182,0.3116381477070136,0.9368221638810612,0.7334664602048465,8.50968295040468,5.515085189918149,unmatched_ignored,
1315,2814,0.7456771391202307,0.0938796764156355,0.645,0.765,0.845,0.9925056641289928,0.0371936600392317,0.995,0.995,0.995,0.4979860513086036,0.312291772636174,0.085,0.475,0.915,177,0.0628997867803838,0.8200022164037672,0.0149242893148259,0.795,0.815,0.835,5.209999084472656,9.24000072479248,18.899999618530277,48.1403953166955,58.45402767235026,1.3076372437986306,0.3435529902692649,0.1134144695334516,1.7262469555842035,0.8703970149098683,7.446621617618697,2.4664982389943524,tp,1.0
1316,2851,0.7460427678800056,0.0856920749897377,0.635,0.765,0.825,0.9973748987994668,0.0146342781183604,0.995,0.995,0.995,0.5107256458408265,0.3016446834262699,0.105,0.495,0.925,165,0.0578744300245527,0.8092183384028349,0.021932830464844,0.795,0.815,0.825,7.650001525878906,5.460000514984131,14.290000319480896,41.769012270928215,68.25634232160988,1.0738281718313458,0.5425098285091404,0.1607977605496894,0.8150469601085166,0.5151459521071643,6.9931328581618,2.6414086625419606,unmatched_ignored,
1317,8779,0.7874230064934594,0.0765446661853814,0.705,0.805,0.855,0.9989079526690392,0.018399007729098,0.995,0.995,0.995,0.6834708612571953,0.2499835304407132,0.295,0.735,0.955,362,0.0412347647795876,0.8099386492816124,0.0133997849676681,0.795,0.815,0.825,4.529998779296875,5.529999732971191,16.659999907016754,25.050892039871545,350.4466023017126,1.520286560849294,0.3470793956607014,0.1589528956886659,2.1135222084434178,1.029141495469778,11.743594100598472,3.2639083870490837,unmatched_ignored,
1318,6549,0.7344270031162574,0.1984237537819482,0.525,0.805,0.855,0.995567682272133,0.041665871849423,0.995,0.995,0.995,0.5192353218160929,0.3022299896755564,0.095,0.545,0.925,86,0.0131317758436402,0.8067657996055692,0.0099000627616272,0.795,0.805,0.815,9.769996643066406,9.099998474121094,19.68000066280365,88.9069545440725,73.66127918321129,2.2493881575720907,0.4974043707603141,0.0875676319137545,2.167848759225356,1.7393749745088127,11.551751133698984,2.8191302888046232,unmatched_ignored,
1319,1492,0.6610849385921301,0.1881499237362287,0.405,0.745,0.805,0.788722283718733,0.1648009058029828,0.545,0.835,0.965,0.3519940999691053,0.2936985792786368,0.025,0.255,0.815,168,0.1126005361930295,0.802819675278096,0.0267073867454471,0.765,0.805,0.835,21.05999755859375,22.459999084472656,19.51000022888184,473.007525885012,3.1542838503645814,2.2625675446830837,1.106618160086404,0.4075894383409562,1.271927902438924,1.0194056279577854,3.392547658637126,1.291312639510401,unmatched_ignored,
1320,38097,0.7878980138436276,0.0839698475641481,0.675,0.815,0.865,0.9996803833464736,0.0099835371565047,0.995,0.995,0.995,0.6778157302621419,0.2556370194794604,0.275,0.745,0.955,439,0.0115232170512113,0.8105561874450475,0.0100703034041338,0.795,0.815,0.825,8.739997863769531,6.810001373291016,25.33999919891357,59.51939745483105,640.0770442763909,2.228181294356749,0.1261914381652853,0.0682126059604087,2.544901271734408,1.4389000191526071,19.16143034400785,3.938701557774365,tp,1.0
1321,17352,0.8229444580437738,0.0828497141776084,0.755,0.845,0.875,0.9966773923474448,0.0365533604555285,0.995,0.995,0.995,0.6628408346401178,0.2612677826979565,0.255,0.725,0.965,363,0.0209197786998616,0.8095745161873579,0.0128751257290407,0.795,0.815,0.825,11.56999969482422,7.040000915527344,25.149999141693115,81.45280844421359,213.03132858683756,1.919763473139647,0.2495338719947367,0.0862401604550505,2.613966747290369,1.086120462563096,18.91289723772468,4.913076518362038,tp,1.0
1322,1444,0.5204206397937523,0.2087370538839625,0.215,0.545,0.785,0.7087615328399759,0.1352993268001894,0.535,0.705,0.905,0.6247946593892397,0.2783318639202672,0.185,0.685,0.945,128,0.0886426592797784,0.7249221445526928,0.1540698857411558,0.515,0.795,0.825,7.329998016357422,4.339998245239258,15.810000360012054,31.81217852859845,45.39142136090666,1.521569666441627,1.1418876367604245,0.7147601137198982,2.0494999292416622,1.028243916916608,6.575913273613291,2.028306860035235,fp_counted,0.0
1323,1680,0.7422473752139402,0.1142263781269643,0.635,0.765,0.845,0.971169873078664,0.0773891154533493,0.955,0.995,0.995,0.4104648080556476,0.3114084779391404,0.055,0.335,0.885,82,0.0488095238095238,0.7381310373908136,0.1576068516401322,0.515,0.795,0.815,5.090000152587891,3.789999008178711,16.350000262260437,19.291095529937596,87.08681149771046,1.0074133820359563,0.397453103098231,0.2728736829781602,1.5157283117222475,0.8291738999675625,7.292408406707858,1.957088933368332,tp,1.0
1324,1337,0.6588581130967358,0.157791385038764,0.415,0.715,0.775,0.7045003841328104,0.1353352510052178,0.545,0.685,0.995,0.3964172059403681,0.3019590224205665,0.035,0.355,0.845,285,0.2131637995512341,0.7170194690164767,0.1308260323136374,0.505,0.765,0.795,6.180000066757202,8.509999871253967,16.490000247955322,52.5917997724533,25.422214219417118,1.0640553454723412,0.684160608193054,0.4953617814231931,0.742226269899188,0.9135068238149436,4.182735092976954,3.3526407275762207,fp_counted,0.0
1325,298,0.5721270435133436,0.2363298019921796,0.195,0.695,0.795,0.601763256444227,0.098851718726695,0.505,0.575,0.735,0.7583541444615279,0.1999242765790542,0.515,0.785,0.975,127,0.4261744966442953,0.656380704772754,0.2078536495199064,0.225,0.775,0.805,3.5500001907348637,4.880001068115234,10.729999542236328,17.32400472259542,17.20156538697565,0.9605455370210048,0.6734097914576318,0.2920123122707644,0.7379816061008785,0.6565833859968884,3.512512556258464,2.096240457512996,unmatched_ignored,
1326,2206,0.7740743533992702,0.0959850269372685,0.685,0.805,0.845,0.9962223603416333,0.0338328098083335,0.995,0.995,0.995,0.554770609428599,0.3106961637696364,0.075,0.615,0.925,197,0.0893019038984587,0.8060178847482362,0.011362493985539,0.785,0.805,0.815,4.760002136230469,5.789999961853027,13.600000023841858,27.560412187194743,80.04234425147541,1.320729102978962,0.3616627854436507,0.1213049086307833,1.1457536172533431,0.6948891261325117,8.12246744567064,2.740220460490456,unmatched_ignored,
1327,3481,0.722331091028517,0.1707260881387109,0.475,0.795,0.845,0.9552588546046646,0.1232415942810586,0.745,0.995,0.995,0.4341328606038646,0.3211948842183683,0.035,0.395,0.895,263,0.0755530020109164,0.7636528346021819,0.1522343218488165,0.625,0.815,0.835,10.239997863769531,8.0,19.279999256134037,81.91998291015625,42.49268464591481,1.6742253644244711,0.7374402947557381,0.3160294880131433,1.48813678601339,1.0220660345805417,8.977361052723253,3.2900812786274494,unmatched_ignored,
1328,13826,0.7314157599094772,0.1208149053156811,0.575,0.765,0.845,0.9873949053334756,0.0634526682979724,0.995,0.995,0.995,0.5068706056083361,0.299815390425956,0.095,0.505,0.925,296,0.0214089396788659,0.7936169811952356,0.0834824563907934,0.765,0.815,0.835,6.510002136230469,7.610000610351562,18.679999828338623,49.54112023010384,279.08129521057094,2.202076623035843,0.3319807326796829,0.2446563621252615,2.6020746860226294,1.3376898067626783,12.148138979368769,3.2135240561247658,unmatched_ignored,
1329,1412,0.6837018615969855,0.1200051487786627,0.485,0.725,0.775,0.851617936161017,0.1496408675310319,0.615,0.885,0.995,0.3038165466168824,0.2183168309138597,0.055,0.255,0.625,54,0.0382436260623229,0.6890072176853815,0.1769651340929821,0.495,0.775,0.815,4.799999237060547,5.170000076293945,7.220000028610229,24.815996421813907,56.89878318804137,1.619745313262778,0.6104756329003673,0.2525857650207089,1.394877690045609,0.9106331101870048,5.309750612498005,2.247771691955456,fp_counted,0.0
1330,8502,0.6821421819301534,0.1325184067959614,0.495,0.715,0.815,0.930432205234127,0.1094009583521537,0.775,0.995,0.995,0.2843150760205944,0.2638456314243882,0.025,0.185,0.715,205,0.024111973653258,0.7389488359050053,0.1640064990807802,0.485,0.815,0.835,6.599998474121094,6.479999542236328,8.430000185966492,42.76798709106515,198.7935504632667,1.867620036110522,0.4516812370538874,0.2458733617371315,2.234895144453458,1.1268261576052503,6.16565467887305,1.3919870820479596,tp,1.0
1331,20828,0.5926803758094956,0.2198886321781163,0.235,0.685,0.815,0.9917929752507868,0.036559267097204,0.985,0.995,0.995,0.428295706547355,0.3026754845639346,0.055,0.385,0.885,414,0.0198770885346648,0.790747552930157,0.0814779826098268,0.775,0.805,0.825,10.77999997138977,7.94000244140625,15.519999980926514,85.59322609119408,243.3370133497376,2.786653718318264,0.6363572599157412,0.1476791782355791,3.653954793951453,2.201579757075357,9.590009058164965,2.4825745640496257,unmatched_ignored,
1332,4751,0.5208167818154794,0.2195912125849576,0.225,0.485,0.825,0.9631292489648392,0.0978796985501256,0.915,0.995,0.995,0.6286554996703495,0.2880539906441222,0.165,0.685,0.965,428,0.0900862976215533,0.7178127363010823,0.1708729629190554,0.465,0.785,0.825,8.990000247955322,7.369998931884766,13.799999237060549,66.2562922250745,71.7063970899657,2.5140415781374297,0.5135964939836722,0.3392958424557604,3.914115060811747,2.1194954337172267,7.051840997308688,2.3587998091131523,unmatched_ignored,
1333,5119,0.5066684210510325,0.2323534188936777,0.175,0.535,0.795,0.8260528099772101,0.1843616730230862,0.565,0.885,0.995,0.4080713115776386,0.2911545340552258,0.065,0.345,0.855,364,0.071107638210588,0.6351876810274937,0.2535674888934136,0.225,0.805,0.845,7.300003051757812,7.939998626708984,19.169999957084656,57.962014205928426,88.31646156762478,2.3113187209007098,1.303476949550453,0.4677255307874342,1.682149816450857,1.6756747375674104,8.634803850891466,5.96085540796636,unmatched_ignored,
1334,1930,0.5546908583897383,0.1899169271909883,0.245,0.605,0.775,0.9983877057856227,0.0107436312055267,0.995,0.995,0.995,0.5194392994133862,0.3216116289720281,0.065,0.535,0.965,175,0.0906735751295336,0.8135092251641409,0.0152663157528751,0.785,0.815,0.835,5.909996032714844,7.099998474121094,18.679999083280563,41.96096281433711,45.99513144013376,1.463338727562162,0.8119532281544127,0.1741917109369477,1.3344533767123448,1.0693398222733936,12.258825998610474,3.899540830578477,unmatched_ignored,
1335,2045,0.6384518649219593,0.1138028706615357,0.485,0.645,0.785,0.9914129482213324,0.038155069166375,0.985,0.995,0.995,0.5042689371138399,0.2832789213241955,0.105,0.475,0.905,250,0.1222493887530562,0.7919378337860108,0.0357747846383875,0.775,0.795,0.815,6.459999084472656,7.300003051757812,20.229999542236328,47.158013031003065,43.36484657772915,2.0379369391969746,1.1268914510967984,0.2570326019421152,2.4247803538926678,0.9557852111602848,7.456901674296862,3.675562671918664,unmatched_ignored,
1336,14264,0.7182339494405455,0.1272779904207735,0.535,0.765,0.845,0.998630886574642,0.0193817944262913,0.995,0.995,0.995,0.682043470708198,0.2291975068651971,0.355,0.725,0.945,330,0.0231351654514862,0.7937138566465088,0.0204961523744119,0.765,0.795,0.815,7.260002136230469,8.84000015258789,22.249999091029167,64.17841999206576,222.2553936629077,2.134621066261833,0.4747364235163108,0.2757895441341587,3.429222484642253,1.4048325053336306,16.65155442642984,4.3302248701336525,unmatched_ignored,
1337,1182,0.5763659917902321,0.1907428756240681,0.245,0.625,0.775,0.6586857215704651,0.0957311669054929,0.535,0.655,0.785,0.4297027338888888,0.2849812518545156,0.065,0.385,0.875,64,0.05414551607445,0.6700461914297193,0.2024571766180326,0.235,0.795,0.825,5.079999923706055,9.560001373291016,15.9900004863739,48.56480624694814,24.33861249213319,1.0202464452597295,1.11252423527711,0.4090028521798642,0.8711802170209675,0.4480250635443522,6.379130360237031,2.410884827403329,unmatched_ignored,
1338,67689,0.6823654014868551,0.2012219560138182,0.355,0.765,0.865,0.985377912100346,0.0659918671941506,0.995,0.995,0.995,0.5040345044660121,0.2983128231412171,0.095,0.495,0.925,721,0.0106516568423229,0.8063599163674118,0.0617757246141213,0.785,0.815,0.835,13.05000066757202,12.239999771118164,24.86999988555908,159.73200518417343,423.7660443938806,3.437781179500987,0.9043837078783714,0.136148018423193,3.59083293275323,2.1420737338133,16.887996995790196,4.533463738424005,tp,1.0
1339,3106,0.6108949925181986,0.1944852672808769,0.285,0.705,0.785,0.7902972217690001,0.1406849521890704,0.575,0.805,0.965,0.3330417425967948,0.2697631890353743,0.045,0.245,0.765,358,0.1152607855763039,0.7722144146038833,0.0442586158812584,0.735,0.775,0.815,5.859999656677246,9.330001831054688,11.070000171661375,54.67380752677855,56.80965238206101,1.7116876503346334,0.8479855730076955,0.2071157458718077,1.885915224387416,1.2565292704046571,4.571296340215613,2.3109413074892786,fp_counted,0.0
1340,926,0.6183923871757273,0.2073856458116189,0.195,0.715,0.785,0.6627006229520102,0.1090487566760049,0.535,0.645,0.815,0.3030611028106276,0.2317539644906132,0.085,0.235,0.705,66,0.0712742980561555,0.5401894321495836,0.1544577794697432,0.465,0.505,0.785,3.180000305175781,3.69000244140625,9.270000457763672,11.734208889771253,78.91456583896313,0.9146290609945432,0.2675049647276351,0.1127221102195174,1.16207347612697,0.7643807936687488,4.201961590713353,1.1794785911508263,fp_counted,0.0
1341,1232,0.7946536473010655,0.0788690761394484,0.735,0.815,0.855,0.9939783769962076,0.0442530199510978,0.995,0.995,0.995,0.7130145223634993,0.2905030317429933,0.225,0.835,0.975,148,0.1201298701298701,0.8032848887346886,0.0151051656660496,0.785,0.805,0.825,3.3199996948242188,3.770000457763672,17.06999945640564,12.516400369262556,98.43085580943168,0.8226295118371347,0.2782480754249787,0.1254039487129129,1.0818553652052003,0.7670148690587055,10.195322578821283,4.432711453122379,unmatched_ignored,
1342,11667,0.8058876646809542,0.0841858049963531,0.695,0.835,0.865,0.99523323147996,0.0338839757700891,0.995,0.995,0.995,0.643296548344322,0.2962772112752734,0.125,0.735,0.955,420,0.0359989714579583,0.8125118331185409,0.0424152555556991,0.795,0.815,0.835,5.659999847412109,6.649999618530273,20.88999938964844,37.63899682617193,309.97106681354103,1.3845141827665803,0.2779467106020238,0.1182055140760582,1.4347969518717878,0.9219961297535516,13.310843744132963,4.345186273083202,tp,1.0
1343,768,0.8080971422993267,0.0633192316707212,0.715,0.835,0.855,0.997091699546824,0.0075688937169575,0.995,0.995,0.995,0.6463606097111144,0.3755372987015428,0.015,0.855,0.975,66,0.0859375,0.8327730207732229,0.0108282047714799,0.825,0.835,0.845,3.0800018310546875,3.850000381469727,11.579999923706056,11.858008224488003,64.76635750800048,0.8465975855785538,0.1762034539180477,0.0761360593272119,0.7530484988898783,0.5718840264592232,7.182110107193391,2.473102529225879,tp,1.0
1344,300796,0.4830087898597943,0.2508289102267229,0.155,0.475,0.825,0.998770026239598,0.0168618128308863,0.995,0.995,0.995,0.4850334254537501,0.2999591345277629,0.075,0.475,0.905,1502,0.0049934174656577,0.8091144074255553,0.0259847849557185,0.785,0.815,0.835,24.32000064849853,23.790000915527344,25.670000553131104,578.5728376934057,519.8930547779988,6.993593593483039,0.4523610218219864,0.1504762980991248,6.429356619476305,2.858438431328031,17.99809663281364,4.231379105388805,unmatched_ignored,
1345,5880,0.2969504192496846,0.294157955615444,0.085,0.115,0.795,0.9827641071612332,0.0560679060068245,0.955,0.995,0.995,0.4646786841525323,0.3024222637548759,0.075,0.435,0.905,106,0.0180272108843537,0.8116569445942933,0.0239145984099494,0.785,0.815,0.835,14.730000257492064,21.16000366210937,22.56999945640564,311.68685939140414,18.865087900982463,5.441463028491504,0.7539402903507033,0.2769093643604041,7.482947806847015,4.2827561964591805,12.458431128214816,4.757136259123571,unmatched_ignored,
1346,15787,0.6475940487442109,0.1496455495197232,0.425,0.685,0.815,0.9939667553024838,0.0445806576516467,0.995,0.995,0.995,0.5065547641294343,0.3000799828175071,0.095,0.505,0.925,387,0.0245138405016785,0.8033369000259912,0.0221309519145953,0.785,0.805,0.825,6.759999752044678,8.950000762939453,22.170000076293945,60.50200293827038,260.93351018655244,2.037609855146809,0.3956116231428103,0.0573194262140899,3.5603804656786333,1.766478998708853,13.898491610787596,4.83940166981129,tp,1.0
1347,16921,0.7230453162303976,0.0981941190803556,0.605,0.745,0.825,0.9642089873219444,0.0522693188285905,0.905,0.985,0.995,0.46194948974804,0.284188249239795,0.085,0.435,0.875,163,0.0096330004136871,0.8048761417529334,0.0162488350038978,0.785,0.805,0.825,9.900000095367432,9.690000534057615,18.46000051498413,95.93100621128087,176.38718354243844,1.7697855444728248,0.3384090758285388,0.1210680972885242,2.062671144179387,0.9651144371660676,6.757127159770855,1.999965993001518,tp,1.0
1348,3118,0.5909071157186402,0.190749119344507,0.215,0.655,0.785,0.8116359367364488,0.1792934977629809,0.545,0.865,0.995,0.4869328699734711,0.3001083846784255,0.075,0.495,0.885,620,0.1988454137267479,0.6599572491381438,0.211634022348671,0.225,0.765,0.825,4.880001068115234,6.529998779296875,15.850000455975533,31.866401017759927,97.84600395451818,1.3420477950259813,0.6609004655413953,0.2174172188529486,1.7494047505677257,1.1611312845313175,5.783039736749654,5.69309605460759,fp_counted,0.0
1349,1567,0.4665604559983998,0.217382250560235,0.175,0.465,0.735,0.7242069950359371,0.1706549792730799,0.525,0.685,0.995,0.3805639532215394,0.2403377135586009,0.125,0.325,0.755,119,0.0759412890874282,0.4515106205304129,0.2567852589684984,0.185,0.475,0.775,3.220001220703125,4.830001831054688,14.170000433921814,15.552611791994424,100.75478131631886,1.2783635550596664,0.4501600518276684,0.1304669098636704,1.5013632816230718,0.6070231984230698,4.520450153393432,4.753639912211698,fp_counted,0.0
1350,3588,0.7631520670418157,0.1050581465157764,0.655,0.795,0.855,0.9974694269623112,0.0133819519357258,0.995,0.995,0.995,0.5155026976343572,0.3288351339355121,0.045,0.545,0.935,68,0.0189520624303233,0.8120690110851737,0.0146550256970478,0.795,0.815,0.825,4.200004577636719,4.059999465942383,14.449999630451202,17.05201634216064,210.41499890712447,0.9657547091831504,0.5428349518508556,0.1604997349790935,1.0371836501125422,0.6316082759389406,7.303163925349845,2.572969592236993,unmatched_ignored,
1351,7669,0.6865606521868204,0.1972730513551949,0.335,0.765,0.845,0.8424696788854371,0.1470135338899447,0.585,0.895,0.995,0.3832305198620658,0.3066199168981621,0.045,0.285,0.875,266,0.0346850958403964,0.6127999831075058,0.2272879195550214,0.185,0.725,0.785,9.740005493164062,6.999999046325684,18.69999933242798,68.18002916335536,112.48161806480788,2.4643957335160724,0.7430705971871173,0.5879572608196183,1.7284451269919103,1.6594236638619748,8.389265048754917,4.169094428491758,unmatched_ignored,
1352,3986,0.7246813213932143,0.1134910231072692,0.575,0.755,0.825,0.9716426152352764,0.0899017512773198,0.935,0.995,0.995,0.4089132498755721,0.304225044385219,0.045,0.355,0.895,149,0.0373808329152032,0.8041884407101062,0.0270180112116838,0.785,0.805,0.825,4.290000915527344,6.670000076293945,12.259999752044678,28.61430643386848,139.3009475596476,1.559859408706828,0.3801934127891697,0.1828126387816656,1.977131757664056,1.262345158477372,7.9961639751352624,2.706566380573292,tp,1.0
1353,6797,0.4140159086799321,0.1780596052235557,0.205,0.375,0.705,0.9469461706222392,0.1283091826662171,0.685,0.995,0.995,0.5028712373682797,0.2905285072890449,0.095,0.495,0.905,148,0.0217743121965573,0.7315274422635903,0.0966795900186826,0.505,0.765,0.795,8.789999604225159,7.910003662109375,14.790000915527344,69.52892905936096,97.75786988171495,2.965913451165902,1.1185466698753477,0.4427236135721982,3.8399225911198616,1.884840149640798,11.38159618543249,4.132848541718872,unmatched_ignored,
1354,720,0.4830160356437166,0.2153719147005837,0.165,0.505,0.725,0.6225438374612067,0.0960152876277605,0.515,0.605,0.755,0.4501718344435277,0.2355493821908777,0.145,0.425,0.825,60,0.0833333333333333,0.535588578817745,0.217794831580464,0.165,0.625,0.755,8.019999980926514,5.990001678466797,12.179999947547913,48.039813347053496,14.987568640171682,1.1355210102990685,1.2725748659889513,0.727988159174515,1.4524710055972163,0.6352070882131946,4.483219654775328,1.6978779288263357,fp_counted,0.0
1355,7384,0.4896619142732408,0.2856246958388278,0.145,0.495,0.835,0.9584796531680864,0.0854607078287402,0.865,0.995,0.995,0.4632392050224405,0.3151200915044648,0.055,0.455,0.905,483,0.0654117009750812,0.79411152258176,0.0793455170597163,0.775,0.805,0.825,14.209999084472656,11.160000801086426,19.589999794960026,158.58360116615222,46.56219146053815,3.77275257941306,1.1313578338325505,0.3558773408733858,4.717723228059598,3.510912711316681,8.907122087665911,4.293279867560863,unmatched_ignored,
1356,735,0.6739472507923638,0.2318403050447849,0.175,0.775,0.825,0.9569143180944482,0.09296714905222,0.895,0.995,0.995,0.6829623459394843,0.3043443153213144,0.135,0.815,0.975,192,0.2612244897959184,0.7952233127628764,0.0199904222585806,0.765,0.795,0.815,11.650001525878906,9.920001029968262,19.739999413490292,115.56802713585056,6.3598905183005785,2.985074658887566,0.6358118017870465,0.1562258978905865,2.040623949319296,2.4092517466646526,6.671901476180472,4.81942609928435,unmatched_ignored,
1357,841,0.7315264472186424,0.0985720362381546,0.655,0.755,0.805,0.8988566268213297,0.1001082772578027,0.745,0.935,0.995,0.5556599678125346,0.2841677415402175,0.115,0.595,0.915,193,0.2294887039239001,0.7549264970684298,0.1362052685437427,0.535,0.795,0.825,3.709999084472656,8.319999694824219,17.420000791549683,30.86719125061063,27.24575725636724,1.3084722263961523,0.5576587740865445,0.3649103350459816,1.3217201529394298,0.5402775326924206,4.387572139616741,1.881840444147978,unmatched_ignored,
1358,4775,0.3784027135286343,0.1955902100404907,0.185,0.315,0.725,0.9031764437016392,0.1625374731274338,0.605,0.995,0.995,0.5384466925675948,0.2891014180156546,0.115,0.555,0.915,172,0.0360209424083769,0.3975776712908301,0.2358962349562903,0.065,0.455,0.755,6.379997253417969,11.39999771118164,19.40000033378601,72.73195408631,65.65202406542761,3.8479218809346336,0.7855489898868894,0.3583684945971033,4.48243416664362,2.5890611904276213,13.951440439573757,5.968709337594534,unmatched_ignored,
1359,7710,0.6679354439188766,0.127612494231028,0.495,0.695,0.805,0.978541030177192,0.0528413816818335,0.935,0.995,0.995,0.3123409776998031,0.3134718162302481,0.015,0.165,0.845,1040,0.1348897535667963,0.7956106636386652,0.0580393560546078,0.775,0.805,0.825,9.15999984741211,9.89999771118164,15.279999494552612,90.68397752380406,85.02053185719788,1.6708233474020209,0.3391986999357402,0.1767444460778891,1.9466172327804416,1.1486538025309567,5.405405887992311,2.5257518889866604,unmatched_ignored,
1360,289,0.4488313639968324,0.1559146415006517,0.255,0.465,0.635,0.9986484908727626,0.0029245863420015,0.995,0.995,0.995,0.5067542507861029,0.2802114009889156,0.105,0.595,0.815,68,0.2352941176470588,0.6077452770927373,0.0423531337567058,0.565,0.605,0.665,7.990001678466797,10.40999984741211,12.4399995803833,83.17591625366185,3.4745634676104533,4.097622915034147,0.6616730665691336,0.1511956078366118,3.581949178818195,1.665633602332453,7.675956475280973,3.646270155819726,fp_counted,0.0
1361,5101,0.7407053606758116,0.0935287944733174,0.635,0.765,0.825,0.9984677385708978,0.0223997921941867,0.995,0.995,0.995,0.5772237916250734,0.3108004310091194,0.075,0.655,0.935,213,0.0417565183297392,0.8067019399902631,0.0184573305990787,0.785,0.805,0.825,5.849998474121094,5.159997940063477,17.889999389648438,30.185980075839325,168.9857340124202,1.2329126690878325,0.2324027696527401,0.0894755832413074,2.6302235514817944,1.0486189043576115,12.752720436508154,3.592224725336189,tp,1.0
1362,1401,0.609746400423768,0.1797700377366927,0.355,0.685,0.795,0.8113443911883935,0.1792380183539546,0.545,0.845,0.995,0.4123610988065124,0.312034102150414,0.035,0.375,0.875,246,0.1755888650963597,0.6389254920972072,0.1621599881482783,0.505,0.565,0.825,6.39000129699707,7.1100006103515625,18.41999961808324,45.432913121796446,30.83667552296729,2.1388826404941894,0.6196142026287683,0.2253128608168879,1.823544719598652,1.671542428086567,6.24306919741086,6.095826574813789,unmatched_ignored,
1363,12198,0.7382176831935122,0.149028259795106,0.565,0.785,0.855,0.959496495845494,0.11159054857683,0.805,0.995,0.995,0.5797981363884033,0.3044195021319024,0.115,0.645,0.945,502,0.0411542875881292,0.6418820452316111,0.2499371693045891,0.195,0.785,0.815,6.630001068115234,7.799999237060547,21.259999990463257,51.71400327300944,235.87421642072675,1.5686628354981065,0.3016707098444359,0.1997517695708828,2.340009630404365,1.1136745614230747,13.98580637292249,5.609718735415091,unmatched_ignored,
1364,9633,0.7180251289407722,0.1312631845018867,0.555,0.755,0.845,0.9876864279750772,0.0623938835913004,0.995,0.995,0.995,0.4473448574777128,0.338810103245946,0.045,0.375,0.935,329,0.0341534309145645,0.7941234411620803,0.0554275404140447,0.775,0.805,0.825,5.359999656677246,6.369998931884766,18.89000090956688,34.14319208793677,282.13530753627055,1.7086261461582604,0.2400957831648693,0.1736341290771106,2.9025574557217992,1.2434439464950755,14.751409236353703,4.452848979705072,unmatched_ignored,
1365,1779,0.5284947600485804,0.1995819835506798,0.245,0.525,0.805,0.9805560189060042,0.0620454651310577,0.955,0.995,0.995,0.5771045384793061,0.3046205662214896,0.125,0.615,0.955,180,0.1011804384485666,0.8054485256473224,0.0293599734623649,0.775,0.805,0.835,8.899999916553497,5.4199981689453125,19.010000944137573,48.23798325133339,36.87965126425191,2.255288522164117,0.8025786969008724,0.1566874742396261,2.8590160903448614,1.5204748733515692,11.144906437668393,5.205397871371816,unmatched_ignored,
1366,7124,0.7339369325591633,0.1087486047569452,0.585,0.775,0.825,0.998861048401975,0.0135046186171235,0.995,0.995,0.995,0.4901044538973879,0.3022093715863517,0.085,0.505,0.915,178,0.0249859629421673,0.8090313940905454,0.0151775755332942,0.785,0.805,0.825,7.5400002002716064,6.160003662109375,18.37999987602234,46.44642884597852,153.38100639823074,1.605652958857581,0.270819844532055,0.0571842644643606,1.7339533520146009,1.0301726813616074,11.56026020368738,2.698031693865363,unmatched_ignored,
1367,3060,0.5547836213476128,0.221172068575698,0.285,0.555,0.825,0.98714595119548,0.0307526979256107,0.955,0.995,0.995,0.4298838597737034,0.3357188845029918,0.035,0.375,0.925,133,0.0434640522875817,0.8253636109201532,0.0189023710470733,0.805,0.825,0.845,6.529998779296875,9.050003051757812,14.660000324249268,59.09650888061151,51.77970844575441,2.4383861019094413,0.7324073562799136,0.10963445645458,2.337803911996405,1.829833013052844,7.0941142590558215,1.8193182122154976,unmatched_ignored,
1368,1579,0.693886571528981,0.1382532429642118,0.555,0.725,0.805,0.978200766502716,0.0388853028945166,0.955,0.985,0.995,0.4263279773658769,0.3163638465399775,0.035,0.405,0.865,200,0.1266624445851805,0.8038057005405426,0.0203478805044049,0.775,0.805,0.825,5.980003356933594,5.649999618530273,15.029999732971191,33.78701668548456,46.73392784863316,1.6452484133083032,0.7378992027717313,0.2098334773879288,1.3547314042263947,1.0143448528338312,4.922201292076165,3.082414714907646,unmatched_ignored,
1369,14769,0.7682004480589476,0.1170512540587594,0.715,0.795,0.845,0.9449027685589906,0.06763083286599,0.855,0.965,0.995,0.3966487425596809,0.2974794915355084,0.045,0.335,0.855,1095,0.0741417834653666,0.7945503096057944,0.026260102032852,0.765,0.795,0.825,10.529999673366548,9.759998321533203,22.46000075340271,102.77277913780269,143.70536754870682,1.6264578556064713,0.3745858844874023,0.1616065137149968,1.1747315780000398,1.080912861396121,6.191370863803183,2.643480229432716,unmatched_ignored,
1370,15260,0.7983370500100413,0.0894193397709547,0.695,0.825,0.875,0.996770496305132,0.0317082625758835,0.995,0.995,0.995,0.6691734140920277,0.2458603115020043,0.295,0.725,0.955,397,0.0260157273918741,0.7982564535113966,0.0687463347503173,0.785,0.805,0.835,5.6399993896484375,6.439998626708984,22.519999980926517,36.32158832397545,420.1358119002482,1.654185099879329,0.1602319594716962,0.15622035496844,3.083301228697058,1.2210583658477585,17.102908840895598,4.165785619056141,unmatched_ignored,
1371,1265,0.4837646490559276,0.2292173492068715,0.185,0.505,0.775,0.7032146714892783,0.1674949776175267,0.525,0.645,0.985,0.4242506177857412,0.3326556017216941,0.015,0.405,0.865,132,0.1043478260869565,0.3538642339408397,0.2384351704634215,0.185,0.205,0.805,3.5500030517578125,3.909999847412109,8.019999980926514,13.88051139068557,91.1349707798857,0.8676519382719443,0.7701412796220695,0.1890535053312115,1.0724432245192368,0.4490168247942311,5.0127901238415085,2.0756392275724758,unmatched_ignored,
1372,5211,0.763813709755464,0.0976973826373159,0.675,0.785,0.845,0.9716836010693726,0.0763895960204247,0.955,0.995,0.995,0.4598323396690457,0.3123785080191851,0.055,0.445,0.895,287,0.0550758011897908,0.6397302311679628,0.2409000216208311,0.215,0.785,0.825,3.5199966430664062,5.799999237060547,18.320000052452087,20.41597784424084,255.2412644525853,1.0091194640152956,0.3635362679063876,0.1774459075128054,1.259648625096064,0.591265056330129,7.408885817608067,1.6390182726532327,unmatched_ignored,
1373,119,0.314969624384862,0.1778364903436447,0.185,0.215,0.525,0.5938045572833854,0.1066862482576045,0.505,0.565,0.715,0.6183572622219554,0.2833148669443295,0.225,0.675,0.965,63,0.5294117647058824,0.3454257209622671,0.1810397565123584,0.205,0.225,0.525,3.8699989318847656,2.09000015258789,8.00999927520752,8.088298358154134,14.712612558367285,0.8891378623234665,0.6878002120376189,0.1239360183812104,1.720841690679252,0.3531017448662917,3.415868947485916,1.3318006704769132,unmatched_ignored,
1374,13380,0.5376772434833517,0.1875616638893048,0.275,0.535,0.795,0.99873797686378,0.0163087419807883,0.995,0.995,0.995,0.444879221554135,0.3194150199907246,0.045,0.415,0.915,315,0.0235426008968609,0.8049433108360048,0.0243152944254424,0.765,0.815,0.835,9.68999481201172,13.369998931884766,23.750000774860386,129.5552202865656,103.27642506727656,4.008213777238171,1.0967438865235264,0.100385011662682,3.6958883265825055,1.9994436008025749,13.502047741880864,4.750674675744923,unmatched_ignored,
1375,1102,0.4826108904220772,0.2097520173489949,0.245,0.415,0.805,0.9751267422348964,0.0527715009451073,0.935,0.995,0.995,0.4591013993376361,0.3889530348466037,0.015,0.325,0.975,113,0.102540834845735,0.807012586467034,0.015949930537467,0.785,0.815,0.825,6.670000076293945,5.869999885559082,12.169999599456789,39.15289968452453,28.146063481361345,2.5002745771184696,0.4928244900961159,0.0790486703900695,3.7648879543222176,2.1136890587695505,5.84830786473035,1.8728378301286897,fp_counted,0.0
1376,8552,0.6765328032165849,0.1882741186868129,0.345,0.755,0.855,0.9896646189051214,0.0441696407165512,0.985,0.995,0.995,0.6030661542573748,0.2798225179094907,0.185,0.635,0.955,214,0.025023386342376,0.7900960313800339,0.0619561425476042,0.775,0.805,0.815,8.650001525878906,8.239999771118164,16.080000400543213,71.27601059341396,119.98426860313394,2.284715577413844,0.322409681048793,0.1191598794223015,3.263877029465888,1.664264741532544,9.341651179833848,2.6579386010374177,fp_counted,0.0
1377,3981,0.766241872386997,0.0948696397441118,0.695,0.795,0.835,0.9968175762893268,0.0312643462321806,0.995,0.995,0.995,0.6539994486677296,0.2873366727882072,0.165,0.745,0.955,104,0.0261240894247676,0.8117012117917721,0.0149921836611981,0.795,0.815,0.825,6.119999885559082,7.610000610351562,19.049999713897705,46.57320286445611,85.47833851122644,1.2972927089388189,0.4675964637680992,0.20854232790119,1.7682714960971893,0.7824608866771346,9.46854840192258,2.3547856417255404,unmatched_ignored,
1378,919,0.7253590913183412,0.114716707274399,0.645,0.755,0.805,0.9863401527503368,0.0222149648542092,0.965,0.995,0.995,0.4596386771944915,0.3148083834454648,0.035,0.455,0.895,52,0.0565832426550598,0.8004833448391694,0.0263519858947665,0.775,0.805,0.835,2.630000114440918,4.040000915527344,7.5199995040893555,10.625202870178327,86.4924661889845,0.8978614009922847,0.6500932103518015,0.1737265274979395,0.9793337650814784,0.4980156454757352,5.858079619454352,2.5492792918368887,unmatched_ignored,
1379,17200,0.797488071664648,0.0728420525511145,0.715,0.815,0.865,0.9990588661577812,0.0163583668996414,0.995,0.995,0.995,0.6115098306260831,0.271757897529333,0.205,0.645,0.945,313,0.0181976744186046,0.8036318253785276,0.0545082498163747,0.775,0.815,0.825,8.029998779296875,5.7300004959106445,19.100000858306885,46.01189698753296,373.8163632910067,1.8522303087357308,0.2073186597636783,0.1568357715690847,1.7702485680755915,0.956453795898184,14.578069921371547,2.934190995313584,unmatched_ignored,
1380,2458,0.7477450239721404,0.1109027018555653,0.595,0.785,0.845,0.9982885095625024,0.0193450086985209,0.995,0.995,0.995,0.5968702876013274,0.3086597505679049,0.095,0.685,0.945,179,0.0728234336859235,0.796110231783137,0.0157108135262136,0.775,0.795,0.815,5.109992980957031,6.4900007247924805,17.960000038146973,33.16385815009562,74.11682889473802,1.921538733455332,0.5605148383049273,0.1725254900950775,2.261967575651413,1.0328432823261835,11.753855367651116,3.812716770230306,unmatched_ignored,
1381,812,0.5993806670140016,0.2477781961649507,0.135,0.745,0.795,0.6880439975725606,0.1450625082080267,0.535,0.645,0.995,0.5491778400606886,0.2521142129863977,0.205,0.515,0.905,127,0.1564039408866995,0.7085605083605436,0.1760628488730239,0.475,0.785,0.805,4.540000915527344,6.670000076293945,13.169999599456789,30.281806452941964,26.814780725246724,1.6192035645006773,0.5363606353835876,0.2505041533828641,1.1745149965732404,1.3353360160747982,4.217409501008213,3.4888758491087235,unmatched_ignored,
1382,4857,0.7081792520822039,0.1567249861235949,0.455,0.755,0.825,0.9943169224573944,0.0165391638037951,0.985,0.995,0.995,0.4368708924750317,0.3202043825380396,0.045,0.385,0.915,471,0.0969734403953057,0.7999107199869339,0.0228650929527604,0.775,0.805,0.825,10.079994201660156,7.209999084472656,16.71000051498413,72.67674896545941,66.83017703926676,1.705191321300384,0.9698542892065712,0.1346909451701987,1.6313698461046122,1.159623467857565,6.256660182755352,3.0334086975518875,unmatched_ignored,
1383,19741,0.6949165422165746,0.1433652821144343,0.515,0.735,0.825,0.9975743425465496,0.0158646087486431,0.995,0.995,0.995,0.5117595455955158,0.3060621865718411,0.085,0.525,0.925,683,0.0345980446785877,0.7827775383239959,0.0425216036125151,0.705,0.795,0.815,10.350006103515623,13.840003967285156,19.080000162124637,143.24412553408183,137.813679453843,3.021449773661114,0.6943293962880571,0.2867528367051711,2.679759477664001,1.981234672670214,9.63135384339842,4.825057855295381,unmatched_ignored,
1384,1769,0.6974024331421418,0.09607220528911,0.585,0.695,0.815,0.9947019407747828,0.0324610936526587,0.995,0.995,0.995,0.415130122545813,0.3134339193407711,0.045,0.335,0.875,196,0.1107970604861503,0.8092911200863975,0.0139260076430872,0.795,0.815,0.825,5.590000152587891,3.84000015258789,13.769999980926514,21.465601438903832,82.41092172679119,1.3371575614793858,0.3606556924293455,0.1389923035276074,1.7771312556583292,0.8304432324957761,5.866039404227546,2.796099599012455,unmatched_ignored,
1385,885,0.4814102990394932,0.2289739358967537,0.185,0.455,0.765,0.6520482210789696,0.18167894905583,0.515,0.565,0.995,0.3781848229027529,0.2931695931728935,0.035,0.325,0.835,205,0.231638418079096,0.6152682618397038,0.2206443767350656,0.195,0.755,0.785,3.959999084472656,6.849998474121094,11.120000839233398,27.125987686158624,32.62554013661159,2.2855744209965705,0.8405521692038047,0.5263361712945289,1.5004418693530452,2.1110218442120354,3.6587106784184775,1.6300573102675406,unmatched_ignored,
1386,16415,0.5406080248874297,0.209675617721679,0.235,0.545,0.815,0.9777590645111228,0.0648653604102974,0.935,0.995,0.995,0.5550625680930009,0.3089517477021364,0.085,0.605,0.935,622,0.0378921717940907,0.7984067216707196,0.0375727499929907,0.765,0.805,0.825,5.529998779296875,13.529999732971191,23.949999809265137,74.82088200721773,219.390624109677,2.067360510684933,2.994816862293314,0.2219581590567607,2.954589281166228,1.6876450470847384,14.425948220732876,6.382438797000939,unmatched_ignored,
1387,35348,0.5926008880083806,0.2019758472919496,0.245,0.655,0.805,0.89714116425661,0.1329373517267899,0.665,0.965,0.995,0.4614942133063167,0.3117548752443318,0.055,0.445,0.905,2105,0.0595507525178227,0.7308173990447844,0.1792934633490279,0.465,0.795,0.825,9.93999481201172,11.500000953674316,21.86000084877014,114.30994981765252,309.229424528549,2.708751082058996,1.5999878580277358,0.5443233584421615,1.9172733990186204,1.3826553667125243,10.014779051061485,4.780672320215629,unmatched_ignored,
1388,694,0.63161073036771,0.1905410817290625,0.365,0.695,0.815,0.975148943384374,0.0640102169871677,0.925,0.995,0.995,0.5327762612572775,0.3252632447560887,0.135,0.565,0.955,106,0.1527377521613832,0.7644211596475458,0.1112639152156427,0.505,0.805,0.825,5.75,9.44000244140625,19.06000018119812,54.28001403808594,12.785553067710156,1.5076419266156025,0.5020999561228027,0.1490516582431778,2.1790326390364214,1.4767349054544878,6.2479667388740125,3.0687540595591325,unmatched_ignored,
1389,5313,0.7688692383525647,0.0954821033100456,0.685,0.795,0.835,0.9971109025002244,0.028324265184175,0.995,0.995,0.995,0.6148371530480008,0.2973830918817082,0.135,0.675,0.955,198,0.0372670807453416,0.7941982400688258,0.0603450983072911,0.775,0.805,0.825,6.230003356933594,6.3600006103515625,16.339999675750732,39.62282515258994,134.08937852208442,1.335216154453736,0.2658124304930073,0.0899541594392612,1.7619477790426037,0.9411885346241776,11.089154900230977,3.310882036609576,unmatched_ignored,
1390,5909,0.764157132413771,0.089102637054293,0.675,0.785,0.835,0.9982700465314176,0.0175583120096772,0.995,0.995,0.995,0.4499181918980723,0.3115734128299737,0.055,0.405,0.905,220,0.0372313420206464,0.7937966499138962,0.0522888475629418,0.775,0.805,0.825,5.579994201660156,5.939998626708984,15.72999906539917,33.145157894905424,178.2764172895445,1.4177692746345545,0.3674842507117124,0.1341411217527375,1.355471275718915,0.7743258160304413,9.619543686970616,3.0270586245739475,unmatched_ignored,
1391,5003,0.6202187099958119,0.2212814002057549,0.255,0.725,0.835,0.9861381514749598,0.0622570331518691,0.985,0.995,0.995,0.5238879564934132,0.3170530655392689,0.075,0.565,0.925,121,0.0241854887067759,0.8087763136083429,0.0141363095936894,0.785,0.805,0.825,4.6199951171875,7.629999160766602,15.930000364780426,35.25055886688642,141.92682785235797,1.9170056863036509,0.7769905618984813,0.1930917795585552,1.8296957783389445,1.4119274738750671,7.7619840968269935,3.6531298343161818,unmatched_ignored,
1392,722,0.4462884255888719,0.2347298721324319,0.165,0.465,0.705,0.9582343705803404,0.0859996027636427,0.885,0.995,0.995,0.5288893745860138,0.3302442105869413,0.065,0.545,0.945,108,0.149584487534626,0.669719697424659,0.0519496285255248,0.595,0.675,0.725,5.409999847412109,7.520000457763672,14.47000002861023,40.68320132904046,17.746882654601283,2.048764793456696,1.3344407350033742,0.567194394954969,3.133961871833155,1.4160559458732247,6.796670378245145,4.420384658945066,unmatched_ignored,
1393,19442,0.80181618622049,0.0878463892128913,0.715,0.825,0.875,0.9994915089524096,0.0123974448989819,0.995,0.995,0.995,0.6580245512028015,0.250258581279659,0.285,0.705,0.955,346,0.0177965229914617,0.807528447209066,0.0171313411448494,0.785,0.805,0.825,10.040000915527344,8.279998779296875,23.55999982357025,83.13119532470591,233.8712913252433,2.2820610514349813,0.192196875323642,0.0824118024373223,2.2204834990359505,1.1672085281321525,18.669753491696092,3.862626717049248,unmatched_ignored,
1394,3887,0.4984946087163765,0.1843503284955313,0.255,0.475,0.745,0.9966603364648812,0.0207950690491368,0.995,0.995,0.995,0.4200604553859102,0.2945412492808953,0.065,0.365,0.865,136,0.0349884229482891,0.8047642046037842,0.0186773273867073,0.785,0.805,0.835,13.020000457763672,9.959999084472656,21.259999871253967,129.67919263915974,29.97396822800875,2.6397549787688885,0.7424747637992882,0.1950366453250079,3.952004584740634,1.7614150143137752,11.015594776883695,3.2219134890957632,fp_counted,0.0
1395,5888,0.7520795314618305,0.0934459801215606,0.645,0.775,0.835,0.9955423591840687,0.0279814763764426,0.995,0.995,0.995,0.4861519216043807,0.2989503549215034,0.085,0.475,0.905,342,0.0580842391304347,0.8075727607771667,0.0206726870525797,0.785,0.815,0.825,6.259998321533203,5.549999237060547,17.540000438690186,34.74298590850958,169.47305610131383,1.6968522576503933,1.0392728547181769,0.2023950602409494,1.5569883371149564,0.9037173314516808,10.188739002036924,3.634698426530466,unmatched_ignored,
1396,6492,0.7838216910869783,0.123766839611204,0.585,0.835,0.875,0.9986712452223914,0.019005120519071,0.995,0.995,0.995,0.6329273168776911,0.3170825459416019,0.105,0.725,0.975,259,0.0398952556993222,0.7984019239436706,0.0179801524610781,0.775,0.805,0.815,6.3600006103515625,8.080001831054688,20.90999960899353,51.38881657714956,126.33098857712788,2.199965936560379,0.1756021344438726,0.0915277668219822,2.1578169351973715,1.5250860178194148,14.78830065331706,4.551195628557572,unmatched_ignored,
1397,11651,0.7573791960118902,0.1123472160247127,0.595,0.795,0.865,0.9991704396511514,0.0157544637741962,0.995,0.995,0.995,0.5509991199602954,0.3330461592314019,0.065,0.605,0.965,402,0.0345034760964724,0.8036626876883246,0.0195899124618915,0.775,0.805,0.825,6.420000076293945,7.980003356933594,20.639999985694885,51.23162216033961,227.41813568845944,1.82207524757028,0.1469636425827901,0.075876425672305,2.4835300953427195,1.308711679294491,15.095930692482154,3.932154386168364,unmatched_ignored,
1398,6326,0.7898989735819562,0.1013927016254169,0.715,0.815,0.865,0.9730640102273258,0.0838191018266205,0.935,0.995,0.995,0.4522163642793481,0.3076381794725664,0.055,0.405,0.915,203,0.0320897881757824,0.8051598239414798,0.0727521862381685,0.795,0.815,0.835,5.8600006103515625,6.710002899169922,13.959999561309814,39.320621084596496,160.88250453597627,1.396849276256323,0.3850865739632589,0.1479423171203515,1.3660185400948937,0.6598679162805695,9.192751282698278,2.576871645837965,unmatched_ignored,
1399,8375,0.7347234719440119,0.1134190755671546,0.585,0.755,0.845,0.9913891264004494,0.0528189224712517,0.995,0.995,0.995,0.4877411470726636,0.309136332421222,0.075,0.485,0.915,177,0.0211343283582089,0.7928378402681674,0.1026190722381728,0.775,0.815,0.835,5.980003356933594,6.260002136230469,14.62000036239624,37.43483378906967,223.7221099254715,1.7358101192588264,0.4109612802679974,0.1591850622019583,2.0338655442711806,1.3285545338094356,10.01321602553396,2.8027303628808204,unmatched_ignored,
1400,3377,0.7605432861164402,0.0746403827385376,0.695,0.775,0.825,0.8428396695035076,0.1007888735009505,0.695,0.865,0.955,0.4896243519490245,0.2782900787025321,0.115,0.465,0.905,70,0.0207284572105419,0.7645382463932038,0.0640318332918647,0.655,0.795,0.835,4.1399993896484375,3.820003509521485,6.660000801086426,15.814812197873836,213.53399317976147,0.9383565586789608,0.397646842452463,0.5365040144826783,1.7270948149266814,0.5213716999308635,7.142749909716384,0.9801322218548424,unmatched_ignored,
1401,2567,0.7784767523001593,0.1433720148441846,0.735,0.815,0.855,0.9948324892462392,0.0184390861956874,0.985,0.995,0.995,0.5792981541753452,0.292488433689008,0.125,0.625,0.935,439,0.1710167510712894,0.8009734715850587,0.0259532189235893,0.755,0.805,0.825,9.919998168945312,10.280000686645508,20.390000581741333,101.97758798828,25.17219764302543,1.8076569695879163,0.385627132740271,0.1382864529503087,1.1258520235147396,1.475779814822994,6.276224997914808,2.8537836788185555,unmatched_ignored,
1402,2134,0.39014599365623,0.2702170510220882,0.145,0.235,0.785,0.9623802036689394,0.067512563671316,0.865,0.995,0.995,0.500763454517278,0.3038095721608467,0.065,0.525,0.905,66,0.0309278350515463,0.8113605258139697,0.0448908458816759,0.795,0.815,0.845,6.769996643066406,11.079998016357422,20.979999542236328,75.01154937592219,28.448952431383702,4.13883758885856,0.9947879343506436,0.1555463142201611,5.792826625256256,3.941367637837412,11.303202308469992,5.767846243751141,unmatched_ignored,
1403,50515,0.382360927253227,0.1524078366593069,0.185,0.375,0.595,0.9865525711176244,0.0687911029202617,0.995,0.995,0.995,0.5277469873711482,0.292908322947419,0.105,0.545,0.915,365,0.0072255765614174,0.7187492968080795,0.1609188004383706,0.475,0.795,0.825,14.150001525878906,31.12999725341797,18.949999690055847,440.4895086364704,114.67923528160416,2.504436247239476,0.731004650927674,0.7537295139773725,6.531437877840001,1.7929311572127946,11.03018200250589,3.1399893130852057,unmatched_ignored,
1404,1384,0.6628139719765397,0.1588874124516794,0.455,0.725,0.815,0.8853716007030079,0.1664094354377558,0.595,0.995,0.995,0.5335000382745662,0.2895804279793726,0.155,0.555,0.935,167,0.120664739884393,0.6186290232096604,0.2130426386377185,0.215,0.755,0.805,4.460002899169922,5.930000305175781,15.84999942779541,26.447818553162502,52.329457615494256,1.6764358754568665,0.8880205589200078,0.2889857019466671,1.8585792400130117,1.1352676676926468,7.019232529522367,3.2794360916311507,unmatched_ignored,
1405,8237,0.5837190111845105,0.1458705505447687,0.385,0.605,0.765,0.9612319395425496,0.1124311493032718,0.855,0.995,0.995,0.6023358708228626,0.293990347414701,0.165,0.675,0.945,459,0.055724171421634,0.7483590234533634,0.1159171229315032,0.675,0.785,0.815,6.349998474121094,6.869998931884766,18.22999918460846,43.624482734681806,188.8159923888684,1.9191489747414403,1.1269318168492706,0.4474441635557762,3.668739577328592,1.720346256963124,11.2786464971131,4.5387892425017045,unmatched_ignored,
1406,5948,0.6498885140744888,0.1839880680941758,0.355,0.705,0.845,0.9987678934983464,0.0139778984017629,0.995,0.995,0.995,0.5483477604766724,0.313066185606336,0.105,0.605,0.945,100,0.0168123739071956,0.7992876493930816,0.0214378498641829,0.765,0.805,0.825,5.819999694824219,6.630000591278076,17.0099995136261,38.58660141792279,154.1467706776907,1.834734250211748,0.7453145965315496,0.1997191569175691,1.751333885988772,1.2855341008856156,9.060046400807211,2.672238767129719,unmatched_ignored,
1407,1990,0.6486202553738302,0.1747701088901958,0.365,0.725,0.805,0.996991863172857,0.0213290366988063,0.995,0.995,0.995,0.6270486407995752,0.2869473488547274,0.155,0.705,0.955,72,0.036180904522613,0.8075559122694863,0.0113995646697626,0.795,0.805,0.825,7.4499969482421875,6.999999523162842,15.259999960660934,52.14997508525994,38.15917451056402,2.4354649619206072,0.8364455550047177,0.2010816958674542,1.487895257534061,1.4870950669255791,6.499817171318448,2.415009308340709,unmatched_ignored,
1408,711,0.6890443193656818,0.2260605644703876,0.215,0.795,0.825,0.9286889214220596,0.0901820210101056,0.805,0.965,0.995,0.6487453944055015,0.3138634299887874,0.075,0.765,0.965,348,0.4894514767932489,0.7980594455168165,0.0637166343309877,0.785,0.805,0.825,6.5,5.459999084472656,14.070000052452087,35.489994049072266,20.033815700754847,2.1986401885632154,0.5508587370293797,0.1087530962179625,1.3107626286445726,1.990490269299176,3.025018365238957,3.2103941851437674,fp_counted,0.0
1409,2398,0.7291066474758953,0.1258095715588884,0.585,0.775,0.835,0.9840705721352476,0.0610037702660258,0.985,0.995,0.995,0.4544655537799953,0.3249001861205312,0.045,0.415,0.905,244,0.1017514595496246,0.8083551352629896,0.0250627823001171,0.785,0.815,0.825,7.869998931884766,5.679998397827148,16.850000381469727,44.70158132400684,53.64463468571216,1.5105327717005683,0.3392679035800476,0.113876566162046,1.5983470276660054,1.3070286200909036,7.076066636673802,3.0757078293798075,fp_counted,0.0
1410,3460,0.7425077662151846,0.1323040171100908,0.535,0.785,0.865,0.9448470985441538,0.1358246349781827,0.655,0.995,0.995,0.5779503782797266,0.2580070788220461,0.205,0.595,0.915,187,0.0540462427745664,0.6821191471249344,0.1944351018328231,0.475,0.795,0.815,8.849998474121094,12.40999984741211,20.93999969214201,109.82847971344016,31.503668347478595,2.560757342822209,0.3569828586241823,0.2091319754725305,2.976715928811173,1.5361056293597255,15.66880073350978,5.555842780370635,unmatched_ignored,
1411,2105,0.5898112722431396,0.2531657901391919,0.195,0.725,0.825,0.6628057265225046,0.1264764376771092,0.515,0.635,0.855,0.6574093875788733,0.2692846494633718,0.165,0.735,0.935,946,0.4494061757719715,0.7041010568450041,0.2094291609797472,0.235,0.805,0.835,3.510000228881836,3.829998016357422,12.31999969482422,13.443293914031528,156.5836478367026,0.828951420343154,0.5728891290649757,0.394514757987131,0.527178540274046,0.3039307652948092,3.5826274950685524,1.6349867486283318,unmatched_ignored,
1412,3248,0.7655895259277207,0.0961564517390852,0.675,0.785,0.845,0.973848609097779,0.0360355134776232,0.935,0.985,0.995,0.4854456955550371,0.3276603262692082,0.035,0.515,0.915,390,0.1200738916256157,0.8105634164351684,0.0556539812964573,0.785,0.815,0.835,4.440000057220459,5.8899993896484375,10.339999198913574,26.15159762706753,124.1989130575427,1.1624107439467768,0.5605785733292576,0.1894525908006913,1.4531613982957752,0.8109451235425392,5.4195061714154456,2.319559221285291,unmatched_ignored,
1413,8316,0.7545176195845316,0.0577844559432011,0.695,0.755,0.815,0.9727937364704394,0.0627263190514785,0.945,0.995,0.995,0.4127723909271688,0.3018159383840171,0.055,0.345,0.875,926,0.1113516113516113,0.7892464220395099,0.025989367487628,0.755,0.795,0.815,4.520000457763672,5.9199981689453125,13.089999675750732,26.758394433592912,310.7809783071275,1.5328738952778451,0.5740181469300075,0.3589800542999918,1.1309843611248256,0.5773029495926321,4.683838220328422,2.068736597829536,unmatched_ignored,
1414,5438,0.7152079006464506,0.1508815921605682,0.535,0.755,0.835,0.9958386770413614,0.0195213472957335,0.995,0.995,0.995,0.4627584906044187,0.3123225855154529,0.055,0.435,0.915,414,0.0761309304891504,0.8072570243463424,0.0306450462759041,0.785,0.805,0.835,6.129997253417969,5.380001068115234,15.25999927520752,32.979391770932125,164.8908517710453,1.7106752171919508,0.3509188409143328,0.1198077059367781,1.859163118598971,1.187673573493474,6.745734452620374,2.873699046330648,unmatched_ignored,
1415,1693,0.6605200108582989,0.2072684482298143,0.215,0.725,0.815,0.9919340793226008,0.0163834407853652,0.985,0.995,0.995,0.4611553801064278,0.3198461619311889,0.045,0.445,0.905,307,0.1813349084465446,0.8049061323610113,0.020211808985001,0.785,0.805,0.825,5.6199951171875,4.350000381469727,15.120000839233398,24.446980903623626,69.25190503785508,1.3585141365765925,0.550319853617602,0.1195750987369838,1.121837862978479,0.7133904671139825,5.012496985297054,3.803588285385143,unmatched_ignored,
1416,1650,0.4342062254182317,0.2394300626781059,0.145,0.415,0.745,0.7716111660003662,0.1808538121061545,0.535,0.765,0.995,0.3934360961021968,0.3018606890006068,0.025,0.355,0.815,221,0.1339393939393939,0.6010592327330986,0.2440232188651231,0.215,0.745,0.785,7.770000457763672,5.219999313354492,11.110000610351562,40.55939705429046,40.68107811838045,1.65922797762075,1.184203618474456,0.3159438987048267,1.566529701841603,1.1270993193284398,5.765106946482803,2.965408516719518,unmatched_ignored,
1417,10233,0.7489045174208296,0.1043014366441701,0.615,0.775,0.845,0.9946132925648756,0.0368997487382461,0.995,0.995,0.995,0.4822479259244721,0.3119087023230876,0.065,0.485,0.915,209,0.0204241180494478,0.7977240718722913,0.0332822088671918,0.755,0.805,0.825,5.659999847412109,7.980001449584961,15.820000410079956,45.16680698699929,226.5601817490761,1.5482758423808836,0.5030742101621447,0.0906259540739087,2.204579325835685,0.9707265000537064,11.58196141443026,2.4797607485773896,tp,1.0
1418,9422,0.7945827943957098,0.0845343091664461,0.715,0.815,0.865,0.9895653908380756,0.0571483651682121,0.995,0.995,0.995,0.4992675568979354,0.3134564768026972,0.065,0.485,0.945,352,0.0373593716832944,0.8075872663493183,0.0531871498256493,0.795,0.815,0.835,6.520000457763672,4.700000762939453,17.940000534057617,30.64400712585484,307.4663167027692,1.4740388591704092,0.2237056657052394,0.1526132530891276,1.9193590671384844,1.0640415036358408,12.249032772399012,3.7258317042790288,tp,1.0
1419,848,0.6893180242897767,0.1890133139809222,0.245,0.765,0.805,0.7456211534170609,0.1203309865263228,0.575,0.745,0.905,0.3428563196852132,0.2735369163459278,0.035,0.295,0.825,106,0.125,0.6239129914990011,0.2667715109645684,0.225,0.805,0.825,4.709999084472656,3.1100006103515625,13.350000381469728,14.648100027465262,57.89146704418974,0.8362378747847008,0.224173123358739,0.1139566308450426,0.6272067400336643,0.4764713107020118,2.168169951804404,1.6080034478080265,tp,1.0
1420,1328,0.7824765370249838,0.0817580982969848,0.705,0.805,0.845,0.968206304428448,0.0318854401736651,0.925,0.975,0.995,0.5160571509858506,0.3385530538719842,0.035,0.635,0.915,257,0.1935240963855421,0.8109454885994878,0.0157071488934936,0.795,0.805,0.835,4.430000305175781,3.909999847412109,14.820000171661375,17.321300517272903,76.66860803412023,1.0607600220525948,0.2416005773443582,0.1090656689090155,1.190067125439197,0.8113087333323428,5.284467056460948,2.1227260094358043,unmatched_ignored,
1421,3804,0.7857388473447847,0.1022877807975594,0.715,0.815,0.855,0.9722519251042988,0.0634901417336499,0.885,0.995,0.995,0.5303771890941997,0.3118893838060248,0.085,0.545,0.935,428,0.1125131440588853,0.7958273429458387,0.0940513981926245,0.795,0.815,0.835,5.4199981689453125,7.049999237060547,14.769999980926514,38.210982955934014,99.55252929208548,1.2338696727224232,0.334973580028429,0.1735002486720253,1.1191985003901943,0.7426136961900938,7.651245247705846,3.585726647345409,unmatched_ignored,
1422,10499,0.6341660863794659,0.1031732850531746,0.515,0.635,0.765,0.9997668181536186,0.0023993689437218,0.995,0.995,0.995,0.4651560546232606,0.3200418035017444,0.035,0.465,0.915,161,0.0153347937898847,0.8062795085936599,0.0117266390789999,0.795,0.805,0.815,10.069995880126951,8.549999833106995,20.25,86.09846309447357,121.94178180021314,2.2095312200954127,0.409831253837832,0.0998541125317668,3.639475429070276,1.2100010565102313,10.796378221165192,3.4178608597665123,tp,1.0
1423,18750,0.7885898665205637,0.0966457465836678,0.665,0.815,0.865,0.9993670211283366,0.0137863131524925,0.995,0.995,0.995,0.5032527540572057,0.3054272236637451,0.085,0.495,0.925,409,0.0218133333333333,0.8033696695761459,0.0177005708837472,0.785,0.805,0.825,7.229999542236328,7.990001678466797,20.00999927520752,57.76770847778244,324.57579665309527,1.89573367627766,0.1323034314385262,0.0714515651649018,2.249583123106572,1.3171387108107755,14.930976303634644,3.30071062042873,tp,1.0
1424,5438,0.7295920242154343,0.1086036694795622,0.585,0.755,0.845,0.9957301059971404,0.0364231096974379,0.995,0.995,0.995,0.5890954260209622,0.2949817354691782,0.105,0.645,0.935,296,0.054431776388378,0.80472800236296,0.0178165665166471,0.785,0.805,0.825,7.340000152587891,6.160001754760742,18.6299991607666,45.21441381988552,120.27138119411693,1.609269837848556,0.2411108971653296,0.0978523664137312,2.68207232844136,1.519058942107111,11.43066314858038,4.88230089637928,tp,1.0
1425,16372,0.525094132665877,0.176528657008962,0.275,0.545,0.765,0.9980216979791156,0.0237807273501424,0.995,0.995,0.995,0.6582523021454763,0.2832808040662342,0.185,0.745,0.965,236,0.0144148546298558,0.8030266011670485,0.0173683488022214,0.785,0.805,0.825,16.68000030517578,5.979995727539063,21.170000791549683,99.74633056030144,164.1363637943788,3.74557040582378,3.955205849235904,0.1484445104736782,4.258718372049118,3.9611575296030495,16.863851942951595,5.492882826225922,unmatched_ignored,
1426,89781,0.5713862831837107,0.2369951859358904,0.225,0.615,0.855,0.9947794420023842,0.0444375286614203,0.995,0.995,0.995,0.5341638876515444,0.2970280075063988,0.105,0.555,0.925,654,0.0072843920205834,0.7853782551095391,0.1055380150884171,0.765,0.815,0.825,12.350000381469728,13.580000877380373,37.13999938964844,167.7130160160068,535.325177095564,3.805859958954362,0.3255304801277951,0.3107344176157325,4.991636080956025,2.458660745636587,16.45083373966327,3.346607101459413,tp,1.0
1427,6374,0.6731218665570563,0.1994370435042713,0.295,0.745,0.835,0.9749013332782736,0.0769463429937329,0.945,0.995,0.995,0.4188871290285989,0.3171802680930305,0.035,0.365,0.885,200,0.0313774709758393,0.6818002452887595,0.195847612953798,0.235,0.795,0.825,11.880000114440918,9.160000801086426,18.75,108.82081056518564,58.57335528834219,2.699207686358485,0.8449387425840718,0.5947242446555597,2.057168539895141,1.8078311351428549,8.552751333487244,3.613339139535112,fp_counted,0.0
1428,20118,0.7698971074626689,0.0805151197901248,0.675,0.785,0.855,0.9969108312572492,0.0305632726019358,0.995,0.995,0.995,0.6886787445784756,0.2478097902212044,0.295,0.755,0.955,367,0.0182423700169002,0.7954124077870346,0.088091984206542,0.785,0.815,0.835,8.099998474121094,5.580001831054688,23.88000011444092,45.19800631713588,445.10812841699794,1.970941246330587,0.2000201749137303,0.2182616635396386,3.1106739434812734,1.0666226445418776,18.56831750487319,4.01911765579276,unmatched_ignored,
1429,1072,0.5547120532007026,0.2538774917370092,0.175,0.705,0.805,0.7757068697307536,0.1377797434203174,0.575,0.795,0.945,0.384303102812099,0.3332350798244157,0.035,0.235,0.905,234,0.2182835820895522,0.5945791510435251,0.2410269089677769,0.195,0.565,0.825,3.34000015258789,5.530002593994141,21.37999963760376,18.47020950775186,58.039406621245234,0.8848537619066219,0.4112793919060117,0.1414413988870904,1.0733572037655843,0.6056108611379671,2.4832775832445764,1.8994517680754868,unmatched_ignored,
1430,244,0.4556115634861539,0.2287242406995074,0.175,0.485,0.755,0.5791122871832769,0.0791234408425363,0.505,0.565,0.685,0.4839735014319274,0.306716587967882,0.055,0.485,0.915,61,0.25,0.5299583435302875,0.2143375727070119,0.215,0.525,0.815,6.330001831054688,4.539999485015869,10.350000858306885,28.73820505313779,8.490439801262355,1.901683068473504,1.6538885995671226,0.4861875641876573,0.8193497643318417,0.607185114947849,2.8006454105259944,1.3120882307119588,fp_counted,0.0
1431,12054,0.7130838579989467,0.1517889754369955,0.515,0.765,0.855,0.9952817526458212,0.0355761441524469,0.995,0.995,0.995,0.4705569501294718,0.3049231343026365,0.065,0.465,0.905,227,0.0188319230131076,0.8075904914461044,0.0291962704367449,0.785,0.805,0.835,8.749996185302734,11.43000030517578,18.50999927520752,100.01245906829718,120.52498370996442,2.534259412707168,0.5790843866112754,0.2299182561643656,2.324790340604145,1.5129107482715871,10.354196692649872,2.455477067855928,unmatched_ignored,
1432,5846,0.2762200180001447,0.116965417506517,0.145,0.265,0.395,0.9947717657266232,0.0390370045904179,0.995,0.995,0.995,0.4124056470705337,0.2768110808627575,0.065,0.365,0.835,115,0.0196715703044816,0.7549779564142227,0.1612128416004982,0.755,0.805,0.825,10.870002746582031,11.30999755859375,18.899999618530277,122.93970452575012,47.55176549798471,3.1904764589590022,1.4120758598792296,0.262661849296549,5.925364745775979,2.0841798142631367,12.801884405506094,2.9786051187492597,unmatched_ignored,
1433,1635,0.6466785748754073,0.2333972543408415,0.205,0.765,0.835,0.6561360315080812,0.1093711128643978,0.535,0.635,0.765,0.2887853895794435,0.2962441311563097,0.015,0.165,0.825,125,0.0764525993883792,0.8121075650453567,0.0915202251830423,0.805,0.835,0.845,4.260002136230469,3.6399993896484375,11.079999923706056,15.506405175779946,105.4402991193452,0.8960198467579115,0.4965810461748364,0.275828365727493,0.5786704030425549,0.3739324719164414,5.054474667489346,1.9094991068061071,unmatched_ignored,
1434,1682,0.6468259277448998,0.2336874019715209,0.215,0.775,0.835,0.7904557996428395,0.148606837480842,0.585,0.785,0.995,0.4316307277082629,0.3279932075865318,0.035,0.405,0.895,385,0.2288941736028537,0.772614126991142,0.1089048448943072,0.535,0.805,0.835,8.889999389648438,5.75,12.269999504089355,51.11749649047852,32.90458483844765,1.4360935175022636,0.9724346583019776,0.2919319227092196,0.8903997148317063,0.9503081740442082,4.767545655148279,2.8532785564406367,unmatched_ignored,
1435,808,0.7301692265168865,0.1592460564443428,0.545,0.775,0.855,0.7977419316326038,0.1597336397817939,0.585,0.775,0.995,0.4627364980955066,0.2849075789509748,0.055,0.485,0.855,106,0.1311881188118812,0.7680659558413163,0.0190096722136719,0.745,0.765,0.795,5.329999923706055,4.3899993896484375,14.190000474452972,23.3986964118958,34.53183826040908,1.0804161621619626,0.4136812764617446,0.1211462114782497,0.9225077663259272,0.5567448592718195,5.537086843632825,3.1368482880239994,unmatched_ignored,
1436,5005,0.6724791843031015,0.164248034489112,0.415,0.735,0.825,0.9817480107049248,0.0635358858715853,0.955,0.995,0.995,0.4253717005206144,0.3078744421309401,0.055,0.355,0.885,430,0.0859140859140859,0.7836193139123362,0.116115169863786,0.755,0.815,0.835,7.1399993896484375,10.9399995803833,18.260000944137573,78.11159032669093,64.07499807733116,1.7173918949336775,0.8361091863241573,0.4911003948097339,1.895101642317192,1.151873520420238,9.13839872803364,4.109558800270683,unmatched_ignored,
1437,3752,0.7016604287402907,0.0977342881915392,0.585,0.715,0.805,0.9799003176756506,0.0811691079775765,0.985,0.995,0.995,0.6529379925189155,0.2688832557587703,0.235,0.735,0.945,99,0.0263859275053304,0.8086839375471828,0.0464749845321684,0.795,0.815,0.835,5.619998931884766,7.060000419616699,20.079999446868896,39.67719481735185,94.56313676588736,2.534950450651088,0.3254843303869141,0.0795507059627104,3.140940527463028,1.1952566296456877,12.24120995196611,5.014892250185394,fp_counted,0.0
1438,15096,0.7818411001644409,0.0712225168218023,0.685,0.795,0.855,0.9961812402648336,0.0220637462203556,0.995,0.995,0.995,0.5572356792466595,0.2713032739654329,0.175,0.575,0.915,265,0.0175543190249072,0.797874441461743,0.0218210723572483,0.775,0.795,0.825,7.889999389648437,6.959999561309815,18.57999992370605,54.91439229068783,274.9006111201184,1.6695491491040797,0.1583839282598823,0.0578280563978932,2.752597312064489,0.9613318734271118,10.849863082731156,2.531231685222616,tp,1.0
1439,5730,0.2889485661128949,0.2940748403735168,0.095,0.115,0.795,0.9155874425932168,0.1453488804604574,0.655,0.995,0.995,0.496072937970667,0.287313838786748,0.105,0.495,0.895,444,0.0774869109947644,0.7661039033770427,0.1367745408876902,0.745,0.805,0.835,14.799999952316284,18.55000305175781,21.390000820159912,274.5400442814825,20.87127222185883,5.770589962654877,0.8757102095141501,0.4147190907028007,7.70749880983892,4.808916778752715,12.227691660964467,5.672218147154307,unmatched_ignored,
1440,23376,0.7957551184231141,0.1100179830710172,0.685,0.825,0.875,0.9747712668477672,0.0871349662646746,0.975,0.995,0.995,0.6136836282528649,0.2794824173294921,0.175,0.675,0.945,547,0.0234000684462696,0.8112019406975515,0.048460218148757,0.785,0.815,0.845,6.360000133514404,10.559999465942385,21.910000801086422,67.16159801330559,348.0560423140752,2.288478772138625,0.5319737070330566,0.1260270519602682,1.9238609432401157,1.156318587213458,15.977803967273516,5.232018644041141,tp,1.0
1441,14302,0.7492547867632907,0.1103341548698664,0.605,0.785,0.845,0.9539080552330652,0.0901639496005568,0.855,0.995,0.995,0.3841117313426709,0.2911446192570945,0.045,0.315,0.835,219,0.0153125437001817,0.7913332126320225,0.1085201748079697,0.785,0.815,0.835,8.489999771118164,9.619998931884766,17.03000044822693,81.67378872985864,175.11125934545285,1.77684364044551,0.888974853090844,0.2182857297310668,1.4145543992892553,0.9027861849128426,7.010704117756659,1.5852747242505727,tp,1.0
1442,205,0.4842140131970731,0.2618712521598566,0.205,0.505,0.815,0.6531520296887654,0.1002659618353116,0.525,0.635,0.795,0.7839972745718026,0.1863776083607196,0.585,0.835,0.955,113,0.551219512195122,0.3756478778292647,0.2539925385545634,0.195,0.215,0.815,0.7000045776367188,2.239999771118164,7.210000991821289,1.568010093687917,130.73895431237025,0.638891188987508,0.4498095554155083,0.2223214147984216,0.5205693501073531,0.3607194888490296,3.2844291806221007,2.180393171874086,unmatched_ignored,
1443,758,0.5545454082425714,0.1953545251718096,0.195,0.585,0.785,0.6975830859433378,0.1348986188824159,0.515,0.695,0.875,0.3974976202621904,0.2748516048303882,0.095,0.305,0.855,78,0.1029023746701846,0.7113387459554733,0.1795577270401762,0.495,0.795,0.805,4.710006713867188,4.449999809265137,11.239999771118164,20.959528978346498,36.16493485054447,1.3928632923748807,1.3373646143841564,0.6456999657666284,0.5474535360213271,0.3030571088938924,3.8048243197098888,1.6666502524442528,fp_counted,0.0
1444,308,0.5029797990891066,0.216435526152066,0.185,0.485,0.785,0.5973247003245663,0.0911979717161038,0.515,0.565,0.715,0.5174747378166232,0.2544183709748709,0.185,0.505,0.895,68,0.2207792207792207,0.5653339018497396,0.1847085281709547,0.215,0.515,0.805,3.4399986267089844,3.659999847412109,7.370000228285789,12.590394448852749,24.46309376971627,0.9272645423165206,0.5523354289097742,0.1903885984096268,0.8442933930506796,0.4325822163837836,2.7829217736597185,0.6124063304939129,fp_counted,0.0
1445,497,0.6147351788518055,0.1831244897691119,0.345,0.675,0.795,0.7299744799823109,0.1438852012657657,0.535,0.725,0.945,0.4173868547904144,0.3107473488437782,0.045,0.365,0.865,113,0.2273641851106639,0.7035835394553379,0.1753357662342097,0.495,0.785,0.805,4.569999694824219,4.3899993896484375,5.079999923706055,20.062295870971862,24.77283772487421,1.390943502618304,1.028327977691167,0.2290254683041938,1.3447019183566706,0.859016371783371,3.985130567665791,1.444118557831778,fp_counted,0.0
1446,961,0.7625336516939266,0.1316076238285153,0.605,0.815,0.845,0.9791436912365932,0.0711724082195913,0.975,0.995,0.995,0.6672765537481038,0.2788015550649054,0.245,0.675,0.975,164,0.1706555671175858,0.7955070524135741,0.1041339167744233,0.795,0.815,0.825,4.679998397827148,5.060005187988281,21.080000162124637,23.68081617278221,40.58137156203826,1.4310237533592682,0.3704430038614016,0.0717822453285954,1.5793616605070544,1.4232706164966873,7.242379456045228,3.785975904886397,unmatched_ignored,
1447,974,0.5804676761357324,0.2401254829512622,0.185,0.705,0.825,0.860963446587263,0.1875614305489043,0.555,0.995,0.995,0.6235218061155748,0.3430703881256902,0.065,0.795,0.955,70,0.0718685831622176,0.3444825048957552,0.1467825769591135,0.195,0.435,0.485,6.350000381469727,5.310005187988281,18.560000002384182,33.71853496933181,28.88618977324748,2.131111999555368,0.551805818677361,0.1356462395440136,2.320455229076576,1.0949652881734648,7.376438567372808,4.168267308238876,unmatched_ignored,
1448,8335,0.7975128140897184,0.076089451309637,0.725,0.815,0.865,0.996934336899424,0.0252998628268074,0.995,0.995,0.995,0.6218569298676367,0.288607817420028,0.165,0.685,0.955,335,0.0401919616076784,0.8035839063907737,0.0410305389919245,0.785,0.805,0.825,8.210000038146973,4.540000915527344,19.419999361038208,37.27340768966678,223.61786905549533,1.7575339775926917,0.2710256153566173,0.1494057661270209,1.7735542665011028,1.0998557329576226,14.608223561659214,4.271376823278983,unmatched_ignored,
1449,1951,0.5404595401899929,0.2519982189381448,0.185,0.685,0.805,0.8411489168477022,0.1483620733380734,0.625,0.855,0.995,0.5156008653608373,0.2919841410895109,0.135,0.515,0.915,75,0.0384418247052793,0.6098583436012268,0.2544572866045127,0.215,0.785,0.815,10.43999481201172,6.75,19.100000023841854,70.4699649810791,27.685553703962185,3.707197762019781,0.903881738948175,0.2421047771276192,3.097335157868889,2.445258911850444,9.174830617017466,4.840918491329822,unmatched_ignored,
1450,41467,0.7070859789066383,0.1372252021892934,0.495,0.755,0.845,0.9993338794199642,0.014845816477069,0.995,0.995,0.995,0.4238680917881292,0.3144280525170632,0.045,0.365,0.905,412,0.0099356114500687,0.8050933989506324,0.0169236284239554,0.785,0.805,0.825,8.900000095367432,7.439998626708984,22.270000457763672,66.21598848724352,626.2384802726096,2.234824065223011,0.1872357885949885,0.1427838391219591,3.0735531951231847,1.648300478838077,16.01392925586102,3.695603601615747,tp,1.0
1451,6769,0.6280350925367557,0.2222563727345814,0.245,0.745,0.825,0.9190943034189388,0.1097658331001592,0.765,0.965,0.995,0.407968557876337,0.3136556252272022,0.035,0.345,0.885,426,0.0629339636578519,0.6431726523338349,0.2218985407625666,0.205,0.785,0.815,7.439994812011719,9.520000457763672,21.59000015258789,70.8287540161109,95.5685313687758,2.431133777573416,1.1095070923445884,0.3224089117390666,1.7598278593583463,1.405625508584026,8.561940381236012,4.147768425950316,unmatched_ignored,
1452,4266,0.5514621970239822,0.2440728252121076,0.205,0.635,0.815,0.849326991191002,0.1319754587940975,0.645,0.885,0.985,0.3982648658702574,0.3096214194757097,0.045,0.325,0.885,234,0.0548523206751054,0.3352370569721246,0.1960374949936657,0.215,0.235,0.575,6.189994812011719,13.860000610351562,20.399999976158146,85.79333187255543,49.72414413671534,1.5844682214585175,0.821599278623644,0.3383498912406891,0.8416756121999723,0.7162986046515355,6.011794532436582,1.9330119253719156,unmatched_ignored,
1453,18683,0.750799338068064,0.0970704829602431,0.615,0.775,0.855,0.9988616697284042,0.0171209554575023,0.995,0.995,0.995,0.4956608512927391,0.3047719559227668,0.075,0.495,0.925,318,0.0170208210672804,0.8126862715437727,0.0429134510665269,0.795,0.815,0.835,7.259999752044678,7.799999237060547,18.08999991416931,56.627992527008246,329.92516891869866,2.0777071750178497,0.1707536706867666,0.0810203512506393,2.5802954008420254,1.2135580257132352,13.709800439620308,2.905292913540215,tp,1.0
1454,5344,0.6301064697250411,0.1380423689966197,0.435,0.655,0.795,0.9973782836320156,0.0180389247410073,0.995,0.995,0.995,0.5148222434982793,0.3170635695712733,0.075,0.535,0.925,284,0.0531437125748503,0.7938014545910795,0.0414918993921398,0.765,0.795,0.825,10.780006408691406,8.819999694824219,18.720000505447388,95.07965323486133,56.20550578575944,2.630753979323293,1.1827478040292383,0.1704291700910448,2.0903960802303048,1.7776167335383015,9.68704096405226,6.296871954789261,unmatched_ignored,
1455,363,0.5764176767760729,0.2276190908962823,0.235,0.575,0.815,0.7500841609374223,0.1925641339858205,0.525,0.675,0.995,0.4951214206755512,0.270408664336274,0.115,0.495,0.885,109,0.3002754820936639,0.6916409415799544,0.2028828295852816,0.245,0.805,0.835,5.680000305175781,6.149999618530273,15.729999780654907,34.93199971008289,10.39161808693198,1.8231278335226275,1.158554491738534,0.3106453798348581,1.8314440132806893,1.6560591328244445,6.906823859070286,5.905641148106803,fp_counted,0.0
1456,3676,0.6816748235378742,0.1397424203027954,0.495,0.715,0.825,0.9939685427422622,0.0455012254402466,0.995,0.995,0.995,0.5977145372333827,0.2899984555005354,0.165,0.655,0.945,180,0.0489662676822633,0.7985803922845258,0.0537735360417764,0.785,0.805,0.825,5.100000381469727,5.790000915527344,16.7400004863739,29.52900687789952,124.48776266672346,1.6675550480545285,0.2917256898260165,0.0990773442680095,3.4510158316044026,1.509306819485153,11.823023177529317,3.33772833146423,tp,1.0
1457,1743,0.5385455628937165,0.2553871873707012,0.205,0.565,0.835,0.9953554496639292,0.02312313409625,0.985,0.995,0.995,0.5489809016855535,0.3332574341921935,0.085,0.605,0.945,288,0.1652323580034423,0.8137631530149115,0.0165501473015126,0.795,0.815,0.835,5.8699951171875,7.5,16.139999091625214,44.02496337890625,39.59117432986046,2.845308630315977,0.9232764334550534,0.0763536933393428,3.312980051265604,2.4009808008292124,7.747371862332026,3.7204153819004593,unmatched_ignored,
1458,11400,0.5730143195207704,0.1899510477521584,0.305,0.615,0.795,0.9990619085284702,0.0140844009268493,0.995,0.995,0.995,0.5373124794883919,0.2975608783062332,0.105,0.575,0.915,459,0.0402631578947368,0.7734643374133474,0.0647154172576796,0.645,0.795,0.825,4.25,8.180000305175781,22.20999956130981,34.76500129699707,327.91599524504284,1.9230229503287837,1.0185280953874118,0.3196544341981217,3.8959827719091855,1.3520237490664058,9.932827822968624,3.3455213523480305,unmatched_ignored,
1459,4404,0.7155786725615475,0.1458669894355016,0.505,0.765,0.825,0.9015478349403292,0.1104325314180945,0.745,0.935,0.995,0.3938538113705414,0.300377801116214,0.045,0.335,0.855,458,0.1039963669391462,0.7999894146575678,0.0225461965494024,0.775,0.805,0.825,12.420001983642578,7.200000762939453,20.040000200271606,89.42402375793608,49.248510801988594,2.135646047464491,1.1404833086925716,0.6953148865002907,1.5786627176101884,1.051615198694051,6.886326240959301,3.557266314074134,unmatched_ignored,
1460,465,0.4824446990605323,0.2152986007946325,0.175,0.485,0.735,0.6401458340306436,0.1562668654419475,0.515,0.585,0.995,0.3292421796593439,0.3088450208533885,0.005,0.215,0.835,50,0.1075268817204301,0.5024871066212654,0.1859820955256203,0.205,0.495,0.775,4.299999237060547,3.850000381469727,7.90000057220459,16.55499870300264,28.08819307945106,1.2784800436851935,1.0125367058181498,0.1987892040458909,0.9132732846102134,1.0762199274529294,3.115957199758099,2.5125440285959866,fp_counted,0.0
1461,10605,0.8369359387535354,0.0748424981477596,0.795,0.855,0.885,0.9994626098508712,0.0114602975145812,0.995,0.995,0.995,0.6910942723329347,0.2620763529424696,0.275,0.765,0.965,352,0.0331918906176331,0.805550882423466,0.0170141183286304,0.785,0.805,0.825,9.189998626708984,8.109996795654297,22.089999437332157,74.53085941467725,142.29005385535072,1.5454149692765986,0.2031096010274339,0.1058355922901089,1.7148318830315932,1.0061404982498363,16.511716536621844,4.448113541855486,unmatched_ignored,
1462,32669,0.7541762169457021,0.1186550377830202,0.585,0.795,0.865,0.9995293778315542,0.0116601648300917,0.995,0.995,0.995,0.620108975168436,0.273559401694234,0.215,0.665,0.955,428,0.0131011050231105,0.8055112860470175,0.0154966935245687,0.785,0.805,0.825,9.760002136230469,9.779998779296877,22.249999046325684,95.45280897826888,342.2528928136367,2.391923913967141,0.1754816152655096,0.0873840198843702,3.090832238013343,1.4792687186144442,16.764953294533967,3.300033993616514,unmatched_ignored,
1463,16809,0.7532990700950074,0.0637120684932732,0.675,0.765,0.825,0.998107226520158,0.0168875933162297,0.995,0.995,0.995,0.447229654518711,0.2997210595376602,0.055,0.415,0.895,2419,0.1439110000594919,0.7638490835944697,0.0376501874505655,0.725,0.775,0.795,6.569999933242798,5.489999771118164,19.56999969482422,36.06929812974931,466.0196031409948,1.254001320530201,0.2690562677882048,0.2419391653173384,1.2386504394532234,0.6028722721365052,4.813858891564091,2.505423423763754,tp,1.0
1464,8882,0.7489099417932866,0.1395259338210703,0.535,0.805,0.855,0.977789033609477,0.070901524892613,0.945,0.995,0.995,0.562138617838476,0.3117489476820333,0.095,0.625,0.945,891,0.1003152443143436,0.7792545567558269,0.1112040478483788,0.755,0.805,0.835,9.030000686645508,11.530000686645508,14.93000042438507,104.11591411743213,85.30876451780476,1.9036503589040723,0.4000638034624418,0.205337023790077,2.3067607823291327,1.5563707932648825,8.740559522484476,3.703349351756246,fp_counted,0.0
1465,15753,0.6877321198765686,0.1496396489214093,0.455,0.745,0.835,0.9915757284825516,0.0518828610108712,0.995,0.995,0.995,0.4017423999942342,0.3028227395074341,0.045,0.335,0.875,449,0.0285025074588967,0.7378203778596126,0.155125235377297,0.495,0.795,0.825,9.000000953674316,11.169999122619627,16.37999987602234,100.53000275611794,156.699488392696,2.2820015403730887,0.3242213345768869,0.224156788258522,2.7198086988806427,1.4048822840780977,10.622657301979793,2.6992639795184066,tp,1.0
1466,2929,0.6885958264313814,0.1166652023100505,0.565,0.715,0.795,0.9445525922641772,0.0841476810094888,0.845,0.975,0.995,0.4237625636723521,0.2869051861408866,0.055,0.395,0.845,124,0.0423352680095595,0.8022914418289738,0.0236790226085678,0.785,0.805,0.815,10.18000030517578,6.900001525878906,15.390000343322754,70.24201763916062,41.69868831283476,1.625317951584102,0.42380730054772,0.1239244578622916,2.452694893304176,1.1656780613383422,6.30072379415456,2.453712911629057,unmatched_ignored,
1467,26027,0.653705990590413,0.1309527502675164,0.495,0.665,0.805,0.963782230279382,0.0944918140345486,0.895,0.995,0.995,0.2945698523294415,0.2736452460800772,0.025,0.195,0.745,480,0.0184423867522188,0.757282274744163,0.1381670267575667,0.515,0.805,0.825,11.599998474121094,7.050000429153442,15.519999653100967,81.77999422073299,318.2563198739087,3.1212417571607443,0.5439158421553008,0.3174646300163188,2.770485724607725,1.387555249055176,7.397320159465222,1.521345839093622,tp,1.0
1468,2939,0.6983766965935652,0.1422048577393922,0.515,0.745,0.815,0.8630190332068112,0.1225226465834117,0.675,0.905,0.995,0.3753781608810925,0.3106111023563276,0.025,0.285,0.865,224,0.0762164001361007,0.7371230346616358,0.1466500262193145,0.495,0.785,0.815,8.199996948242188,10.760002136230469,17.730000495910645,88.23198468016926,33.309916020290544,1.4058873856539935,0.5649857001112448,0.3765961095659001,1.39395066824581,0.983095987417962,5.089129262055293,1.708990171359038,unmatched_ignored,
1469,6102,0.5072764807042822,0.1993317012930414,0.225,0.545,0.745,0.9600669068025784,0.0804294090759319,0.855,0.995,0.995,0.3125172060772587,0.2810186416760738,0.025,0.215,0.795,148,0.0242543428384136,0.7707955660046758,0.0702607048761831,0.745,0.785,0.815,8.400001525878906,10.599998474121094,13.300000309944153,89.04000335693127,68.53099472086883,3.5903974021263805,0.6481867619969386,0.3003137487771361,3.5704249463315443,2.0340587835396517,7.776757951375306,2.6917610344268907,unmatched_ignored,
1470,2941,0.7977262779903104,0.0864465215868376,0.725,0.825,0.855,0.972766341177309,0.0740360306994311,0.885,0.995,0.995,0.656732895455469,0.2850160284685266,0.165,0.735,0.965,224,0.0761645698741924,0.824065915708031,0.0164177848213828,0.805,0.825,0.845,4.8600006103515625,4.119999885559082,17.31999969482422,20.023201958465503,146.87960527494903,1.287747428403118,0.4653786212885433,0.1297253443943143,1.8291972926475268,0.8979749423046313,10.287599819781056,3.881101367232567,fp_counted,0.0
1471,10246,0.679318142654536,0.1485581385072247,0.475,0.725,0.815,0.995698835121196,0.0196357167726462,0.995,0.995,0.995,0.5369394006946776,0.3014798919978096,0.105,0.565,0.925,1130,0.110286941245364,0.7912321479183383,0.0368929649356496,0.755,0.795,0.815,7.8699951171875,11.18000030517578,18.68000054359436,87.98654781188816,116.44961934301084,2.37056734250666,1.60970022198696,0.2915675543998264,2.125650834423942,2.560385083749535,8.37358667847353,6.980442710447156,unmatched_ignored,
1472,3480,0.5918606972915987,0.1532037802746882,0.375,0.635,0.745,0.9983416041423534,0.0103817344906324,0.995,0.995,0.995,0.5570637166451251,0.2687772796899221,0.175,0.575,0.915,86,0.0247126436781609,0.7482064588125362,0.0359879801358625,0.685,0.755,0.785,10.889999389648438,14.390003204345703,17.34000062942505,156.70712611236377,22.207030952151687,2.856281959459451,2.7155380032606686,0.2053004084619572,3.086901028436721,3.4494672149672665,12.666395795910525,7.921148957167616,unmatched_ignored,
1473,7215,0.7049181164467574,0.129854618410165,0.525,0.745,0.835,0.9961405886599196,0.0302745020969238,0.995,0.995,0.995,0.5196741358545264,0.309726576705732,0.075,0.525,0.935,255,0.0353430353430353,0.804162386118197,0.0205560973245938,0.785,0.805,0.825,7.19000244140625,6.790000915527344,16.66999915242195,48.820123159792274,147.78741906047046,1.866265745167112,0.4824742713764214,0.1320705053037558,2.696387148021486,1.241877176920957,11.08019753194318,3.285825417921255,unmatched_ignored,
1474,741,0.7289091663362205,0.1465932074075787,0.665,0.775,0.815,0.8901762811922029,0.1356996662728389,0.675,0.955,0.995,0.6740836853127834,0.2828325249476073,0.245,0.795,0.945,260,0.3508771929824561,0.7810506064158219,0.0307322034317199,0.735,0.785,0.815,5.009998321533203,3.700000762939453,14.909999959170818,18.53699761199823,39.97411099197539,1.3925400965555998,0.4524956551104511,0.2149081398757154,1.1822909076140315,0.8082354800010907,3.6702182495642286,2.1573725332265123,unmatched_ignored,
1475,1736,0.611108695075328,0.1566197902343438,0.405,0.595,0.815,0.9413482435905988,0.0867863353588662,0.815,0.985,0.995,0.6130926228964908,0.2793322173340703,0.165,0.675,0.935,86,0.0495391705069124,0.8053735113421152,0.0114057660514246,0.785,0.805,0.825,6.070003509521484,5.3600006103515625,15.28999960422516,32.53522251587128,53.3575573104855,2.363060179531964,0.9369207439855892,0.1499472678721873,2.859321348909018,1.546232084433764,6.463158644976154,1.7388708626627956,unmatched_ignored,
1476,642,0.7670576985797778,0.1376772995953442,0.725,0.805,0.835,0.9928310509782714,0.0417249863431925,0.995,0.995,0.995,0.7312862400844623,0.2412181077431081,0.385,0.795,0.955,143,0.2227414330218068,0.8137724862232075,0.0120161105000674,0.795,0.815,0.825,4.4199981689453125,7.389999389648437,15.030000686645508,32.66378377075307,19.65479579787209,1.5495666245911306,0.3995362989710831,0.1353846817666118,1.0358431925782257,1.2579960450088472,6.277536593307959,3.455894978371005,unmatched_ignored,
1477,2596,0.7536601149814293,0.0936872411483131,0.695,0.765,0.835,0.9439037416491928,0.1061759235286176,0.785,0.985,0.995,0.4363449223671449,0.3259285770521139,0.045,0.375,0.905,236,0.0909090909090909,0.7915384428480924,0.0886598824191427,0.785,0.805,0.835,3.80999755859375,6.75,15.340000867843628,25.71748352050781,100.9430023715143,1.0900498266580827,0.5937007479093728,0.2200485025199152,1.3205037279984873,0.5856016697076588,5.62634434471788,1.928869219556502,unmatched_ignored,
1478,579,0.4502709606511193,0.1883881503982706,0.155,0.495,0.655,0.6419375266024074,0.0984515109698939,0.525,0.625,0.775,0.5340752435754824,0.1808657655509116,0.305,0.525,0.805,76,0.1312607944732297,0.4439689903274962,0.1748900348163334,0.165,0.505,0.615,3.960000514984131,6.530000686645508,25.739999532699585,25.85880608196294,22.3908249346386,0.92196977270557,0.7945492699223587,0.5273744179317758,1.784476264950242,0.4854628732445728,3.888489426314728,1.0949137974730037,unmatched_ignored,
1479,5857,0.6386328633173102,0.1933205563149351,0.325,0.695,0.835,0.9852187922938358,0.058145332654382,0.985,0.995,0.995,0.5921599682068504,0.2943689646944378,0.155,0.675,0.935,458,0.078197029195834,0.8020487540934284,0.0727469873481064,0.775,0.815,0.835,10.05999755859375,6.319999694824219,18.580000162124637,63.579181500244886,92.12134950144711,2.3197384450448597,0.9443562006040964,0.213322839427448,3.143068032119352,1.7526177667267249,9.610457420827425,4.317926951625204,unmatched_ignored,
1480,1133,0.7577488224851485,0.1147441817759518,0.735,0.785,0.815,0.8218734333290005,0.1456415798346781,0.605,0.835,0.995,0.4013122153995446,0.2320465638012823,0.125,0.365,0.765,102,0.0900264783759929,0.8009670379699445,0.1073174782011237,0.785,0.825,0.855,6.180000305175781,5.739999771118164,14.01000028848648,35.47320033721917,31.93960480670909,1.095210056963287,0.5017868554229976,0.1694043115153445,0.9951370146081928,0.6230706343504374,3.9036587727143504,1.874165950297215,unmatched_ignored,
1481,37413,0.7231564340769497,0.1558891597098205,0.525,0.775,0.855,0.9990575677986004,0.0112469745401039,0.995,0.995,0.995,0.5735817227270184,0.2841966203980163,0.145,0.615,0.925,550,0.014700772458771,0.8012263596057891,0.014434168797449,0.785,0.805,0.815,7.9799957275390625,15.320001602172852,21.009999990463257,122.25354733123096,306.0279297960498,2.9705591710368324,0.4224684274324339,0.1390186180739662,2.660832644129004,1.629898530087554,14.3772053483062,4.090029941090233,unmatched_ignored,
1482,5464,0.6543730731977158,0.1999740114797097,0.335,0.745,0.815,0.99261320363812,0.0153816553990695,0.985,0.995,0.995,0.4872676800058442,0.3195751792565589,0.055,0.475,0.925,746,0.1365300146412884,0.8079629001924243,0.014520316717863,0.785,0.805,0.825,5.489997863769531,14.84000015258789,21.41000008583069,81.47156913604704,67.06634053992286,2.5905461646212355,0.6742898952033384,0.1476617699851717,1.9999875596362933,2.001022123347455,7.120575958028392,5.57522275948676,unmatched_ignored,
1483,1042,0.7701375130385217,0.0947822714330598,0.695,0.795,0.845,0.994829367939204,0.0319504225828985,0.995,0.995,0.995,0.4557826635786962,0.3374695447315558,0.055,0.475,0.935,94,0.0902111324376199,0.8143668891267574,0.0128740538516455,0.795,0.815,0.835,3.6399993896484375,4.569999694824219,15.890000194311142,16.634796099853702,62.639781921292325,0.9205092402143338,0.4086900043522296,0.1250747374063005,1.193351505715401,0.6191864113260597,7.253338693657215,2.8381006394035904,unmatched_ignored,
1484,4711,0.7153835232847816,0.1182449561272411,0.555,0.745,0.825,0.9968538134246338,0.0227148053949495,0.995,0.995,0.995,0.4172508397886671,0.3044914532995788,0.055,0.365,0.885,586,0.1243897261727871,0.7959542748464252,0.0238166192245107,0.765,0.795,0.825,5.4199981689453125,9.89999771118164,16.94999933242798,53.65796946716728,87.79683701752093,1.997058569077046,0.6316348252764424,0.1181925913057378,1.578481874677054,1.0853317248367418,6.6052149902025725,4.054391689032907,unmatched_ignored,
1485,11833,0.6195802284524425,0.2108517171069414,0.225,0.695,0.825,0.9654276308944458,0.1088404913787096,0.975,0.995,0.995,0.5252274585510806,0.3204623337986504,0.075,0.545,0.945,343,0.0289867320206203,0.804974644507333,0.0711780243283974,0.785,0.815,0.835,8.420005798339844,14.759998321533203,20.42000091075897,124.27927145079592,95.21298171340555,3.3351135906435525,0.5183877660519287,0.1292047002036847,3.0326810346229665,2.077185813226757,11.585773861379018,4.193228021504664,unmatched_ignored,
1486,7469,0.701782107589626,0.1382794200356681,0.525,0.745,0.805,0.7968584542006977,0.1357405269162975,0.595,0.815,0.975,0.4135064761898989,0.2819070878591063,0.065,0.375,0.825,1468,0.1965457223189182,0.7528795879486471,0.1151963107147018,0.685,0.785,0.815,10.09000015258789,10.31999921798706,16.110000133514404,104.12879368419637,71.72847908573794,1.3721557798418265,1.2723154588336234,0.931056109467071,1.2262058064886188,0.8573773769168297,3.145419133493166,1.613079291364801,tp,1.0
1487,13425,0.7790823588998957,0.1327024232512661,0.725,0.815,0.855,0.9420345940847414,0.1201318001624016,0.735,0.995,0.995,0.592588602736586,0.2999916457791082,0.115,0.645,0.955,337,0.0251024208566108,0.7998211703951351,0.0141065930288287,0.785,0.795,0.815,4.869998931884766,4.6100006103515625,24.979999542236328,22.450698048400227,597.9769524786169,1.1804263625737752,0.4968740408325829,0.1066490408244096,1.5854120527681312,0.9072417482225232,16.653229801887907,7.672170731321857,tp,1.0
1488,410,0.726241214028219,0.0962897952811755,0.675,0.745,0.795,0.9506121950905496,0.0957238610869621,0.795,0.995,0.995,0.4331102457462537,0.3375891722691366,0.035,0.375,0.905,84,0.2048780487804878,0.7728715879576546,0.0370782190348172,0.755,0.785,0.795,3.549999237060547,8.649999618530273,16.449999809265137,30.70749204635649,13.351790481002416,1.1960290393714883,0.3243992146951193,0.0783582813751923,1.026442997779887,0.4060415265233582,1.8451047826104048,1.9239011701531348,unmatched_ignored,
1489,21838,0.6942306444607044,0.1748754048012211,0.385,0.755,0.845,0.9988867198932913,0.0141082097681374,0.995,0.995,0.995,0.5076248351092877,0.3135061502706989,0.075,0.515,0.935,532,0.0243612052385749,0.8030563062687117,0.0406330586228798,0.785,0.805,0.825,11.0,12.350000381469728,16.09999990463257,135.850004196167,160.75082315393965,2.747658773986829,0.5018681034806712,0.4152383014923529,2.753174965152183,1.9622378401354856,10.358241483857096,2.811138372357524,fp_counted,0.0
1490,1888,0.5319168407556806,0.189667977413171,0.245,0.615,0.725,0.9994145912765446,0.0061822208695182,0.995,0.995,0.995,0.2723518997486687,0.2446900004968248,0.035,0.205,0.655,76,0.0402542372881355,0.7320969340048338,0.0357194430776663,0.695,0.725,0.775,6.149999618530273,13.80999994277954,12.670000463724136,84.93149437999728,22.22968068303122,3.583696957149885,0.7980611544779422,0.1629600494116397,3.671060188315853,1.736496903566211,5.464857693067041,3.231227025770446,fp_counted,0.0
1491,10851,0.7741304950503839,0.1125331649708121,0.695,0.795,0.855,0.9382260179269172,0.1144309207705546,0.765,0.995,0.995,0.4240845338665102,0.3073114215556641,0.045,0.385,0.875,410,0.0377845359874665,0.718189542322624,0.2023129894511357,0.215,0.795,0.835,9.660003662109377,10.96999979019165,17.850000381469727,105.97023814659042,102.3966746681236,1.5005173459057275,0.3414861692447184,0.2155189090163544,1.258369867188072,0.931925402287094,7.031531608506519,2.5928868765620456,unmatched_ignored,
1492,1588,0.6111044781822101,0.147269317942259,0.425,0.625,0.775,0.9371420346594578,0.1072713045112889,0.795,0.995,0.995,0.4553676458560967,0.3131818023745141,0.045,0.445,0.885,127,0.0799748110831234,0.7607839920624034,0.0800857114492213,0.695,0.775,0.825,7.519996643066406,7.799999713897705,16.99999988079071,58.65597166442967,27.073117279259048,1.6761562715007965,0.6526048616137248,0.2226896786464684,2.3452674530096047,1.2539369842196275,7.083316455560007,3.833451199499572,unmatched_ignored,
1493,1001,0.6940736731553411,0.1671421252320007,0.455,0.765,0.805,0.9202402648511347,0.1411555078007984,0.625,0.995,0.995,0.4593066065161666,0.2928127607928056,0.035,0.455,0.875,208,0.2077922077922078,0.7909725678081696,0.0255953015629964,0.765,0.795,0.815,5.979999542236328,6.399997711181641,20.39000014960766,38.27198338317976,26.1549026602037,1.4327465313983463,0.4196566107933032,0.1459399288743379,1.3754902416202666,0.7672820300312644,3.608507410778509,2.571886111835935,unmatched_ignored,
1494,7017,0.718098378416007,0.1202419406874149,0.565,0.755,0.825,0.9799697204534528,0.0725223898949993,0.975,0.995,0.995,0.4897308211864983,0.3208291145057455,0.045,0.505,0.915,476,0.0678352572324355,0.7706632397505415,0.1318783202117931,0.775,0.805,0.825,8.239997863769531,6.69000244140625,15.339999198913574,55.12560582580045,127.29111807268032,1.6131422952406145,0.4650078598622336,0.15663602616692,1.9934591427270631,0.9857166164649568,7.648436662969688,3.1371910393057427,unmatched_ignored,
1495,3388,0.7233397548088041,0.1009113873467262,0.665,0.745,0.805,0.9667945182590868,0.0782251021624716,0.865,0.995,0.995,0.5157400036330464,0.2972279495889069,0.105,0.535,0.915,54,0.0159386068476977,0.8056614454145785,0.0157609256403884,0.795,0.805,0.815,12.94000244140625,9.920005798339844,18.189999103546143,128.3648992492817,26.393508036964064,2.230033853585041,0.3879588328613917,0.1532757368160716,1.545013536783612,1.7481693290401823,5.678892320521185,3.213832011790612,unmatched_ignored,
1496,1661,0.6460548133568581,0.1494008847629144,0.425,0.685,0.775,0.9690095422355472,0.0534121545315068,0.905,0.995,0.995,0.4005031052143576,0.2740938216394423,0.055,0.355,0.795,168,0.1011438892233594,0.7696646299390566,0.0267873231661778,0.725,0.775,0.795,13.639999389648438,11.760002136230469,18.0099995136261,160.40642196044791,10.354947013340649,3.80038572463208,0.6048569169134376,0.2645625027891222,2.8533101759761403,3.112708575807117,5.708044421773298,5.786600178386459,unmatched_ignored,
1497,4806,0.3769859232107674,0.1669671194966277,0.185,0.345,0.665,0.9286523701075065,0.1619226152029708,0.565,0.995,0.995,0.5768235621944556,0.3103190489614378,0.085,0.655,0.935,120,0.0249687890137328,0.5668600584069888,0.2720137763475261,0.205,0.775,0.825,4.970001220703125,6.249999046325684,17.240000247955322,31.06250288963201,154.720307538519,1.7169528817394757,1.5677686213586806,0.562906345662828,2.7944800795064832,1.370034222027002,12.507110402955396,5.16785711535776,unmatched_ignored,
1498,6040,0.7356305390399024,0.165294437491163,0.485,0.795,0.845,0.992887975601171,0.0452467740840208,0.995,0.995,0.995,0.4826969975727593,0.2998448809948369,0.075,0.475,0.905,116,0.019205298013245,0.8137144430957991,0.0160252435053645,0.795,0.815,0.835,4.1399993896484375,7.40000057220459,15.929999858140944,30.63599785232509,197.1536892356062,1.2681510107282463,0.4364736539600819,0.1778912408240157,1.1949495109025443,0.6884637608590086,8.833482873716102,2.6865914813544127,unmatched_ignored,
1499,4040,0.8038048651364476,0.063251585168615,0.735,0.825,0.855,0.9952008646313508,0.0317659293604294,0.995,0.995,0.995,0.4110964676503715,0.3061897527494059,0.055,0.345,0.895,158,0.0391089108910891,0.8144465549082696,0.0248171660581352,0.785,0.825,0.835,5.799999237060547,4.989997863769531,13.129999160766602,28.94198380279704,139.5896019957541,1.2566952540274574,0.1760487648459512,0.1279990792518524,1.1389225375215857,0.6489225359055303,8.76775025657498,2.090281239950985,unmatched_ignored,
1500,1931,0.7313504518158753,0.144854678911606,0.525,0.785,0.825,0.6657780454234099,0.1005037597564694,0.555,0.645,0.795,0.5678270881173718,0.2655934366654014,0.165,0.585,0.915,780,0.4039357845675815,0.7304142343119169,0.1532707979278703,0.515,0.785,0.825,5.410001754760742,5.939998626708984,15.690000534057615,32.135402993772004,60.08949072069322,1.3182866380412417,0.6598687897267225,0.1916633631944896,0.7032732066573981,0.5801692095077515,3.0281031198726303,1.1090000780883775,unmatched_ignored,
1501,9286,0.7646874583280345,0.0856505801877959,0.685,0.785,0.835,0.99238469895042,0.0290983119141577,0.975,0.995,0.995,0.4987507710275415,0.30487176117958,0.065,0.485,0.925,136,0.014645703209132,0.8009404689073563,0.0353501206253553,0.785,0.805,0.815,5.930000305175781,8.119998931884766,15.899999380111694,48.15159614410368,192.84926655826132,1.6365813562572942,0.2668853226037633,0.1060266503293101,1.4167563826458471,0.8216173788484236,10.447333407313025,3.052590400198885,tp,1.0
1502,19578,0.7192273493011351,0.1355193067892858,0.555,0.755,0.835,0.8350768650664362,0.1273648183189338,0.625,0.875,0.965,0.3906137506661611,0.3011171191914726,0.035,0.335,0.855,1450,0.0740627234651139,0.7937775832825693,0.0586817712348902,0.755,0.805,0.835,10.06999969482422,8.239999771118164,15.090000331401823,82.97679518051154,235.94548279924663,1.712381813494494,0.5821934269601845,0.3292258019403202,1.5541030817426122,0.7777945589004782,5.240744774188344,2.2247777339698405,tp,1.0
1503,22884,0.732894378032661,0.1442459545880862,0.495,0.795,0.855,0.9946251503082656,0.0269742830176083,0.995,0.995,0.995,0.5057052072974586,0.3067854768708909,0.075,0.525,0.915,654,0.0285789197692711,0.7947129356569471,0.0495681130692766,0.755,0.805,0.835,8.529998779296875,7.2699995040893555,17.9399995803833,62.01308689537109,369.0188820725865,2.107353467703412,0.2441838031931597,0.2775596395066129,2.807731902020585,1.729019153412826,12.80050222066066,3.6430735796873663,tp,1.0
1504,769,0.5216630596488288,0.1810317643705868,0.195,0.605,0.705,0.8527730360762815,0.1075923924390781,0.715,0.865,0.995,0.5025132385993731,0.2958266391738886,0.045,0.525,0.885,177,0.2301690507152145,0.5141156437033314,0.2283810664315124,0.155,0.645,0.735,1.9199981689453125,4.799999237060547,6.200000762939453,9.215989746095149,83.44193311693174,1.4905772059831943,0.380295210244641,0.1753690637490384,3.1294500589644008,0.7344102153674931,3.7607010673484496,1.423451877123356,unmatched_ignored,
1505,24064,0.7169660094597853,0.1118322727024621,0.605,0.735,0.825,0.979817547000687,0.0525100412573289,0.945,0.995,0.995,0.4986604149278473,0.2938226592851835,0.095,0.505,0.905,1228,0.0510305851063829,0.783364247069588,0.0454965179520072,0.745,0.785,0.815,7.759998321533203,5.619998931884766,14.15999960899353,43.611182278444176,551.7850868238025,1.8327798708905,0.4058179206832321,0.2915380516858711,2.526103663409328,1.1521607092376516,7.749308738644492,3.708773915611075,unmatched_ignored,
1506,2150,0.7708242256627527,0.0611548915906553,0.715,0.785,0.825,0.9925778670643652,0.0294359559878471,0.985,0.995,0.995,0.4819144983489004,0.2884909077868792,0.085,0.475,0.885,449,0.2088372093023255,0.798647437402294,0.0315839821555206,0.775,0.795,0.825,5.099998474121094,4.479999542236328,17.41000008583069,22.847990829468472,94.1001778251334,1.0741939272334842,0.6077216006046992,0.1444723665337987,0.7523492001525256,0.5050075843684524,5.674117877816045,3.541581530893473,unmatched_ignored,
1507,4525,0.8015566454572572,0.0588749569401352,0.745,0.815,0.855,0.99805624411251,0.0229683922501258,0.995,0.995,0.995,0.6135593491792848,0.2657190093209546,0.225,0.655,0.935,122,0.0269613259668508,0.7987486534431333,0.0134296993503376,0.775,0.805,0.815,4.120002746582031,4.119999885559082,17.519999504089355,16.974410844421072,266.5777352435898,1.2403429388195115,0.2479293255658141,0.1952860881072944,1.972673356465724,0.94223763192645,12.923859761913835,3.3214620405901987,unmatched_ignored,
1508,3849,0.7352971636217642,0.1242418505357667,0.625,0.765,0.835,0.9988211661414624,0.013388435957848,0.995,0.995,0.995,0.5232789560242035,0.304757751018363,0.085,0.535,0.935,82,0.021304234866199,0.8166009311268969,0.0087911896039087,0.805,0.815,0.825,7.370002746582031,10.610000610351562,15.709999084472656,78.19573363952804,49.22263429029746,1.4772354981869933,0.3079273793820316,0.1483813057604261,1.5474340569868636,0.9828138574061654,7.854252846945909,1.6717974589425828,unmatched_ignored,
1509,2567,0.6235418160212705,0.1714326905278382,0.375,0.685,0.785,0.9825852635216054,0.0518045293959019,0.955,0.995,0.995,0.6600980404121171,0.2663393915306615,0.205,0.725,0.945,66,0.0257109466303077,0.7888978721969055,0.0810270304860289,0.755,0.805,0.825,6.960006713867188,10.23000144958496,16.69000005722046,71.20087877198239,36.052925810378014,2.275056928077045,0.8233033913904013,0.4127720374160461,2.633112423466951,1.1740143018263904,7.43824414500802,2.3268645242472306,unmatched_ignored,
1510,8954,0.6951748315766637,0.1553718953652433,0.465,0.745,0.845,0.9991279383282964,0.0151764686422899,0.995,0.995,0.995,0.6194792060406398,0.2885564516424596,0.155,0.685,0.955,288,0.0321643958007594,0.8154067105303208,0.016221601557863,0.795,0.815,0.835,7.200004577636719,5.569999694824219,16.21000027656555,40.1040233001695,223.2693695837284,1.7535917490006565,0.5598453902769247,0.0969032587772525,2.25270382968679,1.2622941268044878,12.708629323188312,2.801654069063345,unmatched_ignored,
1511,15375,0.7389478408825106,0.0732326987583874,0.655,0.745,0.825,0.9977313456690408,0.0127155631056064,0.995,0.995,0.995,0.4690143930075796,0.2966100706748831,0.085,0.435,0.905,822,0.0534634146341463,0.7855262187855667,0.0320576771993063,0.735,0.795,0.815,5.3000030517578125,7.820000171661377,13.980000138282776,41.44602477455192,370.9644069276418,1.967735508350067,0.8794456625354986,0.5034206524584014,1.3175839738372477,0.6649186341444546,6.455515827421251,2.279567440015313,unmatched_ignored,
1512,2156,0.6695158644570711,0.0734742773556556,0.575,0.685,0.755,0.994534814927264,0.0099645064200936,0.985,0.995,0.995,0.5859077968493196,0.2882576759181627,0.115,0.625,0.935,147,0.0681818181818181,0.6999840245765894,0.0498991624279899,0.635,0.705,0.755,2.9000015258789062,4.410000324249268,8.059999704360962,12.789007669449347,168.58227438163937,0.8899010196455927,0.6274077841838439,0.3948594519775097,1.7001087635548795,0.5394619546191888,5.266583414267963,1.2759278050758325,unmatched_ignored,
1513,755,0.628886048727675,0.2372123011214877,0.195,0.755,0.825,0.6994851558413726,0.1476012542461951,0.525,0.675,0.915,0.6517230402456214,0.2974688296900039,0.185,0.735,0.965,341,0.4516556291390728,0.7674372171944887,0.1366167074597737,0.535,0.815,0.835,4.37000036239624,3.270000457763672,12.279999732971191,14.289903185463118,52.83450770807524,0.9876948022989452,0.6693081292568569,0.1172558687816137,0.5589247528565874,0.826884424008915,3.500539367719991,1.8658405935995368,unmatched_ignored,
1514,863,0.490454357587932,0.2389872897889853,0.145,0.505,0.815,0.5802090879387264,0.0658038806074056,0.515,0.565,0.665,0.6507404983045829,0.2859080009182091,0.215,0.735,0.965,284,0.3290845886442642,0.6856322985299876,0.1926722124845472,0.475,0.795,0.825,4.829999923706055,2.09000015258789,6.65000057220459,10.094700577545154,85.49040096540097,1.1787660919604268,0.8399224460962281,0.2091495911489408,0.6993058096070952,0.5319168263880063,4.471109937613146,2.035518675392223,unmatched_ignored,
1515,23954,0.7703785710867224,0.1243363259131536,0.605,0.815,0.875,0.9989433004286388,0.0162520462315645,0.995,0.995,0.995,0.6481290809839053,0.268507123502219,0.225,0.705,0.955,438,0.018285046338816,0.8139901683755117,0.0237032226807573,0.785,0.815,0.835,11.60000228881836,10.520000457763672,23.66999915242195,122.03202938842878,196.2927283930865,2.979296880249242,0.2363118076763523,0.1467524182659533,2.691003478027839,1.491555095179531,17.82828100188637,3.953910178327632,unmatched_ignored,
1516,21188,0.6833739140888014,0.1751508870825495,0.395,0.755,0.845,0.9989649192559308,0.0121135869411984,0.995,0.995,0.995,0.5464174689646076,0.2969394198887884,0.115,0.565,0.935,644,0.0303945629601661,0.7899087500868377,0.0184093923757066,0.765,0.795,0.805,10.390003204345703,10.290000915527344,24.27999985218048,106.91314248504932,198.17956434086597,2.946086472824308,0.4251712832466723,0.2355686755153815,3.938979205380901,1.563139657502962,18.688215344916408,4.688095415381173,unmatched_ignored,
1517,4530,0.744996704332218,0.0925627772330128,0.675,0.755,0.825,0.9934741439277236,0.0264772110803672,0.995,0.995,0.995,0.4705713909469593,0.2876417121498716,0.085,0.475,0.885,127,0.0280353200883002,0.8160147070884705,0.012483245663774,0.795,0.815,0.835,5.169999957084656,6.819999814033508,18.580000400543213,35.2593987458706,128.47638250015623,1.4334005675381805,0.1745732717554207,0.0999531846111402,2.140327364967963,1.0817458398579711,8.809925102404675,2.681006073251405,tp,1.0
1518,18350,0.7530448373502542,0.1012005809147803,0.615,0.785,0.855,0.9992390603038206,0.0136126445696469,0.995,0.995,0.995,0.5372678216208726,0.298727547562891,0.105,0.555,0.935,342,0.0186376021798365,0.8118835032334801,0.0148586723944004,0.795,0.815,0.825,6.760000079870224,7.3500001430511475,20.170000076293945,49.68600155407192,369.3193138117624,1.9960597959950972,0.1751846393927146,0.1111684294940823,2.3382408482549906,1.3648640403102863,15.49619535092924,3.193457465260233,tp,1.0
1519,6473,0.6544407204889301,0.1990086480575972,0.215,0.745,0.815,0.7977632367866919,0.1357931144163669,0.605,0.805,0.985,0.2979608829926891,0.2859617410504331,0.025,0.175,0.775,484,0.0747721303877645,0.7186126877084251,0.2042437336726204,0.235,0.815,0.845,5.940000534057617,6.8600006103515625,13.69000005722046,40.74840728912386,158.85283451870535,1.9416728188596544,0.8868291859786382,0.3523742468043909,1.219213736559316,0.5717359467511817,5.042909638919069,3.344126612246692,unmatched_ignored,
1520,6053,0.6632008939974076,0.2056907159144879,0.185,0.735,0.825,0.9980644369724072,0.0195922935951293,0.995,0.995,0.995,0.3679725222856141,0.3057986364495861,0.025,0.285,0.865,213,0.0351891623988105,0.7934692181611844,0.0319793256044023,0.765,0.795,0.815,5.220001220703125,13.490001678466797,19.980000257492065,70.41782522888388,85.95834904479824,3.322575123408742,0.6486836293809333,0.143142640786665,2.6994947520324244,2.748877333256636,8.193882506410288,3.749498559718454,unmatched_ignored,
1521,5292,0.759518713899413,0.1242313943696909,0.585,0.805,0.865,0.9981683428009982,0.023816901825489,0.995,0.995,0.995,0.5206657795703051,0.3074332901060548,0.095,0.545,0.925,232,0.0438397581254724,0.7935965770277483,0.0177411761058639,0.765,0.795,0.815,4.310001373291016,13.080001831054688,17.510000228881836,56.3748258544947,93.87168687064025,1.575707198846115,0.3617042804523737,0.1557741188097708,1.9778970331501904,1.1689735261929564,11.231142244029307,3.033189385582765,unmatched_ignored,
1522,1338,0.7551806847633089,0.1079232461319942,0.635,0.785,0.835,0.7451841934112156,0.1341906366218375,0.585,0.715,0.995,0.5648051936821119,0.301581038414928,0.105,0.615,0.935,328,0.2451420029895366,0.7954758856808994,0.0749085887617022,0.775,0.805,0.835,4.8899993896484375,4.0,17.31999933719635,19.55999755859375,68.40491651350668,1.0721984608820054,0.4450399693538009,0.281725985527028,0.8772019540317189,0.645725094554049,4.915653070081332,4.530913601579192,unmatched_ignored,
1523,10423,0.8267358492709254,0.0576627590195283,0.755,0.845,0.875,0.99863991633974,0.0199272842904749,0.995,0.995,0.995,0.6642550626323782,0.2730108758932558,0.235,0.725,0.975,336,0.0322364002686366,0.807980277353809,0.0192018001522003,0.785,0.815,0.835,5.219999313354492,5.060001373291016,22.11000061035156,26.41320369415189,394.6132442202663,1.3478763450562947,0.1163895011506376,0.0869887256330663,1.788343601280202,0.94308276237291,16.52644785249358,4.170815091614859,unmatched_ignored,
1524,3621,0.7482374102387498,0.0709067882656914,0.685,0.755,0.825,0.9865416949936384,0.0459104234441766,0.965,0.995,0.995,0.370735733768969,0.2923313038330214,0.045,0.285,0.855,230,0.0635183650925158,0.8217310379380766,0.0137983912183771,0.805,0.825,0.835,4.80999755859375,3.0,10.039999961853027,14.42999267578125,250.93567830268884,1.2473302435990827,0.4709757453325121,0.093861961472666,1.412496041312005,0.7705554580548868,6.376962940712984,1.771758816667419,unmatched_ignored,
1525,212,0.6539457670219664,0.2236649141122119,0.215,0.765,0.815,0.7141666218357267,0.1111744779441399,0.585,0.695,0.865,0.5213376376206793,0.2963526687449547,0.045,0.585,0.905,56,0.2641509433962264,0.7448174644793782,0.1666583118835659,0.515,0.815,0.825,2.05999755859375,2.2400002479553223,11.989999532699583,4.614395042037359,45.943183899226206,0.7130107300167412,0.3008994301765649,0.0817045000060216,0.8404387398349579,0.3276091727651063,2.628350245783914,1.9860613779389145,unmatched_ignored,
1526,132504,0.645515467715721,0.1888223544101437,0.355,0.695,0.855,0.9996239450259576,0.0097055302176668,0.995,0.995,0.995,0.5585218076203525,0.291227912507625,0.125,0.595,0.935,1068,0.0080601340336895,0.8013499815030938,0.0190808944108188,0.785,0.805,0.825,14.220001220703123,15.650001525878906,23.350000619888306,222.54304080200384,595.4084186253598,4.6249794020903385,0.2413363735160398,0.259478891250558,4.3907558410386,1.9726590330960752,16.699487848678892,3.8813533187485967,tp,1.0
1527,8910,0.7072908797841749,0.1431235886649271,0.605,0.745,0.815,0.9715288907456746,0.0695997710193585,0.925,0.995,0.995,0.3356525272252719,0.3021509908771704,0.025,0.215,0.835,987,0.1107744107744107,0.7913112446680861,0.0534834792494991,0.775,0.795,0.815,11.78000259399414,11.18000030517578,18.80999916791916,131.700432595826,67.65353632014104,1.747578266829666,0.5295292370012585,0.19738351420541,1.64455128893514,1.0252441242765618,5.598272837750304,3.489577915011711,unmatched_ignored,
1528,2629,0.6994058535200146,0.1606054465474349,0.455,0.765,0.825,0.964380468987566,0.0975845104490503,0.855,0.995,0.995,0.5576399263734862,0.3078503708420009,0.085,0.585,0.945,77,0.0292887029288702,0.8109024662476081,0.0350451482802551,0.795,0.815,0.835,7.720000267028809,8.680000305175781,16.070000171661377,67.00960467376717,39.23318176251228,1.931377521113113,0.5514951248356786,0.1179692651977351,1.8793694597647892,1.269214272098372,9.522294436493224,3.944016051752092,unmatched_ignored,
1529,50287,0.7586965117789705,0.111136876697596,0.595,0.795,0.865,0.9994405196215465,0.0102616884312602,0.995,0.995,0.995,0.5082746922259584,0.3013202715733462,0.085,0.515,0.925,506,0.0100622427267484,0.8127263971703796,0.012511714574051,0.795,0.815,0.825,12.369999885559082,8.150001525878906,32.55000066757202,100.8155179424284,498.8021787351907,2.876300756008312,0.2383807333902485,0.1085674834159604,2.658129335099899,1.408099045606727,15.903331582982467,3.812103659440024,tp,1.0
1530,9287,0.6831880191284283,0.157324642786859,0.385,0.745,0.815,0.9916443596220484,0.0347127462707719,0.985,0.995,0.995,0.3596193580198786,0.3163543224893742,0.015,0.285,0.865,1060,0.114138042424895,0.8100431175164456,0.0152918706720853,0.785,0.815,0.825,5.790000915527344,11.989997863769531,16.320000171661377,69.42209860839648,133.77584639708303,2.2526512220186863,0.5569583575701966,0.1149577010815844,1.7078379099448135,1.4006211537165156,6.2611936504789245,2.836813635394479,fp_counted,0.0
1531,5532,0.7580101119377263,0.0903310651496545,0.635,0.785,0.835,0.9978764416920648,0.0262100204751947,0.995,0.995,0.995,0.6094163784571165,0.2773459436658138,0.205,0.645,0.945,189,0.0341648590021691,0.8129426001240967,0.0161425433416072,0.795,0.815,0.835,5.0200042724609375,4.659998893737793,18.40000009536743,23.393214356226963,236.4788316714353,1.3292158401972882,0.3517133007381953,0.092826749761656,2.305401738385623,1.0517070301124918,13.713099370394724,3.3157277997918677,unmatched_ignored,
1532,7582,0.678493253909301,0.1332592081647919,0.535,0.715,0.785,0.9331938999603556,0.1287652041795816,0.705,0.995,0.995,0.424781891839012,0.3009078244121109,0.045,0.375,0.885,172,0.0226853073067792,0.6611830880648868,0.1856178418071405,0.405,0.745,0.775,8.740001678466797,5.780002593994141,12.25000023841858,50.51723237305123,150.087398771368,1.2484700053895654,0.5758417815619854,0.3963768523712903,2.936745795231458,1.0883592143336154,9.250149549975838,2.166498847835893,tp,1.0
1533,11182,0.7029024229117272,0.1406066199871889,0.525,0.745,0.825,0.9471128578743384,0.1226574747634186,0.725,0.995,0.995,0.4571927975926571,0.3038859303805954,0.065,0.435,0.895,733,0.0655517796458594,0.6429551664592462,0.210853791297811,0.215,0.765,0.815,11.590003967285156,9.789999008178713,12.900000810623167,113.466127344509,98.54923457508072,2.0995812329283643,0.730731136116351,0.6256757134041002,2.274989826965546,1.1871694380696254,8.473964239902257,2.818408346201142,fp_counted,0.0
1534,577,0.5520513946807054,0.2406917935263157,0.185,0.585,0.795,0.655193058725453,0.1386930034717342,0.515,0.615,0.875,0.5619358198428317,0.3296645347192057,0.075,0.605,0.955,132,0.2287694974003466,0.6688710410486568,0.1903204937620508,0.405,0.765,0.795,2.739999771118164,5.670001983642578,17.889999628067017,15.5358041374202,37.14001508362308,1.2460536971560148,1.106356515705395,0.403462365623674,0.7556151441243596,0.5495126504671546,3.533564999053961,3.0606453249754457,unmatched_ignored,
1535,3013,0.7779382980576077,0.0974087252757781,0.685,0.805,0.845,0.9969778132921352,0.0283693802059487,0.995,0.995,0.995,0.5891805107862473,0.2967909118551923,0.115,0.645,0.945,99,0.0328576169930302,0.8024254834110086,0.0713776271565862,0.795,0.815,0.825,5.319999694824219,4.649999618530273,14.339999675750732,24.73799655151379,121.7964435287152,1.1842763143530088,0.3758205933292444,0.1641965773141044,1.3532105781336654,0.613624581633975,8.611611930260894,2.0472315972394464,unmatched_ignored,
1536,17812,0.8475031690852323,0.0478337172277337,0.815,0.855,0.885,0.9959310727516452,0.0312484252272166,0.995,0.995,0.995,0.6909001421480507,0.2555181287809638,0.295,0.765,0.955,556,0.0312149112957556,0.8200393639665713,0.0162144503473611,0.795,0.825,0.835,5.729999542236328,5.960000991821289,24.82999992370605,34.15080295486405,521.5689957141421,1.4482895961958755,0.1557979310528935,0.1058663802792024,1.7392191086820925,0.880306266639292,17.628640336914597,5.681346183679564,tp,1.0
1537,1034,0.5682559454817202,0.2540181853126443,0.195,0.715,0.825,0.6934632997909413,0.1517677873972405,0.525,0.655,0.935,0.3740190643760133,0.3351384563748781,0.025,0.245,0.875,74,0.0715667311411992,0.813138461596257,0.0500216590152199,0.805,0.825,0.835,6.339998245239258,6.079999923706055,23.580000400543213,38.54718884735121,26.824264775693283,1.20310786157682,0.4754373693562697,0.0949318575775939,0.9906107935727064,0.6154308185440035,4.777010939972082,4.872554978605533,unmatched_ignored,
1538,4539,0.6211914857034905,0.1493521787657973,0.435,0.635,0.805,0.9969915085675092,0.0106464318013479,0.995,0.995,0.995,0.5243250420562375,0.306657067247151,0.105,0.525,0.935,325,0.0716016743776162,0.8146759330309354,0.0192625912140616,0.795,0.815,0.835,5.719993591308594,9.78000020980835,18.62999939918518,55.94153852310046,81.13827613313975,1.5456777567180326,0.9720258986069747,0.195780921702917,1.3585411510306555,1.134827803480876,8.184956209050004,3.799626401604286,unmatched_ignored,
1539,209,0.2592097564319675,0.1959307904626583,0.055,0.185,0.635,0.5756611359176453,0.0625298782295702,0.515,0.565,0.655,0.4641363975997462,0.318964640524748,0.055,0.525,0.895,87,0.416267942583732,0.1976741281305921,0.1451192022940568,0.055,0.185,0.455,4.2300004959106445,3.6399993896484375,11.31999921798706,15.397199223327334,13.573897237320743,0.9173006269077808,0.6326642537640323,0.2314009897768953,0.649548810194568,0.4378859056904921,3.333154060053483,0.677852376978712,unmatched_ignored,
1540,7009,0.4463064191449167,0.2063493116319878,0.155,0.495,0.705,0.8793801324380109,0.1637972386690588,0.575,0.975,0.995,0.5924752254051688,0.2707680401282496,0.215,0.615,0.945,373,0.0532172920530746,0.5587403146455179,0.2709582835173178,0.065,0.735,0.795,7.120002746582031,9.5,19.34999895095825,67.6400260925293,103.62207711765105,2.289106648600819,1.8644930406095768,0.8979166790779326,2.6461952104420416,1.7621687192200173,8.927108437341635,5.439668421101527,unmatched_ignored,
1541,17486,0.6450245088837887,0.1023633097812786,0.525,0.655,0.755,0.9967375150789566,0.0193201943622279,0.995,0.995,0.995,0.4745718952936883,0.3027642655092527,0.075,0.455,0.905,475,0.0271645888139082,0.8039382154690592,0.0263744487316508,0.785,0.805,0.825,5.569999694824219,12.170000314712524,18.3899998664856,67.78689803895941,257.95545313122614,1.8742181874764243,0.9664008223167996,0.2327919413535231,1.5113273023757394,0.9795701929129088,7.920994566838085,2.8126217570126077,unmatched_ignored,
1542,2950,0.7357641737390372,0.1018123846437499,0.625,0.765,0.825,0.9756534785739446,0.0377994050066452,0.935,0.985,0.995,0.4773794091598726,0.3107073141807477,0.065,0.445,0.905,230,0.0779661016949152,0.8116025323453157,0.0184728042102279,0.795,0.815,0.835,7.510002136230469,7.149999618530273,11.570000171661375,53.69651240920939,54.93839111037035,1.2039374866520465,0.5373403576990119,0.1479212285247612,0.7459348950472435,0.6401431434206492,4.677417181184737,1.7702686866235673,unmatched_ignored,
1543,9875,0.6954422616460655,0.182734938185569,0.405,0.785,0.865,0.9980158538275128,0.0227599248279584,0.995,0.995,0.995,0.5218429019418139,0.3077057449876655,0.105,0.525,0.945,455,0.0460759493670886,0.8078959552796332,0.0198944093264821,0.795,0.805,0.825,8.919998168945312,10.6300048828125,16.160000324249268,94.81962409056725,104.14510809036604,2.526339679859622,0.3063655675986955,0.1121278050645519,2.557839427837726,1.9855619042802048,10.402081069297427,2.8394999809565533,unmatched_ignored,
1544,2228,0.7532789879737679,0.137576033603427,0.655,0.795,0.845,0.996208579659034,0.0298764870936251,0.995,0.995,0.995,0.4630640054329337,0.2881203719516595,0.075,0.475,0.875,69,0.0309694793536804,0.8121630886326665,0.0134732084749669,0.795,0.815,0.825,4.819999694824219,7.730001449584961,15.179999828338625,37.25860462799028,59.79826733302379,1.6107059012127485,0.3157656114374808,0.2234572934945164,1.4868279887668925,1.0202663409983737,7.444417822490742,1.8103738191849348,unmatched_ignored,
1545,3473,0.6105561059857527,0.227816551120124,0.205,0.695,0.825,0.8377595797176839,0.1756751143820962,0.575,0.905,0.995,0.5254618308154342,0.3142638236595334,0.075,0.565,0.925,577,0.1661387849121796,0.6700076140347139,0.2462962844549214,0.205,0.805,0.835,7.7299957275390625,10.389999389648438,19.570000305771828,80.31465089111589,43.242421668599576,2.5856503046276256,0.5059770438884263,0.1455534805676508,1.981951509836348,1.615260983614226,9.13321432079975,6.384608974807271,unmatched_ignored,
1546,36650,0.7563114162809933,0.1213926418436082,0.605,0.795,0.865,0.9986190555430696,0.0225677475994676,0.995,0.995,0.995,0.6646038720180569,0.2500887631584713,0.275,0.715,0.955,470,0.0128240109140518,0.812163687418116,0.0516428097348594,0.795,0.825,0.835,7.790000915527344,11.720001220703123,22.019999504089355,91.29882023925892,401.42906451534105,2.776690416451569,0.2431366620871516,0.1049834846193947,2.6808123808974287,1.4247562466254018,16.349488585377863,3.281395894309369,unmatched_ignored,
1547,15519,0.7543966803317816,0.1362616090708487,0.555,0.805,0.875,0.9975197228914346,0.026897174830699,0.995,0.995,0.995,0.5615422377026705,0.3006288277884645,0.115,0.605,0.945,395,0.025452670919518,0.8047510237633427,0.0168691152316511,0.785,0.805,0.825,8.260002136230469,8.510000228881836,21.95999956130981,70.29262006988574,220.777088470608,2.101457295455182,0.3214819053618847,0.129056678063147,2.823832641952529,1.3860138059160911,16.61680410126872,3.9478860554532247,tp,1.0
1548,334,0.6144929195525582,0.1451608795745948,0.475,0.655,0.755,0.8576174481900153,0.1464511526382675,0.585,0.915,0.985,0.3784630566411568,0.2365267384489701,0.175,0.285,0.755,58,0.1736526946107784,0.6037077462493345,0.2210071680864296,0.205,0.755,0.795,6.3600006103515625,2.740001678466797,14.250000953674316,17.426412347413134,19.16630878125529,1.200185503567533,0.3611820050381926,0.195125960859662,2.190310009078606,0.5310952747692402,2.6524444315247906,1.7007783124164824,unmatched_ignored,
1549,3288,0.5763501561317058,0.1655745816829375,0.325,0.595,0.775,0.9873647690907013,0.0536221510661598,0.985,0.995,0.995,0.5475540220315652,0.2902722833396449,0.105,0.575,0.925,198,0.0602189781021897,0.760567183935582,0.0924183287069129,0.705,0.775,0.825,6.200000762939453,5.910001754760742,8.239999771118164,36.64201538849011,89.73305548670278,1.5199670983952618,0.6268884965622933,0.2584108381294812,3.165464666095492,1.117703215728544,7.683993784325546,2.127920192329802,fp_counted,0.0
1550,1693,0.5730450089450989,0.1780474136448689,0.285,0.625,0.755,0.9560312020729368,0.1262235756322175,0.875,0.995,0.995,0.538401720316131,0.2875829585466138,0.135,0.585,0.915,81,0.047844063792085,0.6389882628932412,0.1409496261835147,0.465,0.725,0.765,5.079998016357422,6.189998626708984,9.419999599456789,31.44518074493681,53.83972869269009,1.6892486554772728,0.5476173062815396,0.1954098425497335,3.2399580517391597,1.1277870183292011,6.9274274967016725,1.953079141042953,fp_counted,0.0
1551,16311,0.8018791352960365,0.0848625813809963,0.695,0.825,0.875,0.997689568143525,0.0273653171146707,0.995,0.995,0.995,0.6233672042492081,0.2686215526738296,0.215,0.665,0.945,332,0.0203543620869351,0.8054507026471287,0.0424394078255407,0.785,0.805,0.835,8.85999870300293,6.1399993896484375,22.179999828338623,54.400386628723936,299.83242787079075,1.436198127789287,0.1369884254798666,0.097448180884496,3.054603424341164,0.9868474161231932,17.44628563224625,3.8268925604381274,tp,1.0
1552,26265,0.8146167956088387,0.0672652794416241,0.745,0.825,0.875,0.9959023554960976,0.0384192415145373,0.995,0.995,0.995,0.6101461486343253,0.2751198648441668,0.185,0.655,0.945,192,0.0073101085094231,0.8098759511485696,0.0648592026152848,0.795,0.825,0.845,10.219999313354492,5.590000152587891,21.4099994674325,57.12979772109975,459.742569512014,1.8597417509223084,0.142485321776156,0.0881278149975815,2.1562089777033093,1.1253235315248942,18.53326883182432,3.2626943338925702,tp,1.0
1553,1079,0.6225464714205962,0.244592909218951,0.195,0.765,0.825,0.8555754433084793,0.1692589793937473,0.555,0.945,0.995,0.6423043647201203,0.2651527897357444,0.215,0.705,0.945,170,0.1575532900834105,0.6549486092784825,0.2202626160474362,0.205,0.785,0.825,6.5200042724609375,8.760002136230469,15.450000524520874,57.1152513549896,18.89162656912195,1.4483358920875469,1.1876876890992938,0.7326875410679099,1.0002906496054218,0.9013772500211572,5.199653380399395,3.041894909239664,unmatched_ignored,
1554,1746,0.557470998335267,0.2517720592573257,0.175,0.665,0.815,0.9615756767926756,0.0857722086936806,0.905,0.995,0.995,0.539811667216292,0.299827597184663,0.095,0.555,0.945,123,0.070446735395189,0.7461602238377905,0.1861544731348506,0.525,0.805,0.825,12.019996643066406,14.729997634887695,18.60000053048134,177.0545221237262,9.86136913678991,3.560323799601577,0.8360705854246546,0.2204477349402168,2.443873186484646,2.9043757780403867,7.896584531285918,4.112261986069711,unmatched_ignored,
1555,14605,0.7725611727739576,0.0803133294260178,0.665,0.795,0.845,0.9969061158936712,0.0294348198972156,0.995,0.995,0.995,0.6340842954916146,0.2836166724936955,0.185,0.705,0.955,319,0.0218418349880178,0.8014344530045799,0.0198544568388389,0.775,0.805,0.825,15.560001373291016,4.159996032714844,19.03999972343445,64.72954398192815,225.6311276358995,1.534283965911343,0.6458540619350519,0.1551627941600451,1.796826699925688,0.8066762062719077,13.929113626123003,3.188831248572413,unmatched_ignored,
1556,5775,0.5891948854652318,0.1049137247437721,0.475,0.585,0.725,0.972644806857749,0.0895370267845111,0.975,0.995,0.995,0.5605669320923435,0.2830419924930448,0.145,0.595,0.915,144,0.0249350649350649,0.7678975874765052,0.1520834172477203,0.575,0.825,0.835,6.600000381469727,5.180000305175781,13.820000171661375,34.188003990173456,168.91889920393976,1.637397705871567,0.8058866084329066,0.1004687033117709,1.867973784512977,1.012505489790125,11.1771289136193,3.120031152978374,unmatched_ignored,
1557,29067,0.4809771717116572,0.1274392670735395,0.315,0.485,0.635,0.987617710549449,0.0576901078979546,0.995,0.995,0.995,0.4787299627745485,0.2994777315998607,0.075,0.465,0.905,315,0.0108370316854164,0.677727022175751,0.2003562410419514,0.245,0.785,0.835,18.49000072479248,5.8600006103515625,14.550000190734863,108.35141553268475,268.2659922539894,3.612792675326133,2.1978677179365613,0.1421200705229783,3.124005771626627,1.5587032332476467,8.75812302761683,2.8761395201910487,unmatched_ignored,
1558,99850,0.5676272926584789,0.228637167269405,0.195,0.625,0.825,0.9885421800410444,0.0567340912260154,0.995,0.995,0.995,0.4809059498309794,0.2981171630890233,0.075,0.475,0.895,1944,0.0194692038057085,0.7957133656528629,0.0742809246635274,0.775,0.805,0.825,13.849998474121094,15.860000610351562,24.230000495910645,219.6609842529288,454.5641108710852,4.442657737045999,0.4315587500453869,0.245862952207162,4.902333668736207,2.5276008569527124,14.037646261200674,3.57594292589327,tp,1.0
1559,2358,0.4047226996980196,0.1890974471947877,0.175,0.375,0.715,0.8332645846838866,0.195915255958442,0.545,0.995,0.995,0.5248560585211718,0.3134473362697431,0.115,0.545,0.935,141,0.059796437659033,0.547190241383534,0.2054196335735579,0.195,0.645,0.745,12.520000457763672,13.109999656677246,16.68000030517578,164.1372017028807,14.36603022067127,3.791229371455256,1.7003128789100457,0.4339842130310261,3.447070109496112,2.1285960002734816,10.378953278014173,5.145217490046866,fp_counted,0.0
1560,3127,0.5834196713423344,0.1837313516805474,0.335,0.675,0.775,0.7605675174132451,0.1434174023618568,0.555,0.755,0.945,0.2521972180648247,0.2369551570108331,0.035,0.165,0.645,259,0.0828269907259354,0.5911048771274136,0.2217907682271724,0.205,0.535,0.815,4.329998016357422,9.540000200271606,13.649999856948853,41.30818194322546,75.69928892774298,1.339318175224463,0.9112071044112704,0.7509553348070684,0.6854868892575149,0.4790150377722778,3.122483977274198,1.2164373139434228,fp_counted,0.0
1561,2900,0.7531810374917656,0.0913726775111194,0.665,0.775,0.835,0.9875702474035066,0.0675244084466924,0.995,0.995,0.995,0.6884559525130116,0.2801025246859016,0.205,0.785,0.965,184,0.0634482758620689,0.8091579481311466,0.0222322542637294,0.785,0.805,0.835,4.080001831054688,5.479999542236328,18.790000200271606,22.358408166503068,129.70511936286786,1.1634693040566906,0.446088703679189,0.1473173051137222,1.9201393057241216,0.927780021550446,11.929490369219204,4.550993691310025,unmatched_ignored,
1562,1139,0.7790668187785609,0.071343286255025,0.705,0.795,0.835,0.9449239132485964,0.0656915131954438,0.855,0.965,0.995,0.6063384898579666,0.307230946026283,0.115,0.705,0.955,203,0.1782265144863915,0.8040210193601148,0.0137325450078991,0.785,0.805,0.825,5.620002746582031,3.3600006103515625,11.870000839233398,18.883212658693083,60.31812597713078,0.9618060398729792,0.4822934757877336,0.1403579543618716,0.9659306077404703,0.6117530398309279,4.973662858945011,1.928817657153621,unmatched_ignored,
1563,559,0.7779737681896828,0.0679964498303258,0.695,0.795,0.835,0.9455331356026404,0.0689365867082237,0.875,0.965,0.995,0.5101070784999487,0.3569141084731952,0.035,0.575,0.945,78,0.1395348837209302,0.8112989343129672,0.0118334286529781,0.795,0.815,0.825,4.75,4.1399993896484375,10.860000133514404,19.66499710083008,28.426141999095645,0.8986250242075794,0.2695543331400918,0.1151852613406462,0.8043414523614689,0.4332395513485862,5.753549305612158,1.7450819430423203,unmatched_ignored,
1564,1413,0.58301631941263,0.2425387169051492,0.125,0.665,0.835,0.9747680217259672,0.0754248967470233,0.945,0.995,0.995,0.4609070598879504,0.3854913880313603,0.025,0.335,0.975,78,0.0552016985138004,0.7407096555599799,0.1009936345716353,0.505,0.775,0.805,17.220001220703125,6.3600006103515625,22.59000062942505,109.51921827392653,12.901845194565237,6.163667037552104,1.9846031860112785,0.1647581851931804,4.822936459030274,6.716235126798715,11.08493875773849,8.087881702771414,unmatched_ignored,
1565,5758,0.7811995559437029,0.1011891382999962,0.635,0.815,0.875,0.9991533786896908,0.0146069651478214,0.995,0.995,0.995,0.626423294025298,0.2874052093229722,0.185,0.675,0.965,253,0.0439388676623827,0.8066918107831902,0.015314435194985,0.785,0.805,0.825,8.610000610351562,5.0,19.84999918937683,43.05000305175781,133.75144231876865,2.181003762346052,0.2421698560663054,0.0589261453727736,2.043688407576261,1.1579318271812111,15.458252398762369,4.145320497526348,unmatched_ignored,
1566,789,0.7258425825222363,0.101890342622445,0.595,0.745,0.835,0.9989725929249376,0.0095905358574648,0.995,0.995,0.995,0.4984869115976487,0.3212659010267724,0.085,0.485,0.955,50,0.0633713561470215,0.8070500111579895,0.0104043326521921,0.795,0.805,0.815,7.580000877380371,4.649997711181641,17.819999307394028,35.24698673057355,22.384892247132555,2.5205521509466515,0.1408704142494389,0.0407605767202539,2.5822931986562865,1.4702931640153447,13.363149694125765,5.162388589680307,unmatched_ignored,
1567,5019,0.6208238229801287,0.1938349132703383,0.325,0.675,0.825,0.9350710266922356,0.1032552408727891,0.785,0.995,0.995,0.4622834814805965,0.3156492900285288,0.055,0.445,0.915,147,0.0292887029288702,0.7472899027016698,0.1135241210734873,0.505,0.805,0.815,12.980003356933594,7.779998779296875,15.860000848770142,100.9844102722127,49.70074080217756,2.5223895119337305,1.1126820100926325,0.5547777753832124,2.98421786334444,1.9855503738140603,8.345982558718001,2.79624782715619,unmatched_ignored,
1568,1918,0.6018804779142235,0.1563804227524298,0.385,0.665,0.755,0.8473621753196895,0.1073776880055634,0.685,0.875,0.965,0.4880621953470665,0.3044142015217234,0.095,0.475,0.915,52,0.02711157455683,0.7355459957168653,0.0703455957016784,0.715,0.745,0.775,4.0,11.89999771118164,8.00999927520752,47.59999084472656,40.29412539713731,1.5460813258187092,1.1772409055459192,0.1605393705488487,1.32950341385818,1.0462599545859046,5.255487637425364,1.9843216056513229,unmatched_ignored,
1569,14138,0.7657438054868433,0.0883553754269802,0.675,0.785,0.845,0.9550858267565432,0.0505691714092318,0.895,0.975,0.995,0.4371499664301208,0.3075893038889448,0.055,0.385,0.905,1022,0.0722874522563304,0.8143467904886854,0.0262079243753183,0.785,0.825,0.835,5.8600006103515625,13.65999984741211,19.409999310970303,80.04760744323721,176.6198947298386,1.384890633393752,0.3753618728015479,0.1054207262150154,1.2294739203721778,0.6953761155490397,5.578097633830913,1.62751697799076,unmatched_ignored,
1570,165163,0.5694202476090086,0.2283328391420459,0.225,0.615,0.835,0.9996402004660344,0.0070384314534405,0.995,0.995,0.995,0.5898161324133826,0.2836104752785521,0.165,0.625,0.935,1857,0.0112434383003457,0.8122574391388161,0.022959528025867,0.785,0.815,0.835,20.470001220703125,20.159996032714844,25.250000596046448,412.675143399043,400.2252198657212,5.432351290382812,0.6071319066801016,0.3083953196528697,5.144570766317513,2.3850820273893354,17.142242197081337,4.603505751997719,unmatched_ignored,
1571,630,0.417530955415633,0.1838106062604114,0.185,0.445,0.725,0.7671074337429471,0.1448366124567761,0.565,0.745,0.995,0.3438813358703526,0.3014191676217579,0.045,0.225,0.825,56,0.0888888888888888,0.5394139329769781,0.1909644385242177,0.205,0.495,0.805,12.790000915527344,3.650001525878906,16.260000228881836,46.68352285766741,13.4951255054336,1.7825541381186354,0.3700790429578426,0.1698897958909714,1.488038683962139,1.3822982249257494,4.929898997715541,4.025909525458775,unmatched_ignored,
1572,15734,0.5155636603444781,0.2378979731575878,0.165,0.495,0.795,0.8121341853799732,0.134338647544119,0.605,0.835,0.975,0.3188385715471833,0.2964675989827752,0.035,0.195,0.825,1554,0.0987670013982458,0.5281949302078521,0.213645779228932,0.185,0.495,0.805,13.389999389648438,8.209999084472656,19.579999446868896,109.9318827301031,143.12499348918632,2.1963553492133,0.7239046700469844,0.5826057732638886,1.534422086676352,1.0039387373788635,4.939266223504474,2.911132841570854,unmatched_ignored,
1573,1226,0.7374748780193083,0.2270598592715937,0.185,0.835,0.855,0.9497492480141888,0.0783105072628312,0.865,0.975,0.995,0.6453298987466751,0.2430140927454612,0.315,0.675,0.945,65,0.0530179445350734,0.8331211869533245,0.0081300165820127,0.825,0.835,0.845,3.3199996948242188,5.309999465942383,12.299999713897703,17.629196606445475,69.54372495634642,1.3609619008935634,0.4413882593167413,0.1110984734045707,1.1066045244985945,0.5604694754173994,7.701518370315651,2.541497315954067,unmatched_ignored,
1574,1043,0.6844474252166936,0.1564538821902636,0.445,0.745,0.805,0.7179570650665781,0.1327921102274376,0.535,0.725,0.895,0.2415180653374892,0.2713473172143706,0.005,0.135,0.735,128,0.1227229146692233,0.7740409889956936,0.1118278521457478,0.775,0.795,0.815,8.010002136230469,6.510000228881836,20.23999923467636,52.145115740204346,20.00187333357164,1.169118518135516,0.4346287912462578,0.1656241728912304,0.622944957163045,0.8355942670425002,2.739104373228744,2.22333892855683,unmatched_ignored,
1575,538,0.5038929264646259,0.2671880658336639,0.155,0.485,0.805,0.8304501612390284,0.1724742644032348,0.575,0.875,0.995,0.6259279118843903,0.2642979690292147,0.245,0.655,0.935,194,0.3605947955390334,0.7319631554647205,0.1465202218476181,0.495,0.785,0.825,7.25,6.75,19.940000653266907,48.9375,10.99361430395913,3.240653450165797,0.857516825784223,0.2336954483740753,2.87646411566824,2.5612090401196634,8.086615068374071,8.166822553497385,unmatched_ignored,
1576,1079,0.7042422251459953,0.1859509835114738,0.355,0.775,0.835,0.8315022404377277,0.1245834631612415,0.655,0.855,0.995,0.4246361559023649,0.2968236846332041,0.055,0.385,0.875,75,0.0695088044485634,0.7566723696390788,0.1565051142263054,0.605,0.805,0.845,7.010002136230469,5.940000534057617,16.880000293254852,41.63941643295402,25.91294721282559,1.1792936126521518,0.7376081850521998,0.2432450555459671,0.9824357149527028,0.5549131246915637,5.571528027629941,3.461285459896925,unmatched_ignored,
1577,1012,0.6383451143640421,0.192462968881181,0.345,0.705,0.835,0.942848351927614,0.1230615671148511,0.715,0.995,0.995,0.5426872385230482,0.3324621533975866,0.095,0.555,0.965,125,0.1235177865612648,0.7608151248693467,0.136703762055054,0.525,0.805,0.835,6.469993591308594,5.479999542236328,14.90000057220459,35.45556191864307,28.54277143659864,1.6636281204681227,0.5074881773562193,0.1824702569274726,2.1947318803453664,1.6429689634317124,6.34495453521786,2.5674378284428085,unmatched_ignored,
1578,622,0.6012117012352997,0.2258467685259528,0.215,0.715,0.815,0.658046854462271,0.1406828592165944,0.515,0.605,0.865,0.6084618870566365,0.3213400815117812,0.065,0.725,0.955,320,0.5144694533762058,0.6572803740389646,0.2083048450653952,0.225,0.785,0.815,3.040000915527344,4.849998474121094,14.99000072479248,14.743999801634343,42.18665276508295,1.0322203734251307,0.3931451881875574,0.2770372553766598,0.6611950261894526,0.7157105062315422,3.263315051386785,3.0746220416089733,unmatched_ignored,
1579,1898,0.7512083435774604,0.1048019070963718,0.655,0.765,0.845,0.9842075318945974,0.0547646700755146,0.965,0.995,0.995,0.5353763558845817,0.3075590298683583,0.125,0.555,0.935,71,0.0374077976817702,0.806653769922928,0.0411107334447345,0.785,0.815,0.835,5.850000381469727,6.689998626708984,14.71000051498413,39.13649451827951,48.49693421349989,1.826965354489961,0.3258914088758208,0.1075138882098198,1.4872226450000987,1.2108622606790365,6.657838097660634,3.467438807380541,unmatched_ignored,
1580,494,0.6264548917877891,0.2133572912147955,0.285,0.755,0.805,0.7593399304368718,0.1656886857592941,0.545,0.745,0.995,0.6289194166523745,0.2474978059095146,0.275,0.655,0.935,192,0.388663967611336,0.7665654251662394,0.0880367496946991,0.725,0.785,0.815,5.840000063180924,8.289999961853027,18.230000495910645,48.41360030099153,10.203744338961766,2.212616228713297,0.925694290364191,0.2874551438819159,1.4361674354876988,1.4281357165116777,6.542134143562935,5.825941212389847,unmatched_ignored,
1581,1552,0.5666486596731833,0.2285410721704827,0.205,0.625,0.815,0.7031701659956544,0.1473666877153572,0.535,0.675,0.985,0.440393616441162,0.2594474293318182,0.145,0.395,0.855,121,0.0779639175257732,0.7358329515319225,0.1633832829178326,0.485,0.795,0.815,7.099998474121094,5.350002288818359,15.749999940395355,37.98500808715471,40.85822481435342,2.074377852191069,0.7811461753918293,0.1776452163164592,1.4913499508677697,1.6783489881589937,5.168625968806062,1.8024790996420683,unmatched_ignored,
1582,1533,0.5320555552480584,0.2288650784977303,0.195,0.505,0.815,0.6553330197881735,0.1303737055045458,0.525,0.615,0.865,0.3312108117206686,0.3089114849235937,0.035,0.185,0.825,158,0.1030658838878016,0.6177688699828673,0.2360771848218885,0.195,0.765,0.825,6.6300048828125,6.6399993896484375,17.069999992847443,44.02322837524116,34.82252566606781,1.2157451117300733,0.3882476124674697,0.240864133911347,1.1389525414091262,0.7629482141371849,5.560678148495163,1.5184414207764216,unmatched_ignored,
1583,4434,0.6508005631765805,0.2235090398472413,0.195,0.745,0.825,0.8612301765017323,0.1524155070746056,0.595,0.925,0.995,0.3901220452845592,0.3166676681211376,0.035,0.295,0.895,481,0.1084799278304014,0.7853949945613649,0.0901437959314497,0.765,0.805,0.835,6.459999084472656,9.989997863769531,16.779999256134033,64.53537705383496,68.70650180444731,2.109215728236931,0.7746268351249738,0.2174030584034381,1.3740231443892623,1.4238498038372718,6.645328945984806,2.831175015341008,unmatched_ignored,
1584,2550,0.6843743230490124,0.0856385631446721,0.585,0.705,0.765,0.956429106464573,0.0650171254276464,0.875,0.985,0.995,0.4259824908004306,0.279237281509431,0.095,0.345,0.855,300,0.1176470588235294,0.7399057294925054,0.0352975161267854,0.705,0.735,0.785,4.19000244140625,3.5500030517578125,7.94999885559082,14.874521453864872,171.43408666350263,0.9642369591417558,0.3985057239080858,0.1015667482873967,1.565166275343556,0.5263627169217769,5.608895630602743,2.1360916069610347,unmatched_ignored,
1585,47724,0.7399777545211268,0.1440939468700555,0.525,0.785,0.875,0.9990377499835208,0.0115924505138203,0.995,0.995,0.995,0.5202123773861717,0.3136080079673538,0.075,0.545,0.925,645,0.0135152124717123,0.8045021420301393,0.0223406128502401,0.775,0.805,0.835,19.199996948242188,26.479995727539062,22.179999828338623,508.41583715821616,93.8680436603877,2.7675761328705364,0.2543951238622925,0.1196173478565561,2.908244969869701,1.548589248325989,14.421331608905426,4.591636727140721,unmatched_ignored,
1586,4223,0.6225689920735055,0.1955490019898624,0.315,0.705,0.815,0.9601244445155364,0.0894835006670605,0.815,0.995,0.995,0.4507187308696598,0.3130541874962608,0.055,0.415,0.905,200,0.0473596968979398,0.796138207912445,0.0824097717027705,0.775,0.815,0.845,19.019996643066406,26.290000915527344,21.65999984741211,500.0357291595428,8.445396506161657,3.5077468672611096,0.6325976572642065,0.1659832109115606,3.630485357538536,1.987020303486312,11.269394473599904,5.330651005834923,unmatched_ignored,
1587,2976,0.676983028885618,0.1216413406750245,0.525,0.685,0.835,0.9938402097792396,0.0264867649103105,0.995,0.995,0.995,0.5864600653502191,0.2924748244140407,0.135,0.635,0.955,161,0.0540994623655914,0.8294685649575654,0.0167679555956369,0.805,0.835,0.845,8.570000648498535,8.580001831054688,16.260000228881836,73.53062125625729,40.47293425726019,2.6832448411674976,0.2760467636340256,0.0874634211444469,2.6596128738454325,1.4125905944449155,11.612870615676686,3.752336876956824,unmatched_ignored,
1588,17943,0.768428515472427,0.1028828721306864,0.635,0.795,0.865,0.9990728177939516,0.0156961561663551,0.995,0.995,0.995,0.5926171262550508,0.3030331944772062,0.125,0.645,0.955,355,0.019784874324249,0.8151843371525617,0.0180013325365787,0.795,0.815,0.835,9.149999618530272,8.560001373291016,19.529999256134037,78.32400930023141,229.08684272303955,2.342278221808281,0.1932566852526732,0.0745212840925534,2.2614138096141034,1.2339815299073107,12.511881767392977,2.82803939843073,unmatched_ignored,
1589,6076,0.7314852289205578,0.1097556874564951,0.665,0.755,0.825,0.9469227598363276,0.0733154281175918,0.865,0.975,0.995,0.3538939023238782,0.2921350741435009,0.025,0.275,0.825,55,0.0090520078999341,0.7769111535765908,0.0984363419048069,0.765,0.805,0.825,5.120000839233398,8.919998168945312,16.959999561309814,45.67039811096038,133.04022411273505,1.3843276706780676,0.6236554252706454,0.1508760944243148,0.9927312124178772,0.8572563222464056,5.678301217594846,1.8306774860125088,unmatched_ignored,
1590,1528,0.6190726410363513,0.1408762900072023,0.385,0.655,0.785,0.9789890352031948,0.0593457662026394,0.945,0.995,0.995,0.6366284009429116,0.2595507584519151,0.235,0.695,0.925,153,0.100130890052356,0.7902894747607848,0.0726006373110594,0.765,0.805,0.825,15.040000915527344,10.1199951171875,17.929999351501465,152.20473582763225,10.039109438292504,2.8518554935144325,0.5217895778894805,0.1276397510686785,2.2860370591250803,2.025672278137882,13.183471393405767,6.647113332831953,unmatched_ignored,
1591,1563,0.7200588396037151,0.1093794673948409,0.615,0.755,0.805,0.99281700581827,0.019853633789007,0.985,0.995,0.995,0.4511133735622288,0.3001864227703814,0.065,0.395,0.895,290,0.1855406269993602,0.7934307059337353,0.0146489901270957,0.775,0.795,0.815,10.949996948242188,4.930000305175781,18.190000534057617,53.98348829650786,28.953297560452555,2.166300787088507,0.3525036444938049,0.2078582518365973,1.3444611159358897,1.7486222910557567,5.527978736165999,4.655219575385017,unmatched_ignored,
1592,24502,0.7371213083788625,0.0939382597592976,0.625,0.755,0.835,0.9988835127161392,0.0146507606595814,0.995,0.995,0.995,0.5226897652189707,0.3087496955208625,0.075,0.545,0.925,615,0.025099991837401,0.8063033524567519,0.0328946633387945,0.785,0.805,0.825,8.360000610351562,5.239997863769531,18.459999978542328,43.806385339354165,559.3248520778599,2.077866480541529,0.6232511414268136,0.1112728807175487,1.9330988363650232,1.1024405867024258,11.995150441161693,3.7506412978792114,unmatched_ignored,
1593,5934,0.698381015554417,0.1020295202362289,0.545,0.725,0.795,0.9973081667233606,0.0221689207559564,0.995,0.995,0.995,0.5780141644027945,0.3016081431542116,0.105,0.625,0.945,179,0.0301651499831479,0.800552771577622,0.0281061907347798,0.785,0.805,0.815,9.59000015258789,3.75,18.179999709129333,35.96250057220459,165.00521113891585,2.007514498916675,0.9635279292777936,0.0947747586897857,1.5484086288448733,1.1617647620215088,12.421551078851772,4.582262808490349,unmatched_ignored,
1594,5121,0.7756362189115944,0.1346964205669604,0.645,0.815,0.865,0.9987322789015096,0.0149303282983288,0.995,0.995,0.995,0.529585032296033,0.3120191389208458,0.085,0.545,0.945,147,0.028705330990041,0.796075895530026,0.0165354877967204,0.775,0.795,0.815,13.910003662109377,7.509999752044678,20.40999937057495,104.46412405338197,49.021614323623005,1.63463680976424,0.3136664952880237,0.1316653553622317,1.5317435782858269,1.2908820494247752,11.217089556706089,3.159679601917865,unmatched_ignored,
1595,1738,0.5297292628645965,0.2172168576257498,0.205,0.615,0.775,0.8343263578840174,0.1913505631942937,0.555,0.995,0.995,0.3541061240982676,0.2843889935318598,0.045,0.275,0.805,182,0.1047180667433832,0.7129176355652757,0.1377739543539977,0.515,0.785,0.815,7.0200042724609375,8.970001220703125,15.96000063419342,62.96944689331576,27.600687091067485,2.923114241402696,0.933947625276871,0.3979181246190864,2.7575785153000423,2.6210876364875,7.500411269511123,4.827230387819193,unmatched_ignored,
1596,1330,0.55350992336197,0.2000601266491321,0.295,0.515,0.805,0.9579540554294012,0.1266908546899621,0.745,0.995,0.995,0.4318037813345559,0.2961692483130133,0.065,0.385,0.855,97,0.0729323308270676,0.7018678945671651,0.1895815806629901,0.505,0.805,0.835,10.409996032714844,9.260002136230469,16.99000072479248,96.39658550109016,13.797169195219668,3.2142948157287776,0.676079154372738,0.2297085980035209,3.682932913768681,2.3376877968942296,11.604594460645115,4.482460694481004,unmatched_ignored,
1597,33052,0.6248214246819462,0.166826164185952,0.385,0.655,0.815,0.995761167822025,0.0265283817977065,0.995,0.995,0.995,0.4838900241461003,0.2988472726383348,0.075,0.475,0.905,603,0.0182439791843156,0.8039827690788762,0.0156675646524604,0.785,0.805,0.825,13.479999542236328,12.889999389648438,20.529999256134037,173.7571858718875,190.21947112086343,3.437795935577579,0.4643305436150177,0.179547409149334,3.5878696758644906,1.7735513303340236,10.556018454049418,2.9176650520779144,tp,1.0
1598,4163,0.7223120046734323,0.1221017945704178,0.645,0.745,0.805,0.9620583311113462,0.0651220022959935,0.875,0.985,0.995,0.3785275627795518,0.2770426748014518,0.065,0.315,0.825,406,0.0975258227239971,0.8052198848700876,0.0271968854127695,0.775,0.805,0.835,12.129997253417969,6.369998931884766,15.56999921798706,77.2680695480376,53.877365182675625,2.1431645371314745,0.5448214863116135,0.1199116841085168,1.4880079895520255,1.172678871553463,4.619040039630111,3.0129401650402383,unmatched_ignored,
1599,383,0.603091631619644,0.2678463406360054,0.195,0.755,0.825,0.6098480630792463,0.1246127974418293,0.515,0.565,0.705,0.4400588784454385,0.3137680450461845,0.055,0.395,0.895,92,0.2402088772845953,0.6813899283499821,0.2387643412855238,0.225,0.805,0.835,4.359992980957031,6.119999885559082,14.659999907016754,26.683156544495432,14.353624143430306,1.4811116045051724,0.8490346081309751,0.2607674218909107,0.6165617203618927,0.7484249573876655,4.098762603714945,3.1420609403150714,unmatched_ignored,
1600,13175,0.6941500495679578,0.1447359530460703,0.495,0.725,0.835,0.9397738672071888,0.1259559460838523,0.715,0.995,0.995,0.5617448107638146,0.2989991230981916,0.115,0.605,0.935,558,0.0423529411764705,0.714782485077458,0.1827072945305755,0.405,0.795,0.815,8.900001525878906,5.829998016357422,13.409999921917915,51.88699124145205,253.91720901085148,1.812917829140212,0.5881264401643189,0.2974497150413172,2.187757989283071,1.1819668553120573,8.629868562360642,2.4145694362343613,unmatched_ignored,
1601,22312,0.790457598733131,0.0977214983643749,0.675,0.815,0.865,0.9952358940449956,0.0440891357633174,0.995,0.995,0.995,0.6389408345052267,0.2667357234397934,0.225,0.685,0.955,363,0.0162692721405521,0.8074001740489781,0.0173192813125516,0.785,0.805,0.825,8.089996337890625,6.629997253417969,21.499999165534973,53.63665350037627,415.98419259776296,1.829444635536035,0.1628044535800266,0.1035566050164898,2.1508271465051827,1.2765679541245258,16.59572582455354,3.855634036166276,unmatched_ignored,
1602,1982,0.6552836018136122,0.1631078589759132,0.385,0.725,0.815,0.9892544316355324,0.0463295785263905,0.985,0.995,0.995,0.4267700551415809,0.3041321973402557,0.065,0.345,0.905,79,0.0398587285570131,0.7926563711106023,0.0164326778474867,0.775,0.795,0.805,5.75,8.829999446868896,16.419999599456787,50.77249681949616,39.03688264625448,2.7694286923405604,0.2506134329818094,0.0855948853693827,2.3635114243610533,1.5374682159480242,7.92561430451728,2.0217071515185974,fp_counted,0.0
1603,15518,0.7195365635229495,0.1343354255384379,0.525,0.755,0.855,0.9913983143955364,0.0524429974524499,0.995,0.995,0.995,0.4247591887310346,0.2955781269574097,0.065,0.375,0.885,277,0.0178502384327877,0.7981754995425255,0.0638985844429834,0.785,0.805,0.825,6.930000305175781,7.960000038146973,18.44000005722046,55.16280269355775,281.3127550136659,2.0960231766017943,0.3477825218791478,0.2505031383831087,2.39487259382915,1.2053636371809164,9.610337400781324,2.4671642358149573,tp,1.0
1604,1054,0.3953922515879942,0.1766978208698367,0.145,0.385,0.635,0.6156106238912586,0.0930303371778505,0.515,0.585,0.755,0.3574723196011869,0.2737955517765162,0.055,0.305,0.785,150,0.1423149905123339,0.4464123803377151,0.1680174347481424,0.185,0.405,0.695,8.8800048828125,29.38999938964844,15.320000171661375,260.9833380859345,4.038571993637951,1.4549241663415329,1.1291929265845266,0.5350723426399273,1.565648012962842,1.269928015726437,3.439289860865649,1.144487715936297,unmatched_ignored,
1605,1291,0.5164642627087677,0.2360306057958181,0.175,0.495,0.785,0.834861763219885,0.1433774440591627,0.625,0.845,0.995,0.5108277394157119,0.2804749190785987,0.105,0.535,0.885,246,0.190549961270333,0.6376413110552764,0.157262679763432,0.465,0.725,0.805,7.4499969482421875,23.61999893188477,14.980000019073486,175.96891996002523,7.336522837631076,8.771440528825801,3.475266755199661,0.6237434180065846,5.801376760222936,6.751576431284532,9.2166899264459,8.951496198840388,unmatched_ignored,
1606,12835,0.5688944738890858,0.2439610028869308,0.185,0.645,0.825,0.953919174966526,0.1016534927101995,0.865,0.995,0.995,0.5062859857060538,0.3031975649977769,0.075,0.515,0.915,1009,0.0786131671211531,0.7577661108022521,0.1517078991745448,0.505,0.805,0.835,9.860004425048828,16.719999313354492,21.049999713897705,164.85926721648866,77.85428272676616,3.848593442725186,1.185861650977896,0.4161029256261087,3.2993048555132147,2.8890962271632548,10.902686875968024,6.111955779989524,fp_counted,0.0
1607,3395,0.6830202315293461,0.2130380890139921,0.305,0.775,0.845,0.8882905499046786,0.142866111379275,0.625,0.955,0.995,0.4524130749444237,0.3315742460313688,0.035,0.445,0.915,166,0.0488954344624447,0.7723504613681011,0.1455428356380685,0.535,0.825,0.845,9.85000228881836,11.330001831054688,20.66999912261963,111.60054396820487,30.420998673332985,2.529732766130963,0.631263813152241,0.1951961367680769,1.764744318312767,1.943390120359545,7.637367667813013,4.557947173530304,tp,1.0
1608,161925,0.6587915386197208,0.1899395362073056,0.355,0.705,0.865,0.9996875640969412,0.0082336584518779,0.995,0.995,0.995,0.577948807382565,0.2834165778875699,0.155,0.615,0.935,1125,0.0069476609541454,0.8161679089069367,0.0190688351021297,0.795,0.815,0.835,15.300003051757812,15.120000839233398,24.499999046325684,231.33605898285168,699.9557298242167,4.682261914238596,0.373877332767458,0.111869377483554,4.285422690394143,1.90966319657472,17.746476601516463,3.3747196869309346,unmatched_ignored,
1609,18568,0.6285502197442016,0.1665219795173713,0.395,0.675,0.805,0.9225044197008456,0.1425455724420133,0.645,0.995,0.995,0.2976037459711057,0.2789475136671356,0.025,0.195,0.775,456,0.0245583800086169,0.6636611105661774,0.2045959735259244,0.215,0.765,0.815,11.31000018119812,12.59000015258789,14.000000193715096,142.3929040070534,130.3997564308418,2.222208429874451,1.122539171033865,0.4528541985590091,2.2408778086341905,1.265840247615382,7.349807907411093,1.5170661926338875,fp_counted,0.0
1610,4367,0.7635680633222371,0.0896322356894572,0.665,0.785,0.855,0.9851311764346944,0.0511958490967176,0.965,0.995,0.995,0.3889868329138837,0.3310649552768262,0.025,0.285,0.895,295,0.0675520952599038,0.8030758613246982,0.0189378452765865,0.775,0.805,0.825,7.3699951171875,6.539999961853027,14.62000024318695,48.19976778526325,90.60209624775788,1.335039032512715,0.3949556200169238,0.1439530760536053,1.3344203080563874,0.7505108603848252,7.614678910313904,3.093769661385195,unmatched_ignored,
1611,9151,0.8037589896885948,0.0656133204515968,0.735,0.825,0.855,0.9991400112168878,0.013942076734886,0.995,0.995,0.995,0.6578920347799592,0.2748082545937174,0.215,0.725,0.955,264,0.0288493060867664,0.8043617646802556,0.0138910333326615,0.785,0.805,0.825,4.660003662109375,6.819999694824219,16.700000047683716,31.78122355346568,287.93730941809827,1.2903332250002402,0.2701331445835714,0.0899808303599864,1.102885721186922,0.7036396393050087,11.753233858365569,2.9253374830827026,unmatched_ignored,
1612,7997,0.6893040396154814,0.1518259249156816,0.475,0.745,0.825,0.9497278740111778,0.112660936324371,0.775,0.995,0.995,0.5131783416380273,0.2959494274739391,0.105,0.525,0.905,151,0.0188820807802926,0.6656892549320562,0.2121254347436678,0.215,0.775,0.805,12.629997253417969,15.229999542236328,18.339999616146088,192.35485238800172,41.57420465728172,2.459279068156295,0.9156945774402494,0.4296640023456549,2.192000417403783,1.6134028118313994,9.658733128137374,3.927052493710344,unmatched_ignored,
1613,11152,0.5645660468974448,0.1562985163678766,0.335,0.595,0.755,0.9983078780793818,0.0208932124505234,0.995,0.995,0.995,0.5098458311390336,0.2901498509484359,0.105,0.515,0.905,235,0.0210724533715925,0.7875942347531623,0.0771193102453392,0.755,0.805,0.825,11.31999969482422,7.509998321533203,17.630000710487366,85.01317870788625,131.17966143013405,1.9266755161867828,0.270419106539511,0.126441779826094,4.381819818798712,1.5354261560729097,12.956258356070128,2.7924517666136377,unmatched_ignored,
1614,880,0.6986102274195715,0.1887321593446979,0.455,0.785,0.835,0.7097359636290507,0.1264377065117554,0.545,0.695,0.875,0.5786684715009125,0.2628846936831313,0.215,0.605,0.935,293,0.3329545454545454,0.751900040503248,0.172962474508401,0.545,0.825,0.845,3.2699966430664062,2.720001220703125,10.489999771118164,8.894394860835746,98.93871519858658,0.872470842256717,0.5116669206325749,0.1787610332705183,0.6168552846274743,0.3027759031498453,2.874908335269852,1.3063020134596677,unmatched_ignored,
1615,233,0.5393327971512668,0.2548577359576914,0.205,0.525,0.815,0.6876029653610589,0.1409269329359904,0.525,0.655,0.895,0.6975449541096012,0.197421954090268,0.395,0.745,0.945,121,0.51931330472103,0.5547473631368196,0.2702042585219391,0.215,0.715,0.815,4.349998474121094,2.1299972534179688,12.000000953674316,9.265484802250285,25.14709213525577,1.0231971666071693,0.2872811946236832,0.1343389377305436,0.8890621221711715,0.4725966352080447,2.221483093474556,1.0921652938930697,unmatched_ignored,
1616,163083,0.4921596391575045,0.2713768913227006,0.145,0.495,0.845,0.9936909178145352,0.0413112635197276,0.995,0.995,0.995,0.5031075625840628,0.2912819811048276,0.105,0.495,0.905,1162,0.0071252061833544,0.8055560326335147,0.0484140197314422,0.785,0.815,0.835,21.53000259399414,18.36999988555908,24.519999504089355,395.5061451877591,412.3399901222253,5.860307960656312,0.4465177597975138,0.1758793108540287,5.934999861297289,3.018039337095258,15.879878575700111,4.4946481992024605,tp,1.0
1617,7234,0.3680533483538973,0.2453985670839359,0.125,0.255,0.755,0.8859773151677454,0.1636301877722736,0.605,0.995,0.995,0.4370804898119351,0.2976978340547756,0.065,0.405,0.885,50,0.0069118053635609,0.6409230345487594,0.1664994730617919,0.395,0.685,0.795,21.650001525878903,17.850000381469727,18.350000381469727,386.4525354957586,18.718987030890872,6.808382002762657,1.0290703808466517,0.1688507770397112,5.957367290782977,3.95638930277194,12.272001210500234,5.74764502628262,fp_counted,0.0
1618,9008,0.6902244019274125,0.1650601517231913,0.425,0.745,0.855,0.9984389543798,0.0177230717599232,0.995,0.995,0.995,0.4827825326846029,0.3065664169776602,0.075,0.475,0.915,296,0.0328596802841918,0.8003157002700342,0.0171739434919151,0.775,0.805,0.815,7.2400054931640625,6.880000114440918,15.94999983906746,49.811238621521625,180.84272243147896,1.9873980118003625,0.2781129539410372,0.1899886036437944,3.161858075649452,1.730015714079106,9.371960145032586,2.3121615564424003,unmatched_ignored,
1619,305,0.5459039113804942,0.2862551708866512,0.115,0.725,0.805,0.9346227890155354,0.0831821753373233,0.805,0.955,0.995,0.649130150193318,0.3039608101836719,0.085,0.755,0.955,121,0.3967213114754098,0.7765392439424499,0.0280418999555003,0.735,0.785,0.805,11.959999084472656,8.180000305175781,17.46999967098236,97.8327961608884,3.11756396595698,4.482724304667733,1.279522010244721,0.3862201950771865,3.2757793260371004,3.706854024889612,7.833409274748114,7.747108337542164,unmatched_ignored,
1620,1556,0.4563260241088416,0.2201299558401394,0.185,0.435,0.745,0.8872974077502989,0.1585362874980767,0.605,0.975,0.995,0.4747370656071425,0.3009623643728622,0.055,0.485,0.905,104,0.0668380462724935,0.3940242442230766,0.2618062045098475,0.195,0.225,0.805,8.800003051757812,13.810001373291016,20.800000071525574,121.52805422974052,12.803628017103671,3.236262047745278,1.2832171057990582,0.454558204239061,2.989719371139112,2.727067526789566,8.127534151728478,7.115438912350254,unmatched_ignored,
1621,4294,0.4811944175940171,0.18477637625257,0.245,0.445,0.785,0.9692670892825168,0.0666152074559007,0.855,0.995,0.995,0.6241327313955273,0.2904725702344887,0.165,0.675,0.955,221,0.051467163483931,0.8022717525381847,0.0630654653924126,0.785,0.805,0.835,16.14000701904297,13.740001678466797,20.96999943256378,221.76372353211627,19.36295049347029,4.985584151236371,0.7291270832643659,0.2055464881805723,5.054393330726583,2.367587598217681,13.510285535835088,5.998756800610464,unmatched_ignored,
1622,3015,0.6778924816975348,0.1546317967063852,0.485,0.715,0.845,0.9355966500975006,0.1206082295083188,0.735,0.995,0.995,0.4840481116242444,0.3404192724320037,0.065,0.435,0.955,180,0.0597014925373134,0.612868777083026,0.2568118758636153,0.225,0.805,0.845,6.640003204345703,5.069999694824219,17.329999923706055,33.66481421966455,89.55938328745789,1.4829616276603497,0.5250491407366124,0.1205460845445831,1.815693765048317,0.9869232527348252,6.72637920273749,2.314980098495525,tp,1.0
1623,3738,0.7918000697826497,0.0716333024167375,0.705,0.805,0.865,0.9945340486947964,0.0254815221680909,0.995,0.995,0.995,0.6449202496146786,0.2919420435972653,0.185,0.725,0.965,238,0.0636704119850187,0.8146871989514647,0.0168622089850719,0.795,0.815,0.835,4.049999237060547,3.890000343322754,17.490000247955322,15.75449842262242,237.265566933726,1.2198039618544634,0.2075754964028447,0.1152346951213583,1.824198692282995,1.068464662245254,9.871025642369156,3.433163321554123,tp,1.0
1624,1151,0.5631849105452891,0.2729045442725438,0.115,0.725,0.825,0.7297350866809086,0.1576082767204396,0.545,0.705,0.995,0.4483670063292285,0.3159966859143372,0.035,0.445,0.885,174,0.1511728931364031,0.7705312032552286,0.1249654123244682,0.735,0.805,0.835,10.529999613761902,13.620002746582031,13.710000276565552,143.41862366094483,8.025457019592327,3.726603939733669,0.3572369829252017,0.114676278384792,2.120173260739725,3.562498693410645,5.919587187514318,4.165858246554085,unmatched_ignored,
1625,1818,0.5598771631475886,0.1817965332939072,0.205,0.595,0.755,0.7167700659586127,0.1219865071022349,0.545,0.715,0.875,0.3452814853653332,0.3151585723405605,0.045,0.195,0.875,80,0.044004400440044,0.7275285921990872,0.173347415857954,0.425,0.795,0.815,7.449999809265137,8.450000762939453,17.769999265670776,62.95250407218919,28.87891477541949,1.6099082750105604,0.589403312405815,0.150927785354667,1.9298178846241367,1.167185803312736,6.663427922050945,2.6449252203965243,unmatched_ignored,
1626,9458,0.7698624626221126,0.0769027245825813,0.715,0.785,0.835,0.9528579801402955,0.0679691947489958,0.875,0.985,0.995,0.4622526532936532,0.2960438861839322,0.075,0.455,0.885,1187,0.1255022203425671,0.8040885446371908,0.0517038825787266,0.775,0.815,0.835,4.329999923706055,4.380001068115234,9.3100004196167,18.965404290771403,498.6975154862519,0.9939251002169456,0.2461903317709375,0.1899666427901789,0.8989945210783151,0.4189824907359639,4.333599441298586,2.332297666552908,unmatched_ignored,
1627,1890,0.6072965470413683,0.1553428470950592,0.385,0.675,0.765,0.8277765247872266,0.1335421150370537,0.615,0.865,0.975,0.2975600405472505,0.2811499512540926,0.025,0.195,0.785,145,0.0767195767195767,0.6673143219331216,0.1700589077592328,0.445,0.755,0.815,4.569999694824219,4.630001068115234,10.5,21.159103468322428,89.32325525179003,1.1580180681449894,0.4868673221810212,0.1940657198432937,1.8126483461934653,0.4305745173549213,2.6737247586250303,1.9347360634786783,unmatched_ignored,
1628,5927,0.4252705784284819,0.3164010253466143,0.105,0.235,0.825,0.8992313186615901,0.1319499997194797,0.695,0.995,0.995,0.5484446442998032,0.307151287176422,0.105,0.585,0.935,488,0.0823350767673359,0.8011763219523137,0.0682132219263998,0.785,0.815,0.835,12.259999930858612,7.600002288818359,16.56000018119812,93.17602753543838,63.61078226634782,4.726903824350958,0.7005073348890802,0.2794051421232387,5.062635603190829,4.262996325297654,9.205998796123025,4.835226696534775,unmatched_ignored,
1629,1399,0.5996843202943628,0.284590134993633,0.085,0.755,0.815,0.9009424102059256,0.1077999813340826,0.735,0.935,0.995,0.5563320882859829,0.3013264017217352,0.115,0.585,0.925,52,0.037169406719085,0.7392143395084602,0.1447280038597942,0.715,0.775,0.825,9.1500001847744,9.650001525878906,15.72999906539917,88.29751574486522,15.844160373009773,3.302125658645636,0.5410095618226969,0.1238293048808792,2.291378139731552,3.1776853002852103,7.105245471937986,4.422785503001522,unmatched_ignored,
1630,1836,0.6754126023797395,0.1639920093059373,0.455,0.745,0.805,0.9148077481387747,0.145942086375924,0.655,0.995,0.995,0.5213445859482465,0.2750679478059972,0.125,0.515,0.915,50,0.0272331154684095,0.7441878271102905,0.0959970912488524,0.525,0.775,0.805,5.709999084472656,4.099998474121094,18.90000033378601,23.410987533570733,78.42471392405916,1.0484753016555377,0.6161869295983572,0.129538852699877,0.9911418705089724,0.6457091101030874,9.78366286828627,4.759057674364861,unmatched_ignored,
1631,16277,0.6209721419233145,0.2040733387701425,0.265,0.675,0.845,0.9996755821827756,0.0087697148899031,0.995,0.995,0.995,0.5761507188504402,0.3073369331962023,0.095,0.635,0.945,215,0.013208822264545,0.8022203212560609,0.0176696644448365,0.785,0.805,0.825,16.550003051757812,18.69000244140625,25.38000011444092,309.3195974426344,52.62194873707829,5.046580586187859,0.2497167676325502,0.0935752485780974,4.61313180371973,2.250633441466679,16.147054702999288,4.4224568427208775,unmatched_ignored,
1632,16089,0.6297934763999495,0.1837004624412261,0.375,0.655,0.845,0.9996197776179752,0.0052715465369528,0.995,0.995,0.995,0.5836724263813737,0.2899359794366883,0.135,0.635,0.935,70,0.0043507986823295,0.8291256836482457,0.0125096608394015,0.815,0.825,0.845,15.279998779296877,17.869998931884766,25.589999079704285,273.0535618652357,58.922505497074056,2.9944158416761537,0.4177462294578216,0.0669207545970267,4.20605322913867,1.596329139404057,18.89428966344273,4.636903551588869,unmatched_ignored,
1633,618,0.6613234739666232,0.2308823740673078,0.205,0.785,0.825,0.728548765761181,0.1513894782881965,0.545,0.695,0.985,0.7695511158640138,0.1784930794587314,0.515,0.815,0.955,81,0.1310679611650485,0.8134453613081096,0.0122118639739886,0.795,0.815,0.825,3.8899993896484375,5.090000152587891,11.209999561309814,19.80009748687735,31.21196753751257,1.2130123069406196,0.4195547449304591,0.0751592906790952,1.0895541415672965,0.7751653933216452,5.747750035574521,2.124009820410778,unmatched_ignored,
1634,1750,0.6927627965637616,0.2361807360165217,0.195,0.805,0.825,0.8944967537266868,0.1165157659465432,0.715,0.935,0.995,0.7413157062754036,0.2281528270633699,0.425,0.815,0.965,954,0.5451428571428572,0.8043840385395525,0.0356229341671833,0.785,0.805,0.825,5.959999084472656,5.870000839233398,14.830000400543211,34.98519962768478,50.02115233366213,1.305000458596923,0.6244029266556137,0.2915007535202408,0.6497789589825742,0.6433288169804198,4.271906614953519,4.062443131013199,unmatched_ignored,
1635,16903,0.5875103652906147,0.1810596447736283,0.335,0.655,0.765,0.737741667307644,0.1324909823195079,0.565,0.735,0.925,0.3893925009249699,0.2753754417138604,0.065,0.325,0.815,1054,0.0623557948293202,0.6372965032648317,0.203180298842071,0.205,0.745,0.795,12.670005798339844,27.68000030517578,16.010000705718994,350.7057643646258,48.19709773126539,2.616219414265088,1.7538689582292486,1.1657593252747689,1.094605221510445,1.2915336961167765,4.72869402012116,2.4561905676130245,unmatched_ignored,
1636,6233,0.6300179139986938,0.1634654383250178,0.345,0.685,0.785,0.9951450260821952,0.0251320558374077,0.995,0.995,0.995,0.3279729410691113,0.2566108785329606,0.045,0.265,0.735,368,0.059040590405904,0.7419333838574265,0.0423222835574752,0.685,0.735,0.795,6.5,10.15999984741211,10.130000352859495,66.03999900817871,94.3821940280174,3.1317561946122763,0.6184459698703546,0.3676452633662134,2.3753428768375557,1.6591680610405604,4.481275695104307,1.3406619165628704,fp_counted,0.0
1637,8446,0.6747677848448749,0.1548197093863687,0.515,0.715,0.785,0.8003895138920751,0.1141038879572493,0.635,0.815,0.935,0.3418321052793677,0.2753259941853098,0.035,0.275,0.785,277,0.0327965901018233,0.7419007515756663,0.1410939726149223,0.725,0.775,0.815,6.069999694824219,7.890000104904175,11.96999979019165,47.8922982289314,176.35403420456092,1.663246235527457,1.07874355509124,0.6507195820633119,1.547312204237094,0.9347926109404204,4.573237212029447,1.9796399474942088,unmatched_ignored,
1638,15401,0.6796465512795902,0.1665922599332401,0.425,0.735,0.835,0.996845715019302,0.025095073707197,0.995,0.995,0.995,0.5231085244630217,0.3102639037781291,0.085,0.535,0.935,351,0.0227907278748133,0.8067538407113817,0.0190007284325544,0.785,0.805,0.825,9.779998779296877,14.189998626708984,23.25000035762787,138.7781692474382,110.97566774022202,2.7649632456537,0.392534735007628,0.1117450971051595,2.8734635175837657,2.018588051122202,15.26270248055938,5.419974541965423,unmatched_ignored,
1639,11721,0.5653526895472865,0.222639096169994,0.235,0.585,0.825,0.9962207750191552,0.0175286306460704,0.995,0.995,0.995,0.5378415435134648,0.3126974675944333,0.085,0.565,0.935,544,0.0464124221482808,0.8047214759623303,0.0201902635414694,0.775,0.805,0.825,3.8699951171875,12.439998626708984,24.400000527501103,48.142733943182975,243.4635310456792,2.437000950274816,3.339333177380382,0.138670426429916,3.145090862062219,2.331006896205319,13.025120603945178,6.6309088653576325,unmatched_ignored,
1640,15527,0.4430665451738895,0.188322352069047,0.205,0.445,0.705,0.9956627333932736,0.033184702901276,0.995,0.995,0.995,0.5410931159317728,0.3054033123568355,0.105,0.575,0.935,223,0.0143620789592323,0.7432818739537166,0.0562868528100116,0.715,0.755,0.775,12.81999969482422,28.5,17.179999113082886,365.36999130249023,42.49664824592882,3.6402935647191184,2.7814612384452646,0.3659052340703512,2.1398027770558063,2.724910396648822,10.972979453989556,4.798500024704219,unmatched_ignored,
1641,1538,0.6657892847227802,0.1165790794647815,0.515,0.705,0.785,0.9729253378816636,0.0378728786456236,0.935,0.985,0.995,0.4227847557030227,0.2448399233588319,0.115,0.385,0.775,244,0.1586475942782834,0.7806041089237713,0.0297534060329024,0.745,0.785,0.805,3.1100006103515625,3.4000015258789062,6.459999084472656,10.574006820679642,145.45101266552288,0.7175223653188947,0.4536822285771421,0.1391680582297734,0.9199992121337108,0.6420048534284388,3.895565310442246,1.297495147036636,unmatched_ignored,
1642,1607,0.5587566045449621,0.2165111219638728,0.185,0.645,0.785,0.8207182529258965,0.1958370699766887,0.535,0.965,0.995,0.3450270024363044,0.2784006464767841,0.045,0.275,0.805,61,0.0379589296826384,0.6828149398330783,0.2067343713387071,0.235,0.795,0.815,6.489999771118164,5.629997253417969,13.829999446868896,36.53868088607851,43.98078860619947,1.7674549056492417,0.454483692728021,0.1049508402898433,1.567351116988517,0.9630559554096256,5.772178275657872,2.7611363907771427,unmatched_ignored,
1643,4564,0.6649572737498648,0.151347864582172,0.465,0.715,0.815,0.9349734505914368,0.10001187097227,0.795,0.985,0.995,0.3579518030141559,0.3213260069047169,0.015,0.245,0.855,513,0.1124014022787028,0.7986051928665903,0.0930873910027741,0.785,0.815,0.835,6.240000247955322,5.989997863769531,18.88000082969665,37.377588155173726,122.10525679325464,1.7318823053283845,0.6430602837974004,0.1854607014166251,1.413840102287843,0.9632403962537752,6.116824380798783,4.240205776636933,unmatched_ignored,
1644,25646,0.6753121736918958,0.1847235690101142,0.385,0.735,0.865,0.9937328572583944,0.0446372555132429,0.995,0.995,0.995,0.6398030487662577,0.2581297398882321,0.245,0.685,0.945,573,0.0223426655228885,0.7969333117024853,0.0290875962233822,0.765,0.805,0.825,8.300003051757812,9.65000057220459,21.84000062942505,80.09503419876273,320.19463199625136,2.7215701721837484,0.373842820106931,0.2445964253106636,3.756581295661753,1.7635854215560272,15.774939131534673,3.878855064523853,tp,1.0
1645,5978,0.7279964704926485,0.163841328863591,0.485,0.785,0.845,0.8026097943428648,0.153137550397674,0.565,0.835,0.985,0.3559861027520248,0.2795664672100011,0.045,0.295,0.805,244,0.0408163265306122,0.7187037867661871,0.1792678321430152,0.455,0.795,0.825,5.510002136230469,7.829999923706055,18.179999351501465,43.14331630630477,138.5614392170961,1.824344312583226,1.1299979751728426,0.4946140767810976,1.384997252964559,0.6116918252841982,6.893342980645739,1.871807143015202,tp,1.0
1646,4141,0.6522765158149564,0.1326663943538532,0.485,0.695,0.775,0.9536575266227316,0.101493284403861,0.805,0.995,0.995,0.3059695131401485,0.2822935483165973,0.025,0.215,0.785,175,0.0422603235933349,0.6738033460719245,0.1806167836641014,0.465,0.775,0.805,13.540000915527344,6.350002288818359,17.980000495910645,85.97903680420131,48.16290288794736,1.7830068083068678,0.7399287397709622,0.2237365085322638,2.493370601281013,1.0693274816987035,6.855112759279934,2.04788666557278,unmatched_ignored,
1647,5284,0.6013251197313569,0.1615901738986945,0.365,0.645,0.785,0.9501618502561474,0.1171619479405951,0.745,0.995,0.995,0.2756254530810058,0.2619513539419269,0.015,0.175,0.705,57,0.010787282361847,0.3863530802099328,0.1270671645017376,0.195,0.465,0.495,5.290000915527344,5.279998779296875,8.139999389648438,27.93119837646373,189.17913684836995,1.6132900404332449,0.34411735880869,0.1371693282002928,2.8059064717061526,1.4202946629643023,7.394122280524501,1.2268531971288894,unmatched_ignored,
1648,390,0.5687376596415654,0.1737179200744618,0.375,0.575,0.775,0.8304846111016396,0.1933138121789518,0.545,0.935,0.995,0.4625855854676606,0.2648347970990821,0.095,0.475,0.805,60,0.1538461538461538,0.624414200335741,0.2066972492640623,0.215,0.765,0.815,4.549999237060547,6.3000030517578125,14.229999542236328,28.665009078977164,13.605437867662316,1.8118553064486929,0.5622556065910785,0.1790713505525322,1.6255852492904963,1.4415344593521795,6.513902672743186,3.9747043861419673,unmatched_ignored,
1649,15512,0.7932625433786467,0.0606900640846575,0.725,0.805,0.855,0.980801800401356,0.0421818064243127,0.945,0.995,0.995,0.4574336320210618,0.306203344885172,0.065,0.425,0.895,697,0.044932955131511,0.8146968783230829,0.022275548184552,0.785,0.815,0.835,7.450004577636719,6.039997100830078,16.240000247955322,44.99800605009659,344.726385936532,1.4460821621044764,0.2475549918104155,0.0901866445499293,1.6322650083374588,0.7925243789691405,8.190115463128866,2.407239817258098,unmatched_ignored,
1650,525,0.6707017367013863,0.1522552085874255,0.435,0.725,0.775,0.8674085788499741,0.1388915856654275,0.645,0.935,0.985,0.547575956311609,0.1926824859012931,0.295,0.555,0.835,75,0.1428571428571428,0.7665124066670735,0.0240593336365468,0.735,0.765,0.795,5.239997863769531,3.820000171661377,21.479999542236328,20.016792739104854,26.22797802039278,1.3243745207920117,0.8571982142601587,0.1522583445575321,1.0709358094187795,0.6316854567840173,2.664025916297521,2.1418866069030167,fp_counted,0.0
1651,1386,0.5307687831582961,0.1492100172261181,0.385,0.505,0.755,0.9519588367591516,0.0896925462771252,0.805,0.995,0.995,0.4476432845152345,0.301846389750901,0.085,0.375,0.895,99,0.0714285714285714,0.593274724152353,0.2202962735578251,0.195,0.745,0.795,7.170000076293945,7.239997863769531,12.78999948501587,51.91078523559554,26.699653910255464,3.0622012273399832,1.7743276725746733,0.1904235853344099,2.317429696256972,1.171104349626251,8.486313292753989,5.075405088668279,unmatched_ignored,
1652,5523,0.6194832549106162,0.1684051060769455,0.385,0.705,0.785,0.8970939171998458,0.1176279912296554,0.715,0.945,0.995,0.3823092951636382,0.2829841807204205,0.045,0.325,0.805,287,0.0519645120405576,0.7300921734097943,0.1327626994721832,0.485,0.765,0.815,9.24000072479248,7.220001220703125,13.390000343322754,66.71281651229947,82.78769041300716,2.982381481984127,1.5427024894607928,0.3300153245345222,1.7943461628541717,0.9791171918267596,5.808993048192948,3.8470473730625847,unmatched_ignored,
1653,2237,0.7047769840462004,0.1582927289729812,0.475,0.755,0.815,0.8986845348741415,0.1429052856830076,0.635,0.975,0.995,0.4274042847824695,0.3150391563772242,0.065,0.375,0.905,358,0.160035762181493,0.7992216195474123,0.0213916721503876,0.775,0.795,0.825,6.619998931884766,4.339996337890625,17.37000012397766,28.73077112121973,77.8607713159434,1.258198881360445,0.3062061222702538,0.1082093865458857,1.2485690063062318,0.5915381557699922,4.603019846420923,3.004587610966631,unmatched_ignored,
1654,2897,0.6664480359920725,0.217149774514043,0.205,0.755,0.835,0.7957635199278851,0.1684340349572832,0.565,0.775,0.995,0.3945069896279047,0.3202006087327362,0.035,0.295,0.895,265,0.091473938557128,0.8175938165412759,0.0231521973360609,0.785,0.815,0.845,4.899999618530273,4.620002746582031,14.910000085830688,22.63801169586077,127.97060267133354,1.2015462548409197,0.345607251053015,0.121693769786578,1.4413285513604437,0.6569036977911419,4.5876418127349465,2.1772689460708285,unmatched_ignored,
1655,8211,0.7205274574991237,0.1374824573123219,0.565,0.755,0.835,0.8970090634218015,0.1068341382084947,0.735,0.935,0.995,0.426474662915215,0.3082960785952442,0.055,0.385,0.895,884,0.1076604554865424,0.7979737861225238,0.099189863555191,0.775,0.825,0.845,13.25,7.610000610351562,16.859999895095825,100.8325080871582,81.43207141988898,1.514682699586228,0.5456637843469351,0.2066609455929715,1.5480698426890696,0.9437713938923384,5.062397952904627,2.177015606285301,unmatched_ignored,
1656,5976,0.7606216735310025,0.0745931781604687,0.695,0.775,0.825,0.998167034752238,0.0188287943262623,0.995,0.995,0.995,0.4204643123578314,0.3079918417357121,0.045,0.365,0.885,123,0.020582329317269,0.7912614190481543,0.0582735755081996,0.785,0.795,0.825,15.040000915527344,5.700004577636719,18.5,85.7280740661663,69.70878635845274,1.3262311185827005,0.2058344348854937,0.1139525273194504,1.2106429866352355,0.8302311565471894,8.017634516634256,2.4427728837434897,unmatched_ignored,
1657,2866,0.6977393724965367,0.1298786916515656,0.485,0.735,0.815,0.9947773213995476,0.0270044138768828,0.995,0.995,0.995,0.4590261913837119,0.3051219686181007,0.065,0.455,0.895,96,0.0334961618981158,0.8179762562115988,0.0196059289881947,0.805,0.825,0.835,14.979999542236328,5.810005187988281,18.90999913215637,87.03387505645514,32.92970694618559,1.958245234259049,0.4433837086043329,0.088179639098274,1.2540671519840774,1.41347700531021,7.9261986703741245,4.921704121830242,unmatched_ignored,
1658,5492,0.790054312854251,0.0974979197599723,0.725,0.815,0.855,0.9611781730607576,0.1149156142234505,0.845,0.995,0.995,0.5220679953576823,0.3238012408450012,0.075,0.545,0.945,243,0.0442461762563729,0.8055911333963214,0.0840536134881417,0.795,0.815,0.835,10.06999969482422,4.399997711181641,17.260000228881836,44.30797560882638,123.95059635507168,1.2464152607567334,0.3119349734781715,0.1591645217686091,1.0715297945683335,0.6790779167149,11.590096151251387,4.576057723165706,unmatched_ignored,
1659,8429,0.758472316194251,0.1053407566401777,0.625,0.785,0.855,0.9933630676438678,0.0460019806764321,0.995,0.995,0.995,0.5014973512364411,0.3173696050872656,0.085,0.475,0.935,251,0.0297781468738877,0.8064403246598415,0.0212814037889561,0.785,0.805,0.835,6.229999542236328,7.150001525878906,19.299999237060547,44.54450623321463,189.226477354348,1.672834961489859,0.2312407957263703,0.1646239933945722,1.824049023346321,1.066952579541941,11.944838019898246,3.527265583862166,unmatched_ignored,
1660,1498,0.7148822337906255,0.0538156175876961,0.645,0.725,0.775,0.9802387230227564,0.0337401017630726,0.945,0.995,0.995,0.5573200947830133,0.2042911272834064,0.295,0.535,0.855,371,0.2476635514018691,0.7484544761418653,0.0321199069474738,0.705,0.755,0.785,2.3800048828125,2.25,3.05000114440918,5.355010986328125,279.7379881805178,0.5859817599625079,0.3119462236446285,0.2318089419842691,1.2354990425198715,0.2525756736513495,3.5312986134368685,0.8862607042446417,unmatched_ignored,
1661,1436,0.5745100863329796,0.2329506365209166,0.175,0.705,0.755,0.8596488813503871,0.1628705662960367,0.565,0.945,0.995,0.4749737003308067,0.2365464501764496,0.175,0.435,0.815,326,0.2270194986072423,0.5440362858717427,0.2458900375687574,0.175,0.685,0.765,2.8600006103515625,2.6200027465820312,3.679998397827149,7.4932094543473795,191.6401788511153,0.8192869703104698,0.3084509269164854,0.2158602554116944,1.55414521262897,0.6222285662541023,3.523790847043141,0.8501778600277522,unmatched_ignored,
1662,4684,0.5297696900551615,0.1554846257609589,0.305,0.575,0.695,0.8855235883051468,0.1762763170279928,0.575,0.995,0.995,0.3900042121149345,0.2707645327753935,0.065,0.335,0.795,93,0.0198548249359521,0.4641224725111838,0.1558510552025527,0.185,0.465,0.715,6.490005493164063,4.709999084472656,18.029999256134037,30.567919931025244,153.23253955680258,1.3093380959205874,1.2039457250348546,0.3985574409519646,0.8977507994507864,0.6396593883101799,12.718643494567536,6.405762338547147,unmatched_ignored,
1663,439,0.5343815634251998,0.1919973547741651,0.225,0.545,0.785,0.8055002383870796,0.2022040737372162,0.535,0.875,0.995,0.496427456398573,0.3081525898172055,0.105,0.445,0.945,63,0.143507972665148,0.620350406283424,0.2116301971352213,0.225,0.745,0.815,11.450000286102297,7.109999656677246,19.00999975204468,81.40949810314169,5.392491173988192,2.3668591196569477,1.4554498419606363,0.2839696669849547,1.988086235421058,1.291633302996919,7.650741295825376,6.232965634648607,unmatched_ignored,
1664,19482,0.810636580187723,0.0673667445104547,0.725,0.825,0.875,0.9981270168929262,0.0152468992820626,0.995,0.995,0.995,0.5315809278352874,0.3131302997881812,0.075,0.565,0.935,412,0.0211477261061492,0.8034282461242769,0.0246428521364903,0.775,0.805,0.825,8.189998626708984,6.280002593994141,20.239999771118164,51.43321262054087,378.7824832901742,1.8030272081044905,0.1995643596715252,0.2431111529141841,1.6016049212628565,0.9664851223260024,12.158963938420277,3.504036490030084,unmatched_ignored,
1665,7390,0.7713601663547375,0.072588819579986,0.685,0.785,0.845,0.9959668824895308,0.0358015704966809,0.995,0.995,0.995,0.5895326368608148,0.3041175269897662,0.115,0.665,0.955,253,0.0342354533152909,0.8038491283952012,0.0837190462873266,0.795,0.815,0.835,5.160003662109375,5.160000801086426,18.99999952316284,26.625623030093266,277.55219067165297,1.4695359595011035,0.3597506081553157,0.0993603275530996,1.8093097514744203,0.843583380569334,11.612338281105272,3.918562799496044,unmatched_ignored,
1666,2143,0.7280032370018725,0.0947383351338204,0.655,0.745,0.825,0.9736361879919714,0.0812659749070462,0.925,0.995,0.995,0.5772163855134093,0.3021825641324196,0.125,0.645,0.935,158,0.0737284181054596,0.8262997770422622,0.0508616341127219,0.815,0.835,0.845,4.080001831054688,4.810000419616699,18.980000734329224,19.624810519409948,109.19850654764096,1.402450360061437,0.4951594488480381,0.1567801046795182,2.1979886429819238,1.0050432138832417,11.683731680613391,5.6538431318413584,unmatched_ignored,
1667,2530,0.3066152496079329,0.1965809105989611,0.055,0.315,0.665,0.8194066468906026,0.1654453993236657,0.605,0.785,0.995,0.4453425554202717,0.2418743537090421,0.145,0.405,0.815,170,0.067193675889328,0.4793649223140057,0.3054831054140862,0.055,0.715,0.775,11.350000381469728,12.720001220703123,14.110000610351562,144.37201870727586,17.524171391755267,5.599101650755864,3.364338516444964,0.2688543983951552,3.1964275262912123,2.19971812898627,6.07263786573655,3.441028248525402,unmatched_ignored,
1668,214146,0.5578323522239931,0.2241585350297483,0.225,0.585,0.845,0.9996856030445852,0.0078220667138778,0.995,0.995,0.995,0.5333832989012313,0.2950979380441313,0.105,0.555,0.915,1051,0.004907866595687,0.8075608237939829,0.0136013563694171,0.785,0.805,0.825,21.9900016784668,23.170001983642575,28.83000075817108,509.5083825103793,420.2992675898469,6.049093121968184,0.3661408416813858,0.121419053510897,5.9329076007931,2.946114893002433,22.266000393476197,4.2936141810782855,tp,1.0
1669,88238,0.2952845289627056,0.177050516659665,0.125,0.235,0.565,0.9995617218050976,0.008816102931705,0.995,0.995,0.995,0.5340345281391208,0.2995934530645048,0.095,0.565,0.925,757,0.0085790702418459,0.8075178912797724,0.0154605430732623,0.785,0.805,0.825,23.099998474121094,24.18000030517578,28.010000348091125,558.5579701538081,157.97465028688467,5.855058140460538,0.6859816396612255,0.1377987436041091,9.26904447212226,2.8311732577186817,20.29212315672566,3.8811639811797063,tp,1.0
1670,1111,0.6530920662502251,0.0923863914410926,0.565,0.655,0.765,0.9875368649738528,0.0248213008004083,0.975,0.995,0.995,0.3481543054167118,0.2524131851430479,0.075,0.255,0.745,54,0.0486048604860486,0.6989298871269932,0.0491564532093757,0.635,0.695,0.765,6.779998779296875,5.75,17.089999198913574,38.98499298095703,28.49814544131608,2.0515436143543755,0.3788790565751281,0.0876912347838758,2.1991843892931504,0.8992650085320695,5.423130598827915,3.508888051088152,unmatched_ignored,
1671,30023,0.7064634649226891,0.1071043764012444,0.575,0.725,0.815,0.998789467252286,0.0075079757863819,0.995,0.995,0.995,0.569575897356801,0.3007698068013944,0.105,0.625,0.945,468,0.0155880491623088,0.7818325929916822,0.0271216766584677,0.755,0.785,0.805,22.28999710083008,6.019996643066406,21.3899998664856,134.185707720957,223.74215935450957,2.0870537887470797,1.0246449752508482,0.0980649255912459,2.190786261584732,1.2960535482611495,15.625435545159558,5.466188390496805,unmatched_ignored,
1672,38604,0.6301077212831472,0.1903105264456935,0.355,0.675,0.835,0.9807262573989114,0.0671581314403628,0.965,0.995,0.995,0.5415133509247984,0.2996686860307168,0.095,0.575,0.925,520,0.0134701067246917,0.8033282488011397,0.0689958677418831,0.775,0.815,0.835,17.610000610351562,14.499999821186066,21.470000743865967,255.34500570118416,151.1836892755838,3.2489680640561973,0.587584403847982,0.3757489995062872,3.966012166267761,1.7596434572426776,13.55043445574858,4.822424300253844,unmatched_ignored,
1673,8967,0.4197469818811592,0.0973494767829206,0.305,0.425,0.525,0.9914274857942112,0.0569294721348996,0.995,0.995,0.995,0.6497556531675992,0.2692269740513763,0.215,0.715,0.955,60,0.0066912010705921,0.6107154885927836,0.1758879550327149,0.415,0.555,0.835,7.879997253417969,9.689998626708984,18.189999770373102,76.35716256409069,117.43495565951018,2.21185621989583,0.6309103140762956,0.1556025595465683,5.786549856666451,1.5688427744234936,16.286493865631623,3.121146468065888,unmatched_ignored,
1674,64643,0.677196676387645,0.1397422827078229,0.475,0.715,0.825,0.9977065524704106,0.0234189081278068,0.995,0.995,0.995,0.5366972966579999,0.2987081117162238,0.095,0.565,0.925,1151,0.0178054855127391,0.8109960012286772,0.0256055409106246,0.795,0.815,0.835,9.220001220703123,15.60999870300293,21.56000006198883,143.9242070968612,449.1461256166252,2.697509782538509,0.3096919185623818,0.1601488916932253,3.564552255775273,1.84388147064678,15.213656630903852,4.626629739639611,unmatched_ignored,
1675,2270,0.7141141421895983,0.1680887712573993,0.495,0.775,0.845,0.8305420238803661,0.1659740590895274,0.565,0.905,0.995,0.6248639895999188,0.2783563873808986,0.185,0.695,0.945,356,0.1568281938325991,0.592418423236421,0.225183884367342,0.205,0.555,0.815,7.419998168945312,4.550000190734863,8.819999694824219,33.76099308395351,67.23735863916052,1.4493227205793422,0.795456106798444,0.1917303533922138,1.2422826479123634,1.023350141055421,5.99442628037168,2.1488099071296998,tp,1.0
1676,2078,0.4115076162193519,0.2012198024023717,0.175,0.355,0.715,0.9790946920119992,0.0435487967842526,0.925,0.995,0.995,0.5575770702241845,0.301926404449522,0.125,0.595,0.935,59,0.0283926852743022,0.7783391384755151,0.0413428633225377,0.715,0.785,0.815,7.460000228136778,5.790000915527344,16.559999704360962,43.19340815074614,48.10919279043055,2.055452997848472,1.2282797336598377,0.2289346142492984,3.963019880814835,1.7759748561645798,10.546317152757847,5.413931482595414,unmatched_ignored,
1677,33508,0.761215909932623,0.0979476106860552,0.625,0.795,0.855,0.9994936270273086,0.0112819164845877,0.995,0.995,0.995,0.5214780006307382,0.2928688331997262,0.125,0.515,0.935,566,0.0168914885997373,0.8099140474316088,0.0124561499070205,0.795,0.815,0.825,12.330001831054688,12.460000038146973,20.769999504089355,153.63182328529365,218.10585387492137,2.675929572118426,0.1935840848610445,0.1157674334468638,2.4196073755939507,1.3533256679589962,14.323747122086097,3.1931073955686378,tp,1.0
1678,3650,0.6478200215019592,0.1281782836721121,0.435,0.675,0.765,0.9269656890712372,0.0918646473535602,0.795,0.965,0.995,0.2776709809659443,0.2844222291810602,0.015,0.165,0.805,209,0.0572602739726027,0.7437231845832898,0.0244824942239574,0.715,0.745,0.775,9.689998626708984,5.770000457763672,20.53999948501587,55.91129651184019,65.28197748422895,1.8202305888690744,0.470614149489233,0.1421981923280466,2.405036822915476,0.8235009062246885,6.024007809407091,3.878155409628525,unmatched_ignored,
1679,18307,0.699967030609581,0.1259697059104113,0.535,0.735,0.815,0.954919789938167,0.1009837120665317,0.855,0.995,0.995,0.2968952124872837,0.2719414280793167,0.035,0.195,0.765,676,0.0369257661003987,0.6288890424873349,0.2364061480916264,0.205,0.765,0.815,7.369999885559082,14.170000076293944,20.82999992370605,104.43289894065856,175.29916516444214,2.5735585029501755,0.5355610260335715,0.4561518933879079,2.1179766688096984,1.0450522537913949,7.409745336228865,2.047486192101306,tp,1.0
1680,33994,0.704056001947162,0.1715992228880693,0.435,0.765,0.865,0.9980633342912032,0.0257346970347504,0.995,0.995,0.995,0.4834075227249195,0.3023557709481477,0.075,0.465,0.915,554,0.0162969935871036,0.7967618426664427,0.0690289975063439,0.785,0.805,0.825,7.839999914169311,10.669998168945312,23.11999988555908,83.65278472871796,406.37021361860144,2.665766801815092,0.2475193515000697,0.1759964979618107,3.3552827191249204,1.785241923050166,16.84525119460891,3.9914374240944586,tp,1.0
1681,991,0.620935081578528,0.1817299003185486,0.275,0.685,0.775,0.9334655685573968,0.0655678973503602,0.855,0.955,0.995,0.4022038614362813,0.3011225710654454,0.055,0.325,0.855,123,0.124117053481332,0.765431851269753,0.0802522756434288,0.755,0.785,0.805,9.789999842643738,5.580001831054688,16.920000076293945,54.62821704797716,18.14080805766836,2.4565635041030105,0.9404396934154264,0.2954698254272448,1.6873413900157304,1.392540559852956,4.049839292732786,4.602745986411407,unmatched_ignored,
1682,4316,0.5839234731255912,0.1911479330789753,0.235,0.645,0.795,0.8822842152086643,0.1237805456622153,0.685,0.925,0.995,0.4354626781303007,0.3237304537241511,0.045,0.385,0.915,575,0.1332252085264133,0.7318092723514723,0.135922660121847,0.525,0.795,0.825,10.020000115036964,4.0,18.519999980926517,40.08000046014786,107.68462950222428,2.863126827288873,0.9239262459449924,0.391338041366107,1.9358145831197564,1.4747499130246031,6.112132503902255,6.251384939841524,unmatched_ignored,
1683,12193,0.7156519790816364,0.1436655091704795,0.505,0.765,0.835,0.9692902444160416,0.0725383992157629,0.905,0.995,0.995,0.3488038524482507,0.2792404697620396,0.035,0.275,0.805,129,0.0105798408923152,0.7995164357414541,0.0132356112910944,0.785,0.795,0.815,6.600002288818359,9.739999771118164,10.740000247955322,64.28402078247018,189.673885540852,2.038223878093312,0.4244432696676514,0.1471987820133818,2.2751299244475245,1.271133007190968,8.337151766136223,2.107808750007231,fp_counted,0.0
1684,2881,0.6296976577996153,0.1527799808729459,0.415,0.665,0.795,0.9713904384687848,0.0881674901343656,0.925,0.995,0.995,0.4544171211978424,0.3032585817621815,0.075,0.405,0.905,129,0.044776119402985,0.7994992243227108,0.019225698300028,0.775,0.805,0.825,6.680000305175781,9.610000610351562,13.660000026226044,64.19480700988788,44.87901956861155,2.509428809081325,0.5488709461590808,0.1337237163513837,2.8841411473266443,1.3252765452434112,9.969269872687986,3.138103817817576,fp_counted,0.0
1685,12672,0.7038380497533856,0.1792391715900409,0.515,0.755,0.835,0.9797518759297978,0.078253901783542,0.995,0.995,0.995,0.4355293138823464,0.3285079263428693,0.045,0.355,0.925,608,0.0479797979797979,0.7966265027092672,0.1016510087615247,0.785,0.815,0.835,14.139999389648438,5.94000244140625,24.01999992504716,83.9916308959946,150.8721745823881,1.7662696233331332,0.4403305233455384,0.1099218476716672,2.2107709082472597,1.441810577368856,13.57652646466864,5.813675709093917,unmatched_ignored,
1686,50239,0.6626586988141194,0.1973923456793735,0.325,0.745,0.845,0.9765510553826182,0.0821596977792634,0.965,0.995,0.995,0.5895800875893727,0.2768037555996238,0.165,0.625,0.935,1409,0.0280459404048647,0.7878206289241803,0.1025959265787583,0.765,0.815,0.835,24.230003356933597,13.859999656677246,18.850000143051147,335.82783820838813,149.59748503286872,3.418827185481232,0.5417680065804371,0.3149843151308524,3.374646048437824,2.1586208471530104,12.467805551159213,4.306228589585708,tp,1.0
1687,1595,0.7794373242458953,0.095016076974687,0.685,0.815,0.845,0.988804151944606,0.0458843338977614,0.985,0.995,0.995,0.5652341769400219,0.302389197838103,0.105,0.615,0.925,286,0.1793103448275862,0.8223838353907311,0.0119366695046479,0.805,0.825,0.835,4.090000152587891,5.229999542236328,16.880000352859497,21.39069892578118,74.56511849071109,1.35304027442645,0.5274940214228258,0.0997281919906426,1.4147691136999545,0.9473231313939008,7.644641334771363,3.822268737643184,unmatched_ignored,
1688,2994,0.799553892874447,0.0529206367892535,0.725,0.815,0.855,0.9958944352929722,0.0197150295987493,0.995,0.995,0.995,0.5276748191817635,0.2938955323536834,0.105,0.535,0.915,56,0.0187040748162992,0.8201099878975323,0.0149912350483681,0.795,0.825,0.835,4.760000228881836,4.4199981689453125,10.889999389648438,21.039192295836983,142.30584320446664,1.3749313719907306,0.1645776807930944,0.0642598066436716,1.4238537346341038,0.8332588126174995,8.191554019271173,1.9762204014747309,unmatched_ignored,
1689,5498,0.411909536189217,0.1917171491436709,0.185,0.365,0.705,0.916735466012698,0.1472324414471082,0.635,0.995,0.995,0.40603100197131,0.296289697936954,0.055,0.355,0.855,54,0.0098217533648599,0.7554412194424205,0.0839137808526782,0.725,0.775,0.795,9.609996795654297,9.389999389648438,17.279999256134033,90.23786404571727,60.92786058427251,2.720464002042664,1.3454082888464804,0.1150905733265346,3.2852737244571357,1.4255868618866585,9.77519701827262,4.193244103305996,unmatched_ignored,
1690,45879,0.4922132260887777,0.1943913946428727,0.225,0.505,0.745,0.9958479634025889,0.0191752719437573,0.995,0.995,0.995,0.3828110280298479,0.2885406703822999,0.045,0.315,0.835,922,0.0200963403735914,0.7865646774365431,0.0398174532159514,0.735,0.795,0.825,14.819995880126951,9.120002746582031,23.11999922990799,135.1584031310922,339.44615308528955,3.77019688680871,2.285310884107828,0.1671358867222712,3.69050626296726,1.5386597889348728,8.439001521074319,3.374192259610353,unmatched_ignored,
1691,13538,0.7324646840207438,0.0583887147281433,0.665,0.735,0.795,0.9912911630976516,0.034956421047301,0.985,0.995,0.995,0.4459804304559938,0.2983594320327826,0.065,0.415,0.885,1706,0.1260156596247599,0.770588154809556,0.0495673066854649,0.735,0.775,0.805,7.810001373291016,5.19000244140625,21.31000018119812,40.533926194766536,333.9918253896642,1.4448994566882074,0.4176374498542094,0.199090421116731,1.0894181405198602,0.6547726921144269,5.37292025005039,4.149475567674679,unmatched_ignored,
1692,17435,0.7530897817298543,0.081586957094573,0.655,0.765,0.845,0.9977169989001146,0.0213779163815354,0.995,0.995,0.995,0.5943568323099615,0.2967036466420096,0.125,0.655,0.945,303,0.0173788356753656,0.781105636960209,0.0236153325274802,0.745,0.785,0.815,7.399997711181641,5.120002746582031,21.510000944137573,37.888008605950745,460.1719816243294,1.6997402284683931,0.5560540142562911,0.2511924526366527,1.4911704816408908,1.1201317951009029,13.88041723954206,5.622923843878732,unmatched_ignored,
1693,8252,0.7349585411696362,0.1056220982056935,0.685,0.755,0.815,0.9127006686707464,0.1020282815314066,0.755,0.955,0.985,0.3171001443624255,0.2855318015000225,0.025,0.215,0.795,634,0.0768298594280174,0.7944239238365215,0.0753218740491271,0.775,0.805,0.835,5.590000152587891,5.120002746582031,13.90999960899353,28.62081613464397,288.3216174262548,1.2514396644595955,0.4693651419714824,0.2922294776718784,0.9156136655018868,0.5307243487189032,4.609420842078925,1.8326899650830049,unmatched_ignored,
1694,14588,0.8022779965842685,0.0673730678648402,0.725,0.815,0.865,0.9861410937637444,0.0560955307232162,0.985,0.995,0.995,0.5746490548406789,0.3030030014000032,0.115,0.625,0.945,553,0.0379078694817658,0.7997475402264655,0.0322525778510579,0.785,0.805,0.815,5.900001525878906,6.039997100830078,26.00000047683716,35.63599211120163,409.3614106344604,1.5358483948978638,0.288256265383112,0.1770248281239707,1.3860220176417388,0.7664321338063099,13.03173884989202,4.917481480345355,unmatched_ignored,
1695,477,0.6422736903094146,0.2187578270684257,0.215,0.745,0.815,0.8413059982613698,0.1396703202015327,0.655,0.815,0.995,0.5421784767032083,0.3170513549990255,0.055,0.565,0.935,73,0.1530398322851153,0.7265700967344519,0.1650705508791299,0.525,0.805,0.835,7.319999694824219,3.180000305175781,19.69999957084656,23.27760126342764,20.49180216646436,2.283912185761265,0.747429369801881,0.1244929049324653,2.001102315742564,1.9101636723530504,6.452470049355765,6.328209642833616,unmatched_ignored,
1696,2741,0.7249751857127512,0.160873594426041,0.485,0.775,0.825,0.7513702244969103,0.1343421727588522,0.565,0.755,0.935,0.5171981411336154,0.2980737116708274,0.105,0.535,0.915,1067,0.389273987595768,0.7933960677924956,0.0945858896376222,0.765,0.815,0.835,9.040000915527344,12.06999969482422,15.539999008178713,109.1128082916257,25.12079051869082,1.502217924415403,0.6350064429305711,0.2645735383531489,0.708266500522274,1.0105093558010063,2.813724752467986,2.0164320095927426,unmatched_ignored,
1697,13497,0.650320545363322,0.1227756136703607,0.475,0.675,0.785,0.9941766844631664,0.0266383969936866,0.995,0.995,0.995,0.4193257557229222,0.3023195583468684,0.045,0.375,0.865,658,0.048751574423946,0.7569548602705668,0.082977801739006,0.655,0.785,0.815,9.299999237060549,7.5400004386901855,11.040000438690186,70.12199832725491,192.4788272149684,1.965334286414335,0.4069005730452699,0.3089697370689829,2.778477094577841,1.1547440027467395,5.416683794227169,1.200551694799772,fp_counted,0.0
1698,2134,0.7529018430271462,0.1039634884385335,0.685,0.775,0.835,0.7798125981558341,0.0949372404014518,0.655,0.785,0.895,0.5025732175313066,0.3101089097454659,0.095,0.465,0.935,558,0.2614807872539831,0.762310215435575,0.0907771003094638,0.725,0.775,0.815,4.320000648498535,5.439998626708984,14.34999942779541,23.500797595213957,90.80542868190138,1.142072742995877,0.4101043081303574,0.2263807642685857,1.284222694494639,0.6334642699871905,3.957547130993626,1.809957404009432,unmatched_ignored,
1699,580,0.6944116581680959,0.1835593666816221,0.405,0.775,0.815,0.7778430363227581,0.1274478484520448,0.575,0.805,0.915,0.5321820767936578,0.3169543441572145,0.075,0.595,0.925,85,0.146551724137931,0.7867893790497499,0.0762959847519554,0.765,0.795,0.825,6.900000095367432,5.709999084472656,10.81999921798706,39.39899422740928,14.72118797379104,1.175480816615187,0.6129268082956136,0.1513160684376214,1.3605715724819072,0.9733379008150396,3.769254750835485,1.6720161949517562,unmatched_ignored,
1700,9568,0.5989488575188598,0.1521222665867802,0.355,0.655,0.735,0.9942183585021408,0.0411069455564048,0.995,0.995,0.995,0.5260112770074169,0.2938337973744938,0.105,0.535,0.925,508,0.0530936454849498,0.723910014225742,0.0282781813729513,0.685,0.725,0.755,3.290000915527344,12.020000457763672,17.18999946117401,39.54581251068157,241.9472351823755,2.0152816247233023,1.0516400890669912,0.364237891321522,1.5898131998489893,0.9813212235482288,7.6224731902045235,4.2213094795034,unmatched_ignored,
1701,5213,0.6196356771355532,0.1465489892768284,0.395,0.655,0.765,0.938877929441535,0.1185001592214723,0.765,0.995,0.995,0.3394108171223303,0.2653194495990482,0.035,0.285,0.755,189,0.0362555150585075,0.4499042114568135,0.2599494198243352,0.195,0.455,0.785,7.379999876022339,8.25,14.519999504089355,60.884998977184296,85.62043340024512,1.3437361825263634,0.8182059631542904,0.3144402790885526,0.9297685397029845,0.5965290321918586,5.143136452181015,1.4693672452674242,unmatched_ignored,
1702,3606,0.7979407768388689,0.0609754892821767,0.725,0.815,0.855,0.9973758629177653,0.0257480046030135,0.995,0.995,0.995,0.5559032780709532,0.2803244520160765,0.145,0.585,0.925,79,0.0219079312257348,0.7682964571669132,0.1043915344100948,0.495,0.805,0.835,4.459999084472656,5.509998321533203,15.910000801086426,24.57458746948396,146.7369494799386,1.370287389953207,0.2601267913171137,0.1073091014962282,1.484955050762126,0.8371341052700509,9.850978145327293,2.282963749613705,unmatched_ignored,
1703,16498,0.5277552668789666,0.1562572185576574,0.305,0.545,0.725,0.9983815104437678,0.01673900177118,0.995,0.995,0.995,0.5174149286440591,0.2846392840380882,0.125,0.525,0.905,219,0.0132743362831858,0.7768264486365122,0.0187064790317844,0.755,0.775,0.805,7.849994659423828,14.079998970031738,19.540000677108765,110.52791671944216,149.26545699651243,1.9651048347072952,0.3026146671272834,0.2518136927444087,5.262829070468505,1.443259226495642,14.285859868801106,2.89849461329216,tp,1.0
1704,7296,0.4818469638677861,0.1993004628474138,0.205,0.515,0.735,0.9007035367386905,0.1586296593042098,0.605,0.995,0.995,0.4783408470947159,0.3136037796556613,0.045,0.485,0.915,238,0.0326206140350877,0.6546128357001463,0.198721418265799,0.215,0.755,0.795,7.300003051757812,8.969999313354492,19.44999957084656,65.48102236175328,111.42159570589588,2.5946158202891136,1.3118260222726392,0.5869066723318493,4.248385534696534,2.3768589800223774,10.745061088659751,4.823595312856083,fp_counted,0.0
1705,712,0.7686518680388004,0.0846952075798014,0.685,0.795,0.825,0.9286300262875772,0.1009374930209831,0.785,0.975,0.995,0.64293054119243,0.2927594151686459,0.145,0.745,0.955,242,0.3398876404494382,0.8006017873725615,0.0420729764546443,0.775,0.805,0.825,7.119998931884766,3.0299997329711914,9.040000438690186,21.573594862366008,33.003308189589035,0.7205770360354783,0.3804333490374269,0.1074645319402046,0.7804945367422012,0.5866285920964978,4.015946505026201,2.430439003470142,fp_counted,0.0
1706,1432,0.5881207069725464,0.2169090641902019,0.305,0.635,0.825,0.94759277799609,0.0881196680343065,0.845,0.985,0.995,0.4631270367557178,0.3151960779415652,0.075,0.395,0.925,130,0.0907821229050279,0.7924364420083853,0.041141419475486,0.725,0.805,0.825,6.409999847412109,5.990000247955322,6.730000019073486,38.39590067539211,37.29564809812541,2.6411369440283767,0.4548391080772902,0.121034595046291,3.037368286946812,2.028736182736559,4.498993552513629,1.0615068373318233,fp_counted,0.0
1707,10059,0.615374730074248,0.1520880709807103,0.375,0.665,0.765,0.9260274434566071,0.114822958013878,0.735,0.985,0.995,0.2825579264275035,0.2696132087851681,0.025,0.175,0.745,453,0.0450342976439009,0.523061041833286,0.2540168743090534,0.205,0.545,0.825,11.039999961853027,11.269996643066406,14.799999237060549,124.42076250953689,80.84663521676276,1.948424028353473,1.209722074040787,0.5436590030602845,1.370979146038175,0.8762428838288507,5.5464402514952695,1.348318729692656,unmatched_ignored,
1708,10480,0.7018046807042743,0.135035822833395,0.465,0.745,0.805,0.8911872082311688,0.1092982439812542,0.725,0.935,0.995,0.2864333233174537,0.2587028030027302,0.035,0.205,0.725,278,0.0265267175572519,0.7284219232019332,0.1568053798913118,0.485,0.795,0.835,9.62000012397766,12.479999542236328,17.889999866485596,120.05759714355464,87.29143552214285,1.7033595593671675,0.8389271381947323,0.3710977672767626,0.9800744131791792,0.640943025866921,5.72755475140653,1.4174123612389105,unmatched_ignored,
1709,19212,0.7381499987464013,0.1048964055841303,0.665,0.755,0.825,0.928983488747807,0.0836392172574574,0.815,0.965,0.995,0.3606169804276499,0.2905541765617271,0.045,0.265,0.835,867,0.0451280449718925,0.81773608008608,0.0195345941249142,0.795,0.825,0.835,7.25,8.920000076293945,21.059999465942383,64.6700005531311,297.07746769255004,1.6980075238464163,0.4269823570244574,0.1207806519396371,1.4737362692886735,0.6946683956004049,6.277968221116992,2.0748015539108304,unmatched_ignored,
1710,2373,0.5455223019009168,0.214041417833562,0.195,0.625,0.775,0.7181766085668903,0.1246034771176588,0.545,0.715,0.895,0.2925854094068548,0.2705928791336147,0.035,0.185,0.765,92,0.0387694900969237,0.6125237016088289,0.2859455741552362,0.215,0.815,0.835,4.260002136230469,7.090000152587891,15.9000004529953,30.203415795898763,78.56727252426273,1.3396366728472031,0.7831939853323531,0.3574434621116566,1.4563999611639151,0.5167256406516747,5.8077287289270405,1.9272608515193284,unmatched_ignored,
1711,38917,0.7308312162531394,0.1415912776170315,0.515,0.775,0.865,0.9983781559018194,0.015243011686491,0.995,0.995,0.995,0.569396163103888,0.2935743476145424,0.125,0.615,0.935,532,0.0136701184572294,0.8045663367536732,0.018901897759491,0.785,0.805,0.825,9.720001220703123,13.739999532699583,22.400001049041748,133.55281223030033,291.3978324386834,3.46924241650786,0.3181563356461462,0.1354440462540536,3.244714095101392,1.6623543816419697,16.910295654683807,3.9577744743857006,unmatched_ignored,
1712,5408,0.6565483504501254,0.1040920997909826,0.515,0.675,0.785,0.9832869162617704,0.0497052721893918,0.955,0.995,0.995,0.4114423515789678,0.3130602040345167,0.045,0.335,0.885,51,0.009430473372781,0.7398141458922741,0.0492995594798809,0.675,0.755,0.795,5.549995422363281,7.759999990463257,15.56999957561493,43.06796442461018,125.56897156044192,1.3829604274911946,0.8962456712073154,0.2202846213931124,0.9314050141324268,0.5065336824933132,5.412175453031028,1.2063608404576276,unmatched_ignored,
1713,28722,0.680072208186192,0.1332773839078518,0.525,0.715,0.805,0.873262694372821,0.1365477279136863,0.645,0.925,0.995,0.3490919607365252,0.2893687029110131,0.035,0.255,0.825,1413,0.0491957384583246,0.7513492781265526,0.1218038428457573,0.725,0.785,0.825,9.31000006198883,8.579999923706055,12.820000052452087,79.87979982156753,359.5652475864751,2.5622210481591203,0.8794425522504453,0.5533330193568584,1.936239430820128,0.9480512228289112,6.323338096497696,2.2474013101845287,fp_counted,0.0
1714,3628,0.614052788177844,0.1228371240928532,0.455,0.645,0.715,0.8732725073970534,0.1416841223319075,0.605,0.935,0.985,0.3289210458889907,0.2224043350489995,0.095,0.275,0.685,280,0.0771775082690187,0.618624698716615,0.1681886308562618,0.175,0.665,0.715,5.910000026226044,9.379999160766602,11.790000200271606,55.43579528613088,65.44507896520906,2.2886325878067955,0.5288540037721,0.3255535252111074,2.420143751639021,0.8724461839864266,2.7464715495311305,2.8062266294082376,fp_counted,0.0
1715,1495,0.5049162650835952,0.2013496097466262,0.185,0.515,0.735,0.6797603339654547,0.1294359887948671,0.525,0.655,0.865,0.492155718938376,0.2910878059311745,0.075,0.545,0.885,396,0.2648829431438127,0.5709835536345237,0.1951840592723053,0.215,0.685,0.765,8.480003356933594,9.65000057220459,14.630000114440918,81.83203724670602,18.2691284526242,1.7893574234331835,1.3131399999186242,0.7128679771804285,2.043953674757643,0.970611629117808,5.118762096991905,2.912729065603949,unmatched_ignored,
1716,762,0.7839163548638188,0.1050992039252605,0.715,0.815,0.845,0.9744051501663338,0.04250277535221,0.935,0.995,0.995,0.6643174547208455,0.2948125893988856,0.045,0.775,0.935,135,0.1771653543307086,0.8147488064236111,0.0163576136629057,0.795,0.815,0.835,8.549999237060547,4.700000762939453,17.399999141693115,40.18500293731631,18.962297979388648,1.337682009317336,0.3090584600467236,0.1508099270212292,0.963439812953554,0.9136695887366488,5.475395179052991,2.840733559715348,unmatched_ignored,
1717,4826,0.7414674392156071,0.0833841331036851,0.635,0.755,0.825,0.9893427892092892,0.0570193214120475,0.995,0.995,0.995,0.4649376449482753,0.3197770643445687,0.045,0.445,0.905,217,0.0449647741400746,0.7980514329424652,0.0449277325153982,0.775,0.805,0.825,7.670001983642578,4.8899993896484375,16.65999984741211,37.50630501861451,128.6716992677588,1.633098282836181,0.3878340431857426,0.1513035160401246,1.9932752245659928,0.9623896807918264,10.367263323246084,3.482512512606167,unmatched_ignored,
1718,10729,0.5816616890807028,0.2073947889511952,0.225,0.645,0.805,0.8769684137663822,0.1341310561126353,0.645,0.935,0.995,0.3738913789242738,0.2723436269460852,0.055,0.315,0.805,56,0.0052194985553173,0.3006088938564062,0.1468754129867671,0.175,0.215,0.495,7.049999237060547,6.340000152587891,8.769999504089355,44.69699623870838,240.0385015292929,1.723064215380372,0.5742107540996397,0.2024983411103283,2.801299405175958,1.4173809940128803,6.313969458335043,1.3964903156052098,unmatched_ignored,
1719,22335,0.6932451314178387,0.1396922513728731,0.515,0.735,0.815,0.8578985335204007,0.1420632701520182,0.625,0.905,0.995,0.3890457507881574,0.3023293390542522,0.045,0.315,0.865,893,0.0399820908887396,0.7883992770150687,0.0408220579817702,0.755,0.795,0.825,7.5,9.15000057220459,11.829999923706056,68.62500429153442,325.46446052106467,2.260458131729869,0.4872184373256242,0.2179130138619403,2.264352501172016,0.9434813543985868,6.11406465928934,1.3367163643726112,tp,1.0
1720,1671,0.6173817188501858,0.1790606536939267,0.335,0.675,0.795,0.7222255838623595,0.1430508484836108,0.535,0.695,0.925,0.336155519825202,0.3243038648663637,0.015,0.215,0.875,121,0.0724117295032914,0.7991217276281561,0.027570576387178,0.765,0.805,0.835,3.9899978637695312,7.759999275207519,8.760000228881836,30.962380530931117,53.96871853346959,1.1735646913374564,0.7461806057797952,0.2716235206891961,1.925475016416326,0.7778468645364985,6.182014072818859,1.5880365847094862,fp_counted,0.0
1721,6341,0.5596182765772555,0.2379615835728379,0.165,0.675,0.775,0.8124767347589837,0.1833480114906527,0.555,0.795,0.995,0.4459103211868429,0.2890349306057054,0.085,0.395,0.885,510,0.0804289544235924,0.5401439090861994,0.2387960889829054,0.185,0.675,0.755,4.650001525878906,4.120002746582031,16.8900004029274,19.15801905823173,330.9841158799468,1.2224298738193071,0.7701821304686324,0.5057806619854556,1.096548692842256,0.7042504721355893,8.208890716739303,5.8707094219302265,unmatched_ignored,
1722,7570,0.7128573432707448,0.1761081558474063,0.565,0.765,0.825,0.9597598497193588,0.1209240543070066,0.945,0.995,0.995,0.5246607367561923,0.3259587858776701,0.055,0.575,0.935,495,0.0653896961690885,0.4549628416471409,0.3152843249718243,0.065,0.465,0.805,3.8499984741210938,4.290000915527344,19.080000400543213,16.51649697875837,458.3296330775024,1.300712127958916,0.4433571588969836,0.3084502854346135,1.2878406946728391,0.7189693085849175,8.79099252571203,3.559509500824423,unmatched_ignored,
1723,1879,0.7831124473896478,0.0798560634933663,0.675,0.805,0.845,0.9815015321465614,0.057019305812533,0.935,0.995,0.995,0.5996859891957156,0.3113353455955198,0.105,0.685,0.955,175,0.0931346460883448,0.7930802362305778,0.04274389357751,0.775,0.805,0.815,3.229999542236328,3.699996948242188,16.920000314712524,11.950988449098077,157.22548875376123,0.8502651315122921,0.353445655245786,0.139857106561535,0.7892295933199674,0.6961021574166083,8.978836400496826,4.215121090058213,unmatched_ignored,
1724,554,0.699031844089608,0.1631212043857066,0.555,0.745,0.815,0.9478446399046626,0.1024148611690564,0.825,0.995,0.995,0.5038479238967407,0.3583889583161971,0.035,0.595,0.955,85,0.1534296028880866,0.7999711871147156,0.0185768522205781,0.775,0.805,0.815,14.770004272460938,5.720001220703125,23.57999923825264,84.48444246826693,6.557420322778209,2.1988007962666214,0.311133427467054,0.0619842018140563,1.6182964597414926,1.7394187346291472,9.527675629845596,8.825963461928813,unmatched_ignored,
1725,19294,0.6246113942835082,0.152282888228416,0.415,0.655,0.805,0.9972233203015476,0.0173260017381413,0.995,0.995,0.995,0.4235899060801177,0.3078457452130197,0.045,0.365,0.895,379,0.019643412459832,0.8150381780865954,0.012562607490777,0.795,0.815,0.835,18.05000305175781,7.349998474121094,22.71999961137772,132.667494888301,145.43125289464857,2.2201283279335686,0.4489896467076273,0.093429552333593,3.621975729876568,1.468425640017072,14.85743353279147,4.643729070722146,unmatched_ignored,
1726,968,0.4620941348435465,0.2220954823009571,0.155,0.435,0.725,0.614891089868447,0.099427220316772,0.515,0.585,0.755,0.4476688756917272,0.2893421763561624,0.085,0.435,0.865,217,0.2241735537190082,0.5569261967586482,0.2140924914672935,0.185,0.695,0.755,8.610000610351562,6.069999694824219,17.350000500679016,52.26270107727032,18.52181345485404,1.4438727646674543,1.0158233100252956,0.494696648793705,0.9287962388070397,0.611140518241505,2.9211318273374363,1.7385213223420486,unmatched_ignored,
1727,729,0.5849865945554319,0.2168235874753373,0.205,0.715,0.795,0.6730726954868301,0.1373820071213061,0.515,0.645,0.865,0.4534699144423141,0.2629664539814683,0.135,0.425,0.865,166,0.2277091906721536,0.5114754712186664,0.19907972677102,0.205,0.505,0.795,3.2600021362304688,3.070001602172852,8.260000228881836,10.008211781314458,72.84018523279637,0.8240229658714759,0.516991529123661,0.2746384423688281,0.7970306272833048,0.4519787887968063,3.012144943405408,1.1281222644141478,unmatched_ignored,
1728,12854,0.5503149673772212,0.1087717777051888,0.415,0.545,0.685,0.9653321276171796,0.0865627758787115,0.915,0.995,0.995,0.4349357257532322,0.2888466474991448,0.065,0.415,0.855,275,0.0213941185623152,0.6232450534267859,0.2239750139148373,0.205,0.765,0.815,7.839996337890625,6.700000762939453,10.929999649524689,52.527981445309706,244.707670965486,1.6452433551202628,0.5644007816575222,0.2686198793957936,4.162983838570595,1.2741514086482215,7.184717871669535,1.4117185565407393,unmatched_ignored,
1729,2706,0.5073225659972879,0.2145806398058769,0.175,0.555,0.765,0.67865129580607,0.1364872130314771,0.525,0.645,0.905,0.5048539755817107,0.2812867788611419,0.115,0.515,0.895,246,0.0909090909090909,0.5492321923223695,0.2314514554090235,0.195,0.525,0.805,4.769996643066406,5.880001068115234,10.700000166893004,28.04758535613655,96.47889348192864,1.6733516365173366,1.0995430566000737,0.3776446843599421,1.5120019506618814,1.0578578471749551,4.43885745032135,1.3150613318516189,unmatched_ignored,
1730,1158,0.5732198342204815,0.2074803372010031,0.195,0.665,0.785,0.7139677695659776,0.1135103410400922,0.545,0.725,0.865,0.4274057263369907,0.297902346647875,0.075,0.365,0.905,89,0.0768566493955095,0.6207850201243765,0.2202542700917854,0.215,0.775,0.815,4.470001220703125,3.810001373291016,7.649999976158142,17.030710789491422,67.99481327077251,1.042197388162057,0.4203152500317827,0.1406582393219058,1.8276669896619435,0.8441035660903757,5.85089184854675,1.8414796575347383,unmatched_ignored,
1731,1558,0.4278793584636683,0.1920254149110585,0.185,0.435,0.715,0.7040151732570858,0.1443218819916973,0.525,0.685,0.905,0.5856653936364956,0.2670082442128638,0.195,0.605,0.925,214,0.1373555840821566,0.4401388623899667,0.2113173848338464,0.205,0.485,0.785,5.400001525878906,3.8899993896484375,19.00000047683716,21.006002639769576,74.1692756455395,1.3012241350736762,0.764485061793203,0.416377706218074,1.759158008646811,1.1541155634862004,5.383895148438269,2.591135619672514,unmatched_ignored,
1732,570,0.7155792688068591,0.1579288799904369,0.465,0.795,0.835,0.963105576393897,0.063654305536556,0.905,0.985,0.995,0.5376242863508595,0.3210546673778283,0.065,0.645,0.915,115,0.2017543859649122,0.8164247637209685,0.0143466825575412,0.795,0.815,0.835,18.790000915527344,5.340001106262207,18.009999990463257,100.3386256755839,5.680763476300055,2.2575468103119736,0.4382005999716827,0.1062236330245555,1.710708697948912,1.9194717217987,6.204639025999788,3.689160049488734,unmatched_ignored,
1733,5198,0.7682258228514459,0.0999844634126541,0.645,0.805,0.855,0.9895805775912828,0.0461554025385627,0.985,0.995,0.995,0.4571757962121399,0.3187297380591493,0.055,0.415,0.905,251,0.0482878030011542,0.805802852093461,0.0789338927104495,0.785,0.825,0.835,5.970001220703125,4.880001068115234,12.770000457763672,29.133612333680503,178.41934396822967,1.5177308252556223,0.2192035241114414,0.0933209677832106,1.7640619303881238,1.137994698455315,7.628231800527883,2.139292578444433,unmatched_ignored,
1734,2372,0.591163657486288,0.1770199772204365,0.355,0.655,0.785,0.8750906077796251,0.1033639656237696,0.735,0.885,0.995,0.4455537339778572,0.3199062783682476,0.075,0.365,0.925,155,0.0653456998313659,0.8057830945138008,0.021386023561224,0.785,0.805,0.835,7.619999885559082,17.460002899169922,16.750000953674316,133.04522009353605,17.828524755210225,3.0228501061857256,0.9221455559874462,0.2327226585286344,1.8750156314047652,1.860311933815305,7.576823702349028,4.683923433089359,unmatched_ignored,
1735,4904,0.6312817531883972,0.1057143507889186,0.495,0.655,0.735,0.8977300293415444,0.0964652681667946,0.765,0.915,0.995,0.294797129569694,0.2792533275507319,0.025,0.175,0.745,96,0.0195758564437194,0.7588069283713897,0.0291840521220851,0.715,0.765,0.795,6.5500030517578125,5.729999542236328,19.000000298023224,37.53151448821882,130.66352548974197,1.4379729215813253,1.0829490484478237,0.2267017558830607,1.5111087305598347,0.6758477916496182,7.328158710194451,5.830982405789593,unmatched_ignored,
1736,5440,0.7667650618316496,0.0674471784086933,0.715,0.765,0.835,0.8854334353852797,0.0822662626569236,0.775,0.905,0.975,0.2937218636759991,0.311585331773862,0.015,0.135,0.815,712,0.1308823529411764,0.8052141662226634,0.0531926012965064,0.785,0.815,0.835,19.529998779296875,6.960000991821289,18.029999256134037,135.9288108741748,40.02094894389714,1.672996568271944,0.4459056805338554,0.1805201383428031,1.0080612213242426,1.122866761541392,4.094821985180983,2.1688316142770456,unmatched_ignored,
1737,960,0.2837467275482292,0.255480728001313,0.105,0.135,0.765,0.9401202494899432,0.1289600026076058,0.685,0.995,0.995,0.5974550876004893,0.2672570886989664,0.215,0.605,0.945,60,0.0625,0.7803194100658098,0.0709406690788366,0.755,0.805,0.825,16.8699951171875,10.600000381469728,16.5600004196167,178.82195467757992,5.368468327789516,4.744229966511954,0.7481462166044928,0.166273122348686,7.291888091978787,3.918081744202437,10.824024310335515,5.188174102026463,unmatched_ignored,
1738,4892,0.801753188892346,0.0889465652356622,0.745,0.825,0.855,0.981987032762143,0.0676808949346979,0.975,0.995,0.995,0.6397075995573523,0.2767170366612245,0.205,0.715,0.955,261,0.05335241210139,0.7577119283520856,0.1475010054408947,0.745,0.805,0.825,8.890003204345703,6.590000152587891,18.259999871253967,58.58512247314502,83.50242849184886,1.4682760630946377,0.4464532474584748,0.2125549572961673,1.1185319506272895,0.7359542412259862,9.795810656184948,3.509824455818213,unmatched_ignored,
1739,53326,0.4890017322938854,0.2624873242536925,0.155,0.455,0.835,0.9980948089947468,0.021608083264873,0.995,0.995,0.995,0.5679724889365293,0.2829487781004872,0.155,0.595,0.935,840,0.0157521659228143,0.8010450857026237,0.0534499189479896,0.785,0.805,0.825,17.349998474121094,13.670001029968262,20.9300000667572,237.17449701118312,224.8386764681769,4.050209651047158,0.6486719614697367,0.3333893074019224,5.741519700493408,2.7697618219683253,15.352278321875804,3.2922948439900432,unmatched_ignored,
1740,1274,0.7100994379743583,0.1605490358993088,0.515,0.775,0.815,0.8826422646899051,0.1094570097991026,0.725,0.915,0.995,0.5875910066851828,0.2412179048733205,0.285,0.595,0.915,200,0.1569858712715855,0.7803743162006139,0.0786402561857174,0.765,0.795,0.815,8.799999237060547,6.920001983642578,13.96999979019165,60.89601217651216,20.920910162511216,1.6460779794081883,0.8973054254689361,0.2662425911164268,1.1584904194405112,1.1547565314386232,5.036176095063121,2.682524890495196,unmatched_ignored,
1741,1875,0.6161458902279536,0.1899006319339967,0.345,0.705,0.785,0.658805291779836,0.1310419616730637,0.535,0.625,0.795,0.4045976335633197,0.2752792911573981,0.075,0.365,0.825,148,0.0789333333333333,0.7319209805211505,0.1385589598501512,0.505,0.775,0.805,5.1100006103515625,4.459999859333038,15.289999961853027,22.79060200335971,82.2707535204026,1.276560638955239,0.7757732231113265,0.1840463670386783,1.099361768079609,1.1714555157318725,3.676873104921977,3.335254018482928,fp_counted,0.0
1742,5354,0.7341413870871312,0.0942489053385552,0.615,0.745,0.845,0.983352611636688,0.076150799428502,0.995,0.995,0.995,0.6542189132282528,0.2598613382979879,0.235,0.715,0.945,297,0.0554725438924168,0.7641764329338716,0.1053462992866679,0.535,0.805,0.825,4.3600006103515625,3.7400001287460327,19.06999969482422,16.306402844047625,328.3372826738661,1.315279078997682,0.3031572811512137,0.1109742756215662,3.0244685435080734,1.292243830822267,12.95883846018,4.203354683174699,tp,1.0
1743,1783,0.3361059464159068,0.2010069419595719,0.165,0.265,0.695,0.8496054195649023,0.083298816431741,0.735,0.865,0.945,0.1877992475133006,0.2236618273845142,0.005,0.105,0.535,54,0.0302860347728547,0.2876777163258305,0.1570475938282378,0.195,0.215,0.485,2.759998321533203,3.59000015258789,10.260000467300417,9.90839439544652,179.9484284577319,0.8278398773676393,0.5072514895535808,0.1974522458043544,0.5648068419557692,0.3537234996205051,3.0846820740103387,0.7700887286717837,fp_counted,0.0
1744,4944,0.4554385783853051,0.2740853869417532,0.135,0.485,0.795,0.9846728948520612,0.046988191591941,0.965,0.995,0.995,0.4747967323259229,0.2943072001924864,0.085,0.455,0.905,219,0.0442961165048543,0.8067368878621489,0.0342257653453986,0.795,0.815,0.825,12.839996337890623,15.209999084472656,17.909999618306756,195.2963325439487,25.31537554033393,4.883173069950201,0.9380734532222492,0.4684500150204845,4.627216764059224,3.6581947549047937,11.065588159263616,5.39810601865645,unmatched_ignored,
1745,2541,0.7764700612273919,0.0954102452211237,0.675,0.805,0.845,0.9733440840117624,0.0703607934085379,0.935,0.995,0.995,0.644721885074814,0.2629891665203954,0.235,0.715,0.935,145,0.0570641479732388,0.8176257133483886,0.0203347892678189,0.785,0.815,0.845,5.969997406005859,4.6699981689453125,16.7599995136261,27.87987695465563,91.1410048233976,1.3608994696116208,0.3352898708059536,0.0879503928699996,1.90612673010354,0.9473178472679458,8.446602777450021,2.40754218564965,unmatched_ignored,
1746,4434,0.7578730819445233,0.1463682876707559,0.595,0.805,0.865,0.9004536712148139,0.1310281100986403,0.675,0.965,0.995,0.5944580697829022,0.2959513654352491,0.145,0.675,0.945,193,0.0435272891294542,0.815956269830002,0.0247790188164293,0.795,0.815,0.835,6.069999694824219,6.619998931884766,19.679999619722366,40.18339149627718,110.34409577924232,1.5498944926773288,0.6900074096125483,0.1143045750441786,1.8212637661246969,1.081718534537219,7.689040831351098,2.540122009792954,unmatched_ignored,
1747,5671,0.7456179000332155,0.1308084876927904,0.665,0.775,0.835,0.953914029281662,0.1058643310920792,0.795,0.995,0.995,0.5430034889004072,0.2980093373196225,0.105,0.575,0.925,433,0.0763533768294833,0.7891004043900113,0.0695996276584021,0.765,0.805,0.825,13.220001220703123,14.950000762939451,18.52999997138977,197.63902833557225,28.693725362640333,2.9098728235120443,0.6010713439305732,0.2922044437794531,1.6580138510881886,2.2426525374125563,5.865520540441581,3.8586076206358646,unmatched_ignored,
1748,5266,0.5534115675999509,0.1410539154205805,0.325,0.575,0.705,0.9980965806556844,0.017766423414492,0.995,0.995,0.995,0.3512587364376633,0.2628626741928536,0.055,0.285,0.785,53,0.0100645651348271,0.7539774381889487,0.0298029450596882,0.705,0.755,0.795,3.410003662109375,10.139999389648438,17.620000958442688,34.577435052488,152.29585398703793,1.2984456879490571,1.1326579348943282,0.1661997058845673,1.941318796529264,1.2912629686152668,9.04706421502973,3.8259082749411055,unmatched_ignored,
1749,11605,0.6061294703234351,0.1419603560137367,0.385,0.665,0.745,0.9970427225499972,0.0311515376741178,0.995,0.995,0.995,0.358221273851351,0.2953078030059757,0.035,0.275,0.835,217,0.0186988367083153,0.7481376225909879,0.0757186370682734,0.725,0.755,0.785,4.580001831054688,5.439998626708984,15.289999127388,24.91520367126213,465.7798568745203,1.417069261844523,1.098823519919263,0.1880251658477549,1.9482693492978045,1.3415315253472109,7.865801559747524,3.848900915587419,unmatched_ignored,
1750,4636,0.6857751100239721,0.1138604320316519,0.545,0.705,0.805,0.9996785760131552,0.0026093883580822,0.995,0.995,0.995,0.4481933783386259,0.2911657463638852,0.085,0.415,0.885,127,0.0273943054357204,0.8024511909860326,0.0134799786922184,0.785,0.805,0.825,6.930004119873047,7.049999952316284,13.679999828338625,48.85652871465663,94.8900816731425,1.6070867224843317,0.1381002427176235,0.0487319701250138,3.7289010070321194,1.2901930865935267,10.369992034656164,2.325062882947612,fp_counted,0.0
1751,4127,0.7220225534342033,0.1292014917022556,0.535,0.755,0.845,0.997439792420808,0.0088891663027962,0.995,0.995,0.995,0.535824083380063,0.3275176838774589,0.055,0.585,0.945,265,0.0642112914950327,0.8031888140822356,0.0146021027817856,0.785,0.805,0.825,10.990001678466797,7.070000171661377,19.0,77.69931375331907,53.115012226523135,2.153967583219861,0.3968636018158747,0.1250492529659663,2.287976396707846,1.3660394578199375,8.06067150646357,4.145978361877652,fp_counted,0.0
1752,1240,0.4735518053504488,0.2537037516495548,0.185,0.465,0.805,0.7146010519035401,0.1931301548684638,0.515,0.635,0.995,0.5962316858784986,0.284508480810081,0.155,0.645,0.945,295,0.2379032258064516,0.5115288474170838,0.2622406286278702,0.195,0.515,0.815,9.689998626708984,6.310005187988281,16.97000002861023,61.14394160613301,20.280014134313227,2.774994615877887,0.9740459770654804,0.2270611758431135,1.799059884527367,2.2931697836413,5.708432515109739,5.361908333812457,unmatched_ignored,
1753,981,0.5574952434296515,0.2505265531872433,0.165,0.725,0.795,0.6956382779657051,0.1526182824446967,0.535,0.665,0.995,0.3733179387893107,0.291064211130546,0.065,0.275,0.835,112,0.1141692150866462,0.5548870872173991,0.2426205843341923,0.205,0.545,0.815,5.799999237060547,5.459999084472656,14.509999990463257,31.66799052429269,30.977652315749857,1.6906021279412644,0.8509726692663848,0.1776786467074465,1.233942666161007,1.2147214411565572,4.993334482204659,4.2918836233798086,unmatched_ignored,
1754,4573,0.6222406635783888,0.1195442338923574,0.465,0.635,0.775,0.9858825742325116,0.0548984946123094,0.985,0.995,0.995,0.4090278613238119,0.2969774228985395,0.055,0.355,0.855,204,0.0446096654275092,0.78772056643285,0.0394248753449556,0.765,0.795,0.815,4.980003356933594,9.139999389648438,19.850000381469727,45.51722764282022,100.46745456214828,1.7196963021672431,0.7207256831700567,0.1376264023536775,2.4127583346478625,1.4614848171723251,12.909050200358536,4.993209424800234,unmatched_ignored,
1755,5317,0.6002443493966582,0.1376550520270901,0.405,0.615,0.775,0.9943301509550824,0.0256066193946917,0.985,0.995,0.995,0.5364536711083888,0.2882716558412436,0.095,0.565,0.905,266,0.0500282113974045,0.7643682332079214,0.0721288601944909,0.735,0.775,0.795,4.850006103515625,5.789997100830078,19.989999920129776,28.081521278363653,189.34159397185724,1.618227313101824,1.2847930032243182,0.1294345144483908,1.750161343289223,0.8251622367151418,13.810688506195996,5.884340147886453,unmatched_ignored,
1756,54007,0.7541999863827105,0.0945318427495014,0.635,0.775,0.845,0.9926570712640445,0.043443198015574,0.995,0.995,0.995,0.451311296313065,0.3054093561923597,0.055,0.425,0.895,1188,0.0219971485177847,0.7885528407388865,0.0746219508548242,0.775,0.805,0.825,6.910003662109375,9.90999984741211,20.0900006107986,68.47813523712102,788.6750977226316,2.430740415058036,0.5233136132090768,0.2049699743583824,2.162168913844013,1.1770350202857054,12.787130789501465,4.4527573965209815,unmatched_ignored,
1757,24540,0.6250481139833582,0.1740535846297826,0.365,0.685,0.775,0.8511019712798267,0.1686061950993561,0.575,0.935,0.995,0.5143924934060364,0.2805998321565333,0.115,0.525,0.895,3640,0.1483292583537082,0.5909824875582542,0.2184855603243327,0.195,0.725,0.795,10.56999969482422,23.48999786376953,18.580000638961792,248.2892702514655,98.83632899297692,2.818022282523842,1.3976030800569064,1.0885812492498597,1.7623723764274473,1.9918149024893093,4.852545100021439,3.3302231282184382,unmatched_ignored,
1758,50831,0.7462888812914027,0.1194436728800993,0.585,0.785,0.855,0.98855990720094,0.0512546883928618,0.995,0.995,0.995,0.5846282159733984,0.2852773197537027,0.155,0.625,0.935,385,0.0075741181562432,0.7924880567696188,0.089869841875849,0.775,0.815,0.825,11.419998168945312,8.380001068115234,17.350000381469727,95.69959685363574,531.1516628198718,2.5765384982461548,0.2764959686285092,0.1392491940897035,2.424641338171726,1.3183173860121091,10.170002230250333,2.6513025951485427,unmatched_ignored,
1759,1674,0.6778711297792986,0.1717231978010283,0.495,0.725,0.825,0.9885922918182974,0.0474052084914585,0.985,0.995,0.995,0.4436599505210772,0.3112239189496564,0.065,0.385,0.915,114,0.068100358422939,0.7670574443120706,0.1626881557160075,0.775,0.815,0.825,16.48999786376953,13.149999618530272,20.050000190734863,216.8434656181344,7.719854482255634,2.75201749922576,0.4521024310954065,0.1172770688710023,2.3610693628710737,2.25614543329053,7.056235078397333,3.196390088614558,unmatched_ignored,
1760,6349,0.7759987640440004,0.0899641578981585,0.665,0.805,0.865,0.9966655146007296,0.0195463417325492,0.995,0.995,0.995,0.4272456685071253,0.331598650985102,0.035,0.345,0.915,242,0.0381162387777602,0.8125847839126902,0.0164151150679796,0.795,0.815,0.835,9.519996643066406,7.079999923706055,19.75999975204468,67.40157550659205,94.19661116644151,1.6155187404223814,0.2924176814573846,0.1329083841209592,1.349394209920763,0.7736634963276287,8.868953305950388,2.640092421116492,unmatched_ignored,
1761,539,0.6048696311138888,0.1581392210806935,0.395,0.665,0.755,0.8169764546826067,0.1458605807605487,0.595,0.825,0.995,0.405516601533064,0.3036269006534936,0.055,0.345,0.905,63,0.1168831168831168,0.5695819615844696,0.2089843069601076,0.205,0.505,0.805,14.69000244140625,16.829998016357422,17.990000247955322,247.23271194915287,2.1801322153148304,3.1785608504946627,0.9136319197139632,0.201056292151525,2.5106878859303507,2.9684561951447583,4.355210034325304,3.501333636077029,unmatched_ignored,
1762,5632,0.5941713534418589,0.1806532529641262,0.325,0.645,0.785,0.8436027864121239,0.1625202164949001,0.575,0.905,0.995,0.4816503651645715,0.2957800433346692,0.065,0.475,0.895,182,0.0323153409090909,0.7769177027128555,0.1031848161522541,0.775,0.795,0.815,4.819999694824219,5.319999694824219,20.459999799728397,25.64239690551767,219.6362540035452,1.5230892883459213,0.7817260741132657,0.1634905530240833,2.2624840890307976,1.1744380090786606,6.386145601017316,1.7541626468430158,unmatched_ignored,
1763,2977,0.6721696397893414,0.1296205239781494,0.485,0.695,0.815,0.964826828587724,0.0874790225582066,0.855,0.995,0.995,0.5130913818340824,0.3080886574464808,0.095,0.515,0.925,189,0.0634867316090023,0.7745463705409772,0.1040835060600729,0.735,0.805,0.825,5.010002136230469,4.350002288818359,12.84000027179718,21.79352075958741,136.60023237366812,1.6352731044193898,0.536977409510164,0.1837335825579575,2.4260598603645875,1.313530826914888,7.680622864403219,2.235473922499465,unmatched_ignored,
1764,16529,0.8122535312961963,0.0916137695302871,0.745,0.835,0.875,0.992299040055216,0.0425322992111908,0.995,0.995,0.995,0.5925103782645587,0.2805296315052164,0.175,0.635,0.945,333,0.0201464093411579,0.7820405275099449,0.1015011064781002,0.775,0.805,0.815,20.519996643066406,6.569999694824219,22.220000743865967,134.81637168274028,122.60380392744324,1.7540377653555967,0.262806685496945,0.1080502637378104,1.7677006819715375,0.948395775707344,17.412432919747097,4.774617343538142,unmatched_ignored,
1765,1610,0.6250805183550956,0.1941728986142639,0.355,0.715,0.795,0.8099680064627843,0.1426652649884351,0.595,0.835,0.975,0.4432476197361804,0.2915167931838328,0.045,0.415,0.865,163,0.1012422360248447,0.7719798937805591,0.0800132111617652,0.765,0.785,0.805,2.820001602172852,8.480003356933594,14.50999927520752,23.91362305298389,67.32564097179359,1.042980072631383,0.6645213076757027,0.1574135758105602,0.78965690035212,0.449490277748066,5.143339611654696,2.4730309398710424,unmatched_ignored,
1766,7073,0.7199394349854139,0.1455145627967635,0.505,0.765,0.835,0.8983796978458629,0.1241721840734898,0.695,0.965,0.995,0.4291511091440811,0.2980345713470082,0.075,0.375,0.895,557,0.0787501767284037,0.8154668671010427,0.0157221487703334,0.795,0.815,0.835,4.379999160766602,8.610000610351562,19.240000754594803,37.71179544753977,187.5540508231471,1.0551428966915146,0.4240752946641267,0.1246935553966723,0.8630463098621745,0.448255941270621,5.694788486279508,1.8028892515869908,unmatched_ignored,
1767,44040,0.6923119373726139,0.1590435600484408,0.425,0.755,0.835,0.9806580451891488,0.0645629642980775,0.955,0.995,0.995,0.3677854036086311,0.2971580167181896,0.035,0.285,0.845,1860,0.0422343324250681,0.7880913282434145,0.1013235034259252,0.775,0.805,0.825,7.950000286102295,12.560001373291016,15.039999723434448,99.8520145111088,441.0526939854622,2.58801926997093,0.4121935409125157,0.3005283194783069,2.383210210325697,1.5805126907637477,8.140078997916858,2.6569463878173813,fp_counted,0.0
1768,294,0.4708366493637465,0.2827119091889695,0.165,0.415,0.815,0.8932698616365187,0.1409199171362987,0.675,0.995,0.995,0.6434447650970309,0.3016450621143764,0.115,0.735,0.955,64,0.2176870748299319,0.7700160434469581,0.0923977346028074,0.515,0.805,0.815,11.139999866485596,11.43000030517578,13.660000324249268,127.33020187358852,2.3089573068601488,4.076619694228524,1.8990379588796191,0.0869667280820282,3.0156053944019447,2.684205522235442,4.567855166740158,3.444163300648332,unmatched_ignored,
1769,4020,0.8038013519302233,0.0641639416313408,0.745,0.815,0.855,0.9844519850626514,0.0531775650735499,0.965,0.995,0.995,0.4846769706668698,0.2899090635973632,0.085,0.475,0.895,123,0.0305970149253731,0.809634887590641,0.0224741344637938,0.775,0.815,0.835,5.4199981689453125,4.029998779296875,24.69000005722046,21.842586004640907,184.04414198693635,1.029381883946171,0.2168309314501434,0.1815781032449724,1.2096339559532845,0.6024222685757799,7.90650707857674,2.398309124709267,unmatched_ignored,
1770,6585,0.4045620644667335,0.2352052949564844,0.135,0.385,0.745,0.9451798902647732,0.1250028904169903,0.715,0.995,0.995,0.577057619018513,0.2705458694243048,0.185,0.595,0.925,172,0.0261199696279422,0.6127728973190452,0.1754397872619337,0.225,0.675,0.775,11.470001220703123,11.580001831054688,16.42000061273575,132.8226351379417,49.57739313906256,4.373445784355762,0.8858264458433889,0.3190265955044939,5.379994766003086,3.078698090869816,10.983190771206456,5.2612414853724525,unmatched_ignored,
1771,9579,0.5695928340408881,0.2666267088076459,0.145,0.715,0.835,0.9615422440590696,0.0887288126920889,0.855,0.995,0.995,0.5322759648621513,0.2886750554315354,0.125,0.545,0.915,461,0.0481261091972022,0.750598391829111,0.1476803847443382,0.605,0.795,0.825,12.960006713867188,10.150001525878906,19.61000055074692,131.54408792115282,72.81969225208834,3.735513405191768,0.8610895066386697,0.3462871850908507,3.3171089456051983,2.641709332516107,8.794316164283517,4.216183117381693,unmatched_ignored,
1772,11584,0.4507368261725204,0.1945385849556724,0.185,0.485,0.695,0.9973856267822876,0.019902880649577,0.995,0.995,0.995,0.5500482674205818,0.2943363972253664,0.115,0.585,0.925,162,0.0139848066298342,0.7853543681127054,0.0234868962665415,0.765,0.785,0.805,16.81000518798828,12.800003051757812,17.759999752044678,215.16811770631463,53.83697233347149,3.489907961561078,6.32753713421669,0.102232058666992,7.397428579114461,5.494596632940405,18.95693612568857,8.968458403172388,unmatched_ignored,
1773,15512,0.6567527854924636,0.1704142742735771,0.425,0.715,0.815,0.9321583990293903,0.1213915997233133,0.725,0.995,0.995,0.3774175524950616,0.3002855569440725,0.035,0.305,0.855,1073,0.0691722537390407,0.4243489094599317,0.1952386328992196,0.215,0.485,0.755,11.90999984741211,7.650001525878906,21.75,91.11151700592018,170.2529000696155,2.4333329178703287,0.5580156823970522,0.264448502062598,2.03622045332561,1.55458042700422,8.72228808519673,5.634362834842476,unmatched_ignored,
1774,4733,0.5601439596886378,0.1811034660659492,0.345,0.655,0.745,0.842587824971485,0.1236977417773892,0.635,0.885,0.965,0.3064445568749113,0.2378528137573679,0.035,0.265,0.655,212,0.0447918867525882,0.6984431520104408,0.1277924148079168,0.485,0.755,0.795,9.100000381469728,13.630001068115234,17.390000104904175,124.0330149192814,38.159194977886784,1.6202251198633073,0.5963142869667412,0.3458084278938003,1.481574808998514,1.0298405232086325,3.327881800547201,1.603969705551061,unmatched_ignored,
1775,34791,0.6558027564389243,0.1749345369775424,0.395,0.725,0.825,0.9794791783866692,0.0665180134825064,0.955,0.995,0.995,0.3474812115206708,0.2905749727590057,0.035,0.255,0.825,1683,0.0483745796326636,0.7444463066371579,0.1364115337330775,0.535,0.785,0.815,8.469999730587006,13.820003509521484,13.639999866485596,117.05542600235844,297.2181742288395,2.846453971577813,0.6080672939569334,0.1973187772422737,2.782449912345329,1.5127865832941587,8.17031523435129,2.475150926780458,unmatched_ignored,
1776,14195,0.5783609469661666,0.1993877306737124,0.185,0.655,0.765,0.9552204207241975,0.1090740418324124,0.775,0.995,0.995,0.3520305120828917,0.2796038390325884,0.035,0.285,0.805,178,0.0125396266290947,0.7783764031495941,0.0249825705134389,0.755,0.785,0.795,9.100000143051147,12.139999389648438,15.589999675750732,110.47399618244162,128.49177625979738,3.2096486275920517,0.7681069479352801,0.1450153021608574,2.818861012634006,2.0031639780344834,8.215517222851924,2.247852734034083,unmatched_ignored,
1777,19685,0.6440891254194608,0.1377994444146481,0.425,0.685,0.785,0.9766782525592812,0.0775639728375408,0.945,0.995,0.995,0.5026825293393932,0.2980979020037422,0.095,0.505,0.915,382,0.0194056388112776,0.7056412748231782,0.1719474085362198,0.455,0.775,0.795,15.020000457763672,18.55999755859375,16.350000858306885,278.7711718261708,70.61347079415617,2.0180510743253017,0.4324895295069246,0.377544269965499,3.203168174668604,1.359996782452609,8.84849031571207,3.0211312809760438,unmatched_ignored,
1778,2159,0.6997610006400312,0.1122384746559888,0.485,0.735,0.805,0.9878530319005376,0.0397311528082175,0.965,0.995,0.995,0.4117866162350533,0.3053461242930754,0.045,0.365,0.855,192,0.0889300602130616,0.7838719567904869,0.0180138484904224,0.755,0.785,0.805,5.150001525878906,8.540000915527344,17.37999927997589,43.98101774597308,49.08935969763181,2.40225157836698,0.420347974214101,0.1231111842365191,1.8303042785078096,1.445613685953947,7.940664608454251,6.163331824472968,unmatched_ignored,
1779,3164,0.6471434106671177,0.1601249360343585,0.375,0.705,0.805,0.9452038034325756,0.1112325514772811,0.785,0.995,0.995,0.355921578026539,0.292252553969986,0.025,0.285,0.815,108,0.034134007585335,0.7694120434699235,0.0652069805726932,0.765,0.785,0.795,6.810005187988281,8.069999694824219,17.579999446868896,54.956739788816776,57.57255638086171,2.1964823551682424,0.8792325845357006,0.093986484320049,1.7055619689216075,1.00915451712607,11.920062286946475,6.949599016341383,unmatched_ignored,
1780,29364,0.8025399636644187,0.0752506944847564,0.715,0.825,0.865,0.998582958951826,0.0174665888639863,0.995,0.995,0.995,0.4642079583370115,0.3119390457618423,0.065,0.435,0.925,569,0.0193774690096717,0.788558808068609,0.0150163426199478,0.775,0.785,0.805,10.149999618530272,8.5,34.99000072479248,86.27499675750732,340.35353351021547,2.2966022434410416,0.2173329279727271,0.1772855295992855,2.115291884416408,1.154405030465371,16.30059314247065,4.389599371123648,tp,1.0
1781,21104,0.7280627344835583,0.1204850388964411,0.555,0.765,0.835,0.9799613096554276,0.0607954245991422,0.955,0.995,0.995,0.4375593950965376,0.2955490997077638,0.055,0.415,0.865,1610,0.0762888551933282,0.7899828422698916,0.0265345467354087,0.755,0.795,0.825,8.609999805688858,9.100000381469728,21.0600004196167,78.35100151622288,269.35201326852643,2.352231603205425,0.5509964134536092,0.1659777572358574,2.231646253257992,1.2976354456839423,7.758279858881479,3.720216144944689,fp_counted,0.0
1782,1208,0.6582095463365465,0.1366363042529217,0.455,0.695,0.775,0.7869153785587146,0.0930519579369701,0.655,0.805,0.895,0.4436659461503311,0.3011911444632945,0.065,0.425,0.905,135,0.1117549668874172,0.7416486489552039,0.1232836301759038,0.705,0.775,0.805,2.279998779296875,3.529998779296875,8.480000257492065,8.048392907716334,150.09207600213446,0.7751138827844187,0.6603418642295845,0.3217480042378398,1.1054746750930555,0.5420116557318645,4.346714808056686,0.9807448910072252,unmatched_ignored,
1783,9988,0.7284951064978832,0.1028089985911902,0.605,0.745,0.845,0.9697192135600028,0.0678391286224186,0.915,0.995,0.995,0.530174727472275,0.3010871876828143,0.105,0.545,0.925,574,0.0574689627553063,0.806152037107986,0.0323691954297398,0.775,0.815,0.835,4.6399993896484375,5.459999084472656,12.53000020980835,25.334392419434156,394.2466760062558,1.5047720058127598,0.4211458122200716,0.3247712987552398,2.175142838184764,1.1476425916210984,7.842595783394601,2.412405161512572,unmatched_ignored,
1784,3938,0.5520078695387238,0.160663409038627,0.365,0.585,0.735,0.8871956851017421,0.1372857362729577,0.655,0.955,0.995,0.3112239193439765,0.2837842812934105,0.025,0.215,0.805,266,0.0675469781615033,0.6089901567289704,0.192420452203875,0.405,0.535,0.805,6.180000305175781,11.599998474121094,18.379999309778214,71.68799411010696,54.93248972696252,2.084113511003145,0.8191094853918824,0.2849460404771802,1.7663825505843875,1.2466471903711918,6.292215838294274,5.921812943037382,unmatched_ignored,
1785,3003,0.7344768712401906,0.0984898515661201,0.645,0.755,0.815,0.957149854251793,0.1024055441561675,0.895,0.995,0.995,0.523341411871058,0.2931656700187335,0.075,0.545,0.905,193,0.0642690642690642,0.792321913909418,0.0203878571414685,0.765,0.795,0.815,5.3600006103515625,3.459999084472656,16.09999942779541,18.545597204589285,161.92522499393436,1.5557054562529982,0.4551697706473029,0.1967677495999133,1.7343655732948609,0.9006553375319649,5.495267068132971,2.216259329997095,unmatched_ignored,
1786,9745,0.7271472805001419,0.0914828529250611,0.615,0.745,0.825,0.9989488804872492,0.0163050542881927,0.995,0.995,0.995,0.6578053880298612,0.2876731125963744,0.175,0.745,0.965,312,0.0320164186762442,0.7995789885903016,0.0189111763122892,0.775,0.805,0.825,4.899997711181641,3.350006103515625,18.490000009536743,16.41502223967109,593.6635270861054,1.1685318090572656,0.5967454420935699,0.1429248314454188,1.6445914220021742,0.8225825277739083,13.136739786191743,3.470653919960822,unmatched_ignored,
1787,5595,0.6579903625531107,0.1752403173487822,0.425,0.725,0.805,0.9542638557845722,0.1106334728954081,0.795,0.995,0.995,0.5383345935280552,0.3104957884140241,0.075,0.575,0.925,213,0.0380697050938337,0.7607606523473498,0.1474584244323747,0.755,0.805,0.825,3.259994506835937,12.450000286102297,18.25,40.58693254279933,137.85225069916322,2.478199281412417,1.1455269311817695,0.1379126489224719,1.2930070350282985,2.047951979107859,6.84718231171556,3.131470069086669,unmatched_ignored,
1788,10261,0.6321932052963456,0.1361502055918198,0.475,0.635,0.795,0.9501822891552284,0.1072795476981746,0.805,0.995,0.995,0.4271585785828812,0.3076763104648072,0.055,0.375,0.895,852,0.0830328428028457,0.6846336783412756,0.2054794622302555,0.225,0.795,0.825,3.900001525878906,11.019999623298643,16.08000038191676,42.97801534604969,238.74997291942512,1.245640735095489,0.9838449018494864,0.4286660520868143,0.7547058207298832,0.6111089194458316,5.34226359642048,1.9078285130889747,unmatched_ignored,
1789,2877,0.52908401126233,0.2081254533286433,0.215,0.515,0.765,0.8910850243598254,0.1171396146102827,0.715,0.915,0.995,0.4280940631616976,0.307230804068401,0.025,0.395,0.875,178,0.0618700034758428,0.6719695315434692,0.179111842324093,0.475,0.785,0.815,11.65999984741211,17.859996795654297,16.56000018119812,208.24755991210984,13.815287925650738,3.5884531910187607,0.5017263998038741,0.1300786950241447,2.7486383180071625,2.713384500989431,6.2131464469751885,3.972209208317385,unmatched_ignored,
1790,57021,0.6818455641898511,0.1809073701478625,0.385,0.755,0.855,0.9871369217012054,0.0476601225329722,0.975,0.995,0.995,0.5940989042824538,0.2775495343227765,0.165,0.645,0.935,1105,0.0193788253450483,0.8002146455901781,0.0555766041808991,0.785,0.805,0.825,10.90999984741211,18.599998474121094,19.740000158548355,202.9259805145266,280.9940839286378,3.44114089364992,0.4061025005817157,0.1469319223681509,3.2194640820716347,1.92659202069339,12.640593194874077,4.1940886481350494,unmatched_ignored,
1791,2932,0.6654501282857759,0.19388388399047,0.215,0.745,0.815,0.7831153059924608,0.1573351036221962,0.545,0.805,0.985,0.3745107874353186,0.290960885313981,0.025,0.335,0.805,202,0.0688949522510232,0.6240476578621581,0.2570346382732467,0.215,0.785,0.815,6.650001525878906,6.170000195503235,12.46999979019165,41.03051071476966,71.45901790943525,1.699596001175805,0.8081588706233261,0.285970770432945,1.3000936207594702,0.7751513897477436,4.297134870259247,2.0703773539460064,unmatched_ignored,
1792,809,0.4892143280934933,0.2110040436127274,0.185,0.485,0.785,0.8053263072177712,0.1745913243709511,0.535,0.865,0.995,0.5341972823841913,0.3149921160937609,0.095,0.575,0.935,212,0.2620519159456119,0.5775017360893061,0.2035367458482399,0.215,0.515,0.815,8.6199951171875,11.990001678466797,14.670000314712524,103.35375592345372,7.827485249778101,2.452475583022931,0.684323132309664,0.2142702704217083,1.6975015250220058,1.8984982586873207,3.723841424630805,3.811168815776559,unmatched_ignored,
1793,3887,0.5943269990116228,0.2085336843952969,0.275,0.685,0.805,0.9679665232428494,0.0739372511202506,0.915,0.995,0.995,0.4717275912758424,0.3373905211210463,0.035,0.455,0.935,232,0.0596861332647285,0.80201147817846,0.055329516761438,0.765,0.815,0.835,7.909996032714844,16.110000610351562,14.910000801086426,127.43004091491456,30.50301147274497,2.125102456689267,0.7099979031212,0.1914975926004232,2.244276181711706,1.6147030236165398,5.832318747805728,2.0506299441413383,unmatched_ignored,
1794,761,0.6008806224476727,0.2090931815843144,0.205,0.715,0.795,0.7040671823685806,0.1845367473249772,0.525,0.625,0.995,0.5697420448922698,0.2633966451354366,0.165,0.585,0.915,132,0.1734559789750328,0.7127463004805825,0.1680261120005847,0.475,0.775,0.805,7.569995880126953,8.759998321533203,14.929999828338625,66.31315120392537,11.47585337423918,1.6373643231668238,0.6954906382371513,0.4854260372920542,0.9658404964830992,1.3112452792621785,4.653215183378363,4.40597003569821,unmatched_ignored,
1795,3938,0.7652213125096595,0.1038866978047334,0.675,0.795,0.835,0.9635179742996676,0.1044951908253453,0.815,0.995,0.995,0.5424181408556848,0.3162868673169973,0.095,0.555,0.945,328,0.0832910106653123,0.7952390493507066,0.0559493624346884,0.775,0.805,0.825,5.979999542236328,7.439998626708984,17.869999885559082,44.49118838195864,88.51190860968046,1.3387769667975364,0.37450820935442,0.3021480068571608,1.173217072843434,0.7963828130741137,11.526390877508344,4.820644905376905,unmatched_ignored,
1796,5347,0.7571848922128519,0.0977981214257545,0.685,0.785,0.835,0.9506684257111552,0.0617331488762355,0.865,0.975,0.995,0.5163563687967362,0.2983156182992689,0.075,0.535,0.915,1353,0.2530390873386945,0.8001831430069006,0.0418262704931035,0.775,0.805,0.835,21.89999389648437,9.30999755859375,19.12000036239624,203.8888897094876,26.22506801434207,1.4243065672809667,0.3433462966505511,0.1439760069565224,0.8512941996990009,1.0966974691265914,3.250861324870143,2.352065519123482,unmatched_ignored,
1797,3998,0.7418825004674706,0.1147976149170097,0.675,0.755,0.835,0.9791239030126216,0.0329213877739745,0.945,0.995,0.995,0.4085713287484608,0.2947667788161854,0.055,0.375,0.855,508,0.1270635317658829,0.7955993571150022,0.01833505599123,0.775,0.795,0.815,21.62000274658203,10.030006408691406,19.390000343322757,216.8487661041436,18.4368123085373,2.7781590886139687,0.92232905334384,0.1558829103128912,1.4786271614112203,2.477776271892354,3.699237489956373,4.5647713194348825,unmatched_ignored,
1798,4460,0.6844123590487001,0.0832984273430925,0.585,0.685,0.795,0.9932278442944112,0.0268543354104469,0.985,0.995,0.995,0.5617017011135198,0.298578642263863,0.125,0.595,0.935,285,0.0639013452914798,0.7998590360608018,0.0169841346097901,0.775,0.805,0.825,4.979999542236328,6.479999542236328,15.390000820159912,32.27039475402853,138.20717205336413,1.5087649272826569,0.5711881279692931,0.1743687776384389,2.8452609460259755,1.1218615306653987,8.449407637272982,3.9360083312928023,unmatched_ignored,
1799,1293,0.2371002665424844,0.1538996301507855,0.165,0.185,0.445,0.8229656239304539,0.0885276314688334,0.695,0.825,0.935,0.3090355295129314,0.2800767223619501,0.035,0.195,0.775,115,0.0889404485692188,0.2001955218937086,0.0061661676912017,0.195,0.205,0.205,4.319999694824219,4.079999923706055,10.729999899864197,17.625598425292992,73.3592113470897,0.989125851717643,0.698219722576753,0.1727352121028383,0.7968585938761483,0.6862646600410458,3.099041327522968,1.7629566895850977,fp_counted,0.0
1800,11805,0.7407282862583493,0.0862596018753389,0.645,0.765,0.825,0.998147676279867,0.0191989556911337,0.995,0.995,0.995,0.5379393326240994,0.302629371392388,0.105,0.565,0.935,927,0.0785260482846251,0.79547744339981,0.027963898447638,0.775,0.795,0.815,9.0,9.05999755859375,18.920000076293945,81.53997802734375,144.77560928507108,1.8031633011399448,0.7478441367667824,0.2199361361975777,1.2491534246532967,1.0947005439045374,7.432579106173239,3.90992834303562,unmatched_ignored,
1801,2158,0.7035630002127575,0.0585671557700656,0.635,0.705,0.775,0.9958212128162826,0.0261851970098418,0.995,0.995,0.995,0.5116690683776972,0.2955535240860681,0.095,0.535,0.905,152,0.0704355885078776,0.7613803565894303,0.0479244708905913,0.735,0.765,0.785,9.959999084472656,7.290000915527344,18.32999920845032,72.60840244445717,29.72107810319601,1.159798608167448,0.2726946371928261,0.1144785253862978,1.336263074911897,0.6380044154543868,5.103424702160772,2.439737432901875,unmatched_ignored,
1802,6808,0.6719324802301307,0.1350632116770019,0.535,0.705,0.775,0.9210184810094352,0.1034250711742722,0.765,0.965,0.995,0.361138410770781,0.2866692597277617,0.035,0.295,0.825,67,0.0098413631022326,0.7454729124681273,0.1262247093401277,0.725,0.775,0.805,5.529998779296875,9.46999979019165,11.579999923706056,52.36908727970149,130.0003561956065,1.4944807995597649,0.4634952962702269,0.1164828076855643,1.9634939818692811,0.8635584953177974,5.816558115291647,2.629367215734194,unmatched_ignored,
1803,24205,0.2531246467370542,0.1184006001665126,0.145,0.225,0.395,0.9906680518229918,0.05957480775501,0.995,0.995,0.995,0.5210339680953353,0.2822749426579,0.125,0.525,0.905,105,0.0043379467052261,0.6604559217180525,0.202483197326438,0.235,0.785,0.825,20.37999725341797,20.190000534057617,18.610000520944595,411.4721554306016,58.82536565486359,8.149900812170598,0.6487771807970275,0.2093484206874617,8.102066943294979,1.8248778081537465,15.095711708549034,2.8544238055769235,unmatched_ignored,
1804,522,0.7309679394994659,0.1362113063315053,0.625,0.775,0.815,0.973623335589851,0.0480297692087458,0.925,0.995,0.995,0.5757357946201629,0.292517830920571,0.105,0.645,0.935,98,0.1877394636015325,0.7795755790204418,0.0156560573835102,0.755,0.785,0.805,19.719993591308597,6.3000030517578125,21.84000015258789,124.23601980588865,4.201680002430807,3.351263765510619,0.3944550969713811,0.0718062530349189,1.6516229743050872,3.22569821384792,5.697271178508627,4.485400672817867,unmatched_ignored,
1805,64506,0.7600398158311934,0.103358438790768,0.635,0.785,0.865,0.991627915692515,0.0435071418667427,0.995,0.995,0.995,0.4763875073149178,0.2989023126513321,0.085,0.455,0.905,659,0.0102161039283167,0.8037874119325183,0.0659840656176749,0.795,0.815,0.835,11.829998016357422,13.219999313354492,23.27999973297119,156.39256565323012,412.4620612915157,3.07616057785874,0.3622358804077257,0.1289796879756418,2.765760780812053,1.384070276485376,15.835136928534157,5.177827970963665,unmatched_ignored,
1806,12650,0.6932639282282163,0.1378873428859869,0.475,0.745,0.825,0.9963827251351398,0.030627930600937,0.995,0.995,0.995,0.4486296096477449,0.3071200774717322,0.055,0.425,0.895,277,0.021897233201581,0.7979611879221369,0.0199233649052942,0.775,0.805,0.825,12.979999542236328,13.15999984741211,22.429999351501465,170.81679199523933,74.05595112892973,3.0342794155481787,0.3335128577475151,0.1188518648833477,2.6655303457692097,1.983745679590026,13.718107210405966,4.784529294728873,unmatched_ignored,
1807,17985,0.5588877711642906,0.2345807075388136,0.215,0.665,0.805,0.9836427219417117,0.0519093378789281,0.965,0.995,0.995,0.5149689742920678,0.2920063664546851,0.105,0.525,0.905,856,0.04759521823742,0.8033016394023026,0.0231505229981179,0.775,0.805,0.825,12.129997253417969,17.740000247955322,17.700000286102295,215.18615428333212,83.57879743656481,3.941967463153757,1.0652422241265456,0.3892650519281485,2.978840587514357,2.6473567198995167,8.261317689882109,4.244864662243062,unmatched_ignored,
1808,17576,0.7029109096911668,0.1128714388749084,0.545,0.725,0.815,0.999043256234298,0.0125234212504004,0.995,0.995,0.995,0.5299097279957516,0.2969213361945712,0.105,0.555,0.925,238,0.0135411925352753,0.8075667537060105,0.0125930027416109,0.795,0.805,0.825,7.700000762939453,5.439998626708984,16.36000084877014,41.88799357604876,419.5951751207732,1.6027802083611602,0.2726829851359187,0.2360499644152733,2.849587375879623,1.07916897893001,11.96772187003848,2.6668386439866523,tp,1.0
1809,1370,0.5650911826803519,0.1908479693431669,0.205,0.635,0.755,0.6852662870918748,0.1018365763148587,0.545,0.675,0.825,0.4233279035283919,0.2768480854972945,0.085,0.365,0.835,155,0.1131386861313868,0.5589270494397609,0.1874439238622678,0.345,0.535,0.765,4.69000244140625,2.540000915527344,4.019999980926514,11.912610494997352,115.00417986261914,0.7652130918588506,0.7232524492778145,0.3048046737143586,0.4874190505192391,0.3808522325728591,3.838059749307424,0.7896379595280164,unmatched_ignored,
1810,2044,0.6278751660029016,0.1366115038946666,0.465,0.585,0.805,0.9718410519996036,0.0537229659466836,0.905,0.995,0.995,0.4625387865158493,0.3054044353783346,0.075,0.435,0.895,276,0.1350293542074364,0.8019056086954863,0.0196860973120636,0.775,0.805,0.825,6.1399993896484375,5.680000305175781,14.619999170303345,34.87519840698224,58.608985564675045,2.1415290895197203,0.3111058628504933,0.1241287122521673,2.7909615973060444,1.7923288422657333,6.73251681009384,3.634606657334708,unmatched_ignored,
1811,12233,0.7057869339733768,0.086396708574028,0.585,0.725,0.805,0.9865962305414328,0.0399607519520525,0.965,0.995,0.995,0.5787903720482205,0.2859555913519758,0.145,0.625,0.935,319,0.0260770048230197,0.8030248353473819,0.019900988824628,0.775,0.805,0.825,17.76000213623047,12.64999771118164,13.140000343322754,224.66398637389648,54.45020449179274,1.433773102148335,0.4979728024713647,0.170799525866699,2.7454130864001423,0.9477087712475564,9.160465241579688,3.258641998425098,unmatched_ignored,
1812,3757,0.5088420144515546,0.1956000902334693,0.275,0.495,0.765,0.8408419259818654,0.1698225306970296,0.565,0.905,0.995,0.494136359770698,0.2853440596007371,0.115,0.475,0.905,168,0.0447165291455948,0.5756152315686146,0.1989290836554887,0.205,0.515,0.785,13.270004272460938,18.5,14.06999921798706,245.49507904052732,15.303769080356105,2.418435955993102,0.6682061071161052,0.3067669313719087,2.9291826092976563,2.3261342002425565,5.085128815179814,1.9071132727603648,unmatched_ignored,
1813,2916,0.3563833094926344,0.1840680257930314,0.155,0.305,0.665,0.96586664311271,0.0909772893755899,0.845,0.995,0.995,0.5231371619407178,0.2997271516514136,0.105,0.505,0.925,88,0.0301783264746227,0.7081514437767592,0.1207976318332331,0.635,0.745,0.775,19.43000030517578,20.209999084472656,16.30000016093254,392.680288378906,7.425888404121489,5.865261354639714,0.5810904532733459,0.1241326180322386,5.737005448108372,2.7221347754303995,11.020184491764862,3.718538309741058,unmatched_ignored,
1814,2811,0.4195574417111289,0.2124980395769616,0.165,0.395,0.735,0.8820915947347211,0.1738922042202035,0.575,0.995,0.995,0.5507610111363223,0.3048687395215605,0.095,0.605,0.935,219,0.0779082177161152,0.6052261447049168,0.2212236399689816,0.215,0.745,0.805,9.409996032714844,19.98000144958496,16.010000586509705,188.0117343742313,14.951194452601532,3.8190387518762448,0.903875911749832,0.2916476071455421,3.6828710015957498,2.642583672108024,7.888941219547642,3.78548045340553,unmatched_ignored,
1815,2679,0.7221368698374733,0.0881580559965079,0.645,0.735,0.805,0.992897130206878,0.0237717303747263,0.985,0.995,0.995,0.3719909097984942,0.3180528991860891,0.035,0.235,0.885,113,0.0421799178798059,0.8014986322516888,0.0353277450155389,0.785,0.805,0.825,7.5200042724609375,8.230003356933594,20.670000076293945,61.88966040650848,43.28671352215513,1.330715152860925,0.1844994225319343,0.0783949310941418,2.009375181586504,0.9660275333919274,7.309483637723873,2.1677725505683174,unmatched_ignored,
1816,7239,0.7260459245696287,0.0767967344452861,0.635,0.725,0.815,0.969157187825722,0.062384297656886,0.915,0.995,0.995,0.3625894040497319,0.3011415657096208,0.025,0.285,0.845,128,0.0176820002762812,0.7953512504464015,0.0970039483149608,0.775,0.815,0.835,5.549995422363281,6.159999847412109,9.919999599456789,34.18797095489572,211.74114162991515,1.799140714134129,0.2066334778536004,0.1017163901719029,1.7864330403837827,0.7928516360891469,6.259508291135129,1.3762237098731482,unmatched_ignored,
1817,9861,0.7255146151174141,0.1495113198555358,0.545,0.775,0.835,0.925419357567406,0.1272463192882531,0.695,0.995,0.995,0.43787363828677,0.3046454486187617,0.045,0.405,0.885,528,0.0535442652874961,0.796213438508637,0.0991534212201786,0.785,0.815,0.835,12.18999481201172,9.18999993801117,15.65999972820282,112.02605156674416,88.0241681473965,1.7345061827617927,0.5930784572991584,0.1415464234276988,1.5390327626514344,0.9393590632353384,6.010621645084659,2.342413690850462,unmatched_ignored,
1818,37255,0.7205581067060723,0.1206788545517035,0.545,0.755,0.845,0.9989726447527912,0.0173343636757659,0.995,0.995,0.995,0.5416263844880163,0.2954476564541217,0.105,0.565,0.925,401,0.010763655885116,0.779440950685903,0.1015965173269143,0.765,0.805,0.825,10.69000244140625,8.40999984741211,23.05999994277954,89.90291890106164,414.3914397373373,2.5931847584688823,0.2037038151736002,0.1353224536568849,3.4042086696167395,1.4957836945108571,16.141750795044302,4.120381352086774,unmatched_ignored,
1819,212,0.6017089191964775,0.1972566849333161,0.375,0.715,0.785,0.65003827635972,0.1152173130020073,0.525,0.615,0.785,0.5476933919510558,0.2795716809285468,0.135,0.565,0.915,52,0.2452830188679245,0.7395586033280079,0.0907047105278788,0.725,0.765,0.795,12.699996948242188,14.189998626708984,12.980000972747805,180.21293925476493,1.1763861178708044,1.589504396534087,0.3598407765943588,0.1483414402344315,0.7441995557674783,1.4381775558527694,3.1562089059712752,1.7647389405470748,unmatched_ignored,
1820,2081,0.5637916247828083,0.1494863179382676,0.365,0.595,0.735,0.9707661509972132,0.0398464728712879,0.935,0.985,0.995,0.4181861724296309,0.2974242718396541,0.055,0.375,0.875,68,0.0326765977895242,0.7101015729062697,0.0357413609560808,0.655,0.715,0.765,5.319999933242798,6.010002136230469,13.910000324249268,31.973210963535166,65.08573700568706,1.9107853600761315,0.6712507841522231,0.103705447866672,2.9610978530168897,1.0149771770766831,5.049626038058454,1.9062914688862924,unmatched_ignored,
1821,171320,0.5297642757216333,0.2220440795617723,0.215,0.545,0.815,0.9977836360622172,0.0207558147073762,0.995,0.995,0.995,0.5086251942481593,0.2904593168937909,0.105,0.515,0.905,1922,0.0112187718888629,0.8052791762596982,0.0524185915046362,0.785,0.815,0.835,19.5,20.28999900817871,20.59999966621399,395.65498065948486,433.0035216906425,5.919119410359249,0.3065399187051169,0.2552924410282033,5.520770376182707,2.426352480764891,15.453329869229783,3.528870250114569,unmatched_ignored,
1822,4116,0.331797400712098,0.2154928777176358,0.155,0.215,0.755,0.94150594312723,0.1289508517090231,0.705,0.995,0.995,0.4970096134783267,0.2978930167664383,0.095,0.485,0.915,280,0.0680272108843537,0.7141511239643608,0.1629478625945669,0.485,0.785,0.815,13.120002746582031,20.579998016357425,14.979999899864197,270.00963049926213,15.24390071713108,6.861102577180409,0.4606839374382728,0.1984043228265801,6.9285925393656,3.659979032072521,11.661093320078477,4.839416394602717,unmatched_ignored,
1823,383,0.6075780258244073,0.187648669196056,0.295,0.705,0.785,0.6871293037740742,0.1436708962025391,0.545,0.645,0.985,0.6211819532673865,0.2442241088575563,0.275,0.665,0.915,123,0.3211488250652741,0.6564641459201409,0.1813469166185576,0.435,0.755,0.795,11.43000030517578,17.69000244140625,13.509999752044678,202.19673330383372,1.894194796037974,3.566201944231368,0.5845520010485317,0.2663933889473863,1.5150573455299017,3.375084278248268,4.372213030919705,4.6668475636716416,unmatched_ignored,
1824,1059,0.6979933763318629,0.1604471158358329,0.425,0.745,0.805,0.914921846279454,0.0718939663296121,0.815,0.935,0.995,0.4086451018467948,0.276237339092186,0.065,0.345,0.795,85,0.0802644003777148,0.7966734234024496,0.0198602518039253,0.775,0.795,0.825,4.650001525878906,4.869999885559082,9.78000020980835,22.64550689887983,46.76424355298418,1.0888730198227623,0.6879802020616567,0.1669476592293498,0.9634700259917566,0.5316185734155104,4.277907404053088,2.3549700255162733,fp_counted,0.0
1825,791,0.5653817148975717,0.189054837974748,0.315,0.645,0.765,0.6647399109323167,0.1097419142758433,0.525,0.655,0.805,0.5463704683539726,0.2982069051333114,0.105,0.555,0.935,63,0.079646017699115,0.6790655023521848,0.1126680166641934,0.445,0.715,0.755,12.29999542236328,21.900001525878903,20.62999963760376,269.3699185180594,2.9364823078675317,1.3006550951571525,0.6055619243114577,0.0778968923767419,0.7394597324885204,1.112647195964063,3.49129381018553,1.5384820926432174,unmatched_ignored,
1826,9667,0.7164019263211032,0.1091563399678696,0.585,0.745,0.815,0.9825505819108082,0.0634322198598114,0.975,0.995,0.995,0.4068114024721785,0.326777401930591,0.025,0.325,0.905,593,0.0613427123202648,0.7922718242489266,0.092675658006179,0.775,0.815,0.825,9.709999084472656,10.740001678466797,21.90999937057495,104.2854064651474,92.6975338896603,2.0173335414827944,0.2949966920323346,0.17813885021216,1.8794301092197352,1.3328776902338315,7.806829169841147,3.639112545048992,unmatched_ignored,
1827,5510,0.6967964331381118,0.0984614625924812,0.575,0.715,0.795,0.9951461138720954,0.0201970594012952,0.985,0.995,0.995,0.3426212052979025,0.2898206968302781,0.045,0.235,0.805,226,0.041016333938294,0.7635062550548959,0.0684766038660923,0.635,0.795,0.805,8.680000305175781,10.259998321533203,18.37000036239624,89.0567885620112,61.87063433309553,1.6974085130116765,0.1926526678445347,0.0827297169333438,2.3131221901392216,1.2545863136289337,8.230136733197906,3.4501691242546197,unmatched_ignored,
1828,5513,0.7291461123924236,0.0890193020819927,0.635,0.745,0.805,0.8969587643566439,0.0801216825351214,0.785,0.915,0.975,0.3314917882922231,0.2802422226753587,0.025,0.245,0.795,509,0.0923272265554144,0.803957759865609,0.0197188157857192,0.775,0.805,0.835,4.350002288818359,3.2699995040893555,9.890000343322754,14.224505327223596,387.5705954743421,1.0701222838169713,0.5938153485747346,0.1605814578847038,0.7060005417191724,0.3978152125839134,3.463533799374318,1.7562905230892267,fp_counted,0.0
1829,4224,0.5377739024098087,0.2460718072868771,0.175,0.675,0.785,0.8459598534796952,0.0893420662661027,0.725,0.865,0.945,0.2665382669292791,0.2593178391677653,0.025,0.175,0.685,221,0.0523200757575757,0.659496762566437,0.2345595958623251,0.215,0.795,0.825,4.8600006103515625,4.049999952316284,12.580000400543211,19.68300224018094,214.60140828400225,0.9955327560555448,0.5378340966453399,0.2674993852671511,0.7543361350405686,0.5013527462005501,3.070966386123363,1.49926154428364,fp_counted,0.0
1830,2167,0.6285798096394121,0.1143749528166214,0.445,0.655,0.745,0.934743759403264,0.0713879306631371,0.845,0.955,0.995,0.3031969776082256,0.2862425433113671,0.045,0.175,0.815,55,0.0253807106598984,0.7357566559856589,0.0985094068090664,0.585,0.765,0.805,4.529998779296875,5.85999870300293,7.809999793767929,26.545786971284542,81.6325393684548,1.1459200973760857,0.5356553188268587,0.1047183585964715,2.0640944750858563,0.7580799762609289,3.042225930511429,1.6822715804149415,unmatched_ignored,
1831,920,0.7000109917808162,0.1335178158879324,0.595,0.745,0.785,0.8003862538415453,0.1333677864310052,0.625,0.805,0.975,0.5854414250210697,0.2753829690911532,0.205,0.615,0.925,122,0.1326086956521739,0.7619583039987282,0.0471398190348379,0.735,0.765,0.805,11.330001831054688,17.849994659423828,14.820000648498535,202.2404721755884,4.549040012135857,2.5038658696432914,0.4310228868643116,0.1726482675717832,1.3044048227889689,2.344174325353126,4.724528626903243,2.819175017341628,unmatched_ignored,
1832,2247,0.670096620715057,0.133523537919849,0.385,0.715,0.775,0.9447963979173142,0.0742628579016805,0.865,0.975,0.995,0.359558027076268,0.3159119360048629,0.035,0.235,0.875,114,0.0507343124165554,0.7782038499911627,0.0363102958126419,0.755,0.785,0.805,20.459999084472656,6.3899993896484375,20.189999103546143,130.73938166198786,17.18686421364122,1.3793082422725698,0.2197469292242714,0.0859877219479766,1.3223801850739292,0.9078288671217494,2.50452925028088,3.588943261980241,unmatched_ignored,
1833,14505,0.7655958739483986,0.0778462464636827,0.685,0.785,0.845,0.9983035568408578,0.0144941138084773,0.995,0.995,0.995,0.5059326024412673,0.3181942242942412,0.065,0.525,0.935,767,0.0528783178214408,0.8002994306084386,0.0163977108148977,0.775,0.805,0.815,21.599998474121094,6.589996337890625,21.980000495910645,142.3439108429011,101.901092320054,1.847563537949892,0.3616510477027798,0.0806478847562415,1.5287973496106575,1.2282328456639873,11.68031000132059,5.079103822470067,unmatched_ignored,
1834,30728,0.7049343105818009,0.0997999379682902,0.595,0.725,0.805,0.9375374918336578,0.1080323844487816,0.785,0.995,0.995,0.4566094433103546,0.2864257479624371,0.075,0.435,0.885,3301,0.1074264514449362,0.7637206297080035,0.0678496115365953,0.675,0.785,0.825,10.18000030517578,7.700000762939453,14.039999961853027,78.38601011657738,392.008726484492,2.1900949560829908,0.5174411674854128,0.2633410241017609,2.09571212577082,0.8578460836761886,4.916658602949776,1.620187869089743,tp,1.0
1835,2801,0.5906704397807586,0.1948101399999694,0.255,0.675,0.775,0.7525458076263232,0.1634973291016519,0.545,0.725,0.995,0.4777808484782513,0.2963119348709888,0.065,0.475,0.885,134,0.0478400571224562,0.5175940613470861,0.1651015514726173,0.225,0.495,0.805,6.180000305175781,4.779998779296875,10.079999923706056,29.54039391479455,94.81931784928538,1.439718548431871,0.6405972464805544,0.139950550199752,1.1719393761060388,0.5252366304226515,4.352394752941231,2.103035390106537,fp_counted,0.0
1836,1673,0.4325768864166394,0.2418185241223709,0.125,0.395,0.775,0.8893224513252838,0.1455111067647837,0.655,0.995,0.995,0.5634904113829606,0.268797757818719,0.165,0.595,0.905,108,0.0645546921697549,0.782513839641103,0.0570072031132222,0.765,0.785,0.815,12.040000915527344,14.009999752044678,17.569999933242798,168.68040984115578,9.918164187385145,3.728276459058765,0.7365350947736153,0.1365211887025317,3.18939727203213,2.04405453820384,7.890654683576255,5.179528900295461,unmatched_ignored,
1837,893,0.5853957646804855,0.1792756737262493,0.365,0.675,0.755,0.6693597165627816,0.1320219201448873,0.535,0.635,0.875,0.5273823823570195,0.2473723863101855,0.135,0.545,0.845,132,0.1478163493840985,0.7073512881091146,0.1328796163809688,0.455,0.745,0.795,12.81999969482422,15.760002136230469,14.019999504089355,202.04322257690364,4.419846350748527,1.7801645104379022,0.6612029268263625,0.3347646938590277,0.6715768909975183,1.6554771519224676,3.326725344541759,2.87050178300127,unmatched_ignored,
1838,11900,0.6338501619647782,0.1414261472469103,0.435,0.675,0.775,0.9690463425281668,0.0460997994138151,0.915,0.985,0.995,0.4320531386241124,0.3086488130079634,0.045,0.395,0.885,958,0.0805042016806722,0.7938941122967913,0.021331057941239,0.765,0.795,0.815,6.69000244140625,14.460000038146973,15.490000128746033,96.73743555793772,123.01339115892613,1.7881637157358583,0.7307743742410716,0.2636358547995068,1.482844638239276,1.4181105742259226,4.531407899646198,2.4717844413784333,unmatched_ignored,
1839,4460,0.6198503808740676,0.1813814031671752,0.275,0.705,0.775,0.9512599098040918,0.0662847050511642,0.875,0.975,0.995,0.4470891272237735,0.2811401071298266,0.095,0.405,0.865,303,0.0679372197309417,0.7791411810778942,0.062965331581662,0.745,0.795,0.815,8.269996643066406,14.639999866485596,15.96000039577484,121.07274975032853,36.837356128420616,3.142809869767974,0.6161932367026549,0.276715751865137,2.274396844649343,2.08570414050628,5.779780978191594,3.817458511630124,unmatched_ignored,
1840,36149,0.6728550230175757,0.1744795145902929,0.395,0.735,0.835,0.9910606595338036,0.0466696999595602,0.995,0.995,0.995,0.584243784318721,0.283880030859668,0.145,0.625,0.935,1141,0.0315638053611441,0.8118451719713462,0.0404015125177624,0.785,0.815,0.845,9.159996032714844,13.0600004196167,18.33999967575073,119.62955203094316,302.17449941340385,2.897953531200101,0.6506714276702751,0.2354077111750856,2.7217275629342805,1.7458390064902956,10.085999893786903,3.855975277810899,unmatched_ignored,
1841,797,0.5389896120170279,0.1829921823719242,0.275,0.495,0.765,0.6302128995825984,0.1045717998750247,0.525,0.605,0.735,0.5373388498725307,0.2796178217653536,0.135,0.555,0.915,109,0.1367628607277289,0.5939751116370936,0.1711608553370698,0.425,0.525,0.785,12.089996337890623,15.450000762939451,15.190000534057615,186.79045264434532,4.266813366085215,2.261110485099675,0.4426135324086038,0.1540104806206763,0.7169037863194581,2.084497059480785,4.001240185991285,2.6699184113410923,unmatched_ignored,
1842,617,0.6194291489872013,0.1891682790138684,0.295,0.705,0.775,0.6943673527221432,0.1382197852830559,0.545,0.665,0.995,0.4793036708374684,0.3030557285084648,0.075,0.485,0.895,84,0.1361426256077795,0.7408221211461794,0.0518429913355315,0.715,0.745,0.795,12.93000030517578,15.019996643066406,15.590000629425049,194.20856117858784,3.1769969163853027,4.456867781799928,0.6649051415737035,0.1806157573767264,1.7421327083808156,4.20243632448259,4.792353665036552,5.720270352130788,unmatched_ignored,
1843,1309,0.6107060715009731,0.1668987652002185,0.395,0.685,0.755,0.7336119003110118,0.1334954465819148,0.545,0.735,0.915,0.5435265143822148,0.2887582554888568,0.075,0.585,0.905,311,0.2375859434682964,0.6619758858462239,0.1195862574410465,0.445,0.715,0.755,12.769996643066406,22.19000244140625,21.52999973297119,283.3662566863932,4.6194632180524415,1.7194103567958805,0.4382079167880673,0.1440196014169226,1.3979590480866,1.4787337268324796,2.0368833657584635,1.48752791007552,unmatched_ignored,
1844,994,0.6835732025204889,0.127098207278992,0.515,0.725,0.785,0.7394659109638491,0.1106711730540599,0.585,0.745,0.885,0.4851867445394157,0.2641832371352753,0.145,0.455,0.855,144,0.1448692152917505,0.7444253429356549,0.0939620933000022,0.725,0.765,0.795,13.639999389648438,19.569995880126957,20.57999992370605,266.9347318603541,3.7237567141319294,1.4964114849733798,0.2505253219336879,0.0969498573768917,1.3591099033108658,1.3354190818975904,2.5166928478379846,1.1528207523802203,unmatched_ignored,
1845,889,0.6526588740830883,0.1313653865417492,0.495,0.685,0.765,0.7787426378917373,0.1088515318984771,0.605,0.795,0.905,0.5422511041350087,0.2800636533522584,0.125,0.565,0.905,71,0.0798650168728909,0.706042305894301,0.1209457318565217,0.665,0.735,0.765,8.069999694824219,16.400001525878906,15.630000114440918,132.3480073089595,6.717139291146832,1.5728976666439023,0.4177201819925982,0.1371569895123868,0.5929449562707428,1.507975960294739,4.341010681220463,2.323723195493164,unmatched_ignored,
1846,1674,0.4312099748832956,0.1781487089146403,0.195,0.445,0.745,0.847795082000279,0.1926908847534623,0.555,0.995,0.995,0.5298254964772183,0.2684382156227191,0.175,0.525,0.885,243,0.1451612903225806,0.4097072881926234,0.2530112258573885,0.195,0.225,0.795,15.179999351501465,6.870002746582031,17.40999960899353,104.28663723792852,16.051912731453715,4.053430532227826,3.5580821769214697,0.1640029363055656,3.100519427325226,2.184350831196105,6.80188571445181,5.05763632728053,unmatched_ignored,
1847,8477,0.6780681854301366,0.1251184786077778,0.495,0.705,0.805,0.9015095291925768,0.1230104831413757,0.695,0.955,0.995,0.3842023013682062,0.2996932859280245,0.035,0.325,0.835,931,0.1098265895953757,0.7762383484270595,0.0980188013222406,0.765,0.795,0.825,5.680000305175781,8.329999923706055,12.869999527931212,47.31440210876463,179.16320659644776,1.807488878025973,0.5660049575975376,0.2961042731570203,1.428613956182351,1.078359199990884,5.359650999935179,2.667266577775933,unmatched_ignored,
1848,2494,0.6623065018176483,0.1595569368053656,0.435,0.725,0.775,0.7427494569883981,0.1259773936889547,0.555,0.755,0.905,0.2985919476067135,0.2675944184749512,0.025,0.225,0.725,143,0.0573376102646351,0.6775297366238974,0.1560310995479695,0.485,0.765,0.815,13.949996948242188,23.56000518798828,20.25,328.66200047300663,7.588343028432442,1.4225215794110193,0.4083673716530188,0.0998446172032296,1.8233751737989088,0.5820436028943887,2.600890125819417,0.9633557791130352,unmatched_ignored,
1849,559,0.6437794713833251,0.1812214400694334,0.405,0.725,0.785,0.7007919393199927,0.1103540971496246,0.555,0.705,0.855,0.5810419104057023,0.2442437283950383,0.245,0.595,0.915,75,0.1341681574239713,0.6775034523010254,0.1549209386761676,0.465,0.755,0.785,10.93999481201172,15.179996490478516,16.63999915122986,166.06908285219106,3.366069050297189,1.258569874469649,0.4650112786392046,0.1698977358781477,0.4229971720863186,1.1246149414662263,3.1332755436411057,2.3657845872020244,unmatched_ignored,
1850,2072,0.6249683566812181,0.1995765914081896,0.265,0.725,0.795,0.7689526919347439,0.1439718105635547,0.585,0.755,0.995,0.5432616494138153,0.3060089024298433,0.095,0.575,0.935,425,0.2051158301158301,0.701687114396516,0.1537675711540529,0.485,0.765,0.805,10.6199951171875,17.479999542236328,16.299999237060547,185.63750978698957,11.161537355125718,4.9652782323764,1.396577211991689,0.3632998919028234,2.2815169423336106,4.410349775987576,5.821503000024663,6.561785749807966,unmatched_ignored,
1851,1174,0.6321967251097476,0.1702996616504887,0.305,0.695,0.765,0.7451150656964953,0.1270975297678887,0.585,0.745,0.915,0.42498681138743,0.325465157621891,0.055,0.385,0.895,219,0.186541737649063,0.7030278280989765,0.1426838396601181,0.475,0.745,0.785,10.279998779296877,15.729995727539062,16.790000915527344,161.70433687744662,7.260163967585839,3.942564454372007,0.688393605533871,0.2703736491346101,1.397894722077301,3.543749307446,4.959186903104262,5.00469680923613,unmatched_ignored,
1852,1105,0.6287319904943397,0.189085346949554,0.195,0.715,0.765,0.8045176769813261,0.1297271930375625,0.625,0.825,0.965,0.556355425545617,0.2705357589207342,0.175,0.565,0.925,281,0.2542986425339366,0.7344261248234752,0.0864605404499947,0.725,0.755,0.775,2.559999942779541,3.8499984741210938,10.670000076293944,9.85599587345132,112.1144949924839,0.8924002787505856,0.2576119330025931,0.1439777222527387,1.667425962945744,0.2706460819357459,2.2424140078989088,0.6477638673792667,unmatched_ignored,
1853,1114,0.5496441297019085,0.22852251888003,0.175,0.695,0.765,0.6665313414012081,0.0988336782086181,0.535,0.665,0.805,0.5489895301542865,0.2520775481798304,0.185,0.565,0.875,204,0.1831238779174147,0.545628735138213,0.2577512602798478,0.175,0.735,0.775,1.9799997806549072,2.69000244140625,3.670000076293945,5.32620424394554,209.15457781520828,0.6633970280938903,0.344066865502455,0.154790681629525,1.4223724107485145,0.4497717073835161,1.6064781026289374,0.7838989073200013,unmatched_ignored,
1854,211,0.7272768344076889,0.0371595360395915,0.695,0.735,0.765,0.9221393968821702,0.0540472882491835,0.845,0.935,0.975,0.669994823551313,0.280090049723284,0.205,0.765,0.955,55,0.2606635071090047,0.7391263149001381,0.0184228538937038,0.715,0.745,0.765,1.2899999618530271,2.160003662109375,2.6700010299682617,2.786404641723493,75.72482360978583,0.5031537484312213,0.139510214083561,0.0716950572846862,2.089976363365681,0.291813586249615,3.325605719010412,0.6412079862072467,unmatched_ignored,
1855,39353,0.6642754220026758,0.1447597418167552,0.445,0.705,0.815,0.9932794814321484,0.0223301433879747,0.985,0.995,0.995,0.5187732664763222,0.2855555429577582,0.125,0.515,0.905,2082,0.0529057505145732,0.7666810981993717,0.0510801565105666,0.705,0.785,0.805,6.120000123977661,8.959999084472656,23.040000677108765,54.83519550781239,717.659518409,1.9875431093484164,0.465612941472313,0.236682368753614,2.866521105179122,1.5235176417536305,6.9534668751690285,2.0705650870453987,unmatched_ignored,
1856,5287,0.7057817304925791,0.0953289606079149,0.605,0.725,0.795,0.9623453581245224,0.0655120562491065,0.905,0.985,0.995,0.4408985965402083,0.3273047596140733,0.035,0.395,0.915,1364,0.2579912994136561,0.7775949158888759,0.0373671870006825,0.735,0.785,0.815,5.009999871253967,5.379997253417969,6.569999694824219,26.95378554697072,196.1505552081605,1.4579904228768343,0.6170536742660412,0.2556039792518995,1.2638729905083652,0.5218273303317844,3.6777761191529903,1.0657966977171645,unmatched_ignored,
1857,18218,0.6894021370518821,0.1109491073980999,0.545,0.715,0.805,0.8878927409930265,0.1050846422966559,0.735,0.915,0.995,0.3533496672553217,0.3027460285229379,0.025,0.255,0.835,894,0.0490723460313975,0.7734492714173041,0.1100428994859624,0.755,0.805,0.825,7.010002136230469,9.570001602172852,9.57999962568283,67.0857316749607,271.5629619763057,2.111561616656748,0.5307185866801645,0.3581073284896939,1.6487189893970062,1.1380121999227073,5.87662776258509,1.630348690017158,unmatched_ignored,
1858,7862,0.6437405790783952,0.1412630786285489,0.385,0.685,0.785,0.9148784623410496,0.0874126063717227,0.795,0.945,0.995,0.3042199939474518,0.287149684561339,0.025,0.195,0.785,305,0.0387941999491223,0.7860667180819589,0.0486495657919674,0.765,0.795,0.815,4.769996643066406,9.749998092651367,8.979999586939812,46.507458171850885,169.04815504964654,2.3976392123673884,0.3585874425060359,0.1557599476026702,2.311797784866212,1.3295882517484,5.734237529581905,1.6909395489588153,unmatched_ignored,
1859,15081,0.7602309602025028,0.0760289119967339,0.705,0.775,0.825,0.8073764302972283,0.1009999685300266,0.665,0.825,0.925,0.4348561116939625,0.2994457935245856,0.065,0.395,0.875,2557,0.1695510907764737,0.779757350817247,0.0520056747776452,0.735,0.785,0.825,14.459999084472656,23.909996032714844,20.30999994277954,345.7385207428015,43.61966947622511,1.4491925557833083,0.2826399919115883,0.1715277598442321,1.0869525855656714,0.7536241992095839,3.814289900423179,1.4397929015812758,unmatched_ignored,
1860,3269,0.7558206733043823,0.0773647021416297,0.705,0.765,0.825,0.7849965465291263,0.0951737755822706,0.645,0.795,0.895,0.3918664424647947,0.3188317301530359,0.035,0.295,0.875,288,0.0881003364943407,0.7644040323793888,0.0998100845136403,0.525,0.795,0.825,14.099998474121094,24.259994506835938,19.72000026702881,342.06588552857284,9.5566384673193,1.379235924447597,0.2931185034646661,0.0820464449402754,1.4570039073542111,0.6439800625234372,3.7219183884855074,1.1659544477210806,unmatched_ignored,
1861,7440,0.6799336477393104,0.0835673394752683,0.595,0.685,0.765,0.9260554705335888,0.0595259382244769,0.845,0.945,0.985,0.3954481297995126,0.2786518081747296,0.065,0.335,0.835,795,0.1068548387096774,0.7480863754854262,0.0448482427718941,0.685,0.755,0.795,5.2700042724609375,11.690000534057615,18.469999387860295,61.60635275955429,120.76676619760062,1.3449393790863806,0.3054446936961718,0.1544749329454257,2.386397605924865,0.7143706035775022,3.9921782101674745,1.6467580673932989,unmatched_ignored,
1862,6805,0.6665847648151388,0.0759573643447212,0.585,0.675,0.755,0.9270432243270088,0.0753974752076778,0.815,0.955,0.995,0.3087741396787978,0.25311797861063,0.055,0.225,0.725,224,0.0329169728141072,0.7564096095572624,0.0465017930843533,0.705,0.765,0.805,5.25,6.149997711181641,18.90000069141388,32.28748798370361,210.76275749400733,1.2309466535871008,0.5873327308549846,0.1243928515423038,2.106020743397006,0.6799701351721694,3.8583178966952807,3.3201060473295056,unmatched_ignored,
