source_plot,split,instance_id,safe_reject,coverage_critical,counted_negative,redundant_positive,protected_unknown
A1N,train,1,False,True,False,False,False
A1N,train,2,False,True,False,False,False
A1N,train,3,True,False,True,False,False
A1N,train,4,False,True,False,False,False
A1N,train,5,True,False,True,False,False
A1N,train,6,False,True,False,False,False
A1N,train,7,False,True,False,False,False
A1N,train,8,False,True,False,False,False
A1N,train,9,False,True,False,False,False
A1N,train,10,False,True,False,False,False
A1N,train,11,False,True,False,False,False
A1N,train,12,False,True,False,False,False
A1N,train,13,False,True,False,False,False
A1N,train,14,False,True,False,False,False
A1N,train,15,False,True,False,False,False
A1N,train,16,False,True,False,False,False
A1N,train,17,False,True,False,False,False
A1N,train,18,False,True,False,False,False
A1N,train,19,False,True,False,False,False
A1N,train,20,False,True,False,False,False
A1N,train,21,False,True,False,False,False
A1N,train,22,False,True,False,False,False
A1N,train,23,False,True,False,False,False
A1N,train,24,False,True,False,False,False
A1N,train,25,False,True,False,False,False
A1N,train,26,False,True,False,False,False
A1N,train,27,False,True,False,False,False
A1N,train,28,False,True,False,False,False
A1N,train,29,False,True,False,False,False
A1N,train,30,False,True,False,False,False
A1N,train,31,False,True,False,False,False
A1N,train,32,False,True,False,False,False
A1N,train,33,False,True,False,False,False
A1N,train,34,False,True,False,False,False
A1N,train,35,False,True,False,False,False
A1N,train,36,False,True,False,False,False
A1N,train,37,False,True,False,False,False
A1N,train,38,False,True,False,False,False
A1N,train,39,False,True,False,False,False
A1N,train,40,False,True,False,False,False
A1N,train,41,False,True,False,False,False
A1N,train,42,False,True,False,False,False
A1N,train,43,False,True,False,False,False
A1N,train,44,False,True,False,False,False
A1N,train,45,False,True,False,False,False
A1N,train,46,False,True,False,False,False
A1N,train,47,True,False,True,False,False
A1N,train,48,False,True,False,False,False
A1N,train,49,False,True,False,False,False
A1N,train,50,True,False,True,False,False
A1N,train,51,False,True,False,False,False
A1N,train,52,False,True,False,False,False
A1N,train,53,False,True,False,False,False
A1N,train,54,False,True,False,False,False
A1N,train,55,False,True,False,False,False
A1N,train,56,False,True,False,False,False
A1N,train,57,False,True,False,False,False
A1N,train,58,False,True,False,False,False
A1N,train,59,False,True,False,False,False
A1N,train,60,False,False,False,False,True
A1N,train,61,False,True,False,False,False
A1N,train,62,False,True,False,False,False
A1N,train,63,False,True,False,False,False
A1N,train,64,False,True,False,False,False
A1N,train,65,False,True,False,False,False
A1N,train,66,False,True,False,False,False
A1N,train,67,False,False,False,False,True
A1N,train,68,True,False,True,False,False
A1N,train,69,False,False,False,False,True
A1N,train,70,True,False,True,False,False
A1N,train,71,False,True,False,False,False
A1N,train,72,False,True,False,False,False
A1N,train,73,False,True,False,False,False
A1N,train,74,False,True,False,False,False
A1N,train,75,False,True,False,False,False
A1N,train,76,False,True,False,False,False
A1N,train,77,False,True,False,False,False
A1N,train,78,False,True,False,False,False
A1N,train,79,False,True,False,False,False
A1N,train,80,False,True,False,False,False
A1N,train,81,False,True,False,False,False
A1N,train,82,False,True,False,False,False
A1N,train,83,False,True,False,False,False
A1N,train,84,False,True,False,False,False
A1N,train,85,False,True,False,False,False
A1N,train,86,False,True,False,False,False
A1N,train,87,False,True,False,False,False
A1N,train,88,True,False,True,False,False
A1N,train,89,False,True,False,False,False
A1N,train,90,False,True,False,False,False
A1N,train,91,False,True,False,False,False
A1N,train,92,False,True,False,False,False
A1N,train,93,False,True,False,False,False
A1N,train,94,False,True,False,False,False
A1N,train,95,False,True,False,False,False
A1N,train,96,False,True,False,False,False
A1N,train,97,False,False,False,False,True
A1N,train,98,False,True,False,False,False
A1N,train,99,False,True,False,False,False
A1N,train,100,False,True,False,False,False
A1N,train,101,False,True,False,False,False
A1N,train,102,False,True,False,False,False
A1N,train,103,False,True,False,False,False
A1N,train,104,False,True,False,False,False
A1N,train,105,False,True,False,False,False
A1N,train,106,False,True,False,False,False
A1N,train,107,False,True,False,False,False
A1N,train,108,False,True,False,False,False
A1N,train,109,False,True,False,False,False
A1N,train,110,False,True,False,False,False
A1N,train,111,False,True,False,False,False
A1N,train,112,False,True,False,False,False
A1N,train,113,False,True,False,False,False
A1N,train,114,False,True,False,False,False
A1N,train,115,False,True,False,False,False
A1N,train,116,False,True,False,False,False
A1N,train,117,False,True,False,False,False
A1N,train,118,False,True,False,False,False
A1N,train,119,False,True,False,False,False
A1N,train,120,False,True,False,False,False
A1N,train,121,False,True,False,False,False
A1N,train,122,False,True,False,False,False
A1N,train,123,False,True,False,False,False
A1N,train,124,False,True,False,False,False
A1N,train,125,False,True,False,False,False
A1N,train,126,False,True,False,False,False
A1N,train,127,False,True,False,False,False
A1N,train,128,False,True,False,False,False
A1N,train,129,False,True,False,False,False
A1N,train,130,False,True,False,False,False
A1N,train,131,False,True,False,False,False
A1N,train,132,True,False,True,False,False
A1N,train,133,False,True,False,False,False
A1N,train,134,False,True,False,False,False
A1N,train,135,False,True,False,False,False
A1N,train,136,False,True,False,False,False
A1N,train,137,False,True,False,False,False
A1N,train,138,False,True,False,False,False
A1N,train,139,False,True,False,False,False
A1N,train,140,False,True,False,False,False
A1N,train,141,False,True,False,False,False
A1N,train,142,False,True,False,False,False
A1N,train,143,False,True,False,False,False
A1N,train,144,False,True,False,False,False
A1N,train,145,False,True,False,False,False
A1N,train,146,False,True,False,False,False
A1N,train,147,False,True,False,False,False
A1N,train,148,True,False,True,False,False
A1N,train,149,False,True,False,False,False
A1N,train,150,False,True,False,False,False
A1N,train,151,False,True,False,False,False
A1N,train,152,False,True,False,False,False
A1N,train,153,True,False,True,False,False
A1N,train,154,False,True,False,False,False
A1N,train,155,False,True,False,False,False
A1N,train,156,False,True,False,False,False
A1N,train,157,False,True,False,False,False
A1N,train,158,False,True,False,False,False
A1N,train,159,False,True,False,False,False
A1N,train,160,False,True,False,False,False
A1N,train,161,False,True,False,False,False
A1N,train,162,False,True,False,False,False
A1N,train,163,False,True,False,False,False
A1N,train,164,False,True,False,False,False
A1N,train,165,False,True,False,False,False
A1N,train,166,False,True,False,False,False
A1N,train,167,False,True,False,False,False
A1N,train,168,False,True,False,False,False
A1N,train,169,False,True,False,False,False
A1N,train,170,False,True,False,False,False
A1N,train,171,False,True,False,False,False
A1N,train,172,False,True,False,False,False
A1N,train,173,True,False,True,False,False
A1N,train,174,False,True,False,False,False
A1N,train,175,False,True,False,False,False
A1N,train,176,False,True,False,False,False
A1N,train,177,True,False,True,False,False
A1N,train,178,False,True,False,False,False
A1N,train,179,False,True,False,False,False
A1N,train,180,False,True,False,False,False
A1N,train,181,False,False,False,False,True
A1N,train,182,False,False,False,False,True
A1N,train,183,False,True,False,False,False
A1N,train,184,False,True,False,False,False
A1N,train,185,False,True,False,False,False
A1N,train,186,False,True,False,False,False
A1N,train,187,False,True,False,False,False
A1N,train,188,False,True,False,False,False
A1N,train,189,False,True,False,False,False
A1N,train,190,False,True,False,False,False
A1N,train,191,False,True,False,False,False
A1N,train,192,False,True,False,False,False
A1N,train,193,False,True,False,False,False
A1N,train,194,False,True,False,False,False
A1N,train,195,False,True,False,False,False
A1N,train,196,False,True,False,False,False
A1N,train,197,False,True,False,False,False
A1N,train,198,False,True,False,False,False
A1N,train,199,False,True,False,False,False
A1N,train,200,True,False,True,False,False
A1N,train,201,False,True,False,False,False
A1N,train,202,False,True,False,False,False
A1N,train,203,False,True,False,False,False
A1N,train,204,False,True,False,False,False
A1N,train,205,False,True,False,False,False
A1N,train,206,True,False,True,False,False
A1N,train,207,False,True,False,False,False
A1N,train,208,False,True,False,False,False
A1N,train,209,False,True,False,False,False
A1N,train,210,False,True,False,False,False
A1N,train,211,True,False,True,False,False
A1N,train,212,True,False,True,False,False
A1N,train,213,True,False,True,False,False
A1N,train,214,False,True,False,False,False
A1N,train,215,False,True,False,False,False
A1N,train,216,False,True,False,False,False
A1N,train,217,True,False,True,False,False
A1N,train,218,False,True,False,False,False
A1N,train,219,False,True,False,False,False
A1N,train,220,False,True,False,False,False
A1N,train,221,False,True,False,False,False
A1N,train,222,False,True,False,False,False
A1N,train,223,True,False,True,False,False
A1N,train,224,False,True,False,False,False
A1N,train,225,False,True,False,False,False
A1N,train,226,True,False,True,False,False
A1N,train,227,False,True,False,False,False
A1N,train,228,False,True,False,False,False
A1N,train,229,False,True,False,False,False
A1N,train,230,False,False,False,False,True
A1N,train,231,False,True,False,False,False
A1N,train,232,False,True,False,False,False
A1N,train,233,False,True,False,False,False
A1N,train,234,False,True,False,False,False
A1N,train,235,False,True,False,False,False
A1N,train,236,False,True,False,False,False
A1N,train,237,True,False,True,False,False
A1N,train,238,False,True,False,False,False
A1N,train,239,True,False,True,False,False
A1N,train,240,False,True,False,False,False
A1N,train,241,False,False,False,False,True
A1N,train,242,False,True,False,False,False
A1N,train,243,False,True,False,False,False
A1N,train,244,False,True,False,False,False
A1N,train,245,False,True,False,False,False
A1N,train,246,False,False,False,False,True
A1N,train,247,False,True,False,False,False
A1N,train,248,False,True,False,False,False
A1N,train,249,False,True,False,False,False
A1N,train,250,False,True,False,False,False
A1N,train,251,False,True,False,False,False
A1N,train,252,False,True,False,False,False
A1N,train,253,True,False,True,False,False
A1N,train,254,True,False,True,False,False
A1N,train,255,False,True,False,False,False
A1N,train,256,False,True,False,False,False
A1N,train,257,False,True,False,False,False
A1N,train,258,False,True,False,False,False
A1N,train,259,True,False,True,False,False
A1N,train,260,False,True,False,False,False
A1N,train,261,False,True,False,False,False
A1N,train,262,False,True,False,False,False
A1N,train,263,False,True,False,False,False
A1N,train,264,True,False,True,False,False
A1N,train,265,False,True,False,False,False
A1N,train,266,False,True,False,False,False
A1N,train,267,False,True,False,False,False
A1N,train,268,False,True,False,False,False
A1N,train,269,False,True,False,False,False
A1N,train,270,False,True,False,False,False
A1N,train,271,False,True,False,False,False
A1N,train,272,False,True,False,False,False
A1N,train,273,False,True,False,False,False
A1N,train,274,False,True,False,False,False
A1N,train,275,False,True,False,False,False
A1N,train,276,False,True,False,False,False
A1N,train,277,False,True,False,False,False
A1N,train,278,True,False,True,False,False
A1N,train,279,False,True,False,False,False
A1N,train,280,False,True,False,False,False
A1N,train,281,False,True,False,False,False
A1N,train,282,False,True,False,False,False
A1N,train,283,True,False,True,False,False
A1N,train,284,False,True,False,False,False
A1N,train,285,False,True,False,False,False
A1N,train,286,True,False,True,False,False
A1N,train,287,False,True,False,False,False
A1N,train,288,True,False,True,False,False
A1N,train,289,False,True,False,False,False
A1N,train,290,False,True,False,False,False
A1N,train,291,False,True,False,False,False
A1N,train,292,False,True,False,False,False
A1N,train,293,True,False,True,False,False
A1N,train,294,False,True,False,False,False
A1N,train,295,False,True,False,False,False
A1N,train,296,False,True,False,False,False
A1N,train,297,False,False,False,False,True
A1N,train,298,False,False,False,False,True
A1N,train,299,True,False,True,False,False
A1N,train,300,True,False,True,False,False
A1N,train,301,False,True,False,False,False
A1N,train,302,False,True,False,False,False
A1N,train,303,False,True,False,False,False
A1N,train,304,False,True,False,False,False
A1N,train,305,False,True,False,False,False
A1N,train,306,False,True,False,False,False
A1N,train,307,False,True,False,False,False
A1N,train,308,True,False,True,False,False
A1N,train,309,False,False,False,False,True
A1N,train,310,False,True,False,False,False
A1N,train,311,False,True,False,False,False
A1N,train,312,False,True,False,False,False
A1N,train,313,False,True,False,False,False
A1N,train,314,False,True,False,False,False
A1N,train,315,True,False,True,False,False
A1N,train,316,False,True,False,False,False
A1N,train,317,False,True,False,False,False
A1N,train,318,False,True,False,False,False
A1N,train,319,False,False,False,False,True
A1N,train,320,True,False,True,False,False
A1N,train,321,False,True,False,False,False
A1N,train,322,True,False,True,False,False
A1N,train,323,True,False,True,False,False
A1N,train,324,False,True,False,False,False
A1N,train,325,False,True,False,False,False
A1N,train,326,True,False,True,False,False
A1N,train,327,True,False,True,False,False
A1N,train,328,True,False,True,False,False
A1N,train,329,False,True,False,False,False
A1N,train,330,True,False,True,False,False
A1N,train,331,False,False,False,False,True
A1N,train,332,True,False,True,False,False
A1N,train,333,False,True,False,False,False
A1N,train,334,False,True,False,False,False
A1N,train,335,True,False,True,False,False
A1N,train,336,True,False,True,False,False
A1N,train,337,True,False,True,False,False
A1N,train,338,True,False,True,False,False
A1N,train,339,False,True,False,False,False
A1N,train,340,True,False,True,False,False
A1N,train,341,False,True,False,False,False
A1N,train,342,False,True,False,False,False
A1N,train,343,False,True,False,False,False
A1N,train,344,True,False,True,False,False
A1N,train,345,True,False,True,False,False
A1N,train,346,False,True,False,False,False
A1N,train,347,True,False,True,False,False
A1N,train,348,False,True,False,False,False
A1N,train,349,False,True,False,False,False
A1N,train,350,False,False,False,False,True
A1N,train,351,True,False,True,False,False
A1N,train,352,False,True,False,False,False
A1N,train,353,False,True,False,False,False
A1N,train,354,False,True,False,False,False
A1N,train,355,False,True,False,False,False
A1N,train,356,False,False,False,False,True
A1N,train,357,True,False,True,False,False
A1N,train,358,True,False,True,False,False
A1N,train,359,False,True,False,False,False
A1N,train,360,False,True,False,False,False
A1N,train,361,False,True,False,False,False
A1N,train,362,True,False,True,False,False
A1N,train,363,True,False,True,False,False
A1N,train,364,False,True,False,False,False
A1N,train,365,True,False,True,False,False
A1N,train,366,True,False,True,False,False
A1N,train,367,True,False,True,False,False
A1N,train,368,True,False,True,False,False
A1N,train,369,False,True,False,False,False
A1N,train,370,False,False,False,False,True
A1N,train,371,True,False,True,False,False
A1N,train,372,False,True,False,False,False
A1N,train,373,True,False,True,False,False
A1N,train,374,False,False,False,False,True
A1N,train,375,False,True,False,False,False
A1N,train,376,False,True,False,False,False
A1N,train,377,False,True,False,False,False
A1N,train,378,True,False,True,False,False
A1N,train,379,False,True,False,False,False
A1N,train,380,False,True,False,False,False
A1N,train,381,False,True,False,False,False
A1N,train,382,True,False,True,False,False
A1N,train,383,True,False,True,False,False
A1N,train,384,False,False,False,False,True
A1N,train,385,False,True,False,False,False
A1N,train,386,True,False,True,False,False
A1N,train,387,False,True,False,False,False
A1N,train,388,True,False,True,False,False
A1N,train,389,True,False,True,False,False
A1N,train,390,True,False,True,False,False
A1N,train,391,False,False,False,False,True
A1N,train,392,True,False,True,False,False
A1N,train,393,False,True,False,False,False
A1N,train,394,True,False,True,False,False
A1N,train,395,False,True,False,False,False
A1N,train,396,True,False,True,False,False
A1N,train,397,True,False,True,False,False
A1N,train,398,True,False,True,False,False
A1N,train,399,False,True,False,False,False
A1N,train,400,True,False,True,False,False
A1N,train,401,False,True,False,False,False
A1N,train,402,False,True,False,False,False
A1N,train,403,False,True,False,False,False
A1N,train,404,True,False,True,False,False
A1N,train,405,False,True,False,False,False
A1N,train,406,True,False,True,False,False
A1N,train,407,True,False,True,False,False
A1N,train,408,False,True,False,False,False
A1N,train,409,True,False,True,False,False
A1N,train,410,True,False,True,False,False
A1N,train,411,True,False,True,False,False
A1N,train,412,False,True,False,False,False
A1N,train,413,False,False,False,False,True
A1N,train,414,False,False,False,False,True
A1N,train,415,True,False,True,False,False
A1N,train,416,False,True,False,False,False
A1N,train,417,True,False,True,False,False
A1N,train,418,False,True,False,False,False
A1N,train,419,True,False,True,False,False
A1N,train,420,True,False,True,False,False
A1N,train,421,True,False,True,False,False
A1N,train,422,False,True,False,False,False
A1N,train,423,True,False,True,False,False
A1N,train,424,False,True,False,False,False
A1N,train,425,False,True,False,False,False
A1N,train,426,False,False,False,False,True
A1N,train,427,True,False,True,False,False
A1N,train,428,True,False,True,False,False
A1N,train,429,False,True,False,False,False
A1N,train,430,False,True,False,False,False
A1N,train,431,True,False,True,False,False
A1N,train,432,True,False,True,False,False
A1N,train,433,False,True,False,False,False
A1N,train,434,False,True,False,False,False
A1N,train,435,True,False,True,False,False
A1N,train,436,True,False,True,False,False
A1N,train,437,False,True,False,False,False
A1N,train,438,False,True,False,False,False
A1N,train,439,True,False,True,False,False
A1N,train,440,False,True,False,False,False
A1N,train,441,False,True,False,False,False
A1N,train,442,False,True,False,False,False
A1N,train,443,False,True,False,False,False
A1N,train,444,True,False,True,False,False
A1N,train,445,False,True,False,False,False
A1N,train,446,True,False,True,False,False
A1N,train,447,False,True,False,False,False
A1N,train,448,True,False,True,False,False
A1N,train,449,True,False,True,False,False
A1N,train,450,False,False,False,False,True
A1N,train,451,False,True,False,False,False
A1N,train,452,False,True,False,False,False
A1N,train,453,False,True,False,False,False
A1N,train,454,False,True,False,False,False
A1N,train,455,True,False,True,False,False
A1N,train,456,False,True,False,False,False
A1N,train,457,False,True,False,False,False
A1N,train,458,False,False,False,False,True
A1N,train,459,False,True,False,False,False
A1N,train,460,False,True,False,False,False
A1N,train,461,False,True,False,False,False
A1N,train,462,False,True,False,False,False
A1N,train,463,True,False,True,False,False
A1N,train,464,False,True,False,False,False
A1N,train,465,True,False,True,False,False
A1N,train,466,True,False,True,False,False
A1N,train,467,True,False,True,False,False
A1N,train,468,True,False,True,False,False
A1N,train,469,True,False,True,False,False
A1N,train,470,True,False,True,False,False
A1N,train,471,False,True,False,False,False
A1N,train,472,True,False,True,False,False
A1N,train,473,False,True,False,False,False
A1N,train,474,True,False,True,False,False
A1N,train,475,False,True,False,False,False
A1N,train,476,True,False,True,False,False
A1N,train,477,True,False,True,False,False
A1N,train,478,True,False,True,False,False
A1N,train,479,True,False,True,False,False
A1N,train,480,False,False,False,False,True
A1N,train,481,False,False,False,False,True
A1N,train,482,True,False,True,False,False
A1N,train,483,False,True,False,False,False
A1N,train,484,False,False,False,False,True
A1N,train,485,True,False,True,False,False
A1N,train,486,False,False,False,False,True
A1N,train,487,False,False,False,False,True
A1N,train,488,True,False,True,False,False
A1N,train,489,True,False,True,False,False
A1N,train,490,False,True,False,False,False
A1N,train,491,True,False,True,False,False
A1N,train,492,True,False,True,False,False
A1N,train,493,False,True,False,False,False
A1N,train,494,True,False,True,False,False
A1N,train,495,True,False,True,False,False
A1N,train,496,True,False,True,False,False
A1N,train,497,True,False,True,False,False
A1N,train,498,False,True,False,False,False
A1N,train,499,True,False,True,False,False
A1N,train,500,False,False,False,False,True
A1N,train,501,False,False,False,False,True
A1N,train,502,True,False,True,False,False
A1N,train,503,True,False,True,False,False
A1N,train,504,False,True,False,False,False
A1N,train,505,True,False,True,False,False
A1N,train,506,False,True,False,False,False
A1N,train,507,True,False,True,False,False
A1N,train,508,False,True,False,False,False
A1N,train,509,True,False,True,False,False
A1N,train,510,True,False,True,False,False
A1N,train,511,False,False,False,False,True
A1N,train,512,False,True,False,False,False
A1N,train,513,True,False,True,False,False
A1N,train,514,True,False,True,False,False
A1N,train,515,True,False,True,False,False
A1N,train,516,True,False,True,False,False
A1N,train,517,True,False,True,False,False
A1N,train,518,False,True,False,False,False
A1N,train,519,False,True,False,False,False
A1N,train,520,True,False,True,False,False
A1N,train,521,True,False,True,False,False
A1N,train,522,True,False,True,False,False
A1N,train,523,False,True,False,False,False
A1N,train,524,True,False,True,False,False
A1N,train,525,False,True,False,False,False
A1N,train,526,False,True,False,False,False
A1N,train,527,True,False,True,False,False
A1N,train,528,True,False,True,False,False
A1N,train,529,False,False,False,False,True
A1N,train,530,False,True,False,False,False
A1N,train,531,True,False,True,False,False
A1N,train,532,True,False,True,False,False
A1N,train,533,True,False,True,False,False
A1N,train,534,True,False,True,False,False
A1N,train,535,False,False,False,False,True
A1N,train,536,False,True,False,False,False
A1N,train,537,True,False,True,False,False
A1N,train,538,False,False,False,False,True
A1N,train,539,True,False,True,False,False
A1N,train,540,False,True,False,False,False
A1N,train,541,False,True,False,False,False
A1N,train,542,True,False,True,False,False
A1N,train,543,True,False,True,False,False
A1N,train,544,False,False,False,False,True
A1N,train,545,False,False,False,False,True
A1N,train,546,True,False,True,False,False
A1N,train,547,True,False,True,False,False
A1N,train,548,False,True,False,False,False
A1N,train,549,False,True,False,False,False
A1N,train,550,True,False,True,False,False
A1N,train,551,True,False,True,False,False
A1N,train,552,False,True,False,False,False
A1N,train,553,True,False,True,False,False
A1N,train,554,False,True,False,False,False
A1N,train,555,True,False,True,False,False
A1N,train,556,True,False,True,False,False
A1N,train,557,False,True,False,False,False
A1N,train,558,True,False,True,False,False
A1N,train,559,False,True,False,False,False
A1N,train,560,True,False,True,False,False
A1N,train,561,True,False,True,False,False
A1N,train,562,True,False,True,False,False
A1N,train,563,False,True,False,False,False
A1N,train,564,True,False,True,False,False
A1N,train,565,False,True,False,False,False
A1N,train,566,True,False,True,False,False
A1N,train,567,True,False,True,False,False
A1N,train,568,False,True,False,False,False
A1N,train,569,True,False,True,False,False
A1N,train,570,False,True,False,False,False
A1N,train,571,False,True,False,False,False
A1N,train,572,True,False,True,False,False
A1N,train,573,False,True,False,False,False
A1N,train,574,True,False,True,False,False
A1N,train,575,False,True,False,False,False
A1N,train,576,False,False,False,False,True
A1N,train,577,True,False,True,False,False
A1N,train,578,True,False,True,False,False
A1N,train,579,True,False,True,False,False
A1N,train,580,True,False,True,False,False
A1N,train,581,False,True,False,False,False
A1N,train,582,False,True,False,False,False
A1N,train,583,False,False,False,False,True
A1N,train,584,False,False,False,False,True
A1N,train,585,True,False,True,False,False
A1N,train,586,True,False,True,False,False
A1N,train,587,True,False,True,False,False
A1N,train,588,False,False,False,False,True
A1N,train,589,False,True,False,False,False
A1N,train,590,False,False,False,False,True
A1N,train,591,False,True,False,False,False
A1N,train,592,False,False,False,False,True
A1N,train,593,False,False,False,False,True
A1N,train,594,False,True,False,False,False
A1N,train,595,True,False,True,False,False
A1N,train,596,True,False,True,False,False
A1N,train,597,False,False,False,False,True
A1N,train,598,True,False,True,False,False
A1N,train,599,True,False,True,False,False
A1N,train,600,True,False,True,False,False
A1N,train,601,True,False,True,False,False
A1N,train,602,False,True,False,False,False
A1N,train,603,True,False,True,False,False
A1N,train,604,True,False,True,False,False
A1N,train,605,False,False,False,False,True
A1N,train,606,True,False,True,False,False
A1N,train,607,True,False,True,False,False
A1N,train,608,True,False,True,False,False
A1N,train,609,True,False,True,False,False
A1N,train,610,True,False,True,False,False
A1N,train,611,False,False,False,False,True
A1N,train,612,True,False,True,False,False
A1N,train,613,False,True,False,False,False
A1N,train,614,True,False,True,False,False
A1N,train,615,False,True,False,False,False
A1N,train,616,True,False,True,False,False
A1N,train,617,False,False,False,False,True
A1N,train,618,True,False,True,False,False
A1N,train,619,True,False,True,False,False
A1N,train,620,True,False,True,False,False
A1N,train,621,True,False,True,False,False
A1N,train,622,True,False,True,False,False
A1N,train,623,False,True,False,False,False
A1N,train,624,True,False,True,False,False
A1N,train,625,True,False,True,False,False
A1N,train,626,True,False,True,False,False
A1N,train,627,False,True,False,False,False
A1N,train,628,False,False,False,False,True
A1N,train,629,True,False,True,False,False
A1N,train,630,True,False,True,False,False
A1N,train,631,False,True,False,False,False
A1N,train,632,True,False,True,False,False
A1N,train,633,False,False,False,False,True
A1N,train,634,True,False,True,False,False
A1N,train,635,True,False,True,False,False
A1N,train,636,True,False,True,False,False
A1N,train,637,True,False,True,False,False
A1N,train,638,True,False,True,False,False
A1N,train,639,True,False,True,False,False
A1N,train,640,True,False,True,False,False
A1N,train,641,True,False,True,False,False
A1W,train,1,False,True,False,False,False
A1W,train,2,False,True,False,False,False
A1W,train,3,False,True,False,False,False
A1W,train,4,True,False,True,False,False
A1W,train,5,False,True,False,False,False
A1W,train,6,False,True,False,False,False
A1W,train,7,False,False,False,False,True
A1W,train,8,False,False,False,False,True
A1W,train,9,False,True,False,False,False
A1W,train,10,False,True,False,False,False
A1W,train,11,False,True,False,False,False
A1W,train,12,False,True,False,False,False
A1W,train,13,False,True,False,False,False
A1W,train,14,False,True,False,False,False
A1W,train,15,False,True,False,False,False
A1W,train,16,False,True,False,False,False
A1W,train,17,False,True,False,False,False
A1W,train,18,False,True,False,False,False
A1W,train,19,False,True,False,False,False
A1W,train,20,False,True,False,False,False
A1W,train,21,False,True,False,False,False
A1W,train,22,False,True,False,False,False
A1W,train,23,False,True,False,False,False
A1W,train,24,False,True,False,False,False
A1W,train,25,False,True,False,False,False
A1W,train,26,True,False,True,False,False
A1W,train,27,False,True,False,False,False
A1W,train,28,False,True,False,False,False
A1W,train,29,False,True,False,False,False
A1W,train,30,False,True,False,False,False
A1W,train,31,False,True,False,False,False
A1W,train,32,False,False,False,False,True
A1W,train,33,False,False,False,False,True
A1W,train,34,False,True,False,False,False
A1W,train,35,False,True,False,False,False
A1W,train,36,False,True,False,False,False
A1W,train,37,False,True,False,False,False
A1W,train,38,False,True,False,False,False
A1W,train,39,False,True,False,False,False
A1W,train,40,False,True,False,False,False
A1W,train,41,False,True,False,False,False
A1W,train,42,False,True,False,False,False
A1W,train,43,False,True,False,False,False
A1W,train,44,False,True,False,False,False
A1W,train,45,True,False,True,False,False
A1W,train,46,False,True,False,False,False
A1W,train,47,False,True,False,False,False
A1W,train,48,False,True,False,False,False
A1W,train,49,False,True,False,False,False
A1W,train,50,False,True,False,False,False
A1W,train,51,False,True,False,False,False
A1W,train,52,False,True,False,False,False
A1W,train,53,False,True,False,False,False
A1W,train,54,False,True,False,False,False
A1W,train,55,False,True,False,False,False
A1W,train,56,False,True,False,False,False
A1W,train,57,False,True,False,False,False
A1W,train,58,False,True,False,False,False
A1W,train,59,False,True,False,False,False
A1W,train,60,False,True,False,False,False
A1W,train,61,False,True,False,False,False
A1W,train,62,False,True,False,False,False
A1W,train,63,False,True,False,False,False
A1W,train,64,False,True,False,False,False
A1W,train,65,False,True,False,False,False
A1W,train,66,False,True,False,False,False
A1W,train,67,False,True,False,False,False
A1W,train,68,False,True,False,False,False
A1W,train,69,False,True,False,False,False
A1W,train,70,False,True,False,False,False
A1W,train,71,False,True,False,False,False
A1W,train,72,False,True,False,False,False
A1W,train,73,False,True,False,False,False
A1W,train,74,False,True,False,False,False
A1W,train,75,False,True,False,False,False
A1W,train,76,False,True,False,False,False
A1W,train,77,False,True,False,False,False
A1W,train,78,False,True,False,False,False
A1W,train,79,False,True,False,False,False
A1W,train,80,False,True,False,False,False
A1W,train,81,False,True,False,False,False
A1W,train,82,False,True,False,False,False
A1W,train,83,False,True,False,False,False
A1W,train,84,False,True,False,False,False
A1W,train,85,False,True,False,False,False
A1W,train,86,False,True,False,False,False
A1W,train,87,False,True,False,False,False
A1W,train,88,False,True,False,False,False
A1W,train,89,False,True,False,False,False
A1W,train,90,False,True,False,False,False
A1W,train,91,False,True,False,False,False
A1W,train,92,True,False,True,False,False
A1W,train,93,False,True,False,False,False
A1W,train,94,False,True,False,False,False
A1W,train,95,False,True,False,False,False
A1W,train,96,True,False,True,False,False
A1W,train,97,False,True,False,False,False
A1W,train,98,False,True,False,False,False
A1W,train,99,False,True,False,False,False
A1W,train,100,False,True,False,False,False
A1W,train,101,True,False,True,False,False
A1W,train,102,False,True,False,False,False
A1W,train,103,False,True,False,False,False
A1W,train,104,False,True,False,False,False
A1W,train,105,False,True,False,False,False
A1W,train,106,False,True,False,False,False
A1W,train,107,False,True,False,False,False
A1W,train,108,False,True,False,False,False
A1W,train,109,False,True,False,False,False
A1W,train,110,False,True,False,False,False
A1W,train,111,True,False,True,False,False
A1W,train,112,False,True,False,False,False
A1W,train,113,False,True,False,False,False
A1W,train,114,False,True,False,False,False
A1W,train,115,False,True,False,False,False
A1W,train,116,False,True,False,False,False
A1W,train,117,False,True,False,False,False
A1W,train,118,False,True,False,False,False
A1W,train,119,False,True,False,False,False
A1W,train,120,False,True,False,False,False
A1W,train,121,False,True,False,False,False
A1W,train,122,True,False,True,False,False
A1W,train,123,False,True,False,False,False
A1W,train,124,False,False,False,False,True
A1W,train,125,False,True,False,False,False
A1W,train,126,False,True,False,False,False
A1W,train,127,False,True,False,False,False
A1W,train,128,False,True,False,False,False
A1W,train,129,False,True,False,False,False
A1W,train,130,False,True,False,False,False
A1W,train,131,False,True,False,False,False
A1W,train,132,False,True,False,False,False
A1W,train,133,False,True,False,False,False
A1W,train,134,False,True,False,False,False
A1W,train,135,False,True,False,False,False
A1W,train,136,True,False,True,False,False
A1W,train,137,False,True,False,False,False
A1W,train,138,False,True,False,False,False
A1W,train,139,True,False,True,False,False
A1W,train,140,False,True,False,False,False
A1W,train,141,False,True,False,False,False
A1W,train,142,False,True,False,False,False
A1W,train,143,False,True,False,False,False
A1W,train,144,False,True,False,False,False
A1W,train,145,False,True,False,False,False
A1W,train,146,False,True,False,False,False
A1W,train,147,False,True,False,False,False
A1W,train,148,False,True,False,False,False
A1W,train,149,False,True,False,False,False
A1W,train,150,False,True,False,False,False
A1W,train,151,False,True,False,False,False
A1W,train,152,False,True,False,False,False
A1W,train,153,False,True,False,False,False
A1W,train,154,False,True,False,False,False
A1W,train,155,False,True,False,False,False
A1W,train,156,False,True,False,False,False
A1W,train,157,False,True,False,False,False
A1W,train,158,True,False,True,False,False
A1W,train,159,False,True,False,False,False
A1W,train,160,False,True,False,False,False
A1W,train,161,False,True,False,False,False
A1W,train,162,False,True,False,False,False
A1W,train,163,False,True,False,False,False
A1W,train,164,False,True,False,False,False
A1W,train,165,False,True,False,False,False
A1W,train,166,False,True,False,False,False
A1W,train,167,False,True,False,False,False
A1W,train,168,False,True,False,False,False
A1W,train,169,False,True,False,False,False
A1W,train,170,False,True,False,False,False
A1W,train,171,False,True,False,False,False
A1W,train,172,True,False,True,False,False
A1W,train,173,True,False,True,False,False
A1W,train,174,False,True,False,False,False
A1W,train,175,False,True,False,False,False
A1W,train,176,False,True,False,False,False
A1W,train,177,False,True,False,False,False
A1W,train,178,False,True,False,False,False
A1W,train,179,False,True,False,False,False
A1W,train,180,False,True,False,False,False
A1W,train,181,False,True,False,False,False
A1W,train,182,False,True,False,False,False
A1W,train,183,False,True,False,False,False
A1W,train,184,False,True,False,False,False
A1W,train,185,False,True,False,False,False
A1W,train,186,False,True,False,False,False
A1W,train,187,False,True,False,False,False
A1W,train,188,False,True,False,False,False
A1W,train,189,False,True,False,False,False
A1W,train,190,False,False,False,False,True
A1W,train,191,False,False,False,False,True
A1W,train,192,True,False,True,False,False
A1W,train,193,False,True,False,False,False
A1W,train,194,False,True,False,False,False
A1W,train,195,True,False,True,False,False
A1W,train,196,False,True,False,False,False
A1W,train,197,False,True,False,False,False
A1W,train,198,False,True,False,False,False
A1W,train,199,False,True,False,False,False
A1W,train,200,False,True,False,False,False
A1W,train,201,False,True,False,False,False
A1W,train,202,False,True,False,False,False
A1W,train,203,False,True,False,False,False
A1W,train,204,False,True,False,False,False
A1W,train,205,False,True,False,False,False
A1W,train,206,False,True,False,False,False
A1W,train,207,False,True,False,False,False
A1W,train,208,False,True,False,False,False
A1W,train,209,False,True,False,False,False
A1W,train,210,False,True,False,False,False
A1W,train,211,False,True,False,False,False
A1W,train,212,False,True,False,False,False
A1W,train,213,False,True,False,False,False
A1W,train,214,True,False,True,False,False
A1W,train,215,False,True,False,False,False
A1W,train,216,False,True,False,False,False
A1W,train,217,False,True,False,False,False
A1W,train,218,False,True,False,False,False
A1W,train,219,False,True,False,False,False
A1W,train,220,False,True,False,False,False
A1W,train,221,False,True,False,False,False
A1W,train,222,False,True,False,False,False
A1W,train,223,False,True,False,False,False
A1W,train,224,False,True,False,False,False
A1W,train,225,False,True,False,False,False
A1W,train,226,False,True,False,False,False
A1W,train,227,False,True,False,False,False
A1W,train,228,False,True,False,False,False
A1W,train,229,False,True,False,False,False
A1W,train,230,False,True,False,False,False
A1W,train,231,False,True,False,False,False
A1W,train,232,False,True,False,False,False
A1W,train,233,False,True,False,False,False
A1W,train,234,True,False,True,False,False
A1W,train,235,False,True,False,False,False
A1W,train,236,False,True,False,False,False
A1W,train,237,False,True,False,False,False
A1W,train,238,False,True,False,False,False
A1W,train,239,True,False,True,False,False
A1W,train,240,False,True,False,False,False
A1W,train,241,False,True,False,False,False
A1W,train,242,False,True,False,False,False
A1W,train,243,False,True,False,False,False
A1W,train,244,False,True,False,False,False
A1W,train,245,False,True,False,False,False
A1W,train,246,False,True,False,False,False
A1W,train,247,False,True,False,False,False
A1W,train,248,False,True,False,False,False
A1W,train,249,False,True,False,False,False
A1W,train,250,False,True,False,False,False
A1W,train,251,True,False,True,False,False
A1W,train,252,False,True,False,False,False
A1W,train,253,False,True,False,False,False
A1W,train,254,False,True,False,False,False
A1W,train,255,False,True,False,False,False
A1W,train,256,False,True,False,False,False
A1W,train,257,False,True,False,False,False
A1W,train,258,False,True,False,False,False
A1W,train,259,False,True,False,False,False
A1W,train,260,False,True,False,False,False
A1W,train,261,False,True,False,False,False
A1W,train,262,False,True,False,False,False
A1W,train,263,False,True,False,False,False
A1W,train,264,False,True,False,False,False
A1W,train,265,False,True,False,False,False
A1W,train,266,False,True,False,False,False
A1W,train,267,False,True,False,False,False
A1W,train,268,False,True,False,False,False
A1W,train,269,False,True,False,False,False
A1W,train,270,False,True,False,False,False
A1W,train,271,False,True,False,False,False
A1W,train,272,False,True,False,False,False
A1W,train,273,True,False,True,False,False
A1W,train,274,False,True,False,False,False
A1W,train,275,False,True,False,False,False
A1W,train,276,False,True,False,False,False
A1W,train,277,False,True,False,False,False
A1W,train,278,False,True,False,False,False
A1W,train,279,False,True,False,False,False
A1W,train,280,False,True,False,False,False
A1W,train,281,False,True,False,False,False
A1W,train,282,True,False,True,False,False
A1W,train,283,False,True,False,False,False
A1W,train,284,False,True,False,False,False
A1W,train,285,True,False,True,False,False
A1W,train,286,False,True,False,False,False
A1W,train,287,False,True,False,False,False
A1W,train,288,False,True,False,False,False
A1W,train,289,False,True,False,False,False
A1W,train,290,False,True,False,False,False
A1W,train,291,False,True,False,False,False
A1W,train,292,False,True,False,False,False
A1W,train,293,False,True,False,False,False
A1W,train,294,False,True,False,False,False
A1W,train,295,False,True,False,False,False
A1W,train,296,False,True,False,False,False
A1W,train,297,False,True,False,False,False
A1W,train,298,False,True,False,False,False
A1W,train,299,False,True,False,False,False
A1W,train,300,False,True,False,False,False
A1W,train,301,False,True,False,False,False
A1W,train,302,True,False,True,False,False
A1W,train,303,False,True,False,False,False
A1W,train,304,True,False,True,False,False
A1W,train,305,True,False,True,False,False
A1W,train,306,False,True,False,False,False
A1W,train,307,False,True,False,False,False
A1W,train,308,False,True,False,False,False
A1W,train,309,False,True,False,False,False
A1W,train,310,False,True,False,False,False
A1W,train,311,False,True,False,False,False
A1W,train,312,False,True,False,False,False
A1W,train,313,False,True,False,False,False
A1W,train,314,False,True,False,False,False
A1W,train,315,False,True,False,False,False
A1W,train,316,False,True,False,False,False
A1W,train,317,False,True,False,False,False
A1W,train,318,False,True,False,False,False
A1W,train,319,False,True,False,False,False
A1W,train,320,False,True,False,False,False
A1W,train,321,False,True,False,False,False
A1W,train,322,False,True,False,False,False
A1W,train,323,False,True,False,False,False
A1W,train,324,False,True,False,False,False
A1W,train,325,False,True,False,False,False
A1W,train,326,False,True,False,False,False
A1W,train,327,False,True,False,False,False
A1W,train,328,False,True,False,False,False
A1W,train,329,False,True,False,False,False
A1W,train,330,False,True,False,False,False
A1W,train,331,False,True,False,False,False
A1W,train,332,False,True,False,False,False
A1W,train,333,False,True,False,False,False
A1W,train,334,False,True,False,False,False
A1W,train,335,False,True,False,False,False
A1W,train,336,False,True,False,False,False
A1W,train,337,False,True,False,False,False
A1W,train,338,False,True,False,False,False
A1W,train,339,False,True,False,False,False
A1W,train,340,False,True,False,False,False
A1W,train,341,False,True,False,False,False
A1W,train,342,False,True,False,False,False
A1W,train,343,False,True,False,False,False
A1W,train,344,True,False,True,False,False
A1W,train,345,False,True,False,False,False
A1W,train,346,True,False,True,False,False
A1W,train,347,False,True,False,False,False
A1W,train,348,False,True,False,False,False
A1W,train,349,True,False,True,False,False
A1W,train,350,False,True,False,False,False
A1W,train,351,True,False,True,False,False
A1W,train,352,False,True,False,False,False
A1W,train,353,False,True,False,False,False
A1W,train,354,False,True,False,False,False
A1W,train,355,False,True,False,False,False
A1W,train,356,False,True,False,False,False
A1W,train,357,False,True,False,False,False
A1W,train,358,True,False,True,False,False
A1W,train,359,False,True,False,False,False
A1W,train,360,False,True,False,False,False
A1W,train,361,False,True,False,False,False
A1W,train,362,True,False,True,False,False
A1W,train,363,False,True,False,False,False
A1W,train,364,False,True,False,False,False
A1W,train,365,False,True,False,False,False
A1W,train,366,False,True,False,False,False
A1W,train,367,False,True,False,False,False
A1W,train,368,False,True,False,False,False
A1W,train,369,False,True,False,False,False
A1W,train,370,False,True,False,False,False
A1W,train,371,False,True,False,False,False
A1W,train,372,False,True,False,False,False
A1W,train,373,False,True,False,False,False
A1W,train,374,False,False,False,False,True
A1W,train,375,False,True,False,False,False
A1W,train,376,False,True,False,False,False
A1W,train,377,False,True,False,False,False
A1W,train,378,False,True,False,False,False
A1W,train,379,False,True,False,False,False
A1W,train,380,False,True,False,False,False
A1W,train,381,False,True,False,False,False
A1W,train,382,True,False,True,False,False
A1W,train,383,True,False,True,False,False
A1W,train,384,False,True,False,False,False
A1W,train,385,False,True,False,False,False
A1W,train,386,False,True,False,False,False
A1W,train,387,False,False,False,False,True
A1W,train,388,False,False,False,False,True
A1W,train,389,False,True,False,False,False
A1W,train,390,False,True,False,False,False
A1W,train,391,False,True,False,False,False
A1W,train,392,False,False,False,False,True
A1W,train,393,False,False,False,False,True
A1W,train,394,True,False,True,False,False
A1W,train,395,False,True,False,False,False
A1W,train,396,False,True,False,False,False
A1W,train,397,False,True,False,False,False
A1W,train,398,False,True,False,False,False
A1W,train,399,False,True,False,False,False
A1W,train,400,False,True,False,False,False
A1W,train,401,False,True,False,False,False
A1W,train,402,True,False,True,False,False
A1W,train,403,False,True,False,False,False
A1W,train,404,False,True,False,False,False
A1W,train,405,True,False,True,False,False
A1W,train,406,True,False,True,False,False
A1W,train,407,False,True,False,False,False
A1W,train,408,False,True,False,False,False
A1W,train,409,False,True,False,False,False
A1W,train,410,False,True,False,False,False
A1W,train,411,True,False,True,False,False
A1W,train,412,False,True,False,False,False
A1W,train,413,False,True,False,False,False
A1W,train,414,True,False,True,False,False
A1W,train,415,False,True,False,False,False
A1W,train,416,False,False,False,False,True
A1W,train,417,True,False,True,False,False
A1W,train,418,False,True,False,False,False
A1W,train,419,False,True,False,False,False
A1W,train,420,True,False,True,False,False
A1W,train,421,True,False,True,False,False
A1W,train,422,False,True,False,False,False
A1W,train,423,True,False,True,False,False
A1W,train,424,False,True,False,False,False
A1W,train,425,False,True,False,False,False
A1W,train,426,False,True,False,False,False
A1W,train,427,False,True,False,False,False
A1W,train,428,True,False,True,False,False
A1W,train,429,False,True,False,False,False
A1W,train,430,False,True,False,False,False
A1W,train,431,True,False,True,False,False
A1W,train,432,True,False,True,False,False
A1W,train,433,False,True,False,False,False
A1W,train,434,False,True,False,False,False
A1W,train,435,False,True,False,False,False
A1W,train,436,False,True,False,False,False
A1W,train,437,False,True,False,False,False
A1W,train,438,False,True,False,False,False
A1W,train,439,False,True,False,False,False
A1W,train,440,False,True,False,False,False
A1W,train,441,False,False,False,False,True
A1W,train,442,False,True,False,False,False
A1W,train,443,False,True,False,False,False
A1W,train,444,False,True,False,False,False
A1W,train,445,False,True,False,False,False
A1W,train,446,False,True,False,False,False
A1W,train,447,False,True,False,False,False
A1W,train,448,False,False,False,False,True
A1W,train,449,False,True,False,False,False
A1W,train,450,True,False,True,False,False
A1W,train,451,False,True,False,False,False
A1W,train,452,True,False,True,False,False
A1W,train,453,False,True,False,False,False
A1W,train,454,False,True,False,False,False
A1W,train,455,True,False,True,False,False
A1W,train,456,False,True,False,False,False
A1W,train,457,False,True,False,False,False
A1W,train,458,False,True,False,False,False
A1W,train,459,False,True,False,False,False
A1W,train,460,False,False,False,False,True
A1W,train,461,False,True,False,False,False
A1W,train,462,False,True,False,False,False
A1W,train,463,False,True,False,False,False
A1W,train,464,False,True,False,False,False
A1W,train,465,False,True,False,False,False
A1W,train,466,False,True,False,False,False
A1W,train,467,True,False,True,False,False
A1W,train,468,False,True,False,False,False
A1W,train,469,False,True,False,False,False
A1W,train,470,False,False,False,False,True
A1W,train,471,False,True,False,False,False
A1W,train,472,True,False,True,False,False
A1W,train,473,False,True,False,False,False
A1W,train,474,False,True,False,False,False
A1W,train,475,True,False,True,False,False
A1W,train,476,False,True,False,False,False
A1W,train,477,False,True,False,False,False
A1W,train,478,False,True,False,False,False
A1W,train,479,True,False,True,False,False
A1W,train,480,False,False,False,False,True
A1W,train,481,False,False,False,False,True
A1W,train,482,True,False,True,False,False
A1W,train,483,False,False,False,False,True
A1W,train,484,True,False,True,False,False
A1W,train,485,True,False,True,False,False
A1W,train,486,False,True,False,False,False
A1W,train,487,True,False,True,False,False
A1W,train,488,False,False,False,False,True
A1W,train,489,False,True,False,False,False
A1W,train,490,False,True,False,False,False
A1W,train,491,False,True,False,False,False
A1W,train,492,True,False,True,False,False
A1W,train,493,True,False,True,False,False
A1W,train,494,True,False,True,False,False
A1W,train,495,False,True,False,False,False
A1W,train,496,False,True,False,False,False
A1W,train,497,True,False,True,False,False
A1W,train,498,False,True,False,False,False
A1W,train,499,False,True,False,False,False
A1W,train,500,True,False,True,False,False
A1W,train,501,True,False,True,False,False
A1W,train,502,False,True,False,False,False
A1W,train,503,False,True,False,False,False
A1W,train,504,False,False,False,False,True
A1W,train,505,True,False,True,False,False
A1W,train,506,False,True,False,False,False
A1W,train,507,False,False,False,False,True
A1W,train,508,False,True,False,False,False
A1W,train,509,False,True,False,False,False
A1W,train,510,True,False,True,False,False
A1W,train,511,False,True,False,False,False
A1W,train,512,False,True,False,False,False
A1W,train,513,False,True,False,False,False
A1W,train,514,False,False,False,False,True
A1W,train,515,True,False,True,False,False
A1W,train,516,True,False,True,False,False
A1W,train,517,False,False,False,False,True
A1W,train,518,True,False,True,False,False
A1W,train,519,False,False,False,False,True
A1W,train,520,False,True,False,False,False
A1W,train,521,False,True,False,False,False
A1W,train,522,False,False,False,False,True
A1W,train,523,True,False,True,False,False
A1W,train,524,False,False,False,False,True
A1W,train,525,False,False,False,False,True
A1W,train,526,False,True,False,False,False
A1W,train,527,False,True,False,False,False
A1W,train,528,False,True,False,False,False
A1W,train,529,False,True,False,False,False
A1W,train,530,False,True,False,False,False
A1W,train,531,False,True,False,False,False
A1W,train,532,False,True,False,False,False
A1W,train,533,False,True,False,False,False
A1W,train,534,False,True,False,False,False
A1W,train,535,True,False,True,False,False
A1W,train,536,False,True,False,False,False
A1W,train,537,True,False,True,False,False
A1W,train,538,False,True,False,False,False
A1W,train,539,False,False,False,False,True
A1W,train,540,False,True,False,False,False
A1W,train,541,True,False,True,False,False
A1W,train,542,True,False,True,False,False
A1W,train,543,False,True,False,False,False
A1W,train,544,True,False,True,False,False
A1W,train,545,False,False,False,False,True
A1W,train,546,False,True,False,False,False
A1W,train,547,False,True,False,False,False
A1W,train,548,False,True,False,False,False
A1W,train,549,True,False,True,False,False
A1W,train,550,False,False,False,False,True
A1W,train,551,False,True,False,False,False
A1W,train,552,False,False,False,False,True
A1W,train,553,False,True,False,False,False
A1W,train,554,True,False,True,False,False
A1W,train,555,False,True,False,False,False
A1W,train,556,True,False,True,False,False
A1W,train,557,True,False,True,False,False
A1W,train,558,True,False,True,False,False
A1W,train,559,True,False,True,False,False
A1W,train,560,False,True,False,False,False
A1W,train,561,False,True,False,False,False
A1W,train,562,False,True,False,False,False
A1W,train,563,False,True,False,False,False
A1W,train,564,True,False,True,False,False
A1W,train,565,False,False,False,False,True
A1W,train,566,False,True,False,False,False
A1W,train,567,False,False,False,False,True
A1W,train,568,True,False,True,False,False
A1W,train,569,False,True,False,False,False
A1W,train,570,True,False,True,False,False
A1W,train,571,False,True,False,False,False
A1W,train,572,True,False,True,False,False
A1W,train,573,True,False,True,False,False
A1W,train,574,True,False,True,False,False
A1W,train,575,False,True,False,False,False
A1W,train,576,True,False,True,False,False
A1W,train,577,True,False,True,False,False
A1W,train,578,False,True,False,False,False
A1W,train,579,False,False,False,False,True
A1W,train,580,True,False,True,False,False
A1W,train,581,False,False,False,False,True
A1W,train,582,True,False,True,False,False
A1W,train,583,True,False,True,False,False
A1W,train,584,True,False,True,False,False
A1W,train,585,False,True,False,False,False
A1W,train,586,True,False,True,False,False
A1W,train,587,False,True,False,False,False
A1W,train,588,False,True,False,False,False
A1W,train,589,True,False,True,False,False
A1W,train,590,True,False,True,False,False
A1W,train,591,True,False,True,False,False
A1W,train,592,False,True,False,False,False
A1W,train,593,True,False,True,False,False
A1W,train,594,True,False,True,False,False
A1W,train,595,False,True,False,False,False
A1W,train,596,True,False,True,False,False
A1W,train,597,False,True,False,False,False
A1W,train,598,True,False,True,False,False
A1W,train,599,False,True,False,False,False
A1W,train,600,False,False,False,False,True
A1W,train,601,True,False,True,False,False
A1W,train,602,False,True,False,False,False
A1W,train,603,True,False,True,False,False
A1W,train,604,True,False,True,False,False
A1W,train,605,False,True,False,False,False
A1W,train,606,True,False,True,False,False
A1W,train,607,False,True,False,False,False
A1W,train,608,True,False,True,False,False
A1W,train,609,False,True,False,False,False
A1W,train,610,False,False,False,False,True
A1W,train,611,False,True,False,False,False
A1W,train,612,True,False,True,False,False
A1W,train,613,True,False,True,False,False
A1W,train,614,True,False,True,False,False
A1W,train,615,True,False,True,False,False
A1W,train,616,True,False,True,False,False
A1W,train,617,True,False,True,False,False
A1W,train,618,True,False,True,False,False
A1W,train,619,True,False,True,False,False
A1W,train,620,False,True,False,False,False
A1W,train,621,True,False,True,False,False
A1W,train,622,False,True,False,False,False
A1W,train,623,False,True,False,False,False
A1W,train,624,True,False,True,False,False
A1W,train,625,False,False,False,False,True
A1W,train,626,True,False,True,False,False
A1W,train,627,True,False,True,False,False
A1W,train,628,True,False,True,False,False
A1W,train,629,False,True,False,False,False
A1W,train,630,False,True,False,False,False
A1W,train,631,False,True,False,False,False
A1W,train,632,False,True,False,False,False
A1W,train,633,False,False,False,False,True
A1W,train,634,False,True,False,False,False
A1W,train,635,True,False,True,False,False
A1W,train,636,False,True,False,False,False
A1W,train,637,False,False,False,False,True
A1W,train,638,True,False,True,False,False
A1W,train,639,False,True,False,False,False
A1W,train,640,True,False,True,False,False
A1W,train,641,True,False,True,False,False
A1W,train,642,True,False,True,False,False
A1W,train,643,False,True,False,False,False
A1W,train,644,True,False,True,False,False
A1W,train,645,False,True,False,False,False
A1W,train,646,True,False,True,False,False
A1W,train,647,True,False,True,False,False
A1W,train,648,True,False,True,False,False
A1W,train,649,True,False,True,False,False
A1W,train,650,True,False,True,False,False
A1W,train,651,True,False,True,False,False
G1N,train,1,False,True,False,False,False
G1N,train,2,True,False,True,False,False
G1N,train,3,True,False,True,False,False
G1N,train,4,False,False,False,False,True
G1N,train,5,False,True,False,False,False
G1N,train,6,False,True,False,False,False
G1N,train,7,True,False,True,False,False
G1N,train,8,False,True,False,False,False
G1N,train,9,False,True,False,False,False
G1N,train,10,False,True,False,False,False
G1N,train,11,False,True,False,False,False
G1N,train,12,False,True,False,False,False
G1N,train,13,False,True,False,False,False
G1N,train,14,False,True,False,False,False
G1N,train,15,False,True,False,False,False
G1N,train,16,False,True,False,False,False
G1N,train,17,False,True,False,False,False
G1N,train,18,False,True,False,False,False
G1N,train,19,False,True,False,False,False
G1N,train,20,False,True,False,False,False
G1N,train,21,False,True,False,False,False
G1N,train,22,False,True,False,False,False
G1N,train,23,False,True,False,False,False
G1N,train,24,False,True,False,False,False
G1N,train,25,True,False,True,False,False
G1N,train,26,False,True,False,False,False
G1N,train,27,False,True,False,False,False
G1N,train,28,False,True,False,False,False
G1N,train,29,False,True,False,False,False
G1N,train,30,False,True,False,False,False
G1N,train,31,False,True,False,False,False
G1N,train,32,False,True,False,False,False
G1N,train,33,False,True,False,False,False
G1N,train,34,True,False,True,False,False
G1N,train,35,False,True,False,False,False
G1N,train,36,False,True,False,False,False
G1N,train,37,False,True,False,False,False
G1N,train,38,False,True,False,False,False
G1N,train,39,False,True,False,False,False
G1N,train,40,False,True,False,False,False
G1N,train,41,False,True,False,False,False
G1N,train,42,False,True,False,False,False
G1N,train,43,False,True,False,False,False
G1N,train,44,False,True,False,False,False
G1N,train,45,False,True,False,False,False
G1N,train,46,False,True,False,False,False
G1N,train,47,False,True,False,False,False
G1N,train,48,False,True,False,False,False
G1N,train,49,False,True,False,False,False
G1N,train,50,False,True,False,False,False
G1N,train,51,False,True,False,False,False
G1N,train,52,True,False,True,False,False
G1N,train,53,False,True,False,False,False
G1N,train,54,False,True,False,False,False
G1N,train,55,False,True,False,False,False
G1N,train,56,False,True,False,False,False
G1N,train,57,False,True,False,False,False
G1N,train,58,False,True,False,False,False
G1N,train,59,False,False,False,False,True
G1N,train,60,False,True,False,False,False
G1N,train,61,False,True,False,False,False
G1N,train,62,True,False,True,False,False
G1N,train,63,False,True,False,False,False
G1N,train,64,False,True,False,False,False
G1N,train,65,False,True,False,False,False
G1N,train,66,False,True,False,False,False
G1N,train,67,False,True,False,False,False
G1N,train,68,False,True,False,False,False
G1N,train,69,False,True,False,False,False
G1N,train,70,False,True,False,False,False
G1N,train,71,False,True,False,False,False
G1N,train,72,False,True,False,False,False
G1N,train,73,False,True,False,False,False
G1N,train,74,False,False,False,False,True
G1N,train,75,False,True,False,False,False
G1N,train,76,False,True,False,False,False
G1N,train,77,False,True,False,False,False
G1N,train,78,False,True,False,False,False
G1N,train,79,True,False,True,False,False
G1N,train,80,False,True,False,False,False
G1N,train,81,False,True,False,False,False
G1N,train,82,True,False,True,False,False
G1N,train,83,False,True,False,False,False
G1N,train,84,False,True,False,False,False
G1N,train,85,False,True,False,False,False
G1N,train,86,False,True,False,False,False
G1N,train,87,False,True,False,False,False
G1N,train,88,False,True,False,False,False
G1N,train,89,False,True,False,False,False
G1N,train,90,False,True,False,False,False
G1N,train,91,False,True,False,False,False
G1N,train,92,False,True,False,False,False
G1N,train,93,False,True,False,False,False
G1N,train,94,False,True,False,False,False
G1N,train,95,False,True,False,False,False
G1N,train,96,False,True,False,False,False
G1N,train,97,False,True,False,False,False
G1N,train,98,False,True,False,False,False
G1N,train,99,False,True,False,False,False
G1N,train,100,False,True,False,False,False
G1N,train,101,False,True,False,False,False
G1N,train,102,False,True,False,False,False
G1N,train,103,False,True,False,False,False
G1N,train,104,False,True,False,False,False
G1N,train,105,False,True,False,False,False
G1N,train,106,False,True,False,False,False
G1N,train,107,False,True,False,False,False
G1N,train,108,False,True,False,False,False
G1N,train,109,False,True,False,False,False
G1N,train,110,False,True,False,False,False
G1N,train,111,False,True,False,False,False
G1N,train,112,False,True,False,False,False
G1N,train,113,False,True,False,False,False
G1N,train,114,True,False,True,False,False
G1N,train,115,True,False,True,False,False
G1N,train,116,True,False,True,False,False
G1N,train,117,False,True,False,False,False
G1N,train,118,True,False,True,False,False
G1N,train,119,False,True,False,False,False
G1N,train,120,False,True,False,False,False
G1N,train,121,False,True,False,False,False
G1N,train,122,False,True,False,False,False
G1N,train,123,False,True,False,False,False
G1N,train,124,False,True,False,False,False
G1N,train,125,False,True,False,False,False
G1N,train,126,False,True,False,False,False
G1N,train,127,False,True,False,False,False
G1N,train,128,False,True,False,False,False
G1N,train,129,False,True,False,False,False
G1N,train,130,False,True,False,False,False
G1N,train,131,False,True,False,False,False
G1N,train,132,False,True,False,False,False
G1N,train,133,True,False,True,False,False
G1N,train,134,False,True,False,False,False
G1N,train,135,False,True,False,False,False
G1N,train,136,True,False,True,False,False
G1N,train,137,False,True,False,False,False
G1N,train,138,False,False,False,False,True
G1N,train,139,False,False,False,False,True
G1N,train,140,False,True,False,False,False
G1N,train,141,False,True,False,False,False
G1N,train,142,False,True,False,False,False
G1N,train,143,False,True,False,False,False
G1N,train,144,False,True,False,False,False
G1N,train,145,False,True,False,False,False
G1N,train,146,False,True,False,False,False
G1N,train,147,False,True,False,False,False
G1N,train,148,False,False,False,False,True
G1N,train,149,False,True,False,False,False
G1N,train,150,True,False,True,False,False
G1N,train,151,False,True,False,False,False
G1N,train,152,False,True,False,False,False
G1N,train,153,False,True,False,False,False
G1N,train,154,False,True,False,False,False
G1N,train,155,False,True,False,False,False
G1N,train,156,False,True,False,False,False
G1N,train,157,False,True,False,False,False
G1N,train,158,True,False,True,False,False
G1N,train,159,True,False,True,False,False
G1N,train,160,False,True,False,False,False
G1N,train,161,False,True,False,False,False
G1N,train,162,False,True,False,False,False
G1N,train,163,False,True,False,False,False
G1N,train,164,False,True,False,False,False
G1N,train,165,False,True,False,False,False
G1N,train,166,False,True,False,False,False
G1N,train,167,False,True,False,False,False
G1N,train,168,False,True,False,False,False
G1N,train,169,False,True,False,False,False
G1N,train,170,False,True,False,False,False
G1N,train,171,False,True,False,False,False
G1N,train,172,False,True,False,False,False
G1N,train,173,False,True,False,False,False
G1N,train,174,False,True,False,False,False
G1N,train,175,False,True,False,False,False
G1N,train,176,False,True,False,False,False
G1N,train,177,True,False,True,False,False
G1N,train,178,False,True,False,False,False
G1N,train,179,False,True,False,False,False
G1N,train,180,False,True,False,False,False
G1N,train,181,False,True,False,False,False
G1N,train,182,False,True,False,False,False
G1N,train,183,False,True,False,False,False
G1N,train,184,False,True,False,False,False
G1N,train,185,False,True,False,False,False
G1N,train,186,False,True,False,False,False
G1N,train,187,False,True,False,False,False
G1N,train,188,True,False,True,False,False
G1N,train,189,True,False,True,False,False
G1N,train,190,False,True,False,False,False
G1N,train,191,False,True,False,False,False
G1N,train,192,False,True,False,False,False
G1N,train,193,False,True,False,False,False
G1N,train,194,False,True,False,False,False
G1N,train,195,False,True,False,False,False
G1N,train,196,False,True,False,False,False
G1N,train,197,False,True,False,False,False
G1N,train,198,False,True,False,False,False
G1N,train,199,False,True,False,False,False
G1N,train,200,False,True,False,False,False
G1N,train,201,False,True,False,False,False
G1N,train,202,False,True,False,False,False
G1N,train,203,False,True,False,False,False
G1N,train,204,False,True,False,False,False
G1N,train,205,False,True,False,False,False
G1N,train,206,False,True,False,False,False
G1N,train,207,False,True,False,False,False
G1N,train,208,False,True,False,False,False
G1N,train,209,False,True,False,False,False
G1N,train,210,False,True,False,False,False
G1N,train,211,False,True,False,False,False
G1N,train,212,False,True,False,False,False
G1N,train,213,False,True,False,False,False
G1N,train,214,False,True,False,False,False
G1N,train,215,True,False,True,False,False
G1N,train,216,True,False,True,False,False
G1N,train,217,False,True,False,False,False
G1N,train,218,False,True,False,False,False
G1N,train,219,True,False,True,False,False
G1N,train,220,False,True,False,False,False
G1N,train,221,False,True,False,False,False
G1N,train,222,False,True,False,False,False
G1N,train,223,False,True,False,False,False
G1N,train,224,False,True,False,False,False
G1N,train,225,True,False,True,False,False
G1N,train,226,True,False,True,False,False
G1N,train,227,False,True,False,False,False
G1N,train,228,True,False,True,False,False
G1N,train,229,False,True,False,False,False
G1N,train,230,False,True,False,False,False
G1N,train,231,False,True,False,False,False
G1N,train,232,False,True,False,False,False
G1N,train,233,False,True,False,False,False
G1N,train,234,True,False,True,False,False
G1N,train,235,True,False,True,False,False
G1N,train,236,False,True,False,False,False
G1N,train,237,False,True,False,False,False
G1N,train,238,False,True,False,False,False
G1N,train,239,False,True,False,False,False
G1N,train,240,False,True,False,False,False
G1N,train,241,True,False,True,False,False
G1N,train,242,False,True,False,False,False
G1N,train,243,False,True,False,False,False
G1N,train,244,True,False,True,False,False
G1N,train,245,False,True,False,False,False
G1N,train,246,False,True,False,False,False
G1N,train,247,False,True,False,False,False
G1N,train,248,False,True,False,False,False
G1N,train,249,True,False,True,False,False
G1N,train,250,False,True,False,False,False
G1N,train,251,True,False,True,False,False
G1N,train,252,False,True,False,False,False
G1N,train,253,True,False,True,False,False
G1N,train,254,False,True,False,False,False
G1N,train,255,False,True,False,False,False
G1N,train,256,False,True,False,False,False
G1N,train,257,False,True,False,False,False
G1N,train,258,False,True,False,False,False
G1N,train,259,False,False,False,False,True
G1N,train,260,False,False,False,False,True
G1N,train,261,False,True,False,False,False
G1N,train,262,True,False,True,False,False
G1N,train,263,False,True,False,False,False
G1N,train,264,True,False,True,False,False
G1N,train,265,True,False,True,False,False
G1N,train,266,True,False,True,False,False
G1N,train,267,False,True,False,False,False
G1N,train,268,True,False,True,False,False
G1N,train,269,False,True,False,False,False
G1N,train,270,True,False,True,False,False
G1N,train,271,True,False,True,False,False
G1N,train,272,False,True,False,False,False
G1N,train,273,True,False,True,False,False
G1N,train,274,True,False,True,False,False
G1N,train,275,False,True,False,False,False
G1N,train,276,False,True,False,False,False
G1N,train,277,False,True,False,False,False
G1N,train,278,True,False,True,False,False
G1N,train,279,False,True,False,False,False
G1N,train,280,False,True,False,False,False
G1N,train,281,False,True,False,False,False
G1N,train,282,False,True,False,False,False
G1N,train,283,False,False,False,False,True
G1N,train,284,False,True,False,False,False
G1N,train,285,False,True,False,False,False
G1N,train,286,False,True,False,False,False
G1N,train,287,True,False,True,False,False
G1N,train,288,False,True,False,False,False
G1N,train,289,True,False,True,False,False
G1N,train,290,False,True,False,False,False
G1N,train,291,False,True,False,False,False
G1N,train,292,False,True,False,False,False
G1N,train,293,False,True,False,False,False
G1N,train,294,False,True,False,False,False
G1N,train,295,False,True,False,False,False
G1N,train,296,True,False,True,False,False
G1N,train,297,True,False,True,False,False
G1N,train,298,False,True,False,False,False
G1N,train,299,False,True,False,False,False
G1N,train,300,True,False,True,False,False
G1N,train,301,False,True,False,False,False
G1N,train,302,False,True,False,False,False
G1N,train,303,False,True,False,False,False
G1N,train,304,False,True,False,False,False
G1N,train,305,False,True,False,False,False
G1N,train,306,False,True,False,False,False
G1N,train,307,False,True,False,False,False
G1N,train,308,False,True,False,False,False
G1N,train,309,False,True,False,False,False
G1N,train,310,False,True,False,False,False
G1N,train,311,False,True,False,False,False
G1N,train,312,True,False,True,False,False
G1N,train,313,True,False,True,False,False
G1N,train,314,True,False,True,False,False
G1N,train,315,False,True,False,False,False
G1N,train,316,True,False,True,False,False
G1N,train,317,False,True,False,False,False
G1N,train,318,False,True,False,False,False
G1N,train,319,False,True,False,False,False
G1N,train,320,True,False,True,False,False
G1N,train,321,False,True,False,False,False
G1N,train,322,False,True,False,False,False
G1N,train,323,False,True,False,False,False
G1N,train,324,False,True,False,False,False
G1N,train,325,True,False,True,False,False
G1N,train,326,True,False,True,False,False
G1N,train,327,False,True,False,False,False
G1N,train,328,True,False,True,False,False
G1N,train,329,True,False,True,False,False
G1N,train,330,False,True,False,False,False
G1N,train,331,False,True,False,False,False
G1N,train,332,True,False,True,False,False
G1N,train,333,False,True,False,False,False
G1N,train,334,False,True,False,False,False
G1N,train,335,False,True,False,False,False
G1N,train,336,False,True,False,False,False
G1N,train,337,False,True,False,False,False
G1N,train,338,False,True,False,False,False
G1N,train,339,True,False,True,False,False
G1N,train,340,True,False,True,False,False
G1N,train,341,True,False,True,False,False
G1N,train,342,True,False,True,False,False
G1N,train,343,True,False,True,False,False
G1N,train,344,False,True,False,False,False
G1N,train,345,True,False,True,False,False
G1N,train,346,False,True,False,False,False
G1N,train,347,True,False,True,False,False
G1N,train,348,True,False,True,False,False
G1N,train,349,True,False,True,False,False
G1N,train,350,True,False,True,False,False
G1N,train,351,True,False,True,False,False
G1N,train,352,False,True,False,False,False
G1N,train,353,True,False,True,False,False
G1N,train,354,True,False,True,False,False
G1N,train,355,False,True,False,False,False
G1N,train,356,True,False,True,False,False
G1N,train,357,True,False,True,False,False
G1N,train,358,False,True,False,False,False
G1N,train,359,False,True,False,False,False
G1N,train,360,True,False,True,False,False
G1N,train,361,False,True,False,False,False
G1N,train,362,False,True,False,False,False
G1N,train,363,False,True,False,False,False
G1N,train,364,False,True,False,False,False
G1N,train,365,True,False,True,False,False
G1N,train,366,True,False,True,False,False
G1N,train,367,True,False,True,False,False
G1N,train,368,True,False,True,False,False
G1N,train,369,False,True,False,False,False
G1N,train,370,True,False,True,False,False
G1N,train,371,False,True,False,False,False
G1N,train,372,True,False,True,False,False
G1N,train,373,True,False,True,False,False
G1N,train,374,True,False,True,False,False
G1N,train,375,False,True,False,False,False
G1N,train,376,True,False,True,False,False
G1N,train,377,False,True,False,False,False
G1N,train,378,False,True,False,False,False
G1N,train,379,True,False,True,False,False
G1N,train,380,False,True,False,False,False
G1N,train,381,True,False,True,False,False
G1N,train,382,False,True,False,False,False
G1N,train,383,True,False,True,False,False
G1N,train,384,False,True,False,False,False
G1N,train,385,True,False,True,False,False
G1N,train,386,True,False,True,False,False
G1N,train,387,True,False,True,False,False
G1N,train,388,False,True,False,False,False
G1N,train,389,True,False,True,False,False
G1N,train,390,True,False,True,False,False
G1N,train,391,False,True,False,False,False
G1N,train,392,False,True,False,False,False
G1N,train,393,True,False,True,False,False
G1N,train,394,True,False,True,False,False
G1N,train,395,True,False,True,False,False
G1N,train,396,True,False,True,False,False
G1N,train,397,True,False,True,False,False
G1N,train,398,True,False,True,False,False
G1N,train,399,False,True,False,False,False
G1N,train,400,False,True,False,False,False
G1N,train,401,True,False,True,False,False
G1N,train,402,False,True,False,False,False
G1N,train,403,True,False,True,False,False
G1N,train,404,False,True,False,False,False
G1N,train,405,True,False,True,False,False
G1N,train,406,True,False,True,False,False
G1N,train,407,False,True,False,False,False
G1N,train,408,True,False,True,False,False
G1N,train,409,False,True,False,False,False
G1N,train,410,False,True,False,False,False
G1N,train,411,True,False,True,False,False
G1N,train,412,False,True,False,False,False
G1N,train,413,True,False,True,False,False
G1N,train,414,False,True,False,False,False
G1N,train,415,True,False,True,False,False
G1N,train,416,True,False,True,False,False
G1N,train,417,True,False,True,False,False
G1N,train,418,False,True,False,False,False
G1N,train,419,False,True,False,False,False
G1N,train,420,False,False,False,False,True
G1N,train,421,False,True,False,False,False
G1N,train,422,True,False,True,False,False
G1N,train,423,False,False,False,False,True
G1N,train,424,False,True,False,False,False
G1N,train,425,True,False,True,False,False
G1N,train,426,True,False,True,False,False
G1N,train,427,True,False,True,False,False
G1N,train,428,True,False,True,False,False
G1N,train,429,True,False,True,False,False
G1N,train,430,False,True,False,False,False
G1N,train,431,True,False,True,False,False
G1N,train,432,False,True,False,False,False
G1N,train,433,True,False,True,False,False
G1N,train,434,True,False,True,False,False
G1N,train,435,False,False,False,False,True
G1N,train,436,True,False,True,False,False
G1N,train,437,True,False,True,False,False
G1N,train,438,True,False,True,False,False
G1N,train,439,True,False,True,False,False
G1N,train,440,True,False,True,False,False
G1W,train,1,False,True,False,False,False
G1W,train,2,False,True,False,False,False
G1W,train,3,False,True,False,False,False
G1W,train,4,False,True,False,False,False
G1W,train,5,False,True,False,False,False
G1W,train,6,False,True,False,False,False
G1W,train,7,False,True,False,False,False
G1W,train,8,False,True,False,False,False
G1W,train,9,False,True,False,False,False
G1W,train,10,False,True,False,False,False
G1W,train,11,False,True,False,False,False
G1W,train,12,False,True,False,False,False
G1W,train,13,False,True,False,False,False
G1W,train,14,False,True,False,False,False
G1W,train,15,False,True,False,False,False
G1W,train,16,False,True,False,False,False
G1W,train,17,False,True,False,False,False
G1W,train,18,False,True,False,False,False
G1W,train,19,False,True,False,False,False
G1W,train,20,False,True,False,False,False
G1W,train,21,False,True,False,False,False
G1W,train,22,False,True,False,False,False
G1W,train,23,False,True,False,False,False
G1W,train,24,False,True,False,False,False
G1W,train,25,False,True,False,False,False
G1W,train,26,False,False,False,False,True
G1W,train,27,False,True,False,False,False
G1W,train,28,False,True,False,False,False
G1W,train,29,False,True,False,False,False
G1W,train,30,False,True,False,False,False
G1W,train,31,False,True,False,False,False
G1W,train,32,False,True,False,False,False
G1W,train,33,False,True,False,False,False
G1W,train,34,False,True,False,False,False
G1W,train,35,True,False,True,False,False
G1W,train,36,False,True,False,False,False
G1W,train,37,False,True,False,False,False
G1W,train,38,False,True,False,False,False
G1W,train,39,False,True,False,False,False
G1W,train,40,False,True,False,False,False
G1W,train,41,False,True,False,False,False
G1W,train,42,False,True,False,False,False
G1W,train,43,False,True,False,False,False
G1W,train,44,False,True,False,False,False
G1W,train,45,False,True,False,False,False
G1W,train,46,False,True,False,False,False
G1W,train,47,False,True,False,False,False
G1W,train,48,False,True,False,False,False
G1W,train,49,False,True,False,False,False
G1W,train,50,False,True,False,False,False
G1W,train,51,False,True,False,False,False
G1W,train,52,False,True,False,False,False
G1W,train,53,False,True,False,False,False
G1W,train,54,False,True,False,False,False
G1W,train,55,False,True,False,False,False
G1W,train,56,False,True,False,False,False
G1W,train,57,False,True,False,False,False
G1W,train,58,False,True,False,False,False
G1W,train,59,False,True,False,False,False
G1W,train,60,False,True,False,False,False
G1W,train,61,False,True,False,False,False
G1W,train,62,False,True,False,False,False
G1W,train,63,True,False,True,False,False
G1W,train,64,False,True,False,False,False
G1W,train,65,False,True,False,False,False
G1W,train,66,False,True,False,False,False
G1W,train,67,False,True,False,False,False
G1W,train,68,False,True,False,False,False
G1W,train,69,True,False,True,False,False
G1W,train,70,False,True,False,False,False
G1W,train,71,False,True,False,False,False
G1W,train,72,False,True,False,False,False
G1W,train,73,False,True,False,False,False
G1W,train,74,False,True,False,False,False
G1W,train,75,False,True,False,False,False
G1W,train,76,False,True,False,False,False
G1W,train,77,False,True,False,False,False
G1W,train,78,False,True,False,False,False
G1W,train,79,False,True,False,False,False
G1W,train,80,False,True,False,False,False
G1W,train,81,False,True,False,False,False
G1W,train,82,False,True,False,False,False
G1W,train,83,False,True,False,False,False
G1W,train,84,True,False,True,False,False
G1W,train,85,False,True,False,False,False
G1W,train,86,False,True,False,False,False
G1W,train,87,False,True,False,False,False
G1W,train,88,False,True,False,False,False
G1W,train,89,False,True,False,False,False
G1W,train,90,False,True,False,False,False
G1W,train,91,False,True,False,False,False
G1W,train,92,False,True,False,False,False
G1W,train,93,False,True,False,False,False
G1W,train,94,False,True,False,False,False
G1W,train,95,False,True,False,False,False
G1W,train,96,False,True,False,False,False
G1W,train,97,False,True,False,False,False
G1W,train,98,False,False,False,False,True
G1W,train,99,False,True,False,False,False
G1W,train,100,False,True,False,False,False
G1W,train,101,False,True,False,False,False
G1W,train,102,False,True,False,False,False
G1W,train,103,False,True,False,False,False
G1W,train,104,True,False,True,False,False
G1W,train,105,False,True,False,False,False
G1W,train,106,False,True,False,False,False
G1W,train,107,False,True,False,False,False
G1W,train,108,False,True,False,False,False
G1W,train,109,False,True,False,False,False
G1W,train,110,False,True,False,False,False
G1W,train,111,False,True,False,False,False
G1W,train,112,False,True,False,False,False
G1W,train,113,False,True,False,False,False
G1W,train,114,False,True,False,False,False
G1W,train,115,False,True,False,False,False
G1W,train,116,False,True,False,False,False
G1W,train,117,False,True,False,False,False
G1W,train,118,False,True,False,False,False
G1W,train,119,False,False,False,False,True
G1W,train,120,False,True,False,False,False
G1W,train,121,False,True,False,False,False
G1W,train,122,False,True,False,False,False
G1W,train,123,False,True,False,False,False
G1W,train,124,False,True,False,False,False
G1W,train,125,False,True,False,False,False
G1W,train,126,False,True,False,False,False
G1W,train,127,False,True,False,False,False
G1W,train,128,False,True,False,False,False
G1W,train,129,False,True,False,False,False
G1W,train,130,False,True,False,False,False
G1W,train,131,False,True,False,False,False
G1W,train,132,False,True,False,False,False
G1W,train,133,False,True,False,False,False
G1W,train,134,False,True,False,False,False
G1W,train,135,False,True,False,False,False
G1W,train,136,False,True,False,False,False
G1W,train,137,False,True,False,False,False
G1W,train,138,False,True,False,False,False
G1W,train,139,False,True,False,False,False
G1W,train,140,False,True,False,False,False
G1W,train,141,False,False,False,False,True
G1W,train,142,False,True,False,False,False
G1W,train,143,False,True,False,False,False
G1W,train,144,False,True,False,False,False
G1W,train,145,False,True,False,False,False
G1W,train,146,False,True,False,False,False
G1W,train,147,False,True,False,False,False
G1W,train,148,False,True,False,False,False
G1W,train,149,False,True,False,False,False
G1W,train,150,False,True,False,False,False
G1W,train,151,False,True,False,False,False
G1W,train,152,True,False,True,False,False
G1W,train,153,False,True,False,False,False
G1W,train,154,False,True,False,False,False
G1W,train,155,True,False,True,False,False
G1W,train,156,False,True,False,False,False
G1W,train,157,True,False,True,False,False
G1W,train,158,False,True,False,False,False
G1W,train,159,False,True,False,False,False
G1W,train,160,False,True,False,False,False
G1W,train,161,False,True,False,False,False
G1W,train,162,False,True,False,False,False
G1W,train,163,True,False,True,False,False
G1W,train,164,False,True,False,False,False
G1W,train,165,False,True,False,False,False
G1W,train,166,True,False,True,False,False
G1W,train,167,False,True,False,False,False
G1W,train,168,False,True,False,False,False
G1W,train,169,False,True,False,False,False
G1W,train,170,False,True,False,False,False
G1W,train,171,False,False,False,False,True
G1W,train,172,False,True,False,False,False
G1W,train,173,False,True,False,False,False
G1W,train,174,False,True,False,False,False
G1W,train,175,False,True,False,False,False
G1W,train,176,False,True,False,False,False
G1W,train,177,False,True,False,False,False
G1W,train,178,False,True,False,False,False
G1W,train,179,False,True,False,False,False
G1W,train,180,False,True,False,False,False
G1W,train,181,False,True,False,False,False
G1W,train,182,False,True,False,False,False
G1W,train,183,False,True,False,False,False
G1W,train,184,False,True,False,False,False
G1W,train,185,False,True,False,False,False
G1W,train,186,False,True,False,False,False
G1W,train,187,False,True,False,False,False
G1W,train,188,False,True,False,False,False
G1W,train,189,False,True,False,False,False
G1W,train,190,False,True,False,False,False
G1W,train,191,False,True,False,False,False
G1W,train,192,False,True,False,False,False
G1W,train,193,True,False,True,False,False
G1W,train,194,False,True,False,False,False
G1W,train,195,True,False,True,False,False
G1W,train,196,False,True,False,False,False
G1W,train,197,False,True,False,False,False
G1W,train,198,False,True,False,False,False
G1W,train,199,False,True,False,False,False
G1W,train,200,False,True,False,False,False
G1W,train,201,False,True,False,False,False
G1W,train,202,False,True,False,False,False
G1W,train,203,False,True,False,False,False
G1W,train,204,False,True,False,False,False
G1W,train,205,False,True,False,False,False
G1W,train,206,False,True,False,False,False
G1W,train,207,False,True,False,False,False
G1W,train,208,False,True,False,False,False
G1W,train,209,False,True,False,False,False
G1W,train,210,False,True,False,False,False
G1W,train,211,False,True,False,False,False
G1W,train,212,False,True,False,False,False
G1W,train,213,False,True,False,False,False
G1W,train,214,False,True,False,False,False
G1W,train,215,False,True,False,False,False
G1W,train,216,False,True,False,False,False
G1W,train,217,False,True,False,False,False
G1W,train,218,False,True,False,False,False
G1W,train,219,False,True,False,False,False
G1W,train,220,True,False,True,False,False
G1W,train,221,False,True,False,False,False
G1W,train,222,False,True,False,False,False
G1W,train,223,False,True,False,False,False
G1W,train,224,False,True,False,False,False
G1W,train,225,False,True,False,False,False
G1W,train,226,False,True,False,False,False
G1W,train,227,False,True,False,False,False
G1W,train,228,False,True,False,False,False
G1W,train,229,True,False,True,False,False
G1W,train,230,False,True,False,False,False
G1W,train,231,False,True,False,False,False
G1W,train,232,False,True,False,False,False
G1W,train,233,False,True,False,False,False
G1W,train,234,False,True,False,False,False
G1W,train,235,True,False,True,False,False
G1W,train,236,False,True,False,False,False
G1W,train,237,True,False,True,False,False
G1W,train,238,False,True,False,False,False
G1W,train,239,False,True,False,False,False
G1W,train,240,False,True,False,False,False
G1W,train,241,False,True,False,False,False
G1W,train,242,False,True,False,False,False
G1W,train,243,False,True,False,False,False
G1W,train,244,False,True,False,False,False
G1W,train,245,False,True,False,False,False
G1W,train,246,False,True,False,False,False
G1W,train,247,True,False,True,False,False
G1W,train,248,False,True,False,False,False
G1W,train,249,False,True,False,False,False
G1W,train,250,False,True,False,False,False
G1W,train,251,False,True,False,False,False
G1W,train,252,True,False,True,False,False
G1W,train,253,False,True,False,False,False
G1W,train,254,False,True,False,False,False
G1W,train,255,False,True,False,False,False
G1W,train,256,False,True,False,False,False
G1W,train,257,False,True,False,False,False
G1W,train,258,False,True,False,False,False
G1W,train,259,False,True,False,False,False
G1W,train,260,False,True,False,False,False
G1W,train,261,False,True,False,False,False
G1W,train,262,False,True,False,False,False
G1W,train,263,False,True,False,False,False
G1W,train,264,False,True,False,False,False
G1W,train,265,False,True,False,False,False
G1W,train,266,True,False,True,False,False
G1W,train,267,False,True,False,False,False
G1W,train,268,False,True,False,False,False
G1W,train,269,False,True,False,False,False
G1W,train,270,False,True,False,False,False
G1W,train,271,False,True,False,False,False
G1W,train,272,True,False,True,False,False
G1W,train,273,True,False,True,False,False
G1W,train,274,False,True,False,False,False
G1W,train,275,False,True,False,False,False
G1W,train,276,False,True,False,False,False
G1W,train,277,False,True,False,False,False
G1W,train,278,False,False,False,False,True
G1W,train,279,False,True,False,False,False
G1W,train,280,True,False,True,False,False
G1W,train,281,True,False,True,False,False
G1W,train,282,False,True,False,False,False
G1W,train,283,True,False,True,False,False
G1W,train,284,False,True,False,False,False
G1W,train,285,False,True,False,False,False
G1W,train,286,False,True,False,False,False
G1W,train,287,False,True,False,False,False
G1W,train,288,False,True,False,False,False
G1W,train,289,False,True,False,False,False
G1W,train,290,False,True,False,False,False
G1W,train,291,False,True,False,False,False
G1W,train,292,False,True,False,False,False
G1W,train,293,False,True,False,False,False
G1W,train,294,False,True,False,False,False
G1W,train,295,True,False,True,False,False
G1W,train,296,False,True,False,False,False
G1W,train,297,False,True,False,False,False
G1W,train,298,False,True,False,False,False
G1W,train,299,False,True,False,False,False
G1W,train,300,True,False,True,False,False
G1W,train,301,False,True,False,False,False
G1W,train,302,True,False,True,False,False
G1W,train,303,False,True,False,False,False
G1W,train,304,False,True,False,False,False
G1W,train,305,False,True,False,False,False
G1W,train,306,True,False,True,False,False
G1W,train,307,False,False,False,False,True
G1W,train,308,True,False,True,False,False
G1W,train,309,False,True,False,False,False
G1W,train,310,True,False,True,False,False
G1W,train,311,False,True,False,False,False
G1W,train,312,False,True,False,False,False
G1W,train,313,False,True,False,False,False
G1W,train,314,False,True,False,False,False
G1W,train,315,False,True,False,False,False
G1W,train,316,False,True,False,False,False
G1W,train,317,False,True,False,False,False
G1W,train,318,False,True,False,False,False
G1W,train,319,False,True,False,False,False
G1W,train,320,False,True,False,False,False
G1W,train,321,False,True,False,False,False
G1W,train,322,False,True,False,False,False
G1W,train,323,False,True,False,False,False
G1W,train,324,False,True,False,False,False
G1W,train,325,True,False,True,False,False
G1W,train,326,False,True,False,False,False
G1W,train,327,False,True,False,False,False
G1W,train,328,False,True,False,False,False
G1W,train,329,False,True,False,False,False
G1W,train,330,False,True,False,False,False
G1W,train,331,False,True,False,False,False
G1W,train,332,False,True,False,False,False
G1W,train,333,False,True,False,False,False
G1W,train,334,False,True,False,False,False
G1W,train,335,False,True,False,False,False
G1W,train,336,False,True,False,False,False
G1W,train,337,True,False,True,False,False
G1W,train,338,False,True,False,False,False
G1W,train,339,False,True,False,False,False
G1W,train,340,False,True,False,False,False
G1W,train,341,False,True,False,False,False
G1W,train,342,False,False,False,False,True
G1W,train,343,False,True,False,False,False
G1W,train,344,False,True,False,False,False
G1W,train,345,True,False,True,False,False
G1W,train,346,True,False,True,False,False
G1W,train,347,False,False,False,False,True
G1W,train,348,False,True,False,False,False
G1W,train,349,True,False,True,False,False
G1W,train,350,False,True,False,False,False
G1W,train,351,False,True,False,False,False
G1W,train,352,False,True,False,False,False
G1W,train,353,False,True,False,False,False
G1W,train,354,False,True,False,False,False
G1W,train,355,False,True,False,False,False
G1W,train,356,False,True,False,False,False
G1W,train,357,False,True,False,False,False
G1W,train,358,False,True,False,False,False
G1W,train,359,False,True,False,False,False
G1W,train,360,False,True,False,False,False
G1W,train,361,False,True,False,False,False
G1W,train,362,True,False,True,False,False
G1W,train,363,False,True,False,False,False
G1W,train,364,False,True,False,False,False
G1W,train,365,True,False,True,False,False
G1W,train,366,False,True,False,False,False
G1W,train,367,False,True,False,False,False
G1W,train,368,False,True,False,False,False
G1W,train,369,False,True,False,False,False
G1W,train,370,True,False,True,False,False
G1W,train,371,False,True,False,False,False
G1W,train,372,False,True,False,False,False
G1W,train,373,False,True,False,False,False
G1W,train,374,False,True,False,False,False
G1W,train,375,False,True,False,False,False
G1W,train,376,True,False,True,False,False
G1W,train,377,False,True,False,False,False
G1W,train,378,False,True,False,False,False
G1W,train,379,False,True,False,False,False
G1W,train,380,True,False,True,False,False
G1W,train,381,True,False,True,False,False
G1W,train,382,True,False,True,False,False
G1W,train,383,True,False,True,False,False
G1W,train,384,False,True,False,False,False
G1W,train,385,True,False,True,False,False
G1W,train,386,True,False,True,False,False
G1W,train,387,False,True,False,False,False
G1W,train,388,False,True,False,False,False
G1W,train,389,False,True,False,False,False
G1W,train,390,True,False,True,False,False
G1W,train,391,False,True,False,False,False
G1W,train,392,False,True,False,False,False
G1W,train,393,False,True,False,False,False
G1W,train,394,False,True,False,False,False
G1W,train,395,False,True,False,False,False
G1W,train,396,True,False,True,False,False
G1W,train,397,True,False,True,False,False
G1W,train,398,False,True,False,False,False
G1W,train,399,True,False,True,False,False
G1W,train,400,True,False,True,False,False
G1W,train,401,True,False,True,False,False
G1W,train,402,False,True,False,False,False
G1W,train,403,False,True,False,False,False
G1W,train,404,True,False,True,False,False
G1W,train,405,False,True,False,False,False
G1W,train,406,False,True,False,False,False
G1W,train,407,True,False,True,False,False
G1W,train,408,False,True,False,False,False
G1W,train,409,False,True,False,False,False
G1W,train,410,False,True,False,False,False
G1W,train,411,True,False,True,False,False
G1W,train,412,True,False,True,False,False
G1W,train,413,False,True,False,False,False
G1W,train,414,True,False,True,False,False
G1W,train,415,False,True,False,False,False
G1W,train,416,True,False,True,False,False
G1W,train,417,True,False,True,False,False
G1W,train,418,False,True,False,False,False
G1W,train,419,False,True,False,False,False
G1W,train,420,False,True,False,False,False
G1W,train,421,False,True,False,False,False
G1W,train,422,True,False,True,False,False
G1W,train,423,True,False,True,False,False
G1W,train,424,True,False,True,False,False
G1W,train,425,False,True,False,False,False
G1W,train,426,True,False,True,False,False
G1W,train,427,False,True,False,False,False
G1W,train,428,False,True,False,False,False
G1W,train,429,True,False,True,False,False
G1W,train,430,True,False,True,False,False
G1W,train,431,False,True,False,False,False
G1W,train,432,False,True,False,False,False
G1W,train,433,False,True,False,False,False
G1W,train,434,True,False,True,False,False
G1W,train,435,True,False,True,False,False
G1W,train,436,True,False,True,False,False
G1W,train,437,False,True,False,False,False
G1W,train,438,False,True,False,False,False
G1W,train,439,False,True,False,False,False
G1W,train,440,True,False,True,False,False
G1W,train,441,False,True,False,False,False
G1W,train,442,True,False,True,False,False
G1W,train,443,True,False,True,False,False
G1W,train,444,True,False,True,False,False
G1W,train,445,False,True,False,False,False
G1W,train,446,True,False,True,False,False
G1W,train,447,True,False,True,False,False
G1W,train,448,False,True,False,False,False
G1W,train,449,False,True,False,False,False
G1W,train,450,False,True,False,False,False
G1W,train,451,True,False,True,False,False
G1W,train,452,True,False,True,False,False
G1W,train,453,True,False,True,False,False
G1W,train,454,False,True,False,False,False
G1W,train,455,False,True,False,False,False
G1W,train,456,False,True,False,False,False
G1W,train,457,True,False,True,False,False
G1W,train,458,True,False,True,False,False
G1W,train,459,True,False,True,False,False
G1W,train,460,False,True,False,False,False
G1W,train,461,True,False,True,False,False
G1W,train,462,False,True,False,False,False
G1W,train,463,True,False,True,False,False
G1W,train,464,False,True,False,False,False
G1W,train,465,False,True,False,False,False
G1W,train,466,True,False,True,False,False
G1W,train,467,False,True,False,False,False
G1W,train,468,True,False,True,False,False
G1W,train,469,False,True,False,False,False
G1W,train,470,True,False,True,False,False
G1W,train,471,False,True,False,False,False
G1W,train,472,True,False,True,False,False
G1W,train,473,False,False,False,False,True
G1W,train,474,False,False,False,False,True
G1W,train,475,False,True,False,False,False
G1W,train,476,False,True,False,False,False
G1W,train,477,False,True,False,False,False
G1W,train,478,False,True,False,False,False
G1W,train,479,False,True,False,False,False
G1W,train,480,False,True,False,False,False
G1W,train,481,False,True,False,False,False
G1W,train,482,True,False,True,False,False
G1W,train,483,True,False,True,False,False
G1W,train,484,False,True,False,False,False
G1W,train,485,False,True,False,False,False
G1W,train,486,True,False,True,False,False
G1W,train,487,True,False,True,False,False
G1W,train,488,True,False,True,False,False
G1W,train,489,True,False,True,False,False
G1W,train,490,True,False,True,False,False
G1W,train,491,True,False,True,False,False
G1W,train,492,False,True,False,False,False
G1W,train,493,False,True,False,False,False
G1W,train,494,True,False,True,False,False
G1W,train,495,False,True,False,False,False
G1W,train,496,False,True,False,False,False
G1W,train,497,True,False,True,False,False
G1W,train,498,False,True,False,False,False
G1W,train,499,False,True,False,False,False
G1W,train,500,True,False,True,False,False
G1W,train,501,True,False,True,False,False
G1W,train,502,True,False,True,False,False
G1W,train,503,True,False,True,False,False
G1W,train,504,True,False,True,False,False
G1W,train,505,True,False,True,False,False
G1W,train,506,False,True,False,False,False
G1W,train,507,True,False,True,False,False
G1W,train,508,True,False,True,False,False
G1W,train,509,True,False,True,False,False
G1W,train,510,True,False,True,False,False
G1W,train,511,False,True,False,False,False
G1W,train,512,False,True,False,False,False
G1W,train,513,True,False,True,False,False
G1W,train,514,True,False,True,False,False
G1W,train,515,True,False,True,False,False
G1W,train,516,True,False,True,False,False
G1W,train,517,False,True,False,False,False
G1W,train,518,True,False,True,False,False
G1W,train,519,True,False,True,False,False
G1W,train,520,False,True,False,False,False
G1W,train,521,False,True,False,False,False
G1W,train,522,True,False,True,False,False
G1W,train,523,False,True,False,False,False
G1W,train,524,False,True,False,False,False
G1W,train,525,True,False,True,False,False
G1W,train,526,True,False,True,False,False
G1W,train,527,False,True,False,False,False
G1W,train,528,False,True,False,False,False
G1W,train,529,True,False,True,False,False
G1W,train,530,False,True,False,False,False
G1W,train,531,False,True,False,False,False
G1W,train,532,True,False,True,False,False
G1W,train,533,False,True,False,False,False
G1W,train,534,True,False,True,False,False
G1W,train,535,True,False,True,False,False
G1W,train,536,True,False,True,False,False
G1W,train,537,False,True,False,False,False
G1W,train,538,False,True,False,False,False
G1W,train,539,False,True,False,False,False
G1W,train,540,True,False,True,False,False
G1W,train,541,True,False,True,False,False
G1W,train,542,True,False,True,False,False
G1W,train,543,True,False,True,False,False
G1W,train,544,True,False,True,False,False
G1W,train,545,False,True,False,False,False
G1W,train,546,False,True,False,False,False
G1W,train,547,True,False,True,False,False
G1W,train,548,True,False,True,False,False
G1W,train,549,True,False,True,False,False
G1W,train,550,True,False,True,False,False
G1W,train,551,True,False,True,False,False
G1W,train,552,True,False,True,False,False
G1W,train,553,True,False,True,False,False
G1W,train,554,False,True,False,False,False
G1W,train,555,True,False,True,False,False
G1W,train,556,True,False,True,False,False
G1W,train,557,True,False,True,False,False
G1W,train,558,True,False,True,False,False
G1W,train,559,False,True,False,False,False
G1W,train,560,True,False,True,False,False
G1W,train,561,False,True,False,False,False
G1W,train,562,True,False,True,False,False
G1W,train,563,True,False,True,False,False
G1W,train,564,True,False,True,False,False
G1W,train,565,True,False,True,False,False
G1W,train,566,False,True,False,False,False
G1W,train,567,False,True,False,False,False
G1W,train,568,False,True,False,False,False
G1W,train,569,True,False,True,False,False
G1W,train,570,False,True,False,False,False
G1W,train,571,True,False,True,False,False
G1W,train,572,True,False,True,False,False
G1W,train,573,False,True,False,False,False
G1W,train,574,True,False,True,False,False
G1W,train,575,True,False,True,False,False
G1W,train,576,True,False,True,False,False
G1W,train,577,True,False,True,False,False
G1W,train,578,True,False,True,False,False
G1W,train,579,False,True,False,False,False
G1W,train,580,True,False,True,False,False
G1W,train,581,True,False,True,False,False
G1W,train,582,True,False,True,False,False
G1W,train,583,True,False,True,False,False
G1W,train,584,True,False,True,False,False
G1W,train,585,True,False,True,False,False
G1W,train,586,True,False,True,False,False
G1W,train,587,True,False,True,False,False
G1W,train,588,True,False,True,False,False
G1W,train,589,True,False,True,False,False
G1W,train,590,True,False,True,False,False
G1W,train,591,True,False,True,False,False
G1W,train,592,False,True,False,False,False
G1W,train,593,False,True,False,False,False
G1W,train,594,False,False,False,False,True
G1W,train,595,True,False,True,False,False
G1W,train,596,False,True,False,False,False
G1W,train,597,True,False,True,False,False
G1W,train,598,True,False,True,False,False
G1W,train,599,False,True,False,False,False
G1W,train,600,True,False,True,False,False
G1W,train,601,False,True,False,False,False
G1W,train,602,False,True,False,False,False
G1W,train,603,True,False,True,False,False
G1W,train,604,True,False,True,False,False
G1W,train,605,True,False,True,False,False
G1W,train,606,True,False,True,False,False
G1W,train,607,False,True,False,False,False
G1W,train,608,True,False,True,False,False
G1W,train,609,True,False,True,False,False
G1W,train,610,True,False,True,False,False
G1W,train,611,True,False,True,False,False
G1W,train,612,True,False,True,False,False
G1W,train,613,True,False,True,False,False
G1W,train,614,True,False,True,False,False
G1W,train,615,True,False,True,False,False
G1W,train,616,True,False,True,False,False
G1W,train,617,True,False,True,False,False
G1W,train,618,True,False,True,False,False
G1W,train,619,True,False,True,False,False
G1W,train,620,True,False,True,False,False
G1W,train,621,False,True,False,False,False
G1W,train,622,False,True,False,False,False
G1W,train,623,True,False,True,False,False
G1W,train,624,False,True,False,False,False
G1W,train,625,True,False,True,False,False
G1W,train,626,True,False,True,False,False
G1W,train,627,True,False,True,False,False
G1W,train,628,True,False,True,False,False
G1W,train,629,True,False,True,False,False
G1W,train,630,True,False,True,False,False
G1W,train,631,True,False,True,False,False
G1W,train,632,True,False,True,False,False
G1W,train,633,True,False,True,False,False
G1W,train,634,True,False,True,False,False
G1W,train,635,True,False,True,False,False
G1W,train,636,True,False,True,False,False
G1W,train,637,True,False,True,False,False
G1W,train,638,True,False,True,False,False
G1W,train,639,True,False,True,False,False
G1W,train,640,True,False,True,False,False
G1W,train,641,True,False,True,False,False
G1W,train,642,True,False,True,False,False
G1W,train,643,True,False,True,False,False
G1W,train,644,True,False,True,False,False
G1W,train,645,True,False,True,False,False
G1W,train,646,False,True,False,False,False
G1W,train,647,True,False,True,False,False
G1W,train,648,True,False,True,False,False
G1W,train,649,True,False,True,False,False
G1W,train,650,True,False,True,False,False
G1W,train,651,True,False,True,False,False
G1W,train,652,True,False,True,False,False
G1W,train,653,True,False,True,False,False
G1W,train,654,True,False,True,False,False
G1W,train,655,True,False,True,False,False
G1W,train,656,True,False,True,False,False
G1W,train,657,False,True,False,False,False
G1W,train,658,True,False,True,False,False
G1W,train,659,True,False,True,False,False
G1W,train,660,True,False,True,False,False
G1W,train,661,True,False,True,False,False
G1W,train,662,False,True,False,False,False
G1W,train,663,True,False,True,False,False
G1W,train,664,True,False,True,False,False
G1W,train,665,True,False,True,False,False
G1W,train,666,True,False,True,False,False
G1W,train,667,True,False,True,False,False
G1W,train,668,True,False,True,False,False
G1W,train,669,True,False,True,False,False
G1W,train,670,True,False,True,False,False
G1W,train,671,True,False,True,False,False
G1W,train,672,False,True,False,False,False
G1W,train,673,True,False,True,False,False
G1W,train,674,True,False,True,False,False
G1W,train,675,True,False,True,False,False
G1W,train,676,True,False,True,False,False
G1W,train,677,True,False,True,False,False
G1W,train,678,True,False,True,False,False
G1W,train,679,True,False,True,False,False
G1W,train,680,True,False,True,False,False
G1W,train,681,True,False,True,False,False
G1W,train,682,True,False,True,False,False
G1W,train,683,True,False,True,False,False
G1W,train,684,True,False,True,False,False
G1W,train,685,True,False,True,False,False
G1W,train,686,True,False,True,False,False
G1W,train,687,True,False,True,False,False
G1W,train,688,True,False,True,False,False
G1W,train,689,False,True,False,False,False
G1W,train,690,True,False,True,False,False
G1W,train,691,True,False,True,False,False
G1W,train,692,True,False,True,False,False
G1W,train,693,True,False,True,False,False
G1W,train,694,True,False,True,False,False
G1W,train,695,True,False,True,False,False
G1W,train,696,False,True,False,False,False
G1W,train,697,True,False,True,False,False
G1W,train,698,True,False,True,False,False
G1W,train,699,True,False,True,False,False
G1W,train,700,False,True,False,False,False
G1W,train,701,True,False,True,False,False
G2N,train,1,False,False,False,False,True
G2N,train,2,False,True,False,False,False
G2N,train,3,False,True,False,False,False
G2N,train,4,True,False,True,False,False
G2N,train,5,False,True,False,False,False
G2N,train,6,False,True,False,False,False
G2N,train,7,False,True,False,False,False
G2N,train,8,False,True,False,False,False
G2N,train,9,False,True,False,False,False
G2N,train,10,False,True,False,False,False
G2N,train,11,False,True,False,False,False
G2N,train,12,False,True,False,False,False
G2N,train,13,False,True,False,False,False
G2N,train,14,False,True,False,False,False
G2N,train,15,False,True,False,False,False
G2N,train,16,True,False,True,False,False
G2N,train,17,True,False,True,False,False
G2N,train,18,False,True,False,False,False
G2N,train,19,False,True,False,False,False
G2N,train,20,False,True,False,False,False
G2N,train,21,False,True,False,False,False
G2N,train,22,False,True,False,False,False
G2N,train,23,False,True,False,False,False
G2N,train,24,False,True,False,False,False
G2N,train,25,False,True,False,False,False
G2N,train,26,False,True,False,False,False
G2N,train,27,False,True,False,False,False
G2N,train,28,False,True,False,False,False
G2N,train,29,False,True,False,False,False
G2N,train,30,False,True,False,False,False
G2N,train,31,False,True,False,False,False
G2N,train,32,False,True,False,False,False
G2N,train,33,False,True,False,False,False
G2N,train,34,False,True,False,False,False
G2N,train,35,False,True,False,False,False
G2N,train,36,False,True,False,False,False
G2N,train,37,False,True,False,False,False
G2N,train,38,False,True,False,False,False
G2N,train,39,False,True,False,False,False
G2N,train,40,True,False,True,False,False
G2N,train,41,False,True,False,False,False
G2N,train,42,False,True,False,False,False
G2N,train,43,False,True,False,False,False
G2N,train,44,False,True,False,False,False
G2N,train,45,False,True,False,False,False
G2N,train,46,False,True,False,False,False
G2N,train,47,False,True,False,False,False
G2N,train,48,True,False,True,False,False
G2N,train,49,False,True,False,False,False
G2N,train,50,True,False,True,False,False
G2N,train,51,False,True,False,False,False
G2N,train,52,False,True,False,False,False
G2N,train,53,False,True,False,False,False
G2N,train,54,True,False,True,False,False
G2N,train,55,False,True,False,False,False
G2N,train,56,False,True,False,False,False
G2N,train,57,False,True,False,False,False
G2N,train,58,False,True,False,False,False
G2N,train,59,False,True,False,False,False
G2N,train,60,False,True,False,False,False
G2N,train,61,False,True,False,False,False
G2N,train,62,False,True,False,False,False
G2N,train,63,False,True,False,False,False
G2N,train,64,False,True,False,False,False
G2N,train,65,False,True,False,False,False
G2N,train,66,False,True,False,False,False
G2N,train,67,False,True,False,False,False
G2N,train,68,False,True,False,False,False
G2N,train,69,False,True,False,False,False
G2N,train,70,False,True,False,False,False
G2N,train,71,False,True,False,False,False
G2N,train,72,False,True,False,False,False
G2N,train,73,False,True,False,False,False
G2N,train,74,False,True,False,False,False
G2N,train,75,False,True,False,False,False
G2N,train,76,False,True,False,False,False
G2N,train,77,False,True,False,False,False
G2N,train,78,False,True,False,False,False
G2N,train,79,False,True,False,False,False
G2N,train,80,False,False,False,False,True
G2N,train,81,False,True,False,False,False
G2N,train,82,False,True,False,False,False
G2N,train,83,False,True,False,False,False
G2N,train,84,False,True,False,False,False
G2N,train,85,False,True,False,False,False
G2N,train,86,False,True,False,False,False
G2N,train,87,False,True,False,False,False
G2N,train,88,False,True,False,False,False
G2N,train,89,False,True,False,False,False
G2N,train,90,False,False,False,False,True
G2N,train,91,False,True,False,False,False
G2N,train,92,False,True,False,False,False
G2N,train,93,False,True,False,False,False
G2N,train,94,True,False,True,False,False
G2N,train,95,False,True,False,False,False
G2N,train,96,False,True,False,False,False
G2N,train,97,False,True,False,False,False
G2N,train,98,False,True,False,False,False
G2N,train,99,False,True,False,False,False
G2N,train,100,True,False,True,False,False
G2N,train,101,False,True,False,False,False
G2N,train,102,False,True,False,False,False
G2N,train,103,False,True,False,False,False
G2N,train,104,False,True,False,False,False
G2N,train,105,False,True,False,False,False
G2N,train,106,True,False,True,False,False
G2N,train,107,False,True,False,False,False
G2N,train,108,False,True,False,False,False
G2N,train,109,False,True,False,False,False
G2N,train,110,False,True,False,False,False
G2N,train,111,False,True,False,False,False
G2N,train,112,False,True,False,False,False
G2N,train,113,False,True,False,False,False
G2N,train,114,False,True,False,False,False
G2N,train,115,False,True,False,False,False
G2N,train,116,False,True,False,False,False
G2N,train,117,False,True,False,False,False
G2N,train,118,False,True,False,False,False
G2N,train,119,False,True,False,False,False
G2N,train,120,False,True,False,False,False
G2N,train,121,False,True,False,False,False
G2N,train,122,False,True,False,False,False
G2N,train,123,False,True,False,False,False
G2N,train,124,False,True,False,False,False
G2N,train,125,False,True,False,False,False
G2N,train,126,False,True,False,False,False
G2N,train,127,False,True,False,False,False
G2N,train,128,False,True,False,False,False
G2N,train,129,False,True,False,False,False
G2N,train,130,False,True,False,False,False
G2N,train,131,False,True,False,False,False
G2N,train,132,False,True,False,False,False
G2N,train,133,False,True,False,False,False
G2N,train,134,False,True,False,False,False
G2N,train,135,False,True,False,False,False
G2N,train,136,False,True,False,False,False
G2N,train,137,False,True,False,False,False
G2N,train,138,False,True,False,False,False
G2N,train,139,False,True,False,False,False
G2N,train,140,False,True,False,False,False
G2N,train,141,True,False,True,False,False
G2N,train,142,True,False,True,False,False
G2N,train,143,False,True,False,False,False
G2N,train,144,False,True,False,False,False
G2N,train,145,False,True,False,False,False
G2N,train,146,False,True,False,False,False
G2N,train,147,True,False,True,False,False
G2N,train,148,False,True,False,False,False
G2N,train,149,False,True,False,False,False
G2N,train,150,False,True,False,False,False
G2N,train,151,False,True,False,False,False
G2N,train,152,False,True,False,False,False
G2N,train,153,False,True,False,False,False
G2N,train,154,False,True,False,False,False
G2N,train,155,False,True,False,False,False
G2N,train,156,False,True,False,False,False
G2N,train,157,True,False,True,False,False
G2N,train,158,False,True,False,False,False
G2N,train,159,False,True,False,False,False
G2N,train,160,False,True,False,False,False
G2N,train,161,False,True,False,False,False
G2N,train,162,False,True,False,False,False
G2N,train,163,True,False,True,False,False
G2N,train,164,False,True,False,False,False
G2N,train,165,False,True,False,False,False
G2N,train,166,False,True,False,False,False
G2N,train,167,False,True,False,False,False
G2N,train,168,False,True,False,False,False
G2N,train,169,False,True,False,False,False
G2N,train,170,False,True,False,False,False
G2N,train,171,False,True,False,False,False
G2N,train,172,False,True,False,False,False
G2N,train,173,False,True,False,False,False
G2N,train,174,False,True,False,False,False
G2N,train,175,False,True,False,False,False
G2N,train,176,False,True,False,False,False
G2N,train,177,False,True,False,False,False
G2N,train,178,False,True,False,False,False
G2N,train,179,False,True,False,False,False
G2N,train,180,False,True,False,False,False
G2N,train,181,False,True,False,False,False
G2N,train,182,False,True,False,False,False
G2N,train,183,False,True,False,False,False
G2N,train,184,False,True,False,False,False
G2N,train,185,False,True,False,False,False
G2N,train,186,False,True,False,False,False
G2N,train,187,False,True,False,False,False
G2N,train,188,False,True,False,False,False
G2N,train,189,False,True,False,False,False
G2N,train,190,False,True,False,False,False
G2N,train,191,False,True,False,False,False
G2N,train,192,False,True,False,False,False
G2N,train,193,False,True,False,False,False
G2N,train,194,False,True,False,False,False
G2N,train,195,True,False,True,False,False
G2N,train,196,False,True,False,False,False
G2N,train,197,False,True,False,False,False
G2N,train,198,False,True,False,False,False
G2N,train,199,False,True,False,False,False
G2N,train,200,True,False,True,False,False
G2N,train,201,False,True,False,False,False
G2N,train,202,True,False,True,False,False
G2N,train,203,False,True,False,False,False
G2N,train,204,True,False,True,False,False
G2N,train,205,False,True,False,False,False
G2N,train,206,False,True,False,False,False
G2N,train,207,False,True,False,False,False
G2N,train,208,False,True,False,False,False
G2N,train,209,False,True,False,False,False
G2N,train,210,False,True,False,False,False
G2N,train,211,False,True,False,False,False
G2N,train,212,False,True,False,False,False
G2N,train,213,False,True,False,False,False
G2N,train,214,False,True,False,False,False
G2N,train,215,False,True,False,False,False
G2N,train,216,False,True,False,False,False
G2N,train,217,False,True,False,False,False
G2N,train,218,False,True,False,False,False
G2N,train,219,True,False,True,False,False
G2N,train,220,False,True,False,False,False
G2N,train,221,False,True,False,False,False
G2N,train,222,False,True,False,False,False
G2N,train,223,False,True,False,False,False
G2N,train,224,False,True,False,False,False
G2N,train,225,False,True,False,False,False
G2N,train,226,False,True,False,False,False
G2N,train,227,False,True,False,False,False
G2N,train,228,False,True,False,False,False
G2N,train,229,False,True,False,False,False
G2N,train,230,False,True,False,False,False
G2N,train,231,False,True,False,False,False
G2N,train,232,False,True,False,False,False
G2N,train,233,False,True,False,False,False
G2N,train,234,False,False,False,False,True
G2N,train,235,False,True,False,False,False
G2N,train,236,False,True,False,False,False
G2N,train,237,False,True,False,False,False
G2N,train,238,False,True,False,False,False
G2N,train,239,False,True,False,False,False
G2N,train,240,False,True,False,False,False
G2N,train,241,False,True,False,False,False
G2N,train,242,False,True,False,False,False
G2N,train,243,False,True,False,False,False
G2N,train,244,False,False,False,False,True
G2N,train,245,False,True,False,False,False
G2N,train,246,False,True,False,False,False
G2N,train,247,False,True,False,False,False
G2N,train,248,False,True,False,False,False
G2N,train,249,False,True,False,False,False
G2N,train,250,False,True,False,False,False
G2N,train,251,False,True,False,False,False
G2N,train,252,False,True,False,False,False
G2N,train,253,False,True,False,False,False
G2N,train,254,False,True,False,False,False
G2N,train,255,True,False,True,False,False
G2N,train,256,False,True,False,False,False
G2N,train,257,False,True,False,False,False
G2N,train,258,False,True,False,False,False
G2N,train,259,False,True,False,False,False
G2N,train,260,False,True,False,False,False
G2N,train,261,False,True,False,False,False
G2N,train,262,False,True,False,False,False
G2N,train,263,False,True,False,False,False
G2N,train,264,False,True,False,False,False
G2N,train,265,False,True,False,False,False
G2N,train,266,True,False,True,False,False
G2N,train,267,False,True,False,False,False
G2N,train,268,False,True,False,False,False
G2N,train,269,False,True,False,False,False
G2N,train,270,False,True,False,False,False
G2N,train,271,False,True,False,False,False
G2N,train,272,False,True,False,False,False
G2N,train,273,False,True,False,False,False
G2N,train,274,False,True,False,False,False
G2N,train,275,False,True,False,False,False
G2N,train,276,False,True,False,False,False
G2N,train,277,False,True,False,False,False
G2N,train,278,False,True,False,False,False
G2N,train,279,False,True,False,False,False
G2N,train,280,False,True,False,False,False
G2N,train,281,False,True,False,False,False
G2N,train,282,False,True,False,False,False
G2N,train,283,False,True,False,False,False
G2N,train,284,False,True,False,False,False
G2N,train,285,False,True,False,False,False
G2N,train,286,False,True,False,False,False
G2N,train,287,True,False,True,False,False
G2N,train,288,False,True,False,False,False
G2N,train,289,False,True,False,False,False
G2N,train,290,False,True,False,False,False
G2N,train,291,False,True,False,False,False
G2N,train,292,False,True,False,False,False
G2N,train,293,False,True,False,False,False
G2N,train,294,False,True,False,False,False
G2N,train,295,True,False,True,False,False
G2N,train,296,False,True,False,False,False
G2N,train,297,True,False,True,False,False
G2N,train,298,False,True,False,False,False
G2N,train,299,False,True,False,False,False
G2N,train,300,False,True,False,False,False
G2N,train,301,False,True,False,False,False
G2N,train,302,False,True,False,False,False
G2N,train,303,False,True,False,False,False
G2N,train,304,False,True,False,False,False
G2N,train,305,False,True,False,False,False
G2N,train,306,False,True,False,False,False
G2N,train,307,False,True,False,False,False
G2N,train,308,True,False,True,False,False
G2N,train,309,False,True,False,False,False
G2N,train,310,False,True,False,False,False
G2N,train,311,False,True,False,False,False
G2N,train,312,False,True,False,False,False
G2N,train,313,False,True,False,False,False
G2N,train,314,False,True,False,False,False
G2N,train,315,False,True,False,False,False
G2N,train,316,False,True,False,False,False
G2N,train,317,False,True,False,False,False
G2N,train,318,False,True,False,False,False
G2N,train,319,True,False,True,False,False
G2N,train,320,False,True,False,False,False
G2N,train,321,True,False,True,False,False
G2N,train,322,False,True,False,False,False
G2N,train,323,False,True,False,False,False
G2N,train,324,False,True,False,False,False
G2N,train,325,False,True,False,False,False
G2N,train,326,True,False,True,False,False
G2N,train,327,True,False,True,False,False
G2N,train,328,True,False,True,False,False
G2N,train,329,True,False,True,False,False
G2N,train,330,False,True,False,False,False
G2N,train,331,False,True,False,False,False
G2N,train,332,False,True,False,False,False
G2N,train,333,False,True,False,False,False
G2N,train,334,False,True,False,False,False
G2N,train,335,False,True,False,False,False
G2N,train,336,False,True,False,False,False
G2N,train,337,False,True,False,False,False
G2N,train,338,False,True,False,False,False
G2N,train,339,False,True,False,False,False
G2N,train,340,False,True,False,False,False
G2N,train,341,True,False,True,False,False
G2N,train,342,True,False,True,False,False
G2N,train,343,False,True,False,False,False
G2N,train,344,False,True,False,False,False
G2N,train,345,True,False,True,False,False
G2N,train,346,True,False,True,False,False
G2N,train,347,False,True,False,False,False
G2N,train,348,False,True,False,False,False
G2N,train,349,False,True,False,False,False
G2N,train,350,True,False,True,False,False
G2N,train,351,True,False,True,False,False
G2N,train,352,True,False,True,False,False
G2N,train,353,False,True,False,False,False
G2N,train,354,True,False,True,False,False
G2N,train,355,False,False,False,False,True
G2N,train,356,True,False,True,False,False
G2N,train,357,True,False,True,False,False
G2N,train,358,True,False,True,False,False
G2N,train,359,False,True,False,False,False
G2N,train,360,False,True,False,False,False
G2N,train,361,True,False,True,False,False
G2N,train,362,False,False,False,False,True
G2N,train,363,False,True,False,False,False
G2N,train,364,True,False,True,False,False
G2N,train,365,False,True,False,False,False
G2N,train,366,False,True,False,False,False
G2N,train,367,True,False,True,False,False
G2N,train,368,False,True,False,False,False
G2N,train,369,True,False,True,False,False
G2N,train,370,False,True,False,False,False
G2N,train,371,False,True,False,False,False
G2N,train,372,True,False,True,False,False
G2N,train,373,True,False,True,False,False
G2N,train,374,False,True,False,False,False
G2N,train,375,False,True,False,False,False
G2N,train,376,False,True,False,False,False
G2N,train,377,False,True,False,False,False
G2N,train,378,False,True,False,False,False
G2N,train,379,False,False,False,False,True
G2N,train,380,False,False,False,False,True
G2N,train,381,True,False,True,False,False
G2N,train,382,False,True,False,False,False
G2N,train,383,False,True,False,False,False
G2N,train,384,True,False,True,False,False
G2N,train,385,True,False,True,False,False
G2N,train,386,True,False,True,False,False
G2N,train,387,False,True,False,False,False
G2N,train,388,False,True,False,False,False
G2N,train,389,True,False,True,False,False
G2N,train,390,True,False,True,False,False
G2N,train,391,False,True,False,False,False
G2N,train,392,False,True,False,False,False
G2N,train,393,False,True,False,False,False
G2N,train,394,True,False,True,False,False
G2N,train,395,False,True,False,False,False
G2N,train,396,True,False,True,False,False
G2N,train,397,True,False,True,False,False
G2N,train,398,True,False,True,False,False
G2N,train,399,False,True,False,False,False
G2N,train,400,False,True,False,False,False
G2N,train,401,False,False,False,False,True
G2N,train,402,True,False,True,False,False
G2N,train,403,False,True,False,False,False
G2N,train,404,True,False,True,False,False
G2N,train,405,True,False,True,False,False
G2N,train,406,False,True,False,False,False
G2N,train,407,False,True,False,False,False
G2N,train,408,False,True,False,False,False
G2N,train,409,False,True,False,False,False
G2N,train,410,True,False,True,False,False
G2N,train,411,True,False,True,False,False
G2N,train,412,True,False,True,False,False
G2N,train,413,False,True,False,False,False
G2N,train,414,False,True,False,False,False
G2N,train,415,False,True,False,False,False
G2N,train,416,True,False,True,False,False
G2N,train,417,True,False,True,False,False
G2N,train,418,True,False,True,False,False
G2N,train,419,False,True,False,False,False
G2N,train,420,True,False,True,False,False
G2N,train,421,False,True,False,False,False
G2N,train,422,True,False,True,False,False
G2N,train,423,True,False,True,False,False
G2N,train,424,True,False,True,False,False
G2N,train,425,True,False,True,False,False
G2N,train,426,False,True,False,False,False
G2N,train,427,True,False,True,False,False
G2N,train,428,False,True,False,False,False
G2N,train,429,False,True,False,False,False
G2N,train,430,False,True,False,False,False
G2N,train,431,True,False,True,False,False
G2N,train,432,True,False,True,False,False
G2N,train,433,False,True,False,False,False
G2N,train,434,False,True,False,False,False
G2N,train,435,False,True,False,False,False
G2N,train,436,True,False,True,False,False
G2N,train,437,False,True,False,False,False
G2N,train,438,True,False,True,False,False
G2N,train,439,True,False,True,False,False
G2N,train,440,True,False,True,False,False
G2N,train,441,True,False,True,False,False
G2N,train,442,False,True,False,False,False
G2N,train,443,False,True,False,False,False
G2N,train,444,True,False,True,False,False
G2N,train,445,True,False,True,False,False
G2N,train,446,False,True,False,False,False
G2N,train,447,False,True,False,False,False
G2N,train,448,False,True,False,False,False
G2N,train,449,False,False,False,False,True
G2N,train,450,True,False,True,False,False
G2N,train,451,True,False,True,False,False
G2N,train,452,False,False,False,False,True
G2N,train,453,True,False,True,False,False
G2N,train,454,True,False,True,False,False
G2N,train,455,True,False,True,False,False
G2N,train,456,True,False,True,False,False
G2N,train,457,True,False,True,False,False
G2N,train,458,False,False,False,False,True
G2N,train,459,True,False,True,False,False
G2N,train,460,False,True,False,False,False
G2N,train,461,True,False,True,False,False
G2N,train,462,False,True,False,False,False
G2N,train,463,False,False,False,False,True
G2N,train,464,False,True,False,False,False
G2N,train,465,True,False,True,False,False
G2N,train,466,True,False,True,False,False
G2N,train,467,True,False,True,False,False
G2N,train,468,False,True,False,False,False
G2N,train,469,False,True,False,False,False
G2N,train,470,False,True,False,False,False
G2N,train,471,True,False,True,False,False
G2N,train,472,True,False,True,False,False
G2N,train,473,True,False,True,False,False
G2N,train,474,False,True,False,False,False
G2N,train,475,False,True,False,False,False
G2N,train,476,True,False,True,False,False
G2N,train,477,False,False,False,False,True
G2N,train,478,False,True,False,False,False
G2N,train,479,True,False,True,False,False
G2N,train,480,True,False,True,False,False
G2N,train,481,False,True,False,False,False
G2N,train,482,True,False,True,False,False
G2N,train,483,True,False,True,False,False
G2N,train,484,False,True,False,False,False
G2N,train,485,False,True,False,False,False
G2N,train,486,False,True,False,False,False
G2N,train,487,True,False,True,False,False
G2N,train,488,False,True,False,False,False
G2N,train,489,True,False,True,False,False
G2N,train,490,True,False,True,False,False
G2N,train,491,False,True,False,False,False
G2N,train,492,False,False,False,False,True
G2N,train,493,True,False,True,False,False
G2N,train,494,False,True,False,False,False
G2N,train,495,True,False,True,False,False
G2N,train,496,False,True,False,False,False
G2N,train,497,True,False,True,False,False
G2N,train,498,False,True,False,False,False
G2N,train,499,False,True,False,False,False
G2N,train,500,False,True,False,False,False
G2N,train,501,True,False,True,False,False
G2N,train,502,True,False,True,False,False
G2N,train,503,False,True,False,False,False
G2N,train,504,False,True,False,False,False
G2N,train,505,False,True,False,False,False
G2N,train,506,True,False,True,False,False
G2N,train,507,False,False,False,False,True
G2N,train,508,False,True,False,False,False
G2N,train,509,True,False,True,False,False
G2N,train,510,False,True,False,False,False
G2N,train,511,True,False,True,False,False
G2N,train,512,True,False,True,False,False
G2N,train,513,False,True,False,False,False
G2N,train,514,True,False,True,False,False
G2N,train,515,True,False,True,False,False
G2N,train,516,False,True,False,False,False
G2N,train,517,False,True,False,False,False
G2N,train,518,False,True,False,False,False
G2N,train,519,True,False,True,False,False
G2N,train,520,False,True,False,False,False
G2N,train,521,True,False,True,False,False
G2N,train,522,True,False,True,False,False
G2N,train,523,True,False,True,False,False
G2N,train,524,False,False,False,False,True
G2N,train,525,True,False,True,False,False
G2N,train,526,True,False,True,False,False
G2N,train,527,False,True,False,False,False
G2N,train,528,True,False,True,False,False
G2N,train,529,False,False,False,False,True
G2N,train,530,False,True,False,False,False
G2N,train,531,True,False,True,False,False
G2N,train,532,False,True,False,False,False
G2N,train,533,True,False,True,False,False
G2N,train,534,False,True,False,False,False
G2N,train,535,False,True,False,False,False
G2N,train,536,False,True,False,False,False
G2N,train,537,False,True,False,False,False
G2N,train,538,True,False,True,False,False
G2N,train,539,False,True,False,False,False
G2N,train,540,True,False,True,False,False
G2N,train,541,True,False,True,False,False
G2N,train,542,True,False,True,False,False
G2N,train,543,False,True,False,False,False
G2N,train,544,False,True,False,False,False
G2N,train,545,True,False,True,False,False
G2N,train,546,False,True,False,False,False
G2N,train,547,True,False,True,False,False
G2N,train,548,False,True,False,False,False
G2N,train,549,True,False,True,False,False
G2N,train,550,True,False,True,False,False
G2N,train,551,True,False,True,False,False
G2N,train,552,False,True,False,False,False
G2N,train,553,False,True,False,False,False
G2N,train,554,False,True,False,False,False
G2N,train,555,False,True,False,False,False
G2N,train,556,False,True,False,False,False
G2N,train,557,False,True,False,False,False
G2N,train,558,True,False,True,False,False
G2N,train,559,False,True,False,False,False
G2N,train,560,False,True,False,False,False
G2N,train,561,True,False,True,False,False
G2N,train,562,True,False,True,False,False
G2N,train,563,True,False,True,False,False
G2N,train,564,True,False,True,False,False
G2N,train,565,False,True,False,False,False
G2N,train,566,True,False,True,False,False
G2N,train,567,True,False,True,False,False
G2N,train,568,True,False,True,False,False
G2N,train,569,False,True,False,False,False
G2N,train,570,True,False,True,False,False
G2N,train,571,True,False,True,False,False
G2N,train,572,True,False,True,False,False
G2N,train,573,True,False,True,False,False
G2N,train,574,False,False,False,False,True
G2N,train,575,True,False,True,False,False
G2N,train,576,False,False,False,False,True
G2N,train,577,True,False,True,False,False
G2N,train,578,False,True,False,False,False
G2N,train,579,True,False,True,False,False
G2N,train,580,True,False,True,False,False
G2N,train,581,False,True,False,False,False
G2N,train,582,True,False,True,False,False
G2N,train,583,True,False,True,False,False
G2N,train,584,False,True,False,False,False
G2N,train,585,True,False,True,False,False
G2N,train,586,False,True,False,False,False
G2N,train,587,True,False,True,False,False
G2N,train,588,False,True,False,False,False
G2N,train,589,True,False,True,False,False
G2N,train,590,True,False,True,False,False
G2N,train,591,True,False,True,False,False
G2N,train,592,False,True,False,False,False
G2N,train,593,True,False,True,False,False
G2N,train,594,True,False,True,False,False
G2N,train,595,True,False,True,False,False
G2N,train,596,True,False,True,False,False
G2N,train,597,True,False,True,False,False
G2N,train,598,False,True,False,False,False
G2N,train,599,True,False,True,False,False
G2N,train,600,False,True,False,False,False
G2N,train,601,True,False,True,False,False
G2N,train,602,True,False,True,False,False
G2N,train,603,False,True,False,False,False
G2N,train,604,True,False,True,False,False
G2N,train,605,True,False,True,False,False
G2N,train,606,True,False,True,False,False
G2N,train,607,True,False,True,False,False
G2N,train,608,False,True,False,False,False
G2N,train,609,True,False,True,False,False
G2N,train,610,True,False,True,False,False
G2N,train,611,True,False,True,False,False
G2N,train,612,True,False,True,False,False
G2N,train,613,True,False,True,False,False
G2N,train,614,True,False,True,False,False
G2N,train,615,True,False,True,False,False
G2N,train,616,False,True,False,False,False
G2N,train,617,False,True,False,False,False
G2N,train,618,True,False,True,False,False
G2N,train,619,True,False,True,False,False
G2N,train,620,True,False,True,False,False
G2N,train,621,True,False,True,False,False
G2N,train,622,True,False,True,False,False
G2N,train,623,True,False,True,False,False
G2N,train,624,True,False,True,False,False
G2N,train,625,True,False,True,False,False
G2N,train,626,True,False,True,False,False
G2N,train,627,True,False,True,False,False
G2N,train,628,False,True,False,False,False
G2N,train,629,False,False,False,False,True
G2N,train,630,False,False,False,False,True
G2N,train,631,False,True,False,False,False
G2N,train,632,False,True,False,False,False
G2N,train,633,True,False,True,False,False
G2N,train,634,True,False,True,False,False
G2N,train,635,True,False,True,False,False
G2N,train,636,False,False,False,False,True
G2N,train,637,True,False,True,False,False
G2N,train,638,True,False,True,False,False
G2N,train,639,True,False,True,False,False
G2N,train,640,True,False,True,False,False
G2N,train,641,True,False,True,False,False
G2N,train,642,True,False,True,False,False
G2N,train,643,True,False,True,False,False
G2N,train,644,True,False,True,False,False
G2N,train,645,False,False,False,False,True
G2N,train,646,True,False,True,False,False
G2N,train,647,False,False,False,False,True
G2N,train,648,False,True,False,False,False
G2N,train,649,True,False,True,False,False
G2N,train,650,True,False,True,False,False
G2N,train,651,True,False,True,False,False
G2N,train,652,False,True,False,False,False
G2N,train,653,True,False,True,False,False
G2N,train,654,True,False,True,False,False
G2N,train,655,True,False,True,False,False
G2N,train,656,False,False,False,False,True
G2N,train,657,True,False,True,False,False
G2N,train,658,False,True,False,False,False
G2N,train,659,True,False,True,False,False
G2N,train,660,True,False,True,False,False
G2N,train,661,False,True,False,False,False
G2N,train,662,True,False,True,False,False
G2N,train,663,True,False,True,False,False
G2N,train,664,True,False,True,False,False
G2N,train,665,False,True,False,False,False
G2N,train,666,False,True,False,False,False
G2N,train,667,False,True,False,False,False
G2N,train,668,True,False,True,False,False
G2N,train,669,True,False,True,False,False
G2N,train,670,False,True,False,False,False
G2N,train,671,True,False,True,False,False
G2N,train,672,False,True,False,False,False
G2N,train,673,False,True,False,False,False
G2N,train,674,False,True,False,False,False
G2N,train,675,True,False,True,False,False
G2N,train,676,False,True,False,False,False
G2N,train,677,False,True,False,False,False
G2N,train,678,True,False,True,False,False
G2N,train,679,True,False,True,False,False
G2N,train,680,False,True,False,False,False
G2N,train,681,True,False,True,False,False
G2N,train,682,True,False,True,False,False
G2N,train,683,False,True,False,False,False
G2N,train,684,True,False,True,False,False
G2N,train,685,False,True,False,False,False
G2N,train,686,True,False,True,False,False
G2N,train,687,True,False,True,False,False
G2N,train,688,False,False,False,False,True
G2N,train,689,False,True,False,False,False
G2N,train,690,False,True,False,False,False
G2N,train,691,False,True,False,False,False
G2N,train,692,True,False,True,False,False
G2N,train,693,True,False,True,False,False
G2N,train,694,True,False,True,False,False
G2N,train,695,False,True,False,False,False
G2N,train,696,True,False,True,False,False
G2N,train,697,True,False,True,False,False
G2N,train,698,True,False,True,False,False
G2N,train,699,True,False,True,False,False
G2N,train,700,False,True,False,False,False
G2N,train,701,True,False,True,False,False
G2N,train,702,True,False,True,False,False
G2N,train,703,True,False,True,False,False
G2N,train,704,True,False,True,False,False
G2N,train,705,False,True,False,False,False
G2N,train,706,True,False,True,False,False
G2N,train,707,True,False,True,False,False
G2N,train,708,True,False,True,False,False
G2N,train,709,True,False,True,False,False
G2N,train,710,False,False,False,False,True
G2N,train,711,True,False,True,False,False
G2N,train,712,False,True,False,False,False
G2N,train,713,True,False,True,False,False
G2N,train,714,True,False,True,False,False
G2N,train,715,False,True,False,False,False
G2N,train,716,True,False,True,False,False
G2N,train,717,True,False,True,False,False
G2N,train,718,True,False,True,False,False
G2N,train,719,True,False,True,False,False
G2N,train,720,False,True,False,False,False
G2N,train,721,True,False,True,False,False
G2N,train,722,False,True,False,False,False
G2N,train,723,False,False,False,False,True
G2N,train,724,True,False,True,False,False
G2N,train,725,True,False,True,False,False
G2N,train,726,False,False,False,False,True
G2N,train,727,False,True,False,False,False
G2N,train,728,True,False,True,False,False
G2N,train,729,True,False,True,False,False
G2N,train,730,False,True,False,False,False
G2N,train,731,True,False,True,False,False
G2N,train,732,True,False,True,False,False
G2N,train,733,True,False,True,False,False
G2N,train,734,False,True,False,False,False
G2N,train,735,False,False,False,False,True
G2N,train,736,True,False,True,False,False
G2N,train,737,False,True,False,False,False
G2N,train,738,False,False,False,False,True
G2N,train,739,True,False,True,False,False
G2N,train,740,True,False,True,False,False
G2N,train,741,True,False,True,False,False
G2N,train,742,False,True,False,False,False
G2N,train,743,True,False,True,False,False
G2N,train,744,True,False,True,False,False
G2N,train,745,False,True,False,False,False
G2N,train,746,True,False,True,False,False
G2N,train,747,True,False,True,False,False
G2N,train,748,False,False,False,False,True
G2N,train,749,True,False,True,False,False
G2N,train,750,False,True,False,False,False
G2N,train,751,True,False,True,False,False
G2N,train,752,False,False,False,False,True
G2N,train,753,True,False,True,False,False
G2N,train,754,True,False,True,False,False
G2N,train,755,True,False,True,False,False
G2W,train,1,False,True,False,False,False
G2W,train,2,False,True,False,False,False
G2W,train,3,False,True,False,False,False
G2W,train,4,False,True,False,False,False
G2W,train,5,False,True,False,False,False
G2W,train,6,False,True,False,False,False
G2W,train,7,True,False,True,False,False
G2W,train,8,True,False,True,False,False
G2W,train,9,False,True,False,False,False
G2W,train,10,False,True,False,False,False
G2W,train,11,False,True,False,False,False
G2W,train,12,False,True,False,False,False
G2W,train,13,False,True,False,False,False
G2W,train,14,False,True,False,False,False
G2W,train,15,False,True,False,False,False
G2W,train,16,False,True,False,False,False
G2W,train,17,False,True,False,False,False
G2W,train,18,False,False,False,False,True
G2W,train,19,False,True,False,False,False
G2W,train,20,False,True,False,False,False
G2W,train,21,False,True,False,False,False
G2W,train,22,False,True,False,False,False
G2W,train,23,True,False,True,False,False
G2W,train,24,True,False,True,False,False
G2W,train,25,True,False,True,False,False
G2W,train,26,True,False,True,False,False
G2W,train,27,True,False,True,False,False
G2W,train,28,False,True,False,False,False
G2W,train,29,True,False,True,False,False
G2W,train,30,False,True,False,False,False
G2W,train,31,False,True,False,False,False
G2W,train,32,False,True,False,False,False
G2W,train,33,True,False,True,False,False
G2W,train,34,False,False,False,False,True
G2W,train,35,False,True,False,False,False
G2W,train,36,True,False,True,False,False
G2W,train,37,False,True,False,False,False
G2W,train,38,False,True,False,False,False
G2W,train,39,True,False,True,False,False
G2W,train,40,False,True,False,False,False
G2W,train,41,True,False,True,False,False
G2W,train,42,False,True,False,False,False
G2W,train,43,False,True,False,False,False
G2W,train,44,False,True,False,False,False
G2W,train,45,False,True,False,False,False
G2W,train,46,False,True,False,False,False
G2W,train,47,True,False,True,False,False
G2W,train,48,False,True,False,False,False
G2W,train,49,False,True,False,False,False
G2W,train,50,False,True,False,False,False
G2W,train,51,False,True,False,False,False
G2W,train,52,True,False,True,False,False
G2W,train,53,True,False,True,False,False
G2W,train,54,True,False,True,False,False
G2W,train,55,True,False,True,False,False
G2W,train,56,True,False,True,False,False
G2W,train,57,False,True,False,False,False
G2W,train,58,True,False,True,False,False
G2W,train,59,False,True,False,False,False
G2W,train,60,True,False,True,False,False
G2W,train,61,True,False,True,False,False
G2W,train,62,False,True,False,False,False
G2W,train,63,True,False,True,False,False
G2W,train,64,True,False,True,False,False
G2W,train,65,False,True,False,False,False
G2W,train,66,False,True,False,False,False
G2W,train,67,False,True,False,False,False
G2W,train,68,False,True,False,False,False
G2W,train,69,False,True,False,False,False
G2W,train,70,False,False,False,False,True
G2W,train,71,True,False,True,False,False
G2W,train,72,True,False,True,False,False
G2W,train,73,False,True,False,False,False
G2W,train,74,True,False,True,False,False
G2W,train,75,True,False,True,False,False
G2W,train,76,False,True,False,False,False
G2W,train,77,True,False,True,False,False
G2W,train,78,True,False,True,False,False
G2W,train,79,False,True,False,False,False
G2W,train,80,True,False,True,False,False
G2W,train,81,True,False,True,False,False
G2W,train,82,False,True,False,False,False
G2W,train,83,False,True,False,False,False
G2W,train,84,True,False,True,False,False
G2W,train,85,False,True,False,False,False
G2W,train,86,True,False,True,False,False
G2W,train,87,False,True,False,False,False
G2W,train,88,False,True,False,False,False
G2W,train,89,False,True,False,False,False
G2W,train,90,False,True,False,False,False
G2W,train,91,True,False,True,False,False
G2W,train,92,False,True,False,False,False
G2W,train,93,False,True,False,False,False
G2W,train,94,True,False,True,False,False
G2W,train,95,True,False,True,False,False
G2W,train,96,False,True,False,False,False
G2W,train,97,True,False,True,False,False
G2W,train,98,False,True,False,False,False
G2W,train,99,True,False,True,False,False
G2W,train,100,True,False,True,False,False
G2W,train,101,False,True,False,False,False
G2W,train,102,False,True,False,False,False
G2W,train,103,True,False,True,False,False
G2W,train,104,True,False,True,False,False
G2W,train,105,False,True,False,False,False
G2W,train,106,False,True,False,False,False
G2W,train,107,True,False,True,False,False
G2W,train,108,True,False,True,False,False
G2W,train,109,False,True,False,False,False
G2W,train,110,True,False,True,False,False
G2W,train,111,False,True,False,False,False
G2W,train,112,False,True,False,False,False
G2W,train,113,False,True,False,False,False
G2W,train,114,False,True,False,False,False
G2W,train,115,False,True,False,False,False
G2W,train,116,False,False,False,False,True
G2W,train,117,False,True,False,False,False
G2W,train,118,False,False,False,False,True
G2W,train,119,False,True,False,False,False
G2W,train,120,True,False,True,False,False
G2W,train,121,True,False,True,False,False
G2W,train,122,False,True,False,False,False
G2W,train,123,True,False,True,False,False
G2W,train,124,False,True,False,False,False
G2W,train,125,True,False,True,False,False
G2W,train,126,True,False,True,False,False
G2W,train,127,False,True,False,False,False
G2W,train,128,False,True,False,False,False
G2W,train,129,True,False,True,False,False
G2W,train,130,False,True,False,False,False
G2W,train,131,False,True,False,False,False
G2W,train,132,False,True,False,False,False
G2W,train,133,False,True,False,False,False
G2W,train,134,False,True,False,False,False
G2W,train,135,True,False,True,False,False
G2W,train,136,False,True,False,False,False
G2W,train,137,False,True,False,False,False
G2W,train,138,True,False,True,False,False
G2W,train,139,True,False,True,False,False
G2W,train,140,True,False,True,False,False
G2W,train,141,False,True,False,False,False
G2W,train,142,True,False,True,False,False
G2W,train,143,False,True,False,False,False
G2W,train,144,False,True,False,False,False
G2W,train,145,False,True,False,False,False
G2W,train,146,False,True,False,False,False
G2W,train,147,True,False,True,False,False
G2W,train,148,False,True,False,False,False
G2W,train,149,True,False,True,False,False
G2W,train,150,True,False,True,False,False
G2W,train,151,True,False,True,False,False
G2W,train,152,False,True,False,False,False
G2W,train,153,False,False,False,False,True
G2W,train,154,False,True,False,False,False
G2W,train,155,False,True,False,False,False
G2W,train,156,True,False,True,False,False
G2W,train,157,False,True,False,False,False
G2W,train,158,True,False,True,False,False
G2W,train,159,False,True,False,False,False
G2W,train,160,False,True,False,False,False
G2W,train,161,False,True,False,False,False
G2W,train,162,False,False,False,False,True
G2W,train,163,False,True,False,False,False
G2W,train,164,True,False,True,False,False
G2W,train,165,False,True,False,False,False
G2W,train,166,True,False,True,False,False
G2W,train,167,True,False,True,False,False
G2W,train,168,True,False,True,False,False
G2W,train,169,True,False,True,False,False
G2W,train,170,False,False,False,False,True
G2W,train,171,True,False,True,False,False
G2W,train,172,True,False,True,False,False
G2W,train,173,True,False,True,False,False
G2W,train,174,False,True,False,False,False
G2W,train,175,True,False,True,False,False
G2W,train,176,True,False,True,False,False
G2W,train,177,True,False,True,False,False
G2W,train,178,False,True,False,False,False
G2W,train,179,False,True,False,False,False
G2W,train,180,True,False,True,False,False
G2W,train,181,True,False,True,False,False
G2W,train,182,True,False,True,False,False
G2W,train,183,False,True,False,False,False
G2W,train,184,True,False,True,False,False
G2W,train,185,False,False,False,False,True
G2W,train,186,True,False,True,False,False
G2W,train,187,True,False,True,False,False
G2W,train,188,True,False,True,False,False
G2W,train,189,False,True,False,False,False
G2W,train,190,True,False,True,False,False
G2W,train,191,True,False,True,False,False
G2W,train,192,False,True,False,False,False
G2W,train,193,True,False,True,False,False
G2W,train,194,True,False,True,False,False
G2W,train,195,False,True,False,False,False
G2W,train,196,False,True,False,False,False
G2W,train,197,False,True,False,False,False
G2W,train,198,True,False,True,False,False
G2W,train,199,True,False,True,False,False
G2W,train,200,True,False,True,False,False
G2W,train,201,False,True,False,False,False
G2W,train,202,True,False,True,False,False
G2W,train,203,False,True,False,False,False
G2W,train,204,False,True,False,False,False
G2W,train,205,True,False,True,False,False
G2W,train,206,True,False,True,False,False
G2W,train,207,True,False,True,False,False
G2W,train,208,True,False,True,False,False
G2W,train,209,False,True,False,False,False
G2W,train,210,True,False,True,False,False
G2W,train,211,True,False,True,False,False
G2W,train,212,False,True,False,False,False
G2W,train,213,False,True,False,False,False
G2W,train,214,False,True,False,False,False
G2W,train,215,True,False,True,False,False
G2W,train,216,True,False,True,False,False
G2W,train,217,True,False,True,False,False
G2W,train,218,True,False,True,False,False
G2W,train,219,True,False,True,False,False
G2W,train,220,True,False,True,False,False
G2W,train,221,False,True,False,False,False
G2W,train,222,False,True,False,False,False
G2W,train,223,True,False,True,False,False
G2W,train,224,False,True,False,False,False
G2W,train,225,False,True,False,False,False
G2W,train,226,True,False,True,False,False
G2W,train,227,True,False,True,False,False
G2W,train,228,True,False,True,False,False
G2W,train,229,True,False,True,False,False
G2W,train,230,True,False,True,False,False
G2W,train,231,False,True,False,False,False
G2W,train,232,False,True,False,False,False
G2W,train,233,True,False,True,False,False
G2W,train,234,False,True,False,False,False
G2W,train,235,True,False,True,False,False
G2W,train,236,False,True,False,False,False
G2W,train,237,True,False,True,False,False
G2W,train,238,False,True,False,False,False
G2W,train,239,True,False,True,False,False
G2W,train,240,True,False,True,False,False
G2W,train,241,True,False,True,False,False
G2W,train,242,False,True,False,False,False
G2W,train,243,True,False,True,False,False
G2W,train,244,False,True,False,False,False
G2W,train,245,True,False,True,False,False
G2W,train,246,False,False,False,False,True
G2W,train,247,True,False,True,False,False
G2W,train,248,False,True,False,False,False
G2W,train,249,False,True,False,False,False
G2W,train,250,False,True,False,False,False
G2W,train,251,False,True,False,False,False
G2W,train,252,False,True,False,False,False
G2W,train,253,True,False,True,False,False
G2W,train,254,True,False,True,False,False
G2W,train,255,True,False,True,False,False
G2W,train,256,True,False,True,False,False
G2W,train,257,False,True,False,False,False
G2W,train,258,False,True,False,False,False
G2W,train,259,True,False,True,False,False
G2W,train,260,True,False,True,False,False
G2W,train,261,True,False,True,False,False
G2W,train,262,False,True,False,False,False
G2W,train,263,False,True,False,False,False
G2W,train,264,True,False,True,False,False
G2W,train,265,False,True,False,False,False
G2W,train,266,True,False,True,False,False
G2W,train,267,False,False,False,False,True
G2W,train,268,False,True,False,False,False
G2W,train,269,True,False,True,False,False
G2W,train,270,True,False,True,False,False
G2W,train,271,True,False,True,False,False
G2W,train,272,False,True,False,False,False
G2W,train,273,False,True,False,False,False
G2W,train,274,False,True,False,False,False
G2W,train,275,False,True,False,False,False
G2W,train,276,False,True,False,False,False
G2W,train,277,False,True,False,False,False
G2W,train,278,False,True,False,False,False
G2W,train,279,True,False,True,False,False
G2W,train,280,True,False,True,False,False
G2W,train,281,False,True,False,False,False
G2W,train,282,False,True,False,False,False
G2W,train,283,True,False,True,False,False
G2W,train,284,True,False,True,False,False
G2W,train,285,True,False,True,False,False
G2W,train,286,False,False,False,False,True
G2W,train,287,False,False,False,False,True
G2W,train,288,True,False,True,False,False
G2W,train,289,True,False,True,False,False
G2W,train,290,False,True,False,False,False
G2W,train,291,False,True,False,False,False
G2W,train,292,False,True,False,False,False
G2W,train,293,False,True,False,False,False
G2W,train,294,True,False,True,False,False
G2W,train,295,False,True,False,False,False
G2W,train,296,True,False,True,False,False
G2W,train,297,True,False,True,False,False
G2W,train,298,True,False,True,False,False
G2W,train,299,True,False,True,False,False
G2W,train,300,False,True,False,False,False
G2W,train,301,True,False,True,False,False
G2W,train,302,False,True,False,False,False
G2W,train,303,True,False,True,False,False
G2W,train,304,False,True,False,False,False
G2W,train,305,True,False,True,False,False
G2W,train,306,False,True,False,False,False
G2W,train,307,True,False,True,False,False
G2W,train,308,True,False,True,False,False
G2W,train,309,True,False,True,False,False
G2W,train,310,True,False,True,False,False
G2W,train,311,True,False,True,False,False
G2W,train,312,True,False,True,False,False
G2W,train,313,False,True,False,False,False
G2W,train,314,True,False,True,False,False
G2W,train,315,False,False,False,False,True
G2W,train,316,True,False,True,False,False
G2W,train,317,True,False,True,False,False
G2W,train,318,False,True,False,False,False
G2W,train,319,True,False,True,False,False
G2W,train,320,True,False,True,False,False
G2W,train,321,True,False,True,False,False
G2W,train,322,True,False,True,False,False
G2W,train,323,False,True,False,False,False
G2W,train,324,True,False,True,False,False
G2W,train,325,False,False,False,False,True
G2W,train,326,True,False,True,False,False
G2W,train,327,True,False,True,False,False
G2W,train,328,False,False,False,False,True
G2W,train,329,False,True,False,False,False
G2W,train,330,True,False,True,False,False
G2W,train,331,True,False,True,False,False
G2W,train,332,True,False,True,False,False
G2W,train,333,False,True,False,False,False
G2W,train,334,True,False,True,False,False
G2W,train,335,False,True,False,False,False
G2W,train,336,True,False,True,False,False
G2W,train,337,True,False,True,False,False
G2W,train,338,True,False,True,False,False
G2W,train,339,True,False,True,False,False
G2W,train,340,True,False,True,False,False
G2W,train,341,False,True,False,False,False
G2W,train,342,True,False,True,False,False
G2W,train,343,False,True,False,False,False
G2W,train,344,True,False,True,False,False
G2W,train,345,True,False,True,False,False
G2W,train,346,False,True,False,False,False
G2W,train,347,False,True,False,False,False
G2W,train,348,True,False,True,False,False
G2W,train,349,True,False,True,False,False
G2W,train,350,True,False,True,False,False
G2W,train,351,True,False,True,False,False
G2W,train,352,False,True,False,False,False
G2W,train,353,False,False,False,False,True
G2W,train,354,True,False,True,False,False
G2W,train,355,True,False,True,False,False
G2W,train,356,True,False,True,False,False
G2W,train,357,True,False,True,False,False
G2W,train,358,True,False,True,False,False
G2W,train,359,True,False,True,False,False
G2W,train,360,True,False,True,False,False
G2W,train,361,False,True,False,False,False
G2W,train,362,False,False,False,False,True
G2W,train,363,False,True,False,False,False
G2W,train,364,True,False,True,False,False
G2W,train,365,True,False,True,False,False
G2W,train,366,True,False,True,False,False
G2W,train,367,False,True,False,False,False
G2W,train,368,True,False,True,False,False
G2W,train,369,True,False,True,False,False
G2W,train,370,False,True,False,False,False
G2W,train,371,True,False,True,False,False
G2W,train,372,False,True,False,False,False
G2W,train,373,True,False,True,False,False
G2W,train,374,False,True,False,False,False
G2W,train,375,False,True,False,False,False
G2W,train,376,True,False,True,False,False
G2W,train,377,True,False,True,False,False
G2W,train,378,True,False,True,False,False
G2W,train,379,True,False,True,False,False
G2W,train,380,True,False,True,False,False
G2W,train,381,True,False,True,False,False
G2W,train,382,True,False,True,False,False
G2W,train,383,True,False,True,False,False
G2W,train,384,True,False,True,False,False
G2W,train,385,False,True,False,False,False
G2W,train,386,False,True,False,False,False
G2W,train,387,True,False,True,False,False
G2W,train,388,True,False,True,False,False
G2W,train,389,False,True,False,False,False
G2W,train,390,True,False,True,False,False
G2W,train,391,True,False,True,False,False
G2W,train,392,False,True,False,False,False
G2W,train,393,False,False,False,False,True
G2W,train,394,True,False,True,False,False
G2W,train,395,True,False,True,False,False
G2W,train,396,False,True,False,False,False
G2W,train,397,True,False,True,False,False
G2W,train,398,False,True,False,False,False
G2W,train,399,False,True,False,False,False
G2W,train,400,True,False,True,False,False
G2W,train,401,True,False,True,False,False
G2W,train,402,True,False,True,False,False
G2W,train,403,True,False,True,False,False
G2W,train,404,False,True,False,False,False
G2W,train,405,True,False,True,False,False
G2W,train,406,True,False,True,False,False
G2W,train,407,False,True,False,False,False
G2W,train,408,True,False,True,False,False
G2W,train,409,True,False,True,False,False
G2W,train,410,False,True,False,False,False
G2W,train,411,False,False,False,False,True
G2W,train,412,True,False,True,False,False
G2W,train,413,True,False,True,False,False
G2W,train,414,True,False,True,False,False
G2W,train,415,True,False,True,False,False
G2W,train,416,False,True,False,False,False
G2W,train,417,False,True,False,False,False
G2W,train,418,True,False,True,False,False
G2W,train,419,True,False,True,False,False
G2W,train,420,False,True,False,False,False
G2W,train,421,False,True,False,False,False
G2W,train,422,True,False,True,False,False
G2W,train,423,True,False,True,False,False
G2W,train,424,False,True,False,False,False
G2W,train,425,True,False,True,False,False
G2W,train,426,True,False,True,False,False
G2W,train,427,False,True,False,False,False
G2W,train,428,False,True,False,False,False
G2W,train,429,True,False,True,False,False
G2W,train,430,True,False,True,False,False
G2W,train,431,False,True,False,False,False
G2W,train,432,False,False,False,False,True
G2W,train,433,True,False,True,False,False
G2W,train,434,True,False,True,False,False
G2W,train,435,True,False,True,False,False
G2W,train,436,False,True,False,False,False
G2W,train,437,False,True,False,False,False
G2W,train,438,True,False,True,False,False
G2W,train,439,True,False,True,False,False
G2W,train,440,True,False,True,False,False
G2W,train,441,False,True,False,False,False
G2W,train,442,True,False,True,False,False
G2W,train,443,False,False,False,False,True
G2W,train,444,True,False,True,False,False
G2W,train,445,True,False,True,False,False
G2W,train,446,True,False,True,False,False
G2W,train,447,True,False,True,False,False
G2W,train,448,False,False,False,False,True
G2W,train,449,True,False,True,False,False
G2W,train,450,True,False,True,False,False
G2W,train,451,True,False,True,False,False
G2W,train,452,True,False,True,False,False
G2W,train,453,True,False,True,False,False
G2W,train,454,True,False,True,False,False
G2W,train,455,True,False,True,False,False
G2W,train,456,True,False,True,False,False
G2W,train,457,False,True,False,False,False
G2W,train,458,True,False,True,False,False
G2W,train,459,True,False,True,False,False
G2W,train,460,False,True,False,False,False
G2W,train,461,True,False,True,False,False
G2W,train,462,False,True,False,False,False
G2W,train,463,True,False,True,False,False
G2W,train,464,False,True,False,False,False
G2W,train,465,False,False,False,False,True
G2W,train,466,False,False,False,False,True
G2W,train,467,False,True,False,False,False
G2W,train,468,True,False,True,False,False
G2W,train,469,True,False,True,False,False
G2W,train,470,True,False,True,False,False
G2W,train,471,False,True,False,False,False
G2W,train,472,True,False,True,False,False
G2W,train,473,False,True,False,False,False
G2W,train,474,False,True,False,False,False
G2W,train,475,False,True,False,False,False
G2W,train,476,True,False,True,False,False
G2W,train,477,True,False,True,False,False
G2W,train,478,True,False,True,False,False
G2W,train,479,True,False,True,False,False
G2W,train,480,False,False,False,False,True
G2W,train,481,False,True,False,False,False
G2W,train,482,True,False,True,False,False
G2W,train,483,False,True,False,False,False
G2W,train,484,True,False,True,False,False
G2W,train,485,True,False,True,False,False
G2W,train,486,False,True,False,False,False
G2W,train,487,True,False,True,False,False
G2W,train,488,True,False,True,False,False
G2W,train,489,True,False,True,False,False
G2W,train,490,True,False,True,False,False
G2W,train,491,True,False,True,False,False
G2W,train,492,False,False,False,False,True
G2W,train,493,False,True,False,False,False
G2W,train,494,True,False,True,False,False
G2W,train,495,False,True,False,False,False
G2W,train,496,True,False,True,False,False
G2W,train,497,False,True,False,False,False
G2W,train,498,True,False,True,False,False
G2W,train,499,True,False,True,False,False
G2W,train,500,False,True,False,False,False
G2W,train,501,True,False,True,False,False
G2W,train,502,True,False,True,False,False
G2W,train,503,False,True,False,False,False
G2W,train,504,False,True,False,False,False
G2W,train,505,False,True,False,False,False
G2W,train,506,True,False,True,False,False
G2W,train,507,False,False,False,False,True
G2W,train,508,False,False,False,False,True
G2W,train,509,True,False,True,False,False
G2W,train,510,True,False,True,False,False
G2W,train,511,True,False,True,False,False
G2W,train,512,True,False,True,False,False
G2W,train,513,True,False,True,False,False
G2W,train,514,True,False,True,False,False
G2W,train,515,True,False,True,False,False
G2W,train,516,True,False,True,False,False
G2W,train,517,False,False,False,False,True
G2W,train,518,True,False,True,False,False
G2W,train,519,True,False,True,False,False
G2W,train,520,True,False,True,False,False
G2W,train,521,False,True,False,False,False
G2W,train,522,True,False,True,False,False
G2W,train,523,True,False,True,False,False
G2W,train,524,True,False,True,False,False
G2W,train,525,True,False,True,False,False
G2W,train,526,True,False,True,False,False
G2W,train,527,False,True,False,False,False
G2W,train,528,True,False,True,False,False
G2W,train,529,True,False,True,False,False
G2W,train,530,False,True,False,False,False
G2W,train,531,True,False,True,False,False
G2W,train,532,True,False,True,False,False
G2W,train,533,True,False,True,False,False
G2W,train,534,True,False,True,False,False
G2W,train,535,False,True,False,False,False
G2W,train,536,True,False,True,False,False
G2W,train,537,True,False,True,False,False
G2W,train,538,False,True,False,False,False
G2W,train,539,True,False,True,False,False
G2W,train,540,False,True,False,False,False
G2W,train,541,True,False,True,False,False
G2W,train,542,False,True,False,False,False
G2W,train,543,True,False,True,False,False
G2W,train,544,True,False,True,False,False
G2W,train,545,True,False,True,False,False
G2W,train,546,True,False,True,False,False
G2W,train,547,True,False,True,False,False
G2W,train,548,True,False,True,False,False
G2W,train,549,True,False,True,False,False
G2W,train,550,True,False,True,False,False
G2W,train,551,True,False,True,False,False
G2W,train,552,True,False,True,False,False
G2W,train,553,True,False,True,False,False
G2W,train,554,True,False,True,False,False
G2W,train,555,True,False,True,False,False
G2W,train,556,True,False,True,False,False
G2W,train,557,False,True,False,False,False
G2W,train,558,True,False,True,False,False
G2W,train,559,False,False,False,False,True
G2W,train,560,False,True,False,False,False
G2W,train,561,True,False,True,False,False
G2W,train,562,True,False,True,False,False
G2W,train,563,True,False,True,False,False
G2W,train,564,True,False,True,False,False
G2W,train,565,True,False,True,False,False
G2W,train,566,False,True,False,False,False
G2W,train,567,True,False,True,False,False
G2W,train,568,True,False,True,False,False
G2W,train,569,True,False,True,False,False
G2W,train,570,False,False,False,False,True
G2W,train,571,False,True,False,False,False
G2W,train,572,True,False,True,False,False
G2W,train,573,True,False,True,False,False
G2W,train,574,True,False,True,False,False
G2W,train,575,True,False,True,False,False
G2W,train,576,False,True,False,False,False
G2W,train,577,True,False,True,False,False
G2W,train,578,True,False,True,False,False
G2W,train,579,True,False,True,False,False
G2W,train,580,True,False,True,False,False
G2W,train,581,False,True,False,False,False
G2W,train,582,True,False,True,False,False
G2W,train,583,False,True,False,False,False
G2W,train,584,True,False,True,False,False
G2W,train,585,True,False,True,False,False
G2W,train,586,True,False,True,False,False
G2W,train,587,False,True,False,False,False
G2W,train,588,True,False,True,False,False
G2W,train,589,True,False,True,False,False
G2W,train,590,True,False,True,False,False
G3N,train,1,False,True,False,False,False
G3N,train,2,False,True,False,False,False
G3N,train,3,False,True,False,False,False
G3N,train,4,False,True,False,False,False
G3N,train,5,False,True,False,False,False
G3N,train,6,False,True,False,False,False
G3N,train,7,False,True,False,False,False
G3N,train,8,False,True,False,False,False
G3N,train,9,False,True,False,False,False
G3N,train,10,False,True,False,False,False
G3N,train,11,False,True,False,False,False
G3N,train,12,False,True,False,False,False
G3N,train,13,False,True,False,False,False
G3N,train,14,False,True,False,False,False
G3N,train,15,False,True,False,False,False
G3N,train,16,False,True,False,False,False
G3N,train,17,False,True,False,False,False
G3N,train,18,False,True,False,False,False
G3N,train,19,False,True,False,False,False
G3N,train,20,False,True,False,False,False
G3N,train,21,False,True,False,False,False
G3N,train,22,False,True,False,False,False
G3N,train,23,False,True,False,False,False
G3N,train,24,False,True,False,False,False
G3N,train,25,False,True,False,False,False
G3N,train,26,False,True,False,False,False
G3N,train,27,False,True,False,False,False
G3N,train,28,False,True,False,False,False
G3N,train,29,False,True,False,False,False
G3N,train,30,False,True,False,False,False
G3N,train,31,False,True,False,False,False
G3N,train,32,False,True,False,False,False
G3N,train,33,False,True,False,False,False
G3N,train,34,False,True,False,False,False
G3N,train,35,False,True,False,False,False
G3N,train,36,False,True,False,False,False
G3N,train,37,False,True,False,False,False
G3N,train,38,False,True,False,False,False
G3N,train,39,False,True,False,False,False
G3N,train,40,False,True,False,False,False
G3N,train,41,False,True,False,False,False
G3N,train,42,False,True,False,False,False
G3N,train,43,True,False,True,False,False
G3N,train,44,False,True,False,False,False
G3N,train,45,False,True,False,False,False
G3N,train,46,False,True,False,False,False
G3N,train,47,False,True,False,False,False
G3N,train,48,False,True,False,False,False
G3N,train,49,False,True,False,False,False
G3N,train,50,False,True,False,False,False
G3N,train,51,False,True,False,False,False
G3N,train,52,False,True,False,False,False
G3N,train,53,False,True,False,False,False
G3N,train,54,False,True,False,False,False
G3N,train,55,False,True,False,False,False
G3N,train,56,False,True,False,False,False
G3N,train,57,False,True,False,False,False
G3N,train,58,False,True,False,False,False
G3N,train,59,False,True,False,False,False
G3N,train,60,False,True,False,False,False
G3N,train,61,False,True,False,False,False
G3N,train,62,False,True,False,False,False
G3N,train,63,False,True,False,False,False
G3N,train,64,False,True,False,False,False
G3N,train,65,False,True,False,False,False
G3N,train,66,False,True,False,False,False
G3N,train,67,False,True,False,False,False
G3N,train,68,False,True,False,False,False
G3N,train,69,False,True,False,False,False
G3N,train,70,False,True,False,False,False
G3N,train,71,False,True,False,False,False
G3N,train,72,False,True,False,False,False
G3N,train,73,False,True,False,False,False
G3N,train,74,True,False,True,False,False
G3N,train,75,False,True,False,False,False
G3N,train,76,False,True,False,False,False
G3N,train,77,False,True,False,False,False
G3N,train,78,False,True,False,False,False
G3N,train,79,False,True,False,False,False
G3N,train,80,False,True,False,False,False
G3N,train,81,False,True,False,False,False
G3N,train,82,False,True,False,False,False
G3N,train,83,False,True,False,False,False
G3N,train,84,False,True,False,False,False
G3N,train,85,False,True,False,False,False
G3N,train,86,False,True,False,False,False
G3N,train,87,False,True,False,False,False
G3N,train,88,False,True,False,False,False
G3N,train,89,False,True,False,False,False
G3N,train,90,False,True,False,False,False
G3N,train,91,False,True,False,False,False
G3N,train,92,False,True,False,False,False
G3N,train,93,False,True,False,False,False
G3N,train,94,True,False,True,False,False
G3N,train,95,False,True,False,False,False
G3N,train,96,False,True,False,False,False
G3N,train,97,False,True,False,False,False
G3N,train,98,False,True,False,False,False
G3N,train,99,False,True,False,False,False
G3N,train,100,False,True,False,False,False
G3N,train,101,False,True,False,False,False
G3N,train,102,False,True,False,False,False
G3N,train,103,False,True,False,False,False
G3N,train,104,False,True,False,False,False
G3N,train,105,False,True,False,False,False
G3N,train,106,False,True,False,False,False
G3N,train,107,False,True,False,False,False
G3N,train,108,False,True,False,False,False
G3N,train,109,False,True,False,False,False
G3N,train,110,False,True,False,False,False
G3N,train,111,False,True,False,False,False
G3N,train,112,False,True,False,False,False
G3N,train,113,False,True,False,False,False
G3N,train,114,False,True,False,False,False
G3N,train,115,False,True,False,False,False
G3N,train,116,False,True,False,False,False
G3N,train,117,False,True,False,False,False
G3N,train,118,False,True,False,False,False
G3N,train,119,False,True,False,False,False
G3N,train,120,False,True,False,False,False
G3N,train,121,False,True,False,False,False
G3N,train,122,False,True,False,False,False
G3N,train,123,False,True,False,False,False
G3N,train,124,False,True,False,False,False
G3N,train,125,False,True,False,False,False
G3N,train,126,False,True,False,False,False
G3N,train,127,False,True,False,False,False
G3N,train,128,False,True,False,False,False
G3N,train,129,False,True,False,False,False
G3N,train,130,False,True,False,False,False
G3N,train,131,False,True,False,False,False
G3N,train,132,False,True,False,False,False
G3N,train,133,True,False,True,False,False
G3N,train,134,False,True,False,False,False
G3N,train,135,False,False,False,False,True
G3N,train,136,False,True,False,False,False
G3N,train,137,False,True,False,False,False
G3N,train,138,False,True,False,False,False
G3N,train,139,False,True,False,False,False
G3N,train,140,False,True,False,False,False
G3N,train,141,False,False,False,False,True
G3N,train,142,False,True,False,False,False
G3N,train,143,False,True,False,False,False
G3N,train,144,False,True,False,False,False
G3N,train,145,False,True,False,False,False
G3N,train,146,False,True,False,False,False
G3N,train,147,False,True,False,False,False
G3N,train,148,False,True,False,False,False
G3N,train,149,False,True,False,False,False
G3N,train,150,False,True,False,False,False
G3N,train,151,False,True,False,False,False
G3N,train,152,False,True,False,False,False
G3N,train,153,False,True,False,False,False
G3N,train,154,False,True,False,False,False
G3N,train,155,False,True,False,False,False
G3N,train,156,False,True,False,False,False
G3N,train,157,False,True,False,False,False
G3N,train,158,False,True,False,False,False
G3N,train,159,False,True,False,False,False
G3N,train,160,False,True,False,False,False
G3N,train,161,False,True,False,False,False
G3N,train,162,False,True,False,False,False
G3N,train,163,False,True,False,False,False
G3N,train,164,False,True,False,False,False
G3N,train,165,True,False,True,False,False
G3N,train,166,False,True,False,False,False
G3N,train,167,False,True,False,False,False
G3N,train,168,False,True,False,False,False
G3N,train,169,False,True,False,False,False
G3N,train,170,False,True,False,False,False
G3N,train,171,False,True,False,False,False
G3N,train,172,False,False,False,False,True
G3N,train,173,False,True,False,False,False
G3N,train,174,False,True,False,False,False
G3N,train,175,False,True,False,False,False
G3N,train,176,False,True,False,False,False
G3N,train,177,False,True,False,False,False
G3N,train,178,False,True,False,False,False
G3N,train,179,False,True,False,False,False
G3N,train,180,False,True,False,False,False
G3N,train,181,False,True,False,False,False
G3N,train,182,False,True,False,False,False
G3N,train,183,False,True,False,False,False
G3N,train,184,False,True,False,False,False
G3N,train,185,True,False,True,False,False
G3N,train,186,False,True,False,False,False
G3N,train,187,False,True,False,False,False
G3N,train,188,False,True,False,False,False
G3N,train,189,False,True,False,False,False
G3N,train,190,False,True,False,False,False
G3N,train,191,False,True,False,False,False
G3N,train,192,False,True,False,False,False
G3N,train,193,False,True,False,False,False
G3N,train,194,False,True,False,False,False
G3N,train,195,False,True,False,False,False
G3N,train,196,False,True,False,False,False
G3N,train,197,False,True,False,False,False
G3N,train,198,False,True,False,False,False
G3N,train,199,False,True,False,False,False
G3N,train,200,False,True,False,False,False
G3N,train,201,False,True,False,False,False
G3N,train,202,False,True,False,False,False
G3N,train,203,False,True,False,False,False
G3N,train,204,False,True,False,False,False
G3N,train,205,False,True,False,False,False
G3N,train,206,False,True,False,False,False
G3N,train,207,False,True,False,False,False
G3N,train,208,False,True,False,False,False
G3N,train,209,False,True,False,False,False
G3N,train,210,False,True,False,False,False
G3N,train,211,False,True,False,False,False
G3N,train,212,False,True,False,False,False
G3N,train,213,False,True,False,False,False
G3N,train,214,False,True,False,False,False
G3N,train,215,False,True,False,False,False
G3N,train,216,False,True,False,False,False
G3N,train,217,False,True,False,False,False
G3N,train,218,False,True,False,False,False
G3N,train,219,True,False,True,False,False
G3N,train,220,False,True,False,False,False
G3N,train,221,False,True,False,False,False
G3N,train,222,False,True,False,False,False
G3N,train,223,False,True,False,False,False
G3N,train,224,False,True,False,False,False
G3N,train,225,False,True,False,False,False
G3N,train,226,False,True,False,False,False
G3N,train,227,True,False,True,False,False
G3N,train,228,False,True,False,False,False
G3N,train,229,False,True,False,False,False
G3N,train,230,False,True,False,False,False
G3N,train,231,True,False,True,False,False
G3N,train,232,False,True,False,False,False
G3N,train,233,False,True,False,False,False
G3N,train,234,False,True,False,False,False
G3N,train,235,False,True,False,False,False
G3N,train,236,False,True,False,False,False
G3N,train,237,False,True,False,False,False
G3N,train,238,False,True,False,False,False
G3N,train,239,False,True,False,False,False
G3N,train,240,False,True,False,False,False
G3N,train,241,False,True,False,False,False
G3N,train,242,False,True,False,False,False
G3N,train,243,False,True,False,False,False
G3N,train,244,False,True,False,False,False
G3N,train,245,False,True,False,False,False
G3N,train,246,False,True,False,False,False
G3N,train,247,True,False,True,False,False
G3N,train,248,False,True,False,False,False
G3N,train,249,False,True,False,False,False
G3N,train,250,False,True,False,False,False
G3N,train,251,False,True,False,False,False
G3N,train,252,True,False,True,False,False
G3N,train,253,False,True,False,False,False
G3N,train,254,False,True,False,False,False
G3N,train,255,False,True,False,False,False
G3N,train,256,False,True,False,False,False
G3N,train,257,False,True,False,False,False
G3N,train,258,False,True,False,False,False
G3N,train,259,True,False,True,False,False
G3N,train,260,False,True,False,False,False
G3N,train,261,False,True,False,False,False
G3N,train,262,True,False,True,False,False
G3N,train,263,True,False,True,False,False
G3N,train,264,False,True,False,False,False
G3N,train,265,False,True,False,False,False
G3N,train,266,False,True,False,False,False
G3N,train,267,False,True,False,False,False
G3N,train,268,False,True,False,False,False
G3N,train,269,False,True,False,False,False
G3N,train,270,False,True,False,False,False
G3N,train,271,False,True,False,False,False
G3N,train,272,False,True,False,False,False
G3N,train,273,False,True,False,False,False
G3N,train,274,False,True,False,False,False
G3N,train,275,False,True,False,False,False
G3N,train,276,False,True,False,False,False
G3N,train,277,False,True,False,False,False
G3N,train,278,False,True,False,False,False
G3N,train,279,False,True,False,False,False
G3N,train,280,False,True,False,False,False
G3N,train,281,False,True,False,False,False
G3N,train,282,False,True,False,False,False
G3N,train,283,False,True,False,False,False
G3N,train,284,False,True,False,False,False
G3N,train,285,False,True,False,False,False
G3N,train,286,False,True,False,False,False
G3N,train,287,False,True,False,False,False
G3N,train,288,True,False,True,False,False
G3N,train,289,False,True,False,False,False
G3N,train,290,True,False,True,False,False
G3N,train,291,False,True,False,False,False
G3N,train,292,False,True,False,False,False
G3N,train,293,False,True,False,False,False
G3N,train,294,False,True,False,False,False
G3N,train,295,False,True,False,False,False
G3N,train,296,False,True,False,False,False
G3N,train,297,False,True,False,False,False
G3N,train,298,False,True,False,False,False
G3N,train,299,False,True,False,False,False
G3N,train,300,False,True,False,False,False
G3N,train,301,False,True,False,False,False
G3N,train,302,True,False,True,False,False
G3N,train,303,False,True,False,False,False
G3N,train,304,True,False,True,False,False
G3N,train,305,True,False,True,False,False
G3N,train,306,False,True,False,False,False
G3N,train,307,False,True,False,False,False
G3N,train,308,False,True,False,False,False
G3N,train,309,False,True,False,False,False
G3N,train,310,False,False,False,False,True
G3N,train,311,False,False,False,False,True
G3N,train,312,False,True,False,False,False
G3N,train,313,False,True,False,False,False
G3N,train,314,False,True,False,False,False
G3N,train,315,False,False,False,False,True
G3N,train,316,True,False,True,False,False
G3N,train,317,True,False,True,False,False
G3N,train,318,False,True,False,False,False
G3N,train,319,False,True,False,False,False
G3N,train,320,False,True,False,False,False
G3N,train,321,False,True,False,False,False
G3N,train,322,True,False,True,False,False
G3N,train,323,False,True,False,False,False
G3N,train,324,False,True,False,False,False
G3N,train,325,False,True,False,False,False
G3N,train,326,False,True,False,False,False
G3N,train,327,False,True,False,False,False
G3N,train,328,False,True,False,False,False
G3N,train,329,False,True,False,False,False
G3N,train,330,False,True,False,False,False
G3N,train,331,False,True,False,False,False
G3N,train,332,False,True,False,False,False
G3N,train,333,False,True,False,False,False
G3N,train,334,False,True,False,False,False
G3N,train,335,False,True,False,False,False
G3N,train,336,True,False,True,False,False
G3N,train,337,False,True,False,False,False
G3N,train,338,True,False,True,False,False
G3N,train,339,False,True,False,False,False
G3N,train,340,False,True,False,False,False
G3N,train,341,False,True,False,False,False
G3N,train,342,False,True,False,False,False
G3N,train,343,True,False,True,False,False
G3N,train,344,False,True,False,False,False
G3N,train,345,True,False,True,False,False
G3N,train,346,False,True,False,False,False
G3N,train,347,True,False,True,False,False
G3N,train,348,False,True,False,False,False
G3N,train,349,False,True,False,False,False
G3N,train,350,True,False,True,False,False
G3N,train,351,True,False,True,False,False
G3N,train,352,True,False,True,False,False
G3N,train,353,False,True,False,False,False
G3N,train,354,False,True,False,False,False
G3N,train,355,False,True,False,False,False
G3N,train,356,False,True,False,False,False
G3N,train,357,True,False,True,False,False
G3N,train,358,False,True,False,False,False
G3N,train,359,False,True,False,False,False
G3N,train,360,True,False,True,False,False
G3N,train,361,False,True,False,False,False
G3N,train,362,True,False,True,False,False
G3N,train,363,False,True,False,False,False
G3N,train,364,True,False,True,False,False
G3N,train,365,True,False,True,False,False
G3N,train,366,True,False,True,False,False
G3N,train,367,True,False,True,False,False
G3N,train,368,False,False,False,False,True
G3N,train,369,False,False,False,False,True
G3N,train,370,True,False,True,False,False
G3N,train,371,False,True,False,False,False
G3N,train,372,False,False,False,False,True
G3N,train,373,False,True,False,False,False
G3N,train,374,True,False,True,False,False
G3N,train,375,True,False,True,False,False
G3N,train,376,True,False,True,False,False
G3N,train,377,False,True,False,False,False
G3N,train,378,True,False,True,False,False
G3N,train,379,False,True,False,False,False
G3N,train,380,False,True,False,False,False
G3N,train,381,True,False,True,False,False
G3N,train,382,True,False,True,False,False
G3N,train,383,True,False,True,False,False
G3N,train,384,True,False,True,False,False
G3N,train,385,True,False,True,False,False
G3N,train,386,True,False,True,False,False
G3N,train,387,False,False,False,False,True
G3N,train,388,False,False,False,False,True
G3N,train,389,True,False,True,False,False
G3N,train,390,False,True,False,False,False
G3N,train,391,True,False,True,False,False
G3N,train,392,False,True,False,False,False
G3N,train,393,False,True,False,False,False
G3N,train,394,True,False,True,False,False
G3N,train,395,True,False,True,False,False
G3N,train,396,True,False,True,False,False
G3N,train,397,False,False,False,False,True
G3N,train,398,True,False,True,False,False
G3N,train,399,True,False,True,False,False
G3N,train,400,False,False,False,False,True
G3N,train,401,False,False,False,False,True
G3N,train,402,True,False,True,False,False
G3N,train,403,True,False,True,False,False
G3N,train,404,True,False,True,False,False
G3N,train,405,True,False,True,False,False
G3N,train,406,True,False,True,False,False
G3N,train,407,True,False,True,False,False
G3N,train,408,True,False,True,False,False
G3N,train,409,True,False,True,False,False
G3N,train,410,False,True,False,False,False
G3N,train,411,True,False,True,False,False
G3N,train,412,True,False,True,False,False
G3N,train,413,True,False,True,False,False
G3N,train,414,False,True,False,False,False
G3N,train,415,False,True,False,False,False
G3N,train,416,False,True,False,False,False
G3N,train,417,True,False,True,False,False
G3N,train,418,True,False,True,False,False
G3N,train,419,True,False,True,False,False
G3N,train,420,True,False,True,False,False
G3N,train,421,True,False,True,False,False
G3N,train,422,True,False,True,False,False
G3N,train,423,True,False,True,False,False
G3N,train,424,True,False,True,False,False
G3N,train,425,False,True,False,False,False
G3N,train,426,True,False,True,False,False
G3N,train,427,True,False,True,False,False
G3N,train,428,True,False,True,False,False
G3N,train,429,True,False,True,False,False
G3N,train,430,True,False,True,False,False
G3N,train,431,True,False,True,False,False
G3N,train,432,False,True,False,False,False
G3N,train,433,True,False,True,False,False
G3N,train,434,True,False,True,False,False
G3N,train,435,True,False,True,False,False
G3N,train,436,True,False,True,False,False
G3N,train,437,True,False,True,False,False
G3N,train,438,True,False,True,False,False
G3N,train,439,True,False,True,False,False
G3N,train,440,False,True,False,False,False
G3N,train,441,True,False,True,False,False
G3N,train,442,True,False,True,False,False
G3N,train,443,False,False,False,False,True
G3N,train,444,True,False,True,False,False
G3N,train,445,True,False,True,False,False
G3N,train,446,False,False,False,False,True
G3N,train,447,True,False,True,False,False
G3N,train,448,True,False,True,False,False
G3N,train,449,False,False,False,False,True
G3N,train,450,False,False,False,False,True
G3N,train,451,True,False,True,False,False
G3N,train,452,True,False,True,False,False
G3N,train,453,False,False,False,False,True
G3N,train,454,True,False,True,False,False
G3N,train,455,True,False,True,False,False
G3N,train,456,True,False,True,False,False
G3N,train,457,False,False,False,False,True
G3N,train,458,True,False,True,False,False
G3N,train,459,True,False,True,False,False
G3N,train,460,False,True,False,False,False
G3N,train,461,True,False,True,False,False
G3N,train,462,False,True,False,False,False
G3N,train,463,True,False,True,False,False
G3N,train,464,True,False,True,False,False
G3N,train,465,True,False,True,False,False
G3N,train,466,True,False,True,False,False
G3N,train,467,True,False,True,False,False
G3N,train,468,True,False,True,False,False
G3N,train,469,True,False,True,False,False
G3N,train,470,False,True,False,False,False
G3N,train,471,True,False,True,False,False
G3N,train,472,True,False,True,False,False
G3N,train,473,False,True,False,False,False
G3N,train,474,True,False,True,False,False
G3N,train,475,True,False,True,False,False
G3W,train,1,True,False,True,False,False
G3W,train,2,False,True,False,False,False
G3W,train,3,False,True,False,False,False
G3W,train,4,False,True,False,False,False
G3W,train,5,False,True,False,False,False
G3W,train,6,False,True,False,False,False
G3W,train,7,False,True,False,False,False
G3W,train,8,False,True,False,False,False
G3W,train,9,False,True,False,False,False
G3W,train,10,False,True,False,False,False
G3W,train,11,False,True,False,False,False
G3W,train,12,False,True,False,False,False
G3W,train,13,False,True,False,False,False
G3W,train,14,False,True,False,False,False
G3W,train,15,False,True,False,False,False
G3W,train,16,False,True,False,False,False
G3W,train,17,False,True,False,False,False
G3W,train,18,False,True,False,False,False
G3W,train,19,False,True,False,False,False
G3W,train,20,False,True,False,False,False
G3W,train,21,False,True,False,False,False
G3W,train,22,False,True,False,False,False
G3W,train,23,False,True,False,False,False
G3W,train,24,False,True,False,False,False
G3W,train,25,True,False,True,False,False
G3W,train,26,True,False,True,False,False
G3W,train,27,False,True,False,False,False
G3W,train,28,False,True,False,False,False
G3W,train,29,False,True,False,False,False
G3W,train,30,False,True,False,False,False
G3W,train,31,False,True,False,False,False
G3W,train,32,False,True,False,False,False
G3W,train,33,False,True,False,False,False
G3W,train,34,False,True,False,False,False
G3W,train,35,False,True,False,False,False
G3W,train,36,True,False,True,False,False
G3W,train,37,False,True,False,False,False
G3W,train,38,True,False,True,False,False
G3W,train,39,False,True,False,False,False
G3W,train,40,False,True,False,False,False
G3W,train,41,False,True,False,False,False
G3W,train,42,False,True,False,False,False
G3W,train,43,False,True,False,False,False
G3W,train,44,False,True,False,False,False
G3W,train,45,True,False,True,False,False
G3W,train,46,False,True,False,False,False
G3W,train,47,False,True,False,False,False
G3W,train,48,False,True,False,False,False
G3W,train,49,False,False,False,False,True
G3W,train,50,False,False,False,False,True
G3W,train,51,False,True,False,False,False
G3W,train,52,False,True,False,False,False
G3W,train,53,False,True,False,False,False
G3W,train,54,False,True,False,False,False
G3W,train,55,False,True,False,False,False
G3W,train,56,False,True,False,False,False
G3W,train,57,False,True,False,False,False
G3W,train,58,False,True,False,False,False
G3W,train,59,False,True,False,False,False
G3W,train,60,False,True,False,False,False
G3W,train,61,False,True,False,False,False
G3W,train,62,False,True,False,False,False
G3W,train,63,False,True,False,False,False
G3W,train,64,False,True,False,False,False
G3W,train,65,False,True,False,False,False
G3W,train,66,False,True,False,False,False
G3W,train,67,True,False,True,False,False
G3W,train,68,False,True,False,False,False
G3W,train,69,False,True,False,False,False
G3W,train,70,False,True,False,False,False
G3W,train,71,False,True,False,False,False
G3W,train,72,False,True,False,False,False
G3W,train,73,False,True,False,False,False
G3W,train,74,False,True,False,False,False
G3W,train,75,False,True,False,False,False
G3W,train,76,True,False,True,False,False
G3W,train,77,True,False,True,False,False
G3W,train,78,False,True,False,False,False
G3W,train,79,False,True,False,False,False
G3W,train,80,True,False,True,False,False
G3W,train,81,True,False,True,False,False
G3W,train,82,False,True,False,False,False
G3W,train,83,True,False,True,False,False
G3W,train,84,False,True,False,False,False
G3W,train,85,False,True,False,False,False
G3W,train,86,False,True,False,False,False
G3W,train,87,False,True,False,False,False
G3W,train,88,False,True,False,False,False
G3W,train,89,False,True,False,False,False
G3W,train,90,True,False,True,False,False
G3W,train,91,True,False,True,False,False
G3W,train,92,False,True,False,False,False
G3W,train,93,False,True,False,False,False
G3W,train,94,False,True,False,False,False
G3W,train,95,False,True,False,False,False
G3W,train,96,False,True,False,False,False
G3W,train,97,False,True,False,False,False
G3W,train,98,True,False,True,False,False
G3W,train,99,False,True,False,False,False
G3W,train,100,True,False,True,False,False
G3W,train,101,False,True,False,False,False
G3W,train,102,False,True,False,False,False
G3W,train,103,False,True,False,False,False
G3W,train,104,False,True,False,False,False
G3W,train,105,False,True,False,False,False
G3W,train,106,False,True,False,False,False
G3W,train,107,False,True,False,False,False
G3W,train,108,False,True,False,False,False
G3W,train,109,True,False,True,False,False
G3W,train,110,False,False,False,False,True
G3W,train,111,False,True,False,False,False
G3W,train,112,False,True,False,False,False
G3W,train,113,False,True,False,False,False
G3W,train,114,False,True,False,False,False
G3W,train,115,False,True,False,False,False
G3W,train,116,False,True,False,False,False
G3W,train,117,False,True,False,False,False
G3W,train,118,False,False,False,False,True
G3W,train,119,True,False,True,False,False
G3W,train,120,True,False,True,False,False
G3W,train,121,False,True,False,False,False
G3W,train,122,True,False,True,False,False
G3W,train,123,True,False,True,False,False
G3W,train,124,True,False,True,False,False
G3W,train,125,True,False,True,False,False
G3W,train,126,False,True,False,False,False
G3W,train,127,False,True,False,False,False
G3W,train,128,False,True,False,False,False
G3W,train,129,False,True,False,False,False
G3W,train,130,True,False,True,False,False
G3W,train,131,False,True,False,False,False
G3W,train,132,False,True,False,False,False
G3W,train,133,False,False,False,False,True
G3W,train,134,False,True,False,False,False
G3W,train,135,False,True,False,False,False
G3W,train,136,True,False,True,False,False
G3W,train,137,True,False,True,False,False
G3W,train,138,True,False,True,False,False
G3W,train,139,True,False,True,False,False
G3W,train,140,False,True,False,False,False
G3W,train,141,False,False,False,False,True
G3W,train,142,False,True,False,False,False
G3W,train,143,True,False,True,False,False
G3W,train,144,False,True,False,False,False
G3W,train,145,True,False,True,False,False
G3W,train,146,False,True,False,False,False
G3W,train,147,False,True,False,False,False
G3W,train,148,False,True,False,False,False
G3W,train,149,True,False,True,False,False
G3W,train,150,False,True,False,False,False
G3W,train,151,False,True,False,False,False
G3W,train,152,False,True,False,False,False
G3W,train,153,False,True,False,False,False
G3W,train,154,False,True,False,False,False
G3W,train,155,False,True,False,False,False
G3W,train,156,False,True,False,False,False
G3W,train,157,False,True,False,False,False
G3W,train,158,False,False,False,False,True
G3W,train,159,False,True,False,False,False
G3W,train,160,False,True,False,False,False
G3W,train,161,False,True,False,False,False
G3W,train,162,False,True,False,False,False
G3W,train,163,False,True,False,False,False
G3W,train,164,False,True,False,False,False
G3W,train,165,False,True,False,False,False
G3W,train,166,False,True,False,False,False
G3W,train,167,True,False,True,False,False
G3W,train,168,False,True,False,False,False
G3W,train,169,False,True,False,False,False
G3W,train,170,False,True,False,False,False
G3W,train,171,False,True,False,False,False
G3W,train,172,False,True,False,False,False
G3W,train,173,True,False,True,False,False
G3W,train,174,False,False,False,False,True
G3W,train,175,False,True,False,False,False
G3W,train,176,False,True,False,False,False
G3W,train,177,True,False,True,False,False
G3W,train,178,False,True,False,False,False
G3W,train,179,False,True,False,False,False
G3W,train,180,False,True,False,False,False
G3W,train,181,True,False,True,False,False
G3W,train,182,False,False,False,False,True
G3W,train,183,False,False,False,False,True
G3W,train,184,False,True,False,False,False
G3W,train,185,False,True,False,False,False
G3W,train,186,False,True,False,False,False
G3W,train,187,False,True,False,False,False
G3W,train,188,False,True,False,False,False
G3W,train,189,False,True,False,False,False
G3W,train,190,False,True,False,False,False
G3W,train,191,False,True,False,False,False
G3W,train,192,False,True,False,False,False
G3W,train,193,False,True,False,False,False
G3W,train,194,True,False,True,False,False
G3W,train,195,True,False,True,False,False
G3W,train,196,True,False,True,False,False
G3W,train,197,True,False,True,False,False
G3W,train,198,False,True,False,False,False
G3W,train,199,False,True,False,False,False
G3W,train,200,False,True,False,False,False
G3W,train,201,False,True,False,False,False
G3W,train,202,True,False,True,False,False
G3W,train,203,True,False,True,False,False
G3W,train,204,False,True,False,False,False
G3W,train,205,False,True,False,False,False
G3W,train,206,False,True,False,False,False
G3W,train,207,False,True,False,False,False
G3W,train,208,False,True,False,False,False
G3W,train,209,True,False,True,False,False
G3W,train,210,False,True,False,False,False
G3W,train,211,False,True,False,False,False
G3W,train,212,True,False,True,False,False
G3W,train,213,False,True,False,False,False
G3W,train,214,True,False,True,False,False
G3W,train,215,True,False,True,False,False
G3W,train,216,True,False,True,False,False
G3W,train,217,False,True,False,False,False
G3W,train,218,False,True,False,False,False
G3W,train,219,False,True,False,False,False
G3W,train,220,True,False,True,False,False
G3W,train,221,False,True,False,False,False
G3W,train,222,False,True,False,False,False
G3W,train,223,False,True,False,False,False
G3W,train,224,False,True,False,False,False
G3W,train,225,True,False,True,False,False
G3W,train,226,True,False,True,False,False
G3W,train,227,False,True,False,False,False
G3W,train,228,False,True,False,False,False
G3W,train,229,False,True,False,False,False
G3W,train,230,False,True,False,False,False
G3W,train,231,False,True,False,False,False
G3W,train,232,False,True,False,False,False
G3W,train,233,False,True,False,False,False
G3W,train,234,True,False,True,False,False
G3W,train,235,False,True,False,False,False
G3W,train,236,False,True,False,False,False
G3W,train,237,False,True,False,False,False
G3W,train,238,False,True,False,False,False
G3W,train,239,False,True,False,False,False
G3W,train,240,False,True,False,False,False
G3W,train,241,False,True,False,False,False
G3W,train,242,False,False,False,False,True
G3W,train,243,True,False,True,False,False
G3W,train,244,False,True,False,False,False
G3W,train,245,False,True,False,False,False
G3W,train,246,False,True,False,False,False
G3W,train,247,False,True,False,False,False
G3W,train,248,True,False,True,False,False
G3W,train,249,True,False,True,False,False
G3W,train,250,False,True,False,False,False
G3W,train,251,False,True,False,False,False
G3W,train,252,False,True,False,False,False
G3W,train,253,False,True,False,False,False
G3W,train,254,False,True,False,False,False
G3W,train,255,False,True,False,False,False
G3W,train,256,False,True,False,False,False
G3W,train,257,False,True,False,False,False
G3W,train,258,False,True,False,False,False
G3W,train,259,True,False,True,False,False
G3W,train,260,False,True,False,False,False
G3W,train,261,True,False,True,False,False
G3W,train,262,False,True,False,False,False
G3W,train,263,False,True,False,False,False
G3W,train,264,False,True,False,False,False
G3W,train,265,True,False,True,False,False
G3W,train,266,False,True,False,False,False
G3W,train,267,False,True,False,False,False
G3W,train,268,True,False,True,False,False
G3W,train,269,False,True,False,False,False
G3W,train,270,True,False,True,False,False
G3W,train,271,True,False,True,False,False
G3W,train,272,False,False,False,False,True
G3W,train,273,False,False,False,False,True
G3W,train,274,False,True,False,False,False
G3W,train,275,False,True,False,False,False
G3W,train,276,False,True,False,False,False
G3W,train,277,False,True,False,False,False
G3W,train,278,False,True,False,False,False
G3W,train,279,False,True,False,False,False
G3W,train,280,False,True,False,False,False
G3W,train,281,False,True,False,False,False
G3W,train,282,True,False,True,False,False
G3W,train,283,False,True,False,False,False
G3W,train,284,False,True,False,False,False
G3W,train,285,False,True,False,False,False
G3W,train,286,False,True,False,False,False
G3W,train,287,False,True,False,False,False
G3W,train,288,False,True,False,False,False
G3W,train,289,True,False,True,False,False
G3W,train,290,False,True,False,False,False
G3W,train,291,False,True,False,False,False
G3W,train,292,False,False,False,False,True
G3W,train,293,False,True,False,False,False
G3W,train,294,True,False,True,False,False
G3W,train,295,False,True,False,False,False
G3W,train,296,False,True,False,False,False
G3W,train,297,False,True,False,False,False
G3W,train,298,False,True,False,False,False
G3W,train,299,False,True,False,False,False
G3W,train,300,True,False,True,False,False
G3W,train,301,False,True,False,False,False
G3W,train,302,True,False,True,False,False
G3W,train,303,False,True,False,False,False
G3W,train,304,True,False,True,False,False
G3W,train,305,False,True,False,False,False
G3W,train,306,True,False,True,False,False
G3W,train,307,False,True,False,False,False
G3W,train,308,True,False,True,False,False
G3W,train,309,False,True,False,False,False
G3W,train,310,True,False,True,False,False
G3W,train,311,True,False,True,False,False
G3W,train,312,False,True,False,False,False
G3W,train,313,True,False,True,False,False
G3W,train,314,False,True,False,False,False
G3W,train,315,False,True,False,False,False
G3W,train,316,True,False,True,False,False
G3W,train,317,False,True,False,False,False
G3W,train,318,True,False,True,False,False
G3W,train,319,True,False,True,False,False
G3W,train,320,True,False,True,False,False
G3W,train,321,False,True,False,False,False
G3W,train,322,True,False,True,False,False
G3W,train,323,True,False,True,False,False
G3W,train,324,False,True,False,False,False
G3W,train,325,False,True,False,False,False
G3W,train,326,False,True,False,False,False
G3W,train,327,True,False,True,False,False
G3W,train,328,False,True,False,False,False
G3W,train,329,False,True,False,False,False
G3W,train,330,False,True,False,False,False
G3W,train,331,False,True,False,False,False
G3W,train,332,False,True,False,False,False
G3W,train,333,False,True,False,False,False
G3W,train,334,False,True,False,False,False
G3W,train,335,True,False,True,False,False
G3W,train,336,True,False,True,False,False
G3W,train,337,False,True,False,False,False
G3W,train,338,False,True,False,False,False
G3W,train,339,False,True,False,False,False
G3W,train,340,False,True,False,False,False
G3W,train,341,False,True,False,False,False
G3W,train,342,False,True,False,False,False
G3W,train,343,False,True,False,False,False
G3W,train,344,False,True,False,False,False
G3W,train,345,False,True,False,False,False
G3W,train,346,False,True,False,False,False
G3W,train,347,True,False,True,False,False
G3W,train,348,True,False,True,False,False
G3W,train,349,False,True,False,False,False
G3W,train,350,True,False,True,False,False
G3W,train,351,True,False,True,False,False
G3W,train,352,True,False,True,False,False
G3W,train,353,True,False,True,False,False
G3W,train,354,False,True,False,False,False
G3W,train,355,False,False,False,False,True
G3W,train,356,False,False,False,False,True
G3W,train,357,True,False,True,False,False
G3W,train,358,True,False,True,False,False
G3W,train,359,False,True,False,False,False
G3W,train,360,True,False,True,False,False
G3W,train,361,True,False,True,False,False
G3W,train,362,False,True,False,False,False
G3W,train,363,False,True,False,False,False
G3W,train,364,False,True,False,False,False
G3W,train,365,True,False,True,False,False
G3W,train,366,True,False,True,False,False
G3W,train,367,True,False,True,False,False
G3W,train,368,True,False,True,False,False
G3W,train,369,True,False,True,False,False
G3W,train,370,False,True,False,False,False
G3W,train,371,False,True,False,False,False
G3W,train,372,False,True,False,False,False
G3W,train,373,False,True,False,False,False
G3W,train,374,False,True,False,False,False
G3W,train,375,False,True,False,False,False
G3W,train,376,False,True,False,False,False
G3W,train,377,False,True,False,False,False
G3W,train,378,False,True,False,False,False
G3W,train,379,True,False,True,False,False
G3W,train,380,True,False,True,False,False
G3W,train,381,False,True,False,False,False
G3W,train,382,False,True,False,False,False
G3W,train,383,True,False,True,False,False
G3W,train,384,False,True,False,False,False
G3W,train,385,False,True,False,False,False
G3W,train,386,True,False,True,False,False
G3W,train,387,True,False,True,False,False
G3W,train,388,False,True,False,False,False
G3W,train,389,False,True,False,False,False
G3W,train,390,False,True,False,False,False
G3W,train,391,True,False,True,False,False
G3W,train,392,False,True,False,False,False
G3W,train,393,False,True,False,False,False
G3W,train,394,True,False,True,False,False
G3W,train,395,True,False,True,False,False
G3W,train,396,True,False,True,False,False
G3W,train,397,False,True,False,False,False
G3W,train,398,True,False,True,False,False
G3W,train,399,False,True,False,False,False
G3W,train,400,True,False,True,False,False
G3W,train,401,True,False,True,False,False
G3W,train,402,True,False,True,False,False
G3W,train,403,True,False,True,False,False
G3W,train,404,False,True,False,False,False
G3W,train,405,True,False,True,False,False
G3W,train,406,True,False,True,False,False
G3W,train,407,False,True,False,False,False
G3W,train,408,False,True,False,False,False
G3W,train,409,True,False,True,False,False
G3W,train,410,False,True,False,False,False
G3W,train,411,True,False,True,False,False
G3W,train,412,False,True,False,False,False
G3W,train,413,True,False,True,False,False
G3W,train,414,True,False,True,False,False
G3W,train,415,True,False,True,False,False
G3W,train,416,True,False,True,False,False
G3W,train,417,True,False,True,False,False
G3W,train,418,False,False,False,False,True
G3W,train,419,True,False,True,False,False
G3W,train,420,True,False,True,False,False
G3W,train,421,False,True,False,False,False
G3W,train,422,True,False,True,False,False
G3W,train,423,True,False,True,False,False
G3W,train,424,True,False,True,False,False
G3W,train,425,False,False,False,False,True
G3W,train,426,False,False,False,False,True
G3W,train,427,False,True,False,False,False
G3W,train,428,True,False,True,False,False
G3W,train,429,True,False,True,False,False
G3W,train,430,False,True,False,False,False
G3W,train,431,True,False,True,False,False
G3W,train,432,True,False,True,False,False
G3W,train,433,True,False,True,False,False
G3W,train,434,True,False,True,False,False
G3W,train,435,True,False,True,False,False
G3W,train,436,True,False,True,False,False
G3W,train,437,True,False,True,False,False
G3W,train,438,True,False,True,False,False
G3W,train,439,True,False,True,False,False
G3W,train,440,False,True,False,False,False
G3W,train,441,True,False,True,False,False
G3W,train,442,False,True,False,False,False
G3W,train,443,True,False,True,False,False
G3W,train,444,True,False,True,False,False
G3W,train,445,False,True,False,False,False
G3W,train,446,True,False,True,False,False
G3W,train,447,False,True,False,False,False
G3W,train,448,True,False,True,False,False
G3W,train,449,False,True,False,False,False
G3W,train,450,False,True,False,False,False
G3W,train,451,True,False,True,False,False
G3W,train,452,False,False,False,False,True
G3W,train,453,False,True,False,False,False
G3W,train,454,True,False,True,False,False
G3W,train,455,True,False,True,False,False
G3W,train,456,True,False,True,False,False
G3W,train,457,True,False,True,False,False
G3W,train,458,True,False,True,False,False
G3W,train,459,True,False,True,False,False
G3W,train,460,False,False,False,False,True
G3W,train,461,False,True,False,False,False
G3W,train,462,False,True,False,False,False
G3W,train,463,True,False,True,False,False
G3W,train,464,True,False,True,False,False
G3W,train,465,True,False,True,False,False
G3W,train,466,True,False,True,False,False
G3W,train,467,True,False,True,False,False
G3W,train,468,True,False,True,False,False
G3W,train,469,False,True,False,False,False
G3W,train,470,True,False,True,False,False
G3W,train,471,True,False,True,False,False
G3W,train,472,False,True,False,False,False
G3W,train,473,True,False,True,False,False
G3W,train,474,False,True,False,False,False
G3W,train,475,True,False,True,False,False
G3W,train,476,True,False,True,False,False
G3W,train,477,True,False,True,False,False
G3W,train,478,False,True,False,False,False
G3W,train,479,True,False,True,False,False
G3W,train,480,False,True,False,False,False
G3W,train,481,True,False,True,False,False
G3W,train,482,True,False,True,False,False
G3W,train,483,True,False,True,False,False
G3W,train,484,True,False,True,False,False
G3W,train,485,False,True,False,False,False
G3W,train,486,True,False,True,False,False
G3W,train,487,False,True,False,False,False
G3W,train,488,False,True,False,False,False
G3W,train,489,True,False,True,False,False
G3W,train,490,True,False,True,False,False
G3W,train,491,False,True,False,False,False
G3W,train,492,True,False,True,False,False
G3W,train,493,True,False,True,False,False
G3W,train,494,True,False,True,False,False
G3W,train,495,True,False,True,False,False
G3W,train,496,True,False,True,False,False
G3W,train,497,False,True,False,False,False
G3W,train,498,True,False,True,False,False
G3W,train,499,True,False,True,False,False
G3W,train,500,True,False,True,False,False
G3W,train,501,True,False,True,False,False
G3W,train,502,True,False,True,False,False
G3W,train,503,False,True,False,False,False
G3W,train,504,False,True,False,False,False
G3W,train,505,True,False,True,False,False
G3W,train,506,True,False,True,False,False
G3W,train,507,True,False,True,False,False
G3W,train,508,True,False,True,False,False
G3W,train,509,True,False,True,False,False
G3W,train,510,True,False,True,False,False
G3W,train,511,True,False,True,False,False
G3W,train,512,True,False,True,False,False
G3W,train,513,False,False,False,False,True
G3W,train,514,True,False,True,False,False
G3W,train,515,True,False,True,False,False
G3W,train,516,True,False,True,False,False
G3W,train,517,True,False,True,False,False
G3W,train,518,True,False,True,False,False
G3W,train,519,True,False,True,False,False
G3W,train,520,False,True,False,False,False
G3W,train,521,True,False,True,False,False
G3W,train,522,True,False,True,False,False
G3W,train,523,True,False,True,False,False
G3W,train,524,True,False,True,False,False
G3W,train,525,False,True,False,False,False
G3W,train,526,False,True,False,False,False
G3W,train,527,True,False,True,False,False
G3W,train,528,False,True,False,False,False
G3W,train,529,True,False,True,False,False
G3W,train,530,False,True,False,False,False
G3W,train,531,False,True,False,False,False
G3W,train,532,True,False,True,False,False
G3W,train,533,True,False,True,False,False
G3W,train,534,True,False,True,False,False
G3W,train,535,True,False,True,False,False
L2N,train,1,False,True,False,False,False
L2N,train,2,False,True,False,False,False
L2N,train,3,False,True,False,False,False
L2N,train,4,False,True,False,False,False
L2N,train,5,False,True,False,False,False
L2N,train,6,False,True,False,False,False
L2N,train,7,False,True,False,False,False
L2N,train,8,True,False,True,False,False
L2N,train,9,False,True,False,False,False
L2N,train,10,False,True,False,False,False
L2N,train,11,False,True,False,False,False
L2N,train,12,False,True,False,False,False
L2N,train,13,False,True,False,False,False
L2N,train,14,False,True,False,False,False
L2N,train,15,False,True,False,False,False
L2N,train,16,False,True,False,False,False
L2N,train,17,False,True,False,False,False
L2N,train,18,False,True,False,False,False
L2N,train,19,False,True,False,False,False
L2N,train,20,False,True,False,False,False
L2N,train,21,False,True,False,False,False
L2N,train,22,True,False,True,False,False
L2N,train,23,True,False,True,False,False
L2N,train,24,False,True,False,False,False
L2N,train,25,False,True,False,False,False
L2N,train,26,False,True,False,False,False
L2N,train,27,False,True,False,False,False
L2N,train,28,False,True,False,False,False
L2N,train,29,False,True,False,False,False
L2N,train,30,False,True,False,False,False
L2N,train,31,False,True,False,False,False
L2N,train,32,False,True,False,False,False
L2N,train,33,False,True,False,False,False
L2N,train,34,False,True,False,False,False
L2N,train,35,False,False,False,False,True
L2N,train,36,False,True,False,False,False
L2N,train,37,False,True,False,False,False
L2N,train,38,False,True,False,False,False
L2N,train,39,False,True,False,False,False
L2N,train,40,False,True,False,False,False
L2N,train,41,False,True,False,False,False
L2N,train,42,False,True,False,False,False
L2N,train,43,False,True,False,False,False
L2N,train,44,False,True,False,False,False
L2N,train,45,False,False,False,False,True
L2N,train,46,False,True,False,False,False
L2N,train,47,False,True,False,False,False
L2N,train,48,False,True,False,False,False
L2N,train,49,False,True,False,False,False
L2N,train,50,False,True,False,False,False
L2N,train,51,False,True,False,False,False
L2N,train,52,False,True,False,False,False
L2N,train,53,False,True,False,False,False
L2N,train,54,False,True,False,False,False
L2N,train,55,False,True,False,False,False
L2N,train,56,False,True,False,False,False
L2N,train,57,False,True,False,False,False
L2N,train,58,True,False,True,False,False
L2N,train,59,False,True,False,False,False
L2N,train,60,False,True,False,False,False
L2N,train,61,False,True,False,False,False
L2N,train,62,False,True,False,False,False
L2N,train,63,False,True,False,False,False
L2N,train,64,False,True,False,False,False
L2N,train,65,False,True,False,False,False
L2N,train,66,False,True,False,False,False
L2N,train,67,False,True,False,False,False
L2N,train,68,False,True,False,False,False
L2N,train,69,False,True,False,False,False
L2N,train,70,False,True,False,False,False
L2N,train,71,False,True,False,False,False
L2N,train,72,False,True,False,False,False
L2N,train,73,True,False,True,False,False
L2N,train,74,False,True,False,False,False
L2N,train,75,False,True,False,False,False
L2N,train,76,False,True,False,False,False
L2N,train,77,False,True,False,False,False
L2N,train,78,False,True,False,False,False
L2N,train,79,False,True,False,False,False
L2N,train,80,False,True,False,False,False
L2N,train,81,False,True,False,False,False
L2N,train,82,False,True,False,False,False
L2N,train,83,False,True,False,False,False
L2N,train,84,False,True,False,False,False
L2N,train,85,False,True,False,False,False
L2N,train,86,False,True,False,False,False
L2N,train,87,False,True,False,False,False
L2N,train,88,False,True,False,False,False
L2N,train,89,False,True,False,False,False
L2N,train,90,False,True,False,False,False
L2N,train,91,False,True,False,False,False
L2N,train,92,False,True,False,False,False
L2N,train,93,False,True,False,False,False
L2N,train,94,False,True,False,False,False
L2N,train,95,False,True,False,False,False
L2N,train,96,False,True,False,False,False
L2N,train,97,False,True,False,False,False
L2N,train,98,False,True,False,False,False
L2N,train,99,False,True,False,False,False
L2N,train,100,False,True,False,False,False
L2N,train,101,False,True,False,False,False
L2N,train,102,False,True,False,False,False
L2N,train,103,False,True,False,False,False
L2N,train,104,False,False,False,False,True
L2N,train,105,False,True,False,False,False
L2N,train,106,False,True,False,False,False
L2N,train,107,False,True,False,False,False
L2N,train,108,False,True,False,False,False
L2N,train,109,False,True,False,False,False
L2N,train,110,False,True,False,False,False
L2N,train,111,False,True,False,False,False
L2N,train,112,False,True,False,False,False
L2N,train,113,False,True,False,False,False
L2N,train,114,False,True,False,False,False
L2N,train,115,False,True,False,False,False
L2N,train,116,False,True,False,False,False
L2N,train,117,True,False,True,False,False
L2N,train,118,False,True,False,False,False
L2N,train,119,False,True,False,False,False
L2N,train,120,False,True,False,False,False
L2N,train,121,False,True,False,False,False
L2N,train,122,False,True,False,False,False
L2N,train,123,False,True,False,False,False
L2N,train,124,False,True,False,False,False
L2N,train,125,False,True,False,False,False
L2N,train,126,False,True,False,False,False
L2N,train,127,False,True,False,False,False
L2N,train,128,False,True,False,False,False
L2N,train,129,True,False,True,False,False
L2N,train,130,False,True,False,False,False
L2N,train,131,False,True,False,False,False
L2N,train,132,False,True,False,False,False
L2N,train,133,False,True,False,False,False
L2N,train,134,False,True,False,False,False
L2N,train,135,False,True,False,False,False
L2N,train,136,False,True,False,False,False
L2N,train,137,False,True,False,False,False
L2N,train,138,False,True,False,False,False
L2N,train,139,False,True,False,False,False
L2N,train,140,False,True,False,False,False
L2N,train,141,False,True,False,False,False
L2N,train,142,False,True,False,False,False
L2N,train,143,False,True,False,False,False
L2N,train,144,False,True,False,False,False
L2N,train,145,True,False,True,False,False
L2N,train,146,False,True,False,False,False
L2N,train,147,False,True,False,False,False
L2N,train,148,False,True,False,False,False
L2N,train,149,False,True,False,False,False
L2N,train,150,False,True,False,False,False
L2N,train,151,False,True,False,False,False
L2N,train,152,False,True,False,False,False
L2N,train,153,False,True,False,False,False
L2N,train,154,False,True,False,False,False
L2N,train,155,False,True,False,False,False
L2N,train,156,False,True,False,False,False
L2N,train,157,False,True,False,False,False
L2N,train,158,False,True,False,False,False
L2N,train,159,True,False,True,False,False
L2N,train,160,True,False,True,False,False
L2N,train,161,False,True,False,False,False
L2N,train,162,False,True,False,False,False
L2N,train,163,False,True,False,False,False
L2N,train,164,False,True,False,False,False
L2N,train,165,False,True,False,False,False
L2N,train,166,False,True,False,False,False
L2N,train,167,False,True,False,False,False
L2N,train,168,False,True,False,False,False
L2N,train,169,False,True,False,False,False
L2N,train,170,True,False,True,False,False
L2N,train,171,False,True,False,False,False
L2N,train,172,False,True,False,False,False
L2N,train,173,False,True,False,False,False
L2N,train,174,True,False,True,False,False
L2N,train,175,True,False,True,False,False
L2N,train,176,False,True,False,False,False
L2N,train,177,True,False,True,False,False
L2N,train,178,True,False,True,False,False
L2N,train,179,True,False,True,False,False
L2N,train,180,False,True,False,False,False
L2N,train,181,True,False,True,False,False
L2N,train,182,False,True,False,False,False
L2N,train,183,False,True,False,False,False
L2N,train,184,False,True,False,False,False
L2N,train,185,False,True,False,False,False
L2N,train,186,False,True,False,False,False
L2N,train,187,False,True,False,False,False
L2N,train,188,False,True,False,False,False
L2N,train,189,False,True,False,False,False
L2N,train,190,True,False,True,False,False
L2N,train,191,True,False,True,False,False
L2N,train,192,False,True,False,False,False
L2N,train,193,False,True,False,False,False
L2N,train,194,True,False,True,False,False
L2N,train,195,False,True,False,False,False
L2N,train,196,True,False,True,False,False
L2N,train,197,False,True,False,False,False
L2N,train,198,False,True,False,False,False
L2N,train,199,True,False,True,False,False
L2N,train,200,True,False,True,False,False
L2N,train,201,False,True,False,False,False
L2N,train,202,False,True,False,False,False
L2N,train,203,False,True,False,False,False
L2N,train,204,True,False,True,False,False
L2N,train,205,False,True,False,False,False
L2N,train,206,False,True,False,False,False
L2N,train,207,True,False,True,False,False
L2N,train,208,False,False,False,False,True
L2N,train,209,True,False,True,False,False
L2N,train,210,True,False,True,False,False
L2N,train,211,False,True,False,False,False
L2N,train,212,True,False,True,False,False
L2N,train,213,True,False,True,False,False
L2N,train,214,False,True,False,False,False
L2N,train,215,True,False,True,False,False
L2N,train,216,True,False,True,False,False
L2N,train,217,True,False,True,False,False
L2N,train,218,True,False,True,False,False
L2N,train,219,True,False,True,False,False
L2N,train,220,True,False,True,False,False
L2N,train,221,False,True,False,False,False
L2N,train,222,False,False,False,False,True
L2N,train,223,True,False,True,False,False
L2N,train,224,False,True,False,False,False
L2N,train,225,False,False,False,False,True
L2N,train,226,True,False,True,False,False
L2N,train,227,False,True,False,False,False
L2N,train,228,False,True,False,False,False
L2N,train,229,False,True,False,False,False
L2N,train,230,True,False,True,False,False
L2N,train,231,True,False,True,False,False
L2N,train,232,False,True,False,False,False
L2N,train,233,True,False,True,False,False
L2N,train,234,False,True,False,False,False
L2N,train,235,True,False,True,False,False
L2N,train,236,True,False,True,False,False
L2N,train,237,True,False,True,False,False
L2N,train,238,True,False,True,False,False
L2N,train,239,True,False,True,False,False
L2N,train,240,True,False,True,False,False
L2N,train,241,True,False,True,False,False
L2N,train,242,True,False,True,False,False
L2N,train,243,False,True,False,False,False
L2N,train,244,False,True,False,False,False
L2N,train,245,True,False,True,False,False
L2N,train,246,True,False,True,False,False
L2N,train,247,True,False,True,False,False
L2N,train,248,True,False,True,False,False
L2N,train,249,True,False,True,False,False
L2N,train,250,True,False,True,False,False
L2N,train,251,True,False,True,False,False
L2N,train,252,False,False,False,False,True
L2N,train,253,True,False,True,False,False
L2N,train,254,True,False,True,False,False
L2N,train,255,False,True,False,False,False
L2N,train,256,False,True,False,False,False
L2N,train,257,False,False,False,False,True
L2N,train,258,True,False,True,False,False
L2N,train,259,True,False,True,False,False
L2N,train,260,False,True,False,False,False
L2N,train,261,False,False,False,False,True
L2N,train,262,True,False,True,False,False
L2N,train,263,True,False,True,False,False
L2N,train,264,False,True,False,False,False
L2N,train,265,True,False,True,False,False
L2N,train,266,False,True,False,False,False
L2N,train,267,True,False,True,False,False
L2N,train,268,True,False,True,False,False
L2N,train,269,True,False,True,False,False
L2N,train,270,True,False,True,False,False
L2N,train,271,False,True,False,False,False
L2N,train,272,True,False,True,False,False
L2N,train,273,True,False,True,False,False
L2N,train,274,False,True,False,False,False
L2N,train,275,False,True,False,False,False
L2N,train,276,False,True,False,False,False
L2N,train,277,True,False,True,False,False
L2N,train,278,True,False,True,False,False
L2N,train,279,True,False,True,False,False
L2N,train,280,False,True,False,False,False
L2N,train,281,True,False,True,False,False
L2N,train,282,False,True,False,False,False
L2N,train,283,True,False,True,False,False
L2N,train,284,False,True,False,False,False
L2N,train,285,False,True,False,False,False
L2N,train,286,True,False,True,False,False
L2N,train,287,True,False,True,False,False
L2N,train,288,True,False,True,False,False
L2N,train,289,False,True,False,False,False
L2N,train,290,False,True,False,False,False
L2N,train,291,True,False,True,False,False
L2N,train,292,False,False,False,False,True
L2N,train,293,True,False,True,False,False
L2N,train,294,True,False,True,False,False
L2N,train,295,False,True,False,False,False
L2N,train,296,True,False,True,False,False
L2N,train,297,True,False,True,False,False
L2N,train,298,True,False,True,False,False
L2N,train,299,True,False,True,False,False
L2N,train,300,True,False,True,False,False
L2N,train,301,True,False,True,False,False
L2N,train,302,True,False,True,False,False
L2N,train,303,True,False,True,False,False
L2N,train,304,False,True,False,False,False
L2N,train,305,False,True,False,False,False
L2N,train,306,True,False,True,False,False
L2N,train,307,True,False,True,False,False
L2N,train,308,True,False,True,False,False
L2N,train,309,False,True,False,False,False
L2N,train,310,True,False,True,False,False
L2N,train,311,True,False,True,False,False
L2N,train,312,False,True,False,False,False
L2N,train,313,False,True,False,False,False
L2N,train,314,True,False,True,False,False
L2N,train,315,False,True,False,False,False
L2N,train,316,True,False,True,False,False
L2N,train,317,True,False,True,False,False
L2N,train,318,False,True,False,False,False
L2N,train,319,True,False,True,False,False
L2N,train,320,True,False,True,False,False
L2N,train,321,True,False,True,False,False
L2N,train,322,True,False,True,False,False
L2N,train,323,True,False,True,False,False
L2N,train,324,True,False,True,False,False
L2N,train,325,True,False,True,False,False
L2N,train,326,True,False,True,False,False
L2N,train,327,True,False,True,False,False
L2N,train,328,True,False,True,False,False
L2N,train,329,True,False,True,False,False
L2N,train,330,True,False,True,False,False
L2N,train,331,True,False,True,False,False
L2N,train,332,False,True,False,False,False
L2N,train,333,True,False,True,False,False
L2N,train,334,False,True,False,False,False
L2N,train,335,True,False,True,False,False
L2N,train,336,True,False,True,False,False
L2N,train,337,True,False,True,False,False
L2N,train,338,True,False,True,False,False
L2N,train,339,True,False,True,False,False
L2N,train,340,True,False,True,False,False
L2N,train,341,False,True,False,False,False
L2N,train,342,True,False,True,False,False
L2N,train,343,False,False,False,False,True
L2N,train,344,True,False,True,False,False
L2N,train,345,True,False,True,False,False
L2N,train,346,True,False,True,False,False
L2N,train,347,True,False,True,False,False
L2N,train,348,True,False,True,False,False
L2N,train,349,True,False,True,False,False
L2N,train,350,False,True,False,False,False
L2N,train,351,True,False,True,False,False
L2N,train,352,True,False,True,False,False
L2N,train,353,True,False,True,False,False
L2N,train,354,False,True,False,False,False
L2N,train,355,True,False,True,False,False
L2N,train,356,False,True,False,False,False
L2W,train,1,False,True,False,False,False
L2W,train,2,False,True,False,False,False
L2W,train,3,False,True,False,False,False
L2W,train,4,False,True,False,False,False
L2W,train,5,False,True,False,False,False
L2W,train,6,False,True,False,False,False
L2W,train,7,False,True,False,False,False
L2W,train,8,False,True,False,False,False
L2W,train,9,False,False,False,False,True
L2W,train,10,False,True,False,False,False
L2W,train,11,False,True,False,False,False
L2W,train,12,False,True,False,False,False
L2W,train,13,False,True,False,False,False
L2W,train,14,False,True,False,False,False
L2W,train,15,False,True,False,False,False
L2W,train,16,False,True,False,False,False
L2W,train,17,False,True,False,False,False
L2W,train,18,False,True,False,False,False
L2W,train,19,False,True,False,False,False
L2W,train,20,False,True,False,False,False
L2W,train,21,False,True,False,False,False
L2W,train,22,False,True,False,False,False
L2W,train,23,False,True,False,False,False
L2W,train,24,False,True,False,False,False
L2W,train,25,False,True,False,False,False
L2W,train,26,False,True,False,False,False
L2W,train,27,False,True,False,False,False
L2W,train,28,False,True,False,False,False
L2W,train,29,True,False,True,False,False
L2W,train,30,False,True,False,False,False
L2W,train,31,False,True,False,False,False
L2W,train,32,False,True,False,False,False
L2W,train,33,True,False,True,False,False
L2W,train,34,False,True,False,False,False
L2W,train,35,False,True,False,False,False
L2W,train,36,False,True,False,False,False
L2W,train,37,False,True,False,False,False
L2W,train,38,False,True,False,False,False
L2W,train,39,False,True,False,False,False
L2W,train,40,False,True,False,False,False
L2W,train,41,False,True,False,False,False
L2W,train,42,False,True,False,False,False
L2W,train,43,False,True,False,False,False
L2W,train,44,False,True,False,False,False
L2W,train,45,True,False,True,False,False
L2W,train,46,False,True,False,False,False
L2W,train,47,False,True,False,False,False
L2W,train,48,False,True,False,False,False
L2W,train,49,False,True,False,False,False
L2W,train,50,False,True,False,False,False
L2W,train,51,False,True,False,False,False
L2W,train,52,False,True,False,False,False
L2W,train,53,False,True,False,False,False
L2W,train,54,False,True,False,False,False
L2W,train,55,False,True,False,False,False
L2W,train,56,False,True,False,False,False
L2W,train,57,False,True,False,False,False
L2W,train,58,False,True,False,False,False
L2W,train,59,False,True,False,False,False
L2W,train,60,False,True,False,False,False
L2W,train,61,False,True,False,False,False
L2W,train,62,False,True,False,False,False
L2W,train,63,True,False,True,False,False
L2W,train,64,False,True,False,False,False
L2W,train,65,False,True,False,False,False
L2W,train,66,False,True,False,False,False
L2W,train,67,False,True,False,False,False
L2W,train,68,False,True,False,False,False
L2W,train,69,False,True,False,False,False
L2W,train,70,True,False,True,False,False
L2W,train,71,False,True,False,False,False
L2W,train,72,False,True,False,False,False
L2W,train,73,False,True,False,False,False
L2W,train,74,False,True,False,False,False
L2W,train,75,False,True,False,False,False
L2W,train,76,False,True,False,False,False
L2W,train,77,False,True,False,False,False
L2W,train,78,False,True,False,False,False
L2W,train,79,False,True,False,False,False
L2W,train,80,False,True,False,False,False
L2W,train,81,False,True,False,False,False
L2W,train,82,False,True,False,False,False
L2W,train,83,False,True,False,False,False
L2W,train,84,False,True,False,False,False
L2W,train,85,False,True,False,False,False
L2W,train,86,False,True,False,False,False
L2W,train,87,False,True,False,False,False
L2W,train,88,False,True,False,False,False
L2W,train,89,False,True,False,False,False
L2W,train,90,False,True,False,False,False
L2W,train,91,False,True,False,False,False
L2W,train,92,False,True,False,False,False
L2W,train,93,False,True,False,False,False
L2W,train,94,False,True,False,False,False
L2W,train,95,False,True,False,False,False
L2W,train,96,True,False,True,False,False
L2W,train,97,False,True,False,False,False
L2W,train,98,False,True,False,False,False
L2W,train,99,False,True,False,False,False
L2W,train,100,False,True,False,False,False
L2W,train,101,True,False,True,False,False
L2W,train,102,False,True,False,False,False
L2W,train,103,False,True,False,False,False
L2W,train,104,False,True,False,False,False
L2W,train,105,False,True,False,False,False
L2W,train,106,False,True,False,False,False
L2W,train,107,False,True,False,False,False
L2W,train,108,False,True,False,False,False
L2W,train,109,False,True,False,False,False
L2W,train,110,False,True,False,False,False
L2W,train,111,True,False,True,False,False
L2W,train,112,False,True,False,False,False
L2W,train,113,False,True,False,False,False
L2W,train,114,False,True,False,False,False
L2W,train,115,True,False,True,False,False
L2W,train,116,False,True,False,False,False
L2W,train,117,False,True,False,False,False
L2W,train,118,False,True,False,False,False
L2W,train,119,False,True,False,False,False
L2W,train,120,False,True,False,False,False
L2W,train,121,False,True,False,False,False
L2W,train,122,False,True,False,False,False
L2W,train,123,False,True,False,False,False
L2W,train,124,False,True,False,False,False
L2W,train,125,False,True,False,False,False
L2W,train,126,False,True,False,False,False
L2W,train,127,False,True,False,False,False
L2W,train,128,False,True,False,False,False
L2W,train,129,False,True,False,False,False
L2W,train,130,False,True,False,False,False
L2W,train,131,False,True,False,False,False
L2W,train,132,False,True,False,False,False
L2W,train,133,False,True,False,False,False
L2W,train,134,False,True,False,False,False
L2W,train,135,False,True,False,False,False
L2W,train,136,False,True,False,False,False
L2W,train,137,False,True,False,False,False
L2W,train,138,False,True,False,False,False
L2W,train,139,False,True,False,False,False
L2W,train,140,False,True,False,False,False
L2W,train,141,False,True,False,False,False
L2W,train,142,False,True,False,False,False
L2W,train,143,False,True,False,False,False
L2W,train,144,False,True,False,False,False
L2W,train,145,False,True,False,False,False
L2W,train,146,True,False,True,False,False
L2W,train,147,False,True,False,False,False
L2W,train,148,False,True,False,False,False
L2W,train,149,True,False,True,False,False
L2W,train,150,False,True,False,False,False
L2W,train,151,False,True,False,False,False
L2W,train,152,False,True,False,False,False
L2W,train,153,False,True,False,False,False
L2W,train,154,False,True,False,False,False
L2W,train,155,False,True,False,False,False
L2W,train,156,False,True,False,False,False
L2W,train,157,False,True,False,False,False
L2W,train,158,False,True,False,False,False
L2W,train,159,False,True,False,False,False
L2W,train,160,False,True,False,False,False
L2W,train,161,False,True,False,False,False
L2W,train,162,False,True,False,False,False
L2W,train,163,False,True,False,False,False
L2W,train,164,True,False,True,False,False
L2W,train,165,False,True,False,False,False
L2W,train,166,False,True,False,False,False
L2W,train,167,False,True,False,False,False
L2W,train,168,True,False,True,False,False
L2W,train,169,True,False,True,False,False
L2W,train,170,False,True,False,False,False
L2W,train,171,False,True,False,False,False
L2W,train,172,False,True,False,False,False
L2W,train,173,False,True,False,False,False
L2W,train,174,False,True,False,False,False
L2W,train,175,False,True,False,False,False
L2W,train,176,False,True,False,False,False
L2W,train,177,False,True,False,False,False
L2W,train,178,False,True,False,False,False
L2W,train,179,False,True,False,False,False
L2W,train,180,False,True,False,False,False
L2W,train,181,False,True,False,False,False
L2W,train,182,False,True,False,False,False
L2W,train,183,False,True,False,False,False
L2W,train,184,False,True,False,False,False
L2W,train,185,False,True,False,False,False
L2W,train,186,False,True,False,False,False
L2W,train,187,False,True,False,False,False
L2W,train,188,False,True,False,False,False
L2W,train,189,False,True,False,False,False
L2W,train,190,False,True,False,False,False
L2W,train,191,False,True,False,False,False
L2W,train,192,False,True,False,False,False
L2W,train,193,False,True,False,False,False
L2W,train,194,False,True,False,False,False
L2W,train,195,True,False,True,False,False
L2W,train,196,False,True,False,False,False
L2W,train,197,False,True,False,False,False
L2W,train,198,False,True,False,False,False
L2W,train,199,False,True,False,False,False
L2W,train,200,False,True,False,False,False
L2W,train,201,True,False,True,False,False
L2W,train,202,False,True,False,False,False
L2W,train,203,False,True,False,False,False
L2W,train,204,False,False,False,False,True
L2W,train,205,False,True,False,False,False
L2W,train,206,False,True,False,False,False
L2W,train,207,False,True,False,False,False
L2W,train,208,False,True,False,False,False
L2W,train,209,True,False,True,False,False
L2W,train,210,False,True,False,False,False
L2W,train,211,False,True,False,False,False
L2W,train,212,False,True,False,False,False
L2W,train,213,False,True,False,False,False
L2W,train,214,False,True,False,False,False
L2W,train,215,False,False,False,False,True
L2W,train,216,True,False,True,False,False
L2W,train,217,False,True,False,False,False
L2W,train,218,False,True,False,False,False
L2W,train,219,False,True,False,False,False
L2W,train,220,False,True,False,False,False
L2W,train,221,False,True,False,False,False
L2W,train,222,False,True,False,False,False
L2W,train,223,False,True,False,False,False
L2W,train,224,False,True,False,False,False
L2W,train,225,False,True,False,False,False
L2W,train,226,False,True,False,False,False
L2W,train,227,False,True,False,False,False
L2W,train,228,False,True,False,False,False
L2W,train,229,False,False,False,False,True
L2W,train,230,False,True,False,False,False
L2W,train,231,False,True,False,False,False
L2W,train,232,False,True,False,False,False
L2W,train,233,True,False,True,False,False
L2W,train,234,True,False,True,False,False
L2W,train,235,True,False,True,False,False
L2W,train,236,False,True,False,False,False
L2W,train,237,False,True,False,False,False
L2W,train,238,False,True,False,False,False
L2W,train,239,False,True,False,False,False
L2W,train,240,False,True,False,False,False
L2W,train,241,False,True,False,False,False
L2W,train,242,False,True,False,False,False
L2W,train,243,False,True,False,False,False
L2W,train,244,False,True,False,False,False
L2W,train,245,False,True,False,False,False
L2W,train,246,False,True,False,False,False
L2W,train,247,False,True,False,False,False
L2W,train,248,False,True,False,False,False
L2W,train,249,False,True,False,False,False
L2W,train,250,False,True,False,False,False
L2W,train,251,True,False,True,False,False
L2W,train,252,False,True,False,False,False
L2W,train,253,False,True,False,False,False
L2W,train,254,False,True,False,False,False
L2W,train,255,False,True,False,False,False
L2W,train,256,False,True,False,False,False
L2W,train,257,False,True,False,False,False
L2W,train,258,True,False,True,False,False
L2W,train,259,False,True,False,False,False
L2W,train,260,True,False,True,False,False
L2W,train,261,False,True,False,False,False
L2W,train,262,False,True,False,False,False
L2W,train,263,False,True,False,False,False
L2W,train,264,False,True,False,False,False
L2W,train,265,False,True,False,False,False
L2W,train,266,False,True,False,False,False
L2W,train,267,False,True,False,False,False
L2W,train,268,False,True,False,False,False
L2W,train,269,False,True,False,False,False
L2W,train,270,False,True,False,False,False
L2W,train,271,False,True,False,False,False
L2W,train,272,False,True,False,False,False
L2W,train,273,False,True,False,False,False
L2W,train,274,False,True,False,False,False
L2W,train,275,False,True,False,False,False
L2W,train,276,False,True,False,False,False
L2W,train,277,False,True,False,False,False
L2W,train,278,False,True,False,False,False
L2W,train,279,False,True,False,False,False
L2W,train,280,False,True,False,False,False
L2W,train,281,False,True,False,False,False
L2W,train,282,False,True,False,False,False
L2W,train,283,False,True,False,False,False
L2W,train,284,False,True,False,False,False
L2W,train,285,False,True,False,False,False
L2W,train,286,False,True,False,False,False
L2W,train,287,True,False,True,False,False
L2W,train,288,False,True,False,False,False
L2W,train,289,False,True,False,False,False
L2W,train,290,False,True,False,False,False
L2W,train,291,False,True,False,False,False
L2W,train,292,False,True,False,False,False
L2W,train,293,False,False,False,False,True
L2W,train,294,False,True,False,False,False
L2W,train,295,False,True,False,False,False
L2W,train,296,False,True,False,False,False
L2W,train,297,False,True,False,False,False
L2W,train,298,False,True,False,False,False
L2W,train,299,False,True,False,False,False
L2W,train,300,False,True,False,False,False
L2W,train,301,False,True,False,False,False
L2W,train,302,False,True,False,False,False
L2W,train,303,False,True,False,False,False
L2W,train,304,False,True,False,False,False
L2W,train,305,True,False,True,False,False
L2W,train,306,False,True,False,False,False
L2W,train,307,False,True,False,False,False
L2W,train,308,False,True,False,False,False
L2W,train,309,False,True,False,False,False
L2W,train,310,False,True,False,False,False
L2W,train,311,False,True,False,False,False
L2W,train,312,False,True,False,False,False
L2W,train,313,True,False,True,False,False
L2W,train,314,False,True,False,False,False
L2W,train,315,True,False,True,False,False
L2W,train,316,False,True,False,False,False
L2W,train,317,False,True,False,False,False
L2W,train,318,False,True,False,False,False
L2W,train,319,True,False,True,False,False
L2W,train,320,False,True,False,False,False
L2W,train,321,False,True,False,False,False
L2W,train,322,False,True,False,False,False
L2W,train,323,False,False,False,False,True
L2W,train,324,False,True,False,False,False
L2W,train,325,False,True,False,False,False
L2W,train,326,False,True,False,False,False
L2W,train,327,False,True,False,False,False
L2W,train,328,False,True,False,False,False
L2W,train,329,False,True,False,False,False
L2W,train,330,False,True,False,False,False
L2W,train,331,False,True,False,False,False
L2W,train,332,False,True,False,False,False
L2W,train,333,False,True,False,False,False
L2W,train,334,False,True,False,False,False
L2W,train,335,False,True,False,False,False
L2W,train,336,False,True,False,False,False
L2W,train,337,False,True,False,False,False
L2W,train,338,False,True,False,False,False
L2W,train,339,False,True,False,False,False
L2W,train,340,False,True,False,False,False
L2W,train,341,False,True,False,False,False
L2W,train,342,True,False,True,False,False
L2W,train,343,False,True,False,False,False
L2W,train,344,False,True,False,False,False
L2W,train,345,False,True,False,False,False
L2W,train,346,False,True,False,False,False
L2W,train,347,False,True,False,False,False
L2W,train,348,False,True,False,False,False
L2W,train,349,False,True,False,False,False
L2W,train,350,False,True,False,False,False
L2W,train,351,False,True,False,False,False
L2W,train,352,False,True,False,False,False
L2W,train,353,False,True,False,False,False
L2W,train,354,False,True,False,False,False
L2W,train,355,True,False,True,False,False
L2W,train,356,False,True,False,False,False
L2W,train,357,False,True,False,False,False
L2W,train,358,False,True,False,False,False
L2W,train,359,False,True,False,False,False
L2W,train,360,False,True,False,False,False
L2W,train,361,False,True,False,False,False
L2W,train,362,False,True,False,False,False
L2W,train,363,False,True,False,False,False
L2W,train,364,False,True,False,False,False
L2W,train,365,False,True,False,False,False
L2W,train,366,False,True,False,False,False
L2W,train,367,True,False,True,False,False
L2W,train,368,False,True,False,False,False
L2W,train,369,False,True,False,False,False
L2W,train,370,False,True,False,False,False
L2W,train,371,False,True,False,False,False
L2W,train,372,False,True,False,False,False
L2W,train,373,False,True,False,False,False
L2W,train,374,False,True,False,False,False
L2W,train,375,False,True,False,False,False
L2W,train,376,False,True,False,False,False
L2W,train,377,True,False,True,False,False
L2W,train,378,False,True,False,False,False
L2W,train,379,False,True,False,False,False
L2W,train,380,False,True,False,False,False
L2W,train,381,False,True,False,False,False
L2W,train,382,False,True,False,False,False
L2W,train,383,False,True,False,False,False
L2W,train,384,False,True,False,False,False
L2W,train,385,True,False,True,False,False
L2W,train,386,False,True,False,False,False
L2W,train,387,False,True,False,False,False
L2W,train,388,True,False,True,False,False
L2W,train,389,False,True,False,False,False
L2W,train,390,False,True,False,False,False
L2W,train,391,True,False,True,False,False
L2W,train,392,True,False,True,False,False
L2W,train,393,False,True,False,False,False
L2W,train,394,False,True,False,False,False
L2W,train,395,True,False,True,False,False
L2W,train,396,False,True,False,False,False
L2W,train,397,True,False,True,False,False
L2W,train,398,False,True,False,False,False
L2W,train,399,False,True,False,False,False
L2W,train,400,True,False,True,False,False
L2W,train,401,True,False,True,False,False
L2W,train,402,False,True,False,False,False
L2W,train,403,False,True,False,False,False
L2W,train,404,False,True,False,False,False
L2W,train,405,False,True,False,False,False
L2W,train,406,True,False,True,False,False
L2W,train,407,True,False,True,False,False
L2W,train,408,False,True,False,False,False
L2W,train,409,True,False,True,False,False
L2W,train,410,False,True,False,False,False
L2W,train,411,False,True,False,False,False
L2W,train,412,False,True,False,False,False
L2W,train,413,False,True,False,False,False
L2W,train,414,True,False,True,False,False
L2W,train,415,False,True,False,False,False
L2W,train,416,False,True,False,False,False
L2W,train,417,True,False,True,False,False
L2W,train,418,True,False,True,False,False
L2W,train,419,False,True,False,False,False
L2W,train,420,False,True,False,False,False
L2W,train,421,False,False,False,False,True
L2W,train,422,False,True,False,False,False
L2W,train,423,True,False,True,False,False
L2W,train,424,False,True,False,False,False
L2W,train,425,False,True,False,False,False
L2W,train,426,False,True,False,False,False
L2W,train,427,True,False,True,False,False
L2W,train,428,False,True,False,False,False
L2W,train,429,True,False,True,False,False
L2W,train,430,False,True,False,False,False
L2W,train,431,False,True,False,False,False
L2W,train,432,True,False,True,False,False
L2W,train,433,False,True,False,False,False
L2W,train,434,False,True,False,False,False
L2W,train,435,False,True,False,False,False
L2W,train,436,False,True,False,False,False
L2W,train,437,True,False,True,False,False
L2W,train,438,False,True,False,False,False
L2W,train,439,False,True,False,False,False
L2W,train,440,False,True,False,False,False
L2W,train,441,True,False,True,False,False
L2W,train,442,False,True,False,False,False
L2W,train,443,False,True,False,False,False
L2W,train,444,False,True,False,False,False
L2W,train,445,True,False,True,False,False
L2W,train,446,False,True,False,False,False
L2W,train,447,True,False,True,False,False
L2W,train,448,False,True,False,False,False
L2W,train,449,False,True,False,False,False
L2W,train,450,False,False,False,False,True
L2W,train,451,False,True,False,False,False
L2W,train,452,False,False,False,False,True
L2W,train,453,False,True,False,False,False
L2W,train,454,True,False,True,False,False
L2W,train,455,True,False,True,False,False
L2W,train,456,True,False,True,False,False
L2W,train,457,True,False,True,False,False
L2W,train,458,True,False,True,False,False
L2W,train,459,True,False,True,False,False
L2W,train,460,False,True,False,False,False
L2W,train,461,True,False,True,False,False
L2W,train,462,False,True,False,False,False
L2W,train,463,False,False,False,False,True
L2W,train,464,False,True,False,False,False
L2W,train,465,True,False,True,False,False
LG1,train,1,False,True,False,False,False
LG1,train,2,False,True,False,False,False
LG1,train,3,False,True,False,False,False
LG1,train,4,False,True,False,False,False
LG1,train,5,False,True,False,False,False
LG1,train,6,False,True,False,False,False
LG1,train,7,False,True,False,False,False
LG1,train,8,False,True,False,False,False
LG1,train,9,False,True,False,False,False
LG1,train,10,False,True,False,False,False
LG1,train,11,False,True,False,False,False
LG1,train,12,False,True,False,False,False
LG1,train,13,False,True,False,False,False
LG1,train,14,False,True,False,False,False
LG1,train,15,False,True,False,False,False
LG1,train,16,False,True,False,False,False
LG1,train,17,False,True,False,False,False
LG1,train,18,False,True,False,False,False
LG1,train,19,False,True,False,False,False
LG1,train,20,False,True,False,False,False
LG1,train,21,False,True,False,False,False
LG1,train,22,False,True,False,False,False
LG1,train,23,False,True,False,False,False
LG1,train,24,False,True,False,False,False
LG1,train,25,False,True,False,False,False
LG1,train,26,False,True,False,False,False
LG1,train,27,False,False,False,False,True
LG1,train,28,False,True,False,False,False
LG1,train,29,False,True,False,False,False
LG1,train,30,False,True,False,False,False
LG1,train,31,False,True,False,False,False
LG1,train,32,False,True,False,False,False
LG1,train,33,False,True,False,False,False
LG1,train,34,False,True,False,False,False
LG1,train,35,False,True,False,False,False
LG1,train,36,False,True,False,False,False
LG1,train,37,False,True,False,False,False
LG1,train,38,False,True,False,False,False
LG1,train,39,False,True,False,False,False
LG1,train,40,False,True,False,False,False
LG1,train,41,False,True,False,False,False
LG1,train,42,False,False,False,False,True
LG1,train,43,False,True,False,False,False
LG1,train,44,False,True,False,False,False
LG1,train,45,False,True,False,False,False
LG1,train,46,False,True,False,False,False
LG1,train,47,False,True,False,False,False
LG1,train,48,False,True,False,False,False
LG1,train,49,False,True,False,False,False
LG1,train,50,False,True,False,False,False
LG1,train,51,False,True,False,False,False
LG1,train,52,False,True,False,False,False
LG1,train,53,False,True,False,False,False
LG1,train,54,False,True,False,False,False
LG1,train,55,False,True,False,False,False
LG1,train,56,False,True,False,False,False
LG1,train,57,False,True,False,False,False
LG1,train,58,False,True,False,False,False
LG1,train,59,False,True,False,False,False
LG1,train,60,False,True,False,False,False
LG1,train,61,False,True,False,False,False
LG1,train,62,False,True,False,False,False
LG1,train,63,True,False,True,False,False
LG1,train,64,False,True,False,False,False
LG1,train,65,False,True,False,False,False
LG1,train,66,False,True,False,False,False
LG1,train,67,False,True,False,False,False
LG1,train,68,False,True,False,False,False
LG1,train,69,False,True,False,False,False
LG1,train,70,False,True,False,False,False
LG1,train,71,False,True,False,False,False
LG1,train,72,False,True,False,False,False
LG1,train,73,False,True,False,False,False
LG1,train,74,False,True,False,False,False
LG1,train,75,False,True,False,False,False
LG1,train,76,False,True,False,False,False
LG1,train,77,True,False,True,False,False
LG1,train,78,False,True,False,False,False
LG1,train,79,False,True,False,False,False
LG1,train,80,False,True,False,False,False
LG1,train,81,False,True,False,False,False
LG1,train,82,False,True,False,False,False
LG1,train,83,False,True,False,False,False
LG1,train,84,False,True,False,False,False
LG1,train,85,False,True,False,False,False
LG1,train,86,False,True,False,False,False
LG1,train,87,False,True,False,False,False
LG1,train,88,False,True,False,False,False
LG1,train,89,False,True,False,False,False
LG1,train,90,False,True,False,False,False
LG1,train,91,False,True,False,False,False
LG1,train,92,False,True,False,False,False
LG1,train,93,False,True,False,False,False
LG1,train,94,False,True,False,False,False
LG1,train,95,False,True,False,False,False
LG1,train,96,False,True,False,False,False
LG1,train,97,False,True,False,False,False
LG1,train,98,False,True,False,False,False
LG1,train,99,False,True,False,False,False
LG1,train,100,False,True,False,False,False
LG1,train,101,False,True,False,False,False
LG1,train,102,False,True,False,False,False
LG1,train,103,True,False,True,False,False
LG1,train,104,False,True,False,False,False
LG1,train,105,False,True,False,False,False
LG1,train,106,False,True,False,False,False
LG1,train,107,False,True,False,False,False
LG1,train,108,False,True,False,False,False
LG1,train,109,False,True,False,False,False
LG1,train,110,False,True,False,False,False
LG1,train,111,False,True,False,False,False
LG1,train,112,False,True,False,False,False
LG1,train,113,False,True,False,False,False
LG1,train,114,False,True,False,False,False
LG1,train,115,False,True,False,False,False
LG1,train,116,False,True,False,False,False
LG1,train,117,False,True,False,False,False
LG1,train,118,False,True,False,False,False
LG1,train,119,False,True,False,False,False
LG1,train,120,False,True,False,False,False
LG1,train,121,False,True,False,False,False
LG1,train,122,False,True,False,False,False
LG1,train,123,False,True,False,False,False
LG1,train,124,False,True,False,False,False
LG1,train,125,False,True,False,False,False
LG1,train,126,True,False,True,False,False
LG1,train,127,False,True,False,False,False
LG1,train,128,False,True,False,False,False
LG1,train,129,False,True,False,False,False
LG1,train,130,False,True,False,False,False
LG1,train,131,False,True,False,False,False
LG1,train,132,False,True,False,False,False
LG1,train,133,False,True,False,False,False
LG1,train,134,False,True,False,False,False
LG1,train,135,False,True,False,False,False
LG1,train,136,False,True,False,False,False
LG1,train,137,False,True,False,False,False
LG1,train,138,False,True,False,False,False
LG1,train,139,False,True,False,False,False
LG1,train,140,False,True,False,False,False
LG1,train,141,False,True,False,False,False
LG1,train,142,False,True,False,False,False
LG1,train,143,False,True,False,False,False
LG1,train,144,False,True,False,False,False
LG1,train,145,False,True,False,False,False
LG1,train,146,False,True,False,False,False
LG1,train,147,False,True,False,False,False
LG1,train,148,True,False,True,False,False
LG1,train,149,False,True,False,False,False
LG1,train,150,False,True,False,False,False
LG1,train,151,False,True,False,False,False
LG1,train,152,False,True,False,False,False
LG1,train,153,False,True,False,False,False
LG1,train,154,False,True,False,False,False
LG1,train,155,False,True,False,False,False
LG1,train,156,False,True,False,False,False
LG1,train,157,False,True,False,False,False
LG1,train,158,False,True,False,False,False
LG1,train,159,False,True,False,False,False
LG1,train,160,False,True,False,False,False
LG1,train,161,False,True,False,False,False
LG1,train,162,False,True,False,False,False
LG1,train,163,False,True,False,False,False
LG1,train,164,False,True,False,False,False
LG1,train,165,False,True,False,False,False
LG1,train,166,False,True,False,False,False
LG1,train,167,False,True,False,False,False
LG1,train,168,False,True,False,False,False
LG1,train,169,False,True,False,False,False
LG1,train,170,False,True,False,False,False
LG1,train,171,False,True,False,False,False
LG1,train,172,False,True,False,False,False
LG1,train,173,False,True,False,False,False
LG1,train,174,False,True,False,False,False
LG1,train,175,False,True,False,False,False
LG1,train,176,False,True,False,False,False
LG1,train,177,False,True,False,False,False
LG1,train,178,False,True,False,False,False
LG1,train,179,False,True,False,False,False
LG1,train,180,False,True,False,False,False
LG1,train,181,False,True,False,False,False
LG1,train,182,False,True,False,False,False
LG1,train,183,False,True,False,False,False
LG1,train,184,False,True,False,False,False
LG1,train,185,False,True,False,False,False
LG1,train,186,True,False,True,False,False
LG1,train,187,False,True,False,False,False
LG1,train,188,False,True,False,False,False
LG1,train,189,False,True,False,False,False
LG1,train,190,False,True,False,False,False
LG1,train,191,False,True,False,False,False
LG1,train,192,False,True,False,False,False
LG1,train,193,True,False,True,False,False
LG1,train,194,False,True,False,False,False
LG1,train,195,False,True,False,False,False
LG1,train,196,False,True,False,False,False
LG1,train,197,False,True,False,False,False
LG1,train,198,False,True,False,False,False
LG1,train,199,False,True,False,False,False
LG1,train,200,False,True,False,False,False
LG1,train,201,False,True,False,False,False
LG1,train,202,False,True,False,False,False
LG1,train,203,False,True,False,False,False
LG1,train,204,False,True,False,False,False
LG1,train,205,False,True,False,False,False
LG1,train,206,False,True,False,False,False
LG1,train,207,False,True,False,False,False
LG1,train,208,False,True,False,False,False
LG1,train,209,False,True,False,False,False
LG1,train,210,False,True,False,False,False
LG1,train,211,False,True,False,False,False
LG1,train,212,True,False,True,False,False
LG1,train,213,False,True,False,False,False
LG1,train,214,False,True,False,False,False
LG1,train,215,False,True,False,False,False
LG1,train,216,False,True,False,False,False
LG1,train,217,False,True,False,False,False
LG1,train,218,False,True,False,False,False
LG1,train,219,False,True,False,False,False
LG1,train,220,False,True,False,False,False
LG1,train,221,False,True,False,False,False
LG1,train,222,False,True,False,False,False
LG1,train,223,False,True,False,False,False
LG1,train,224,False,True,False,False,False
LG1,train,225,False,True,False,False,False
LG1,train,226,False,True,False,False,False
LG1,train,227,False,True,False,False,False
LG1,train,228,False,True,False,False,False
LG1,train,229,False,True,False,False,False
LG1,train,230,False,True,False,False,False
LG1,train,231,False,True,False,False,False
LG1,train,232,True,False,True,False,False
LG1,train,233,False,True,False,False,False
LG1,train,234,False,True,False,False,False
LG1,train,235,False,True,False,False,False
LG1,train,236,False,True,False,False,False
LG1,train,237,False,True,False,False,False
LG1,train,238,False,True,False,False,False
LG1,train,239,False,True,False,False,False
LG1,train,240,False,True,False,False,False
LG1,train,241,False,True,False,False,False
LG1,train,242,False,True,False,False,False
LG1,train,243,False,True,False,False,False
LG1,train,244,False,True,False,False,False
LG1,train,245,False,True,False,False,False
LG1,train,246,False,True,False,False,False
LG1,train,247,False,True,False,False,False
LG1,train,248,False,True,False,False,False
LG1,train,249,False,True,False,False,False
LG1,train,250,False,True,False,False,False
LG1,train,251,False,True,False,False,False
LG1,train,252,False,True,False,False,False
LG1,train,253,False,True,False,False,False
LG1,train,254,False,True,False,False,False
LG1,train,255,False,True,False,False,False
LG1,train,256,False,True,False,False,False
LG1,train,257,False,True,False,False,False
LG1,train,258,False,True,False,False,False
LG1,train,259,False,True,False,False,False
LG1,train,260,False,True,False,False,False
LG1,train,261,False,True,False,False,False
LG1,train,262,True,False,True,False,False
LG1,train,263,False,True,False,False,False
LG1,train,264,False,True,False,False,False
LG1,train,265,False,False,False,False,True
LG1,train,266,False,True,False,False,False
LG1,train,267,False,True,False,False,False
LG1,train,268,False,True,False,False,False
LG1,train,269,False,True,False,False,False
LG1,train,270,False,True,False,False,False
LG1,train,271,True,False,True,False,False
LG1,train,272,False,True,False,False,False
LG1,train,273,False,True,False,False,False
LG1,train,274,False,True,False,False,False
LG1,train,275,False,True,False,False,False
LG1,train,276,False,True,False,False,False
LG1,train,277,False,True,False,False,False
LG1,train,278,False,True,False,False,False
LG1,train,279,False,True,False,False,False
LG1,train,280,False,True,False,False,False
LG1,train,281,False,True,False,False,False
LG1,train,282,False,True,False,False,False
LG1,train,283,False,True,False,False,False
LG1,train,284,False,True,False,False,False
LG1,train,285,False,True,False,False,False
LG1,train,286,False,True,False,False,False
LG1,train,287,False,True,False,False,False
LG1,train,288,False,True,False,False,False
LG1,train,289,False,True,False,False,False
LG1,train,290,False,True,False,False,False
LG1,train,291,False,True,False,False,False
LG1,train,292,False,True,False,False,False
LG1,train,293,False,True,False,False,False
LG1,train,294,False,True,False,False,False
LG1,train,295,False,True,False,False,False
LG1,train,296,False,True,False,False,False
LG1,train,297,False,True,False,False,False
LG1,train,298,False,True,False,False,False
LG1,train,299,True,False,True,False,False
LG1,train,300,False,True,False,False,False
LG1,train,301,False,True,False,False,False
LG1,train,302,False,True,False,False,False
LG1,train,303,True,False,True,False,False
LG1,train,304,False,True,False,False,False
LG1,train,305,True,False,True,False,False
LG1,train,306,False,True,False,False,False
LG1,train,307,False,True,False,False,False
LG1,train,308,True,False,True,False,False
LG1,train,309,True,False,True,False,False
LG1,train,310,False,True,False,False,False
LG1,train,311,False,True,False,False,False
LG1,train,312,False,True,False,False,False
LG1,train,313,False,True,False,False,False
LG1,train,314,True,False,True,False,False
LG1,train,315,True,False,True,False,False
LG1,train,316,True,False,True,False,False
LG1,train,317,False,True,False,False,False
LG1,train,318,True,False,True,False,False
LG1,train,319,True,False,True,False,False
LG1,train,320,False,True,False,False,False
LG1,train,321,False,True,False,False,False
LG1,train,322,True,False,True,False,False
LG1,train,323,False,True,False,False,False
LG1,train,324,False,True,False,False,False
LG1,train,325,False,True,False,False,False
LG1,train,326,False,True,False,False,False
LG1,train,327,False,True,False,False,False
LG1,train,328,False,True,False,False,False
LG1,train,329,False,True,False,False,False
LG1,train,330,False,True,False,False,False
LG1,train,331,False,True,False,False,False
LG1,train,332,False,True,False,False,False
LG1,train,333,False,True,False,False,False
LG1,train,334,False,True,False,False,False
LG1,train,335,False,True,False,False,False
LG1,train,336,False,True,False,False,False
LG1,train,337,True,False,True,False,False
LG1,train,338,False,True,False,False,False
LG1,train,339,False,True,False,False,False
LG1,train,340,True,False,True,False,False
LG1,train,341,False,True,False,False,False
LG1,train,342,False,True,False,False,False
LG1,train,343,False,True,False,False,False
LG1,train,344,False,False,False,False,True
LG1,train,345,True,False,True,False,False
LG1,train,346,False,True,False,False,False
LG1,train,347,False,True,False,False,False
LG1,train,348,False,True,False,False,False
LG1,train,349,False,False,False,False,True
LG1,train,350,False,True,False,False,False
LG1,train,351,False,True,False,False,False
LG1,train,352,False,True,False,False,False
LG1,train,353,False,True,False,False,False
LG1,train,354,False,True,False,False,False
LG1,train,355,False,True,False,False,False
LG1,train,356,False,True,False,False,False
LG1,train,357,False,True,False,False,False
LG1,train,358,False,False,False,False,True
LG1,train,359,False,True,False,False,False
LG1,train,360,False,False,False,False,True
LG1,train,361,True,False,True,False,False
LG1,train,362,False,True,False,False,False
LG1,train,363,False,True,False,False,False
LG1,train,364,True,False,True,False,False
LG1,train,365,False,True,False,False,False
LG1,train,366,False,True,False,False,False
LG1,train,367,False,True,False,False,False
LG1,train,368,False,True,False,False,False
LG1,train,369,True,False,True,False,False
LG1,train,370,False,True,False,False,False
LG1,train,371,False,True,False,False,False
LG1,train,372,False,True,False,False,False
LG1,train,373,False,True,False,False,False
LG1,train,374,False,True,False,False,False
LG1,train,375,False,True,False,False,False
LG1,train,376,False,True,False,False,False
LG1,train,377,False,True,False,False,False
LG1,train,378,False,False,False,False,True
LG1,train,379,False,True,False,False,False
LG1,train,380,False,True,False,False,False
LG1,train,381,False,True,False,False,False
LG1,train,382,False,True,False,False,False
LG1,train,383,True,False,True,False,False
LG1,train,384,True,False,True,False,False
LG1,train,385,False,False,False,False,True
LG1,train,386,False,True,False,False,False
LG1,train,387,False,True,False,False,False
LG1,train,388,False,True,False,False,False
LG1,train,389,False,True,False,False,False
LG1,train,390,True,False,True,False,False
LG1,train,391,False,True,False,False,False
LG1,train,392,False,True,False,False,False
LG1,train,393,False,True,False,False,False
LG1,train,394,True,False,True,False,False
LG1,train,395,False,False,False,False,True
LG1,train,396,True,False,True,False,False
LG1,train,397,False,True,False,False,False
LG1,train,398,False,True,False,False,False
LG1,train,399,False,True,False,False,False
LG1,train,400,True,False,True,False,False
LG1,train,401,True,False,True,False,False
LG1,train,402,False,True,False,False,False
LG1,train,403,True,False,True,False,False
LG1,train,404,False,True,False,False,False
LG1,train,405,False,True,False,False,False
LG1,train,406,False,True,False,False,False
LG1,train,407,False,True,False,False,False
LG1,train,408,False,True,False,False,False
LG1,train,409,False,True,False,False,False
LG1,train,410,False,True,False,False,False
LG1,train,411,True,False,True,False,False
LG1,train,412,False,True,False,False,False
LG1,train,413,False,True,False,False,False
LG1,train,414,False,True,False,False,False
LG1,train,415,False,True,False,False,False
LG1,train,416,False,True,False,False,False
LG1,train,417,True,False,True,False,False
LG1,train,418,True,False,True,False,False
LG1,train,419,True,False,True,False,False
LG1,train,420,True,False,True,False,False
LG1,train,421,False,True,False,False,False
LG1,train,422,False,True,False,False,False
LG1,train,423,False,True,False,False,False
LG1,train,424,True,False,True,False,False
LG1,train,425,True,False,True,False,False
LG1,train,426,False,True,False,False,False
LG1,train,427,False,True,False,False,False
LG1,train,428,False,True,False,False,False
LG1,train,429,True,False,True,False,False
LG1,train,430,False,True,False,False,False
LG1,train,431,False,True,False,False,False
LG1,train,432,False,True,False,False,False
LG1,train,433,False,True,False,False,False
LG1,train,434,False,True,False,False,False
LG1,train,435,True,False,True,False,False
LG1,train,436,True,False,True,False,False
LG1,train,437,False,True,False,False,False
LG1,train,438,False,True,False,False,False
LG1,train,439,False,True,False,False,False
LG1,train,440,False,True,False,False,False
LG1,train,441,False,True,False,False,False
LG1,train,442,True,False,True,False,False
LG1,train,443,True,False,True,False,False
LG1,train,444,True,False,True,False,False
LG1,train,445,True,False,True,False,False
LG1,train,446,True,False,True,False,False
LG1,train,447,False,True,False,False,False
LG1,train,448,True,False,True,False,False
LG1,train,449,True,False,True,False,False
LG1,train,450,False,True,False,False,False
LG1,train,451,True,False,True,False,False
LG1,train,452,False,True,False,False,False
LG1,train,453,True,False,True,False,False
LG1,train,454,True,False,True,False,False
LG1,train,455,True,False,True,False,False
LG1,train,456,True,False,True,False,False
LG1,train,457,False,True,False,False,False
LG1,train,458,True,False,True,False,False
LG1,train,459,True,False,True,False,False
LG1,train,460,False,True,False,False,False
LG1,train,461,False,True,False,False,False
LG1,train,462,True,False,True,False,False
LG2,train,1,True,False,True,False,False
LG2,train,2,False,True,False,False,False
LG2,train,3,False,True,False,False,False
LG2,train,4,False,True,False,False,False
LG2,train,5,False,True,False,False,False
LG2,train,6,False,False,False,False,True
LG2,train,7,False,True,False,False,False
LG2,train,8,False,True,False,False,False
LG2,train,9,False,True,False,False,False
LG2,train,10,False,True,False,False,False
LG2,train,11,False,True,False,False,False
LG2,train,12,False,True,False,False,False
LG2,train,13,False,True,False,False,False
LG2,train,14,False,True,False,False,False
LG2,train,15,False,True,False,False,False
LG2,train,16,False,True,False,False,False
LG2,train,17,False,True,False,False,False
LG2,train,18,False,True,False,False,False
LG2,train,19,False,True,False,False,False
LG2,train,20,False,True,False,False,False
LG2,train,21,False,True,False,False,False
LG2,train,22,False,True,False,False,False
LG2,train,23,False,True,False,False,False
LG2,train,24,False,True,False,False,False
LG2,train,25,False,True,False,False,False
LG2,train,26,False,True,False,False,False
LG2,train,27,True,False,True,False,False
LG2,train,28,False,True,False,False,False
LG2,train,29,False,True,False,False,False
LG2,train,30,False,True,False,False,False
LG2,train,31,False,True,False,False,False
LG2,train,32,False,True,False,False,False
LG2,train,33,False,True,False,False,False
LG2,train,34,False,True,False,False,False
LG2,train,35,False,True,False,False,False
LG2,train,36,False,True,False,False,False
LG2,train,37,False,True,False,False,False
LG2,train,38,False,True,False,False,False
LG2,train,39,False,True,False,False,False
LG2,train,40,False,True,False,False,False
LG2,train,41,False,True,False,False,False
LG2,train,42,False,True,False,False,False
LG2,train,43,False,True,False,False,False
LG2,train,44,False,True,False,False,False
LG2,train,45,False,True,False,False,False
LG2,train,46,False,True,False,False,False
LG2,train,47,False,True,False,False,False
LG2,train,48,False,True,False,False,False
LG2,train,49,False,True,False,False,False
LG2,train,50,False,True,False,False,False
LG2,train,51,False,True,False,False,False
LG2,train,52,True,False,True,False,False
LG2,train,53,False,True,False,False,False
LG2,train,54,False,True,False,False,False
LG2,train,55,False,True,False,False,False
LG2,train,56,False,True,False,False,False
LG2,train,57,False,True,False,False,False
LG2,train,58,False,True,False,False,False
LG2,train,59,False,True,False,False,False
LG2,train,60,False,True,False,False,False
LG2,train,61,False,True,False,False,False
LG2,train,62,True,False,True,False,False
LG2,train,63,False,True,False,False,False
LG2,train,64,False,True,False,False,False
LG2,train,65,False,True,False,False,False
LG2,train,66,False,True,False,False,False
LG2,train,67,False,True,False,False,False
LG2,train,68,False,True,False,False,False
LG2,train,69,False,True,False,False,False
LG2,train,70,False,True,False,False,False
LG2,train,71,False,True,False,False,False
LG2,train,72,False,True,False,False,False
LG2,train,73,False,False,False,False,True
LG2,train,74,False,True,False,False,False
LG2,train,75,False,True,False,False,False
LG2,train,76,False,True,False,False,False
LG2,train,77,False,True,False,False,False
LG2,train,78,False,True,False,False,False
LG2,train,79,False,True,False,False,False
LG2,train,80,False,True,False,False,False
LG2,train,81,False,True,False,False,False
LG2,train,82,False,True,False,False,False
LG2,train,83,False,True,False,False,False
LG2,train,84,False,True,False,False,False
LG2,train,85,False,True,False,False,False
LG2,train,86,False,True,False,False,False
LG2,train,87,False,True,False,False,False
LG2,train,88,True,False,True,False,False
LG2,train,89,False,True,False,False,False
LG2,train,90,False,True,False,False,False
LG2,train,91,False,True,False,False,False
LG2,train,92,False,True,False,False,False
LG2,train,93,False,True,False,False,False
LG2,train,94,False,True,False,False,False
LG2,train,95,False,True,False,False,False
LG2,train,96,False,True,False,False,False
LG2,train,97,False,True,False,False,False
LG2,train,98,False,True,False,False,False
LG2,train,99,False,True,False,False,False
LG2,train,100,False,True,False,False,False
LG2,train,101,False,True,False,False,False
LG2,train,102,False,True,False,False,False
LG2,train,103,True,False,True,False,False
LG2,train,104,True,False,True,False,False
LG2,train,105,False,True,False,False,False
LG2,train,106,True,False,True,False,False
LG2,train,107,False,True,False,False,False
LG2,train,108,False,True,False,False,False
LG2,train,109,False,True,False,False,False
LG2,train,110,False,True,False,False,False
LG2,train,111,True,False,True,False,False
LG2,train,112,True,False,True,False,False
LG2,train,113,False,True,False,False,False
LG2,train,114,False,True,False,False,False
LG2,train,115,False,True,False,False,False
LG2,train,116,False,True,False,False,False
LG2,train,117,True,False,True,False,False
LG2,train,118,False,True,False,False,False
LG2,train,119,False,True,False,False,False
LG2,train,120,False,True,False,False,False
LG2,train,121,False,True,False,False,False
LG2,train,122,False,True,False,False,False
LG2,train,123,False,True,False,False,False
LG2,train,124,True,False,True,False,False
LG2,train,125,True,False,True,False,False
LG2,train,126,True,False,True,False,False
LG2,train,127,True,False,True,False,False
LG2,train,128,False,False,False,False,True
LG2,train,129,True,False,True,False,False
LG2,train,130,False,True,False,False,False
LG2,train,131,False,True,False,False,False
LG2,train,132,False,True,False,False,False
LG2,train,133,False,True,False,False,False
LG2,train,134,False,True,False,False,False
LG2,train,135,False,True,False,False,False
LG2,train,136,False,True,False,False,False
LG2,train,137,False,True,False,False,False
LG2,train,138,False,True,False,False,False
LG2,train,139,False,True,False,False,False
LG2,train,140,False,True,False,False,False
LG2,train,141,True,False,True,False,False
LG2,train,142,False,True,False,False,False
LG2,train,143,False,True,False,False,False
LG2,train,144,False,True,False,False,False
LG2,train,145,False,True,False,False,False
LG2,train,146,False,True,False,False,False
LG2,train,147,False,True,False,False,False
LG2,train,148,False,True,False,False,False
LG2,train,149,False,True,False,False,False
LG2,train,150,False,True,False,False,False
LG2,train,151,False,True,False,False,False
LG2,train,152,False,True,False,False,False
LG2,train,153,False,True,False,False,False
LG2,train,154,False,True,False,False,False
LG2,train,155,False,True,False,False,False
LG2,train,156,False,True,False,False,False
LG2,train,157,False,True,False,False,False
LG2,train,158,False,True,False,False,False
LG2,train,159,False,True,False,False,False
LG2,train,160,False,True,False,False,False
LG2,train,161,False,False,False,False,True
LG2,train,162,True,False,True,False,False
LG2,train,163,False,True,False,False,False
LG2,train,164,False,True,False,False,False
LG2,train,165,False,True,False,False,False
LG2,train,166,True,False,True,False,False
LG2,train,167,True,False,True,False,False
LG2,train,168,False,True,False,False,False
LG2,train,169,False,True,False,False,False
LG2,train,170,False,True,False,False,False
LG2,train,171,False,True,False,False,False
LG2,train,172,False,True,False,False,False
LG2,train,173,False,True,False,False,False
LG2,train,174,False,True,False,False,False
LG2,train,175,False,True,False,False,False
LG2,train,176,True,False,True,False,False
LG2,train,177,False,True,False,False,False
LG2,train,178,False,True,False,False,False
LG2,train,179,False,True,False,False,False
LG2,train,180,False,True,False,False,False
LG2,train,181,False,True,False,False,False
LG2,train,182,False,True,False,False,False
LG2,train,183,False,True,False,False,False
LG2,train,184,True,False,True,False,False
LG2,train,185,True,False,True,False,False
LG2,train,186,True,False,True,False,False
LG2,train,187,False,True,False,False,False
LG2,train,188,False,True,False,False,False
LG2,train,189,True,False,True,False,False
LG2,train,190,False,True,False,False,False
LG2,train,191,False,True,False,False,False
LG2,train,192,False,False,False,False,True
LG2,train,193,False,False,False,False,True
LG2,train,194,True,False,True,False,False
LG2,train,195,True,False,True,False,False
LG2,train,196,False,True,False,False,False
LG2,train,197,False,True,False,False,False
LG2,train,198,False,True,False,False,False
LG2,train,199,False,True,False,False,False
LG2,train,200,False,True,False,False,False
LG2,train,201,False,True,False,False,False
LG2,train,202,False,True,False,False,False
LG2,train,203,False,True,False,False,False
LG2,train,204,False,True,False,False,False
LG2,train,205,False,True,False,False,False
LG2,train,206,False,True,False,False,False
LG2,train,207,False,True,False,False,False
LG2,train,208,False,True,False,False,False
LG2,train,209,False,True,False,False,False
LG2,train,210,False,True,False,False,False
LG2,train,211,False,True,False,False,False
LG2,train,212,False,True,False,False,False
LG2,train,213,False,True,False,False,False
LG2,train,214,False,True,False,False,False
LG2,train,215,False,True,False,False,False
LG2,train,216,False,True,False,False,False
LG2,train,217,False,True,False,False,False
LG2,train,218,False,True,False,False,False
LG2,train,219,False,True,False,False,False
LG2,train,220,False,True,False,False,False
LG2,train,221,False,True,False,False,False
LG2,train,222,False,True,False,False,False
LG2,train,223,False,True,False,False,False
LG2,train,224,False,True,False,False,False
LG2,train,225,False,True,False,False,False
LG2,train,226,False,True,False,False,False
LG2,train,227,False,True,False,False,False
LG2,train,228,False,True,False,False,False
LG2,train,229,False,True,False,False,False
LG2,train,230,False,True,False,False,False
LG2,train,231,False,True,False,False,False
LG2,train,232,False,True,False,False,False
LG2,train,233,False,True,False,False,False
LG2,train,234,False,True,False,False,False
LG2,train,235,False,True,False,False,False
LG2,train,236,False,False,False,False,True
LG2,train,237,False,True,False,False,False
LG2,train,238,False,False,False,False,True
LG2,train,239,False,True,False,False,False
LG2,train,240,False,True,False,False,False
LG2,train,241,False,False,False,False,True
LG2,train,242,False,True,False,False,False
LG2,train,243,False,False,False,False,True
LG2,train,244,False,True,False,False,False
LG2,train,245,False,True,False,False,False
LG2,train,246,False,True,False,False,False
LG2,train,247,False,True,False,False,False
LG2,train,248,False,True,False,False,False
LG2,train,249,False,True,False,False,False
LG2,train,250,False,True,False,False,False
LG2,train,251,False,True,False,False,False
LG2,train,252,False,True,False,False,False
LG2,train,253,False,True,False,False,False
LG2,train,254,False,True,False,False,False
LG2,train,255,False,True,False,False,False
LG2,train,256,False,True,False,False,False
LG2,train,257,True,False,True,False,False
LG2,train,258,False,True,False,False,False
LG2,train,259,False,True,False,False,False
LG2,train,260,False,False,False,False,True
LG2,train,261,False,True,False,False,False
LG2,train,262,False,True,False,False,False
LG2,train,263,True,False,True,False,False
LG2,train,264,True,False,True,False,False
LG2,train,265,False,True,False,False,False
LG2,train,266,False,True,False,False,False
LG2,train,267,False,True,False,False,False
LG2,train,268,False,True,False,False,False
LG2,train,269,True,False,True,False,False
LG2,train,270,False,True,False,False,False
LG2,train,271,True,False,True,False,False
LG2,train,272,True,False,True,False,False
LG2,train,273,False,True,False,False,False
LG2,train,274,False,True,False,False,False
LG2,train,275,False,True,False,False,False
LG2,train,276,False,True,False,False,False
LG2,train,277,False,True,False,False,False
LG2,train,278,False,True,False,False,False
LG2,train,279,False,True,False,False,False
LG2,train,280,False,True,False,False,False
LG2,train,281,False,True,False,False,False
LG2,train,282,False,True,False,False,False
LG2,train,283,False,True,False,False,False
LG2,train,284,False,True,False,False,False
LG2,train,285,False,True,False,False,False
LG2,train,286,False,True,False,False,False
LG2,train,287,False,True,False,False,False
LG2,train,288,False,True,False,False,False
LG2,train,289,False,True,False,False,False
LG2,train,290,True,False,True,False,False
LG2,train,291,False,True,False,False,False
LG2,train,292,False,True,False,False,False
LG2,train,293,False,True,False,False,False
LG2,train,294,False,True,False,False,False
LG2,train,295,False,True,False,False,False
LG2,train,296,False,True,False,False,False
LG2,train,297,True,False,True,False,False
LG2,train,298,False,False,False,False,True
LG2,train,299,False,True,False,False,False
LG2,train,300,False,True,False,False,False
LG2,train,301,False,True,False,False,False
LG2,train,302,False,True,False,False,False
LG2,train,303,False,True,False,False,False
LG2,train,304,False,True,False,False,False
LG2,train,305,False,True,False,False,False
LG2,train,306,False,True,False,False,False
LG2,train,307,False,True,False,False,False
LG2,train,308,True,False,True,False,False
LG2,train,309,False,True,False,False,False
LG2,train,310,False,True,False,False,False
LG2,train,311,False,True,False,False,False
LG2,train,312,False,True,False,False,False
LG2,train,313,False,True,False,False,False
LG2,train,314,True,False,True,False,False
LG2,train,315,False,True,False,False,False
LG2,train,316,False,True,False,False,False
LG2,train,317,False,True,False,False,False
LG2,train,318,False,True,False,False,False
LG2,train,319,False,True,False,False,False
LG2,train,320,False,True,False,False,False
LG2,train,321,False,True,False,False,False
LG2,train,322,False,True,False,False,False
LG2,train,323,False,True,False,False,False
LG2,train,324,False,True,False,False,False
LG2,train,325,False,True,False,False,False
LG2,train,326,False,True,False,False,False
LG2,train,327,False,True,False,False,False
LG2,train,328,False,True,False,False,False
LG2,train,329,True,False,True,False,False
LG2,train,330,True,False,True,False,False
LG2,train,331,False,True,False,False,False
LG2,train,332,False,True,False,False,False
LG2,train,333,False,True,False,False,False
LG2,train,334,False,True,False,False,False
LG2,train,335,True,False,True,False,False
LG2,train,336,False,True,False,False,False
LG2,train,337,False,True,False,False,False
LG2,train,338,False,True,False,False,False
LG2,train,339,False,True,False,False,False
LG2,train,340,False,True,False,False,False
LG2,train,341,False,True,False,False,False
LG2,train,342,False,True,False,False,False
LG2,train,343,False,True,False,False,False
LG2,train,344,False,True,False,False,False
LG2,train,345,False,True,False,False,False
LG2,train,346,False,True,False,False,False
LG2,train,347,False,True,False,False,False
LG2,train,348,True,False,True,False,False
LG2,train,349,False,True,False,False,False
LG2,train,350,False,True,False,False,False
LG2,train,351,False,True,False,False,False
LG2,train,352,True,False,True,False,False
LG2,train,353,True,False,True,False,False
LG2,train,354,False,True,False,False,False
LG2,train,355,False,True,False,False,False
LG2,train,356,True,False,True,False,False
LG2,train,357,True,False,True,False,False
LG2,train,358,True,False,True,False,False
LG2,train,359,True,False,True,False,False
LG2,train,360,False,True,False,False,False
LG2,train,361,False,True,False,False,False
LG2,train,362,False,True,False,False,False
LG2,train,363,False,True,False,False,False
LG2,train,364,False,True,False,False,False
LG2,train,365,True,False,True,False,False
LG2,train,366,True,False,True,False,False
LG2,train,367,True,False,True,False,False
LG2,train,368,True,False,True,False,False
LG2,train,369,True,False,True,False,False
LG2,train,370,False,True,False,False,False
LG2,train,371,False,True,False,False,False
LG2,train,372,True,False,True,False,False
LG2,train,373,False,True,False,False,False
LG2,train,374,False,True,False,False,False
LG2,train,375,True,False,True,False,False
LG2,train,376,False,True,False,False,False
LG2,train,377,True,False,True,False,False
LG2,train,378,False,True,False,False,False
LG2,train,379,False,True,False,False,False
LG2,train,380,False,True,False,False,False
LG2,train,381,True,False,True,False,False
LG2,train,382,True,False,True,False,False
LG2,train,383,True,False,True,False,False
LG2,train,384,True,False,True,False,False
LG2,train,385,False,True,False,False,False
LG2,train,386,False,True,False,False,False
LG2,train,387,False,False,False,False,True
LG2,train,388,False,True,False,False,False
LG2,train,389,False,True,False,False,False
LG2,train,390,True,False,True,False,False
LG2,train,391,True,False,True,False,False
LG2,train,392,False,False,False,False,True
LG2,train,393,False,False,False,False,True
LG2,train,394,True,False,True,False,False
LG2,train,395,True,False,True,False,False
LG2,train,396,False,True,False,False,False
LG3,train,1,False,False,False,False,True
LG3,train,2,False,True,False,False,False
LG3,train,3,True,False,True,False,False
LG3,train,4,False,True,False,False,False
LG3,train,5,False,True,False,False,False
LG3,train,6,False,True,False,False,False
LG3,train,7,False,True,False,False,False
LG3,train,8,False,True,False,False,False
LG3,train,9,False,True,False,False,False
LG3,train,10,True,False,True,False,False
LG3,train,11,False,True,False,False,False
LG3,train,12,False,True,False,False,False
LG3,train,13,False,True,False,False,False
LG3,train,14,False,True,False,False,False
LG3,train,15,False,True,False,False,False
LG3,train,16,False,True,False,False,False
LG3,train,17,False,True,False,False,False
LG3,train,18,False,True,False,False,False
LG3,train,19,False,True,False,False,False
LG3,train,20,False,True,False,False,False
LG3,train,21,False,True,False,False,False
LG3,train,22,False,True,False,False,False
LG3,train,23,False,True,False,False,False
LG3,train,24,False,True,False,False,False
LG3,train,25,False,True,False,False,False
LG3,train,26,False,True,False,False,False
LG3,train,27,False,True,False,False,False
LG3,train,28,False,True,False,False,False
LG3,train,29,False,True,False,False,False
LG3,train,30,False,True,False,False,False
LG3,train,31,True,False,True,False,False
LG3,train,32,False,True,False,False,False
LG3,train,33,False,True,False,False,False
LG3,train,34,False,True,False,False,False
LG3,train,35,False,True,False,False,False
LG3,train,36,False,True,False,False,False
LG3,train,37,False,True,False,False,False
LG3,train,38,False,True,False,False,False
LG3,train,39,False,True,False,False,False
LG3,train,40,False,True,False,False,False
LG3,train,41,False,True,False,False,False
LG3,train,42,False,True,False,False,False
LG3,train,43,False,True,False,False,False
LG3,train,44,False,True,False,False,False
LG3,train,45,False,True,False,False,False
LG3,train,46,False,True,False,False,False
LG3,train,47,False,True,False,False,False
LG3,train,48,False,False,False,False,True
LG3,train,49,False,True,False,False,False
LG3,train,50,False,True,False,False,False
LG3,train,51,False,True,False,False,False
LG3,train,52,False,True,False,False,False
LG3,train,53,False,True,False,False,False
LG3,train,54,False,True,False,False,False
LG3,train,55,False,True,False,False,False
LG3,train,56,False,True,False,False,False
LG3,train,57,False,True,False,False,False
LG3,train,58,False,False,False,False,True
LG3,train,59,False,False,False,False,True
LG3,train,60,False,True,False,False,False
LG3,train,61,False,False,False,False,True
LG3,train,62,False,True,False,False,False
LG3,train,63,False,True,False,False,False
LG3,train,64,False,True,False,False,False
LG3,train,65,False,True,False,False,False
LG3,train,66,False,True,False,False,False
LG3,train,67,False,True,False,False,False
LG3,train,68,False,True,False,False,False
LG3,train,69,False,True,False,False,False
LG3,train,70,False,True,False,False,False
LG3,train,71,False,True,False,False,False
LG3,train,72,False,True,False,False,False
LG3,train,73,False,True,False,False,False
LG3,train,74,False,True,False,False,False
LG3,train,75,False,True,False,False,False
LG3,train,76,False,True,False,False,False
LG3,train,77,False,True,False,False,False
LG3,train,78,False,True,False,False,False
LG3,train,79,True,False,True,False,False
LG3,train,80,False,True,False,False,False
LG3,train,81,False,True,False,False,False
LG3,train,82,False,True,False,False,False
LG3,train,83,False,True,False,False,False
LG3,train,84,False,True,False,False,False
LG3,train,85,False,True,False,False,False
LG3,train,86,False,True,False,False,False
LG3,train,87,False,True,False,False,False
LG3,train,88,False,True,False,False,False
LG3,train,89,False,True,False,False,False
LG3,train,90,False,True,False,False,False
LG3,train,91,False,True,False,False,False
LG3,train,92,False,True,False,False,False
LG3,train,93,False,True,False,False,False
LG3,train,94,False,True,False,False,False
LG3,train,95,False,True,False,False,False
LG3,train,96,False,True,False,False,False
LG3,train,97,True,False,True,False,False
LG3,train,98,False,True,False,False,False
LG3,train,99,False,True,False,False,False
LG3,train,100,False,False,False,False,True
LG3,train,101,False,True,False,False,False
LG3,train,102,False,True,False,False,False
LG3,train,103,False,True,False,False,False
LG3,train,104,False,True,False,False,False
LG3,train,105,False,True,False,False,False
LG3,train,106,True,False,True,False,False
LG3,train,107,False,True,False,False,False
LG3,train,108,False,True,False,False,False
LG3,train,109,False,True,False,False,False
LG3,train,110,False,True,False,False,False
LG3,train,111,False,True,False,False,False
LG3,train,112,False,False,False,False,True
LG3,train,113,False,True,False,False,False
LG3,train,114,False,True,False,False,False
LG3,train,115,False,True,False,False,False
LG3,train,116,False,True,False,False,False
LG3,train,117,False,False,False,False,True
LG3,train,118,False,True,False,False,False
LG3,train,119,False,True,False,False,False
LG3,train,120,False,True,False,False,False
LG3,train,121,False,True,False,False,False
LG3,train,122,False,True,False,False,False
LG3,train,123,False,True,False,False,False
LG3,train,124,False,True,False,False,False
LG3,train,125,False,True,False,False,False
LG3,train,126,False,True,False,False,False
LG3,train,127,False,True,False,False,False
LG3,train,128,False,True,False,False,False
LG3,train,129,False,True,False,False,False
LG3,train,130,False,True,False,False,False
LG3,train,131,False,True,False,False,False
LG3,train,132,False,True,False,False,False
LG3,train,133,False,True,False,False,False
LG3,train,134,False,True,False,False,False
LG3,train,135,False,True,False,False,False
LG3,train,136,False,True,False,False,False
LG3,train,137,False,True,False,False,False
LG3,train,138,False,True,False,False,False
LG3,train,139,False,True,False,False,False
LG3,train,140,False,True,False,False,False
LG3,train,141,False,True,False,False,False
LG3,train,142,False,True,False,False,False
LG3,train,143,False,True,False,False,False
LG3,train,144,True,False,True,False,False
LG3,train,145,False,True,False,False,False
LG3,train,146,False,True,False,False,False
LG3,train,147,False,True,False,False,False
LG3,train,148,False,True,False,False,False
LG3,train,149,False,True,False,False,False
LG3,train,150,False,True,False,False,False
LG3,train,151,False,True,False,False,False
LG3,train,152,False,True,False,False,False
LG3,train,153,False,True,False,False,False
LG3,train,154,False,True,False,False,False
LG3,train,155,False,False,False,False,True
LG3,train,156,False,True,False,False,False
LG3,train,157,False,True,False,False,False
LG3,train,158,False,False,False,False,True
LG3,train,159,False,True,False,False,False
LG3,train,160,False,True,False,False,False
LG3,train,161,False,True,False,False,False
LG3,train,162,False,True,False,False,False
LG3,train,163,False,True,False,False,False
LG3,train,164,False,True,False,False,False
LG3,train,165,False,True,False,False,False
LG3,train,166,False,True,False,False,False
LG3,train,167,False,True,False,False,False
LG3,train,168,False,True,False,False,False
LG3,train,169,False,True,False,False,False
LG3,train,170,False,True,False,False,False
LG3,train,171,False,True,False,False,False
LG3,train,172,False,True,False,False,False
LG3,train,173,False,True,False,False,False
LG3,train,174,False,True,False,False,False
LG3,train,175,False,True,False,False,False
LG3,train,176,False,True,False,False,False
LG3,train,177,False,True,False,False,False
LG3,train,178,False,True,False,False,False
LG3,train,179,False,True,False,False,False
LG3,train,180,False,True,False,False,False
LG3,train,181,False,True,False,False,False
LG3,train,182,False,True,False,False,False
LG3,train,183,False,True,False,False,False
LG3,train,184,False,True,False,False,False
LG3,train,185,False,True,False,False,False
LG3,train,186,False,True,False,False,False
LG3,train,187,False,True,False,False,False
LG3,train,188,False,True,False,False,False
LG3,train,189,False,True,False,False,False
LG3,train,190,False,True,False,False,False
LG3,train,191,False,True,False,False,False
LG3,train,192,False,True,False,False,False
LG3,train,193,False,True,False,False,False
LG3,train,194,False,True,False,False,False
LG3,train,195,False,True,False,False,False
LG3,train,196,False,True,False,False,False
LG3,train,197,False,True,False,False,False
LG3,train,198,False,False,False,False,True
LG3,train,199,False,True,False,False,False
LG3,train,200,False,True,False,False,False
LG3,train,201,False,True,False,False,False
LG3,train,202,False,True,False,False,False
LG3,train,203,False,True,False,False,False
LG3,train,204,False,True,False,False,False
LG3,train,205,False,True,False,False,False
LG3,train,206,False,True,False,False,False
LG3,train,207,False,True,False,False,False
LG3,train,208,False,True,False,False,False
LG3,train,209,False,True,False,False,False
LG3,train,210,False,True,False,False,False
LG3,train,211,False,True,False,False,False
LG3,train,212,False,True,False,False,False
LG3,train,213,False,True,False,False,False
LG3,train,214,False,True,False,False,False
LG3,train,215,False,True,False,False,False
LG3,train,216,False,True,False,False,False
LG3,train,217,False,True,False,False,False
LG3,train,218,False,True,False,False,False
LG3,train,219,False,True,False,False,False
LG3,train,220,False,True,False,False,False
LG3,train,221,False,True,False,False,False
LG3,train,222,False,True,False,False,False
LG3,train,223,False,True,False,False,False
LG3,train,224,False,True,False,False,False
LG3,train,225,False,True,False,False,False
LG3,train,226,False,True,False,False,False
LG3,train,227,False,True,False,False,False
LG3,train,228,False,True,False,False,False
LG3,train,229,False,True,False,False,False
LG3,train,230,False,True,False,False,False
LG3,train,231,False,True,False,False,False
LG3,train,232,False,True,False,False,False
LG3,train,233,False,True,False,False,False
LG3,train,234,False,True,False,False,False
LG3,train,235,False,True,False,False,False
LG3,train,236,True,False,True,False,False
LG3,train,237,False,True,False,False,False
LG3,train,238,False,True,False,False,False
LG3,train,239,True,False,True,False,False
LG3,train,240,False,True,False,False,False
LG3,train,241,False,True,False,False,False
LG3,train,242,False,True,False,False,False
LG3,train,243,False,True,False,False,False
LG3,train,244,False,True,False,False,False
LG3,train,245,False,True,False,False,False
LG3,train,246,False,False,False,False,True
LG3,train,247,False,True,False,False,False
LG3,train,248,False,True,False,False,False
LG3,train,249,False,True,False,False,False
LG3,train,250,False,True,False,False,False
LG3,train,251,False,True,False,False,False
LG3,train,252,False,True,False,False,False
LG3,train,253,False,True,False,False,False
LG3,train,254,False,True,False,False,False
LG3,train,255,False,True,False,False,False
LG3,train,256,False,True,False,False,False
LG3,train,257,False,True,False,False,False
LG3,train,258,False,True,False,False,False
LG3,train,259,False,True,False,False,False
LG3,train,260,False,True,False,False,False
LG3,train,261,True,False,True,False,False
LG3,train,262,False,True,False,False,False
LG3,train,263,False,True,False,False,False
LG3,train,264,False,True,False,False,False
LG3,train,265,False,True,False,False,False
LG3,train,266,False,True,False,False,False
LG3,train,267,False,True,False,False,False
LG3,train,268,False,True,False,False,False
LG3,train,269,False,True,False,False,False
LG3,train,270,False,True,False,False,False
LG3,train,271,False,True,False,False,False
LG3,train,272,False,True,False,False,False
LG3,train,273,False,True,False,False,False
LG3,train,274,False,True,False,False,False
LG3,train,275,False,True,False,False,False
LG3,train,276,True,False,True,False,False
LG3,train,277,False,True,False,False,False
LG3,train,278,False,True,False,False,False
LG3,train,279,False,True,False,False,False
LG3,train,280,False,True,False,False,False
LG3,train,281,False,True,False,False,False
LG3,train,282,False,True,False,False,False
LG3,train,283,False,True,False,False,False
LG3,train,284,True,False,True,False,False
LG3,train,285,False,True,False,False,False
LG3,train,286,False,True,False,False,False
LG3,train,287,False,True,False,False,False
LG3,train,288,False,True,False,False,False
LG3,train,289,False,True,False,False,False
LG3,train,290,False,True,False,False,False
LG3,train,291,False,True,False,False,False
LG3,train,292,False,True,False,False,False
LG3,train,293,False,True,False,False,False
LG3,train,294,False,True,False,False,False
LG3,train,295,False,True,False,False,False
LG3,train,296,False,True,False,False,False
LG3,train,297,False,True,False,False,False
LG3,train,298,False,True,False,False,False
LG3,train,299,True,False,True,False,False
LG3,train,300,True,False,True,False,False
LG3,train,301,False,True,False,False,False
LG3,train,302,False,True,False,False,False
LG3,train,303,True,False,True,False,False
LG3,train,304,False,True,False,False,False
LG3,train,305,False,True,False,False,False
LG3,train,306,False,True,False,False,False
LG3,train,307,False,True,False,False,False
LG3,train,308,False,True,False,False,False
LG3,train,309,False,True,False,False,False
LG3,train,310,False,True,False,False,False
LG3,train,311,False,True,False,False,False
LG3,train,312,False,True,False,False,False
LG3,train,313,False,True,False,False,False
LG3,train,314,False,True,False,False,False
LG3,train,315,False,True,False,False,False
LG3,train,316,False,True,False,False,False
LG3,train,317,False,True,False,False,False
LG3,train,318,True,False,True,False,False
LG3,train,319,False,True,False,False,False
LG3,train,320,True,False,True,False,False
LG3,train,321,True,False,True,False,False
LG3,train,322,False,True,False,False,False
LG3,train,323,False,True,False,False,False
LG3,train,324,False,True,False,False,False
LG3,train,325,False,True,False,False,False
LG3,train,326,False,True,False,False,False
LG3,train,327,True,False,True,False,False
LG3,train,328,False,True,False,False,False
LG3,train,329,True,False,True,False,False
LG3,train,330,False,True,False,False,False
LG3,train,331,False,True,False,False,False
LG3,train,332,True,False,True,False,False
LG3,train,333,True,False,True,False,False
LG3,train,334,False,True,False,False,False
LG3,train,335,True,False,True,False,False
LG3,train,336,False,True,False,False,False
LG3,train,337,False,True,False,False,False
LG3,train,338,False,True,False,False,False
LG3,train,339,True,False,True,False,False
LG3,train,340,False,True,False,False,False
G4N,validation,1,False,True,False,False,False
G4N,validation,2,False,True,False,False,False
G4N,validation,3,False,True,False,False,False
G4N,validation,4,False,True,False,False,False
G4N,validation,5,False,True,False,False,False
G4N,validation,6,False,True,False,False,False
G4N,validation,7,False,True,False,False,False
G4N,validation,8,False,True,False,False,False
G4N,validation,9,False,True,False,False,False
G4N,validation,10,False,True,False,False,False
G4N,validation,11,False,True,False,False,False
G4N,validation,12,False,True,False,False,False
G4N,validation,13,True,False,True,False,False
G4N,validation,14,False,True,False,False,False
G4N,validation,15,False,True,False,False,False
G4N,validation,16,False,True,False,False,False
G4N,validation,17,False,True,False,False,False
G4N,validation,18,False,True,False,False,False
G4N,validation,19,False,True,False,False,False
G4N,validation,20,False,True,False,False,False
G4N,validation,21,True,False,True,False,False
G4N,validation,22,False,False,False,False,True
G4N,validation,23,False,True,False,False,False
G4N,validation,24,False,True,False,False,False
G4N,validation,25,True,False,True,False,False
G4N,validation,26,False,True,False,False,False
G4N,validation,27,False,True,False,False,False
G4N,validation,28,False,True,False,False,False
G4N,validation,29,False,True,False,False,False
G4N,validation,30,False,True,False,False,False
G4N,validation,31,False,True,False,False,False
G4N,validation,32,False,True,False,False,False
G4N,validation,33,False,False,False,False,True
G4N,validation,34,False,True,False,False,False
G4N,validation,35,False,True,False,False,False
G4N,validation,36,False,True,False,False,False
G4N,validation,37,False,True,False,False,False
G4N,validation,38,False,True,False,False,False
G4N,validation,39,False,True,False,False,False
G4N,validation,40,False,True,False,False,False
G4N,validation,41,False,False,False,False,True
G4N,validation,42,False,False,False,False,True
G4N,validation,43,False,False,False,False,True
G4N,validation,44,False,True,False,False,False
G4N,validation,45,False,True,False,False,False
G4N,validation,46,False,True,False,False,False
G4N,validation,47,False,True,False,False,False
G4N,validation,48,False,True,False,False,False
G4N,validation,49,False,True,False,False,False
G4N,validation,50,False,True,False,False,False
G4N,validation,51,False,True,False,False,False
G4N,validation,52,False,True,False,False,False
G4N,validation,53,False,True,False,False,False
G4N,validation,54,False,True,False,False,False
G4N,validation,55,False,True,False,False,False
G4N,validation,56,False,True,False,False,False
G4N,validation,57,False,True,False,False,False
G4N,validation,58,False,True,False,False,False
G4N,validation,59,False,True,False,False,False
G4N,validation,60,False,True,False,False,False
G4N,validation,61,False,True,False,False,False
G4N,validation,62,False,True,False,False,False
G4N,validation,63,False,True,False,False,False
G4N,validation,64,False,True,False,False,False
G4N,validation,65,False,True,False,False,False
G4N,validation,66,False,True,False,False,False
G4N,validation,67,False,True,False,False,False
G4N,validation,68,False,True,False,False,False
G4N,validation,69,False,True,False,False,False
G4N,validation,70,False,True,False,False,False
G4N,validation,71,False,True,False,False,False
G4N,validation,72,False,False,False,False,True
G4N,validation,73,False,False,False,False,True
G4N,validation,74,False,True,False,False,False
G4N,validation,75,False,True,False,False,False
G4N,validation,76,False,True,False,False,False
G4N,validation,77,False,True,False,False,False
G4N,validation,78,False,True,False,False,False
G4N,validation,79,False,True,False,False,False
G4N,validation,80,False,True,False,False,False
G4N,validation,81,False,True,False,False,False
G4N,validation,82,False,True,False,False,False
G4N,validation,83,False,True,False,False,False
G4N,validation,84,False,True,False,False,False
G4N,validation,85,False,True,False,False,False
G4N,validation,86,False,True,False,False,False
G4N,validation,87,False,True,False,False,False
G4N,validation,88,False,True,False,False,False
G4N,validation,89,False,True,False,False,False
G4N,validation,90,True,False,True,False,False
G4N,validation,91,False,True,False,False,False
G4N,validation,92,True,False,True,False,False
G4N,validation,93,False,True,False,False,False
G4N,validation,94,False,True,False,False,False
G4N,validation,95,False,True,False,False,False
G4N,validation,96,False,True,False,False,False
G4N,validation,97,True,False,True,False,False
G4N,validation,98,True,False,True,False,False
G4N,validation,99,False,True,False,False,False
G4N,validation,100,False,True,False,False,False
G4N,validation,101,True,False,True,False,False
G4N,validation,102,False,True,False,False,False
G4N,validation,103,False,True,False,False,False
G4N,validation,104,False,True,False,False,False
G4N,validation,105,True,False,True,False,False
G4N,validation,106,False,True,False,False,False
G4N,validation,107,False,False,False,False,True
G4N,validation,108,False,True,False,False,False
G4N,validation,109,True,False,True,False,False
G4N,validation,110,False,True,False,False,False
G4N,validation,111,True,False,True,False,False
G4N,validation,112,True,False,True,False,False
G4N,validation,113,False,True,False,False,False
G4N,validation,114,False,True,False,False,False
G4N,validation,115,False,True,False,False,False
G4N,validation,116,False,True,False,False,False
G4N,validation,117,True,False,True,False,False
G4N,validation,118,False,True,False,False,False
G4N,validation,119,False,False,False,False,True
G4N,validation,120,False,True,False,False,False
G4N,validation,121,False,True,False,False,False
G4N,validation,122,False,True,False,False,False
G4N,validation,123,False,True,False,False,False
G4N,validation,124,False,True,False,False,False
G4N,validation,125,False,True,False,False,False
G4N,validation,126,False,True,False,False,False
G4N,validation,127,False,True,False,False,False
G4N,validation,128,False,True,False,False,False
G4N,validation,129,False,True,False,False,False
G4N,validation,130,False,True,False,False,False
G4N,validation,131,False,True,False,False,False
G4N,validation,132,False,False,False,False,True
G4N,validation,133,False,False,False,False,True
G4N,validation,134,False,True,False,False,False
G4N,validation,135,False,True,False,False,False
G4N,validation,136,False,True,False,False,False
G4N,validation,137,False,True,False,False,False
G4N,validation,138,False,False,False,False,True
G4N,validation,139,False,True,False,False,False
G4N,validation,140,False,True,False,False,False
G4N,validation,141,False,True,False,False,False
G4N,validation,142,False,True,False,False,False
G4N,validation,143,False,True,False,False,False
G4N,validation,144,False,True,False,False,False
G4N,validation,145,False,True,False,False,False
G4N,validation,146,False,True,False,False,False
G4N,validation,147,False,True,False,False,False
G4N,validation,148,False,True,False,False,False
G4N,validation,149,False,True,False,False,False
G4N,validation,150,True,False,True,False,False
G4N,validation,151,False,True,False,False,False
G4N,validation,152,False,True,False,False,False
G4N,validation,153,False,True,False,False,False
G4N,validation,154,False,True,False,False,False
G4N,validation,155,True,False,True,False,False
G4N,validation,156,False,True,False,False,False
G4N,validation,157,False,True,False,False,False
G4N,validation,158,False,True,False,False,False
G4N,validation,159,False,True,False,False,False
G4N,validation,160,False,True,False,False,False
G4N,validation,161,True,False,True,False,False
G4N,validation,162,False,True,False,False,False
G4N,validation,163,False,True,False,False,False
G4N,validation,164,False,True,False,False,False
G4N,validation,165,False,True,False,False,False
G4N,validation,166,False,True,False,False,False
G4N,validation,167,False,True,False,False,False
G4N,validation,168,False,True,False,False,False
G4N,validation,169,True,False,True,False,False
G4N,validation,170,False,True,False,False,False
G4N,validation,171,False,True,False,False,False
G4N,validation,172,False,True,False,False,False
G4N,validation,173,False,True,False,False,False
G4N,validation,174,False,True,False,False,False
G4N,validation,175,False,True,False,False,False
G4N,validation,176,False,True,False,False,False
G4N,validation,177,False,True,False,False,False
G4N,validation,178,False,True,False,False,False
G4N,validation,179,False,False,False,False,True
G4N,validation,180,False,True,False,False,False
G4N,validation,181,True,False,True,False,False
G4N,validation,182,False,False,False,False,True
G4N,validation,183,False,False,False,False,True
G4N,validation,184,False,True,False,False,False
G4N,validation,185,False,True,False,False,False
G4N,validation,186,False,True,False,False,False
G4N,validation,187,True,False,True,False,False
G4N,validation,188,False,True,False,False,False
G4N,validation,189,False,True,False,False,False
G4N,validation,190,False,True,False,False,False
G4N,validation,191,False,True,False,False,False
G4N,validation,192,False,True,False,False,False
G4N,validation,193,False,True,False,False,False
G4N,validation,194,False,True,False,False,False
G4N,validation,195,False,True,False,False,False
G4N,validation,196,False,True,False,False,False
G4N,validation,197,False,True,False,False,False
G4N,validation,198,False,True,False,False,False
G4N,validation,199,False,True,False,False,False
G4N,validation,200,False,True,False,False,False
G4N,validation,201,False,True,False,False,False
G4N,validation,202,False,True,False,False,False
G4N,validation,203,False,True,False,False,False
G4N,validation,204,True,False,True,False,False
G4N,validation,205,False,True,False,False,False
G4N,validation,206,False,True,False,False,False
G4N,validation,207,False,True,False,False,False
G4N,validation,208,False,True,False,False,False
G4N,validation,209,False,True,False,False,False
G4N,validation,210,False,False,False,False,True
G4N,validation,211,False,True,False,False,False
G4N,validation,212,False,True,False,False,False
G4N,validation,213,False,True,False,False,False
G4N,validation,214,False,True,False,False,False
G4N,validation,215,False,True,False,False,False
G4N,validation,216,False,True,False,False,False
G4N,validation,217,False,True,False,False,False
G4N,validation,218,False,True,False,False,False
G4N,validation,219,False,True,False,False,False
G4N,validation,220,False,True,False,False,False
G4N,validation,221,False,True,False,False,False
G4N,validation,222,False,True,False,False,False
G4N,validation,223,False,True,False,False,False
G4N,validation,224,True,False,True,False,False
G4N,validation,225,False,True,False,False,False
G4N,validation,226,False,True,False,False,False
G4N,validation,227,False,True,False,False,False
G4N,validation,228,False,True,False,False,False
G4N,validation,229,False,True,False,False,False
G4N,validation,230,False,True,False,False,False
G4N,validation,231,False,True,False,False,False
G4N,validation,232,False,True,False,False,False
G4N,validation,233,False,True,False,False,False
G4N,validation,234,False,True,False,False,False
G4N,validation,235,True,False,True,False,False
G4N,validation,236,False,True,False,False,False
G4N,validation,237,True,False,True,False,False
G4N,validation,238,False,True,False,False,False
G4N,validation,239,False,True,False,False,False
G4N,validation,240,True,False,True,False,False
G4N,validation,241,False,True,False,False,False
G4N,validation,242,False,True,False,False,False
G4N,validation,243,False,True,False,False,False
G4N,validation,244,False,True,False,False,False
G4N,validation,245,True,False,True,False,False
G4N,validation,246,False,True,False,False,False
G4N,validation,247,False,True,False,False,False
G4N,validation,248,False,True,False,False,False
G4N,validation,249,False,True,False,False,False
G4N,validation,250,False,True,False,False,False
G4N,validation,251,False,True,False,False,False
G4N,validation,252,False,True,False,False,False
G4N,validation,253,False,True,False,False,False
G4N,validation,254,True,False,True,False,False
G4N,validation,255,True,False,True,False,False
G4N,validation,256,False,True,False,False,False
G4N,validation,257,False,True,False,False,False
G4N,validation,258,False,True,False,False,False
G4N,validation,259,False,True,False,False,False
G4N,validation,260,True,False,True,False,False
G4N,validation,261,False,True,False,False,False
G4N,validation,262,False,True,False,False,False
G4N,validation,263,False,True,False,False,False
G4N,validation,264,True,False,True,False,False
G4N,validation,265,False,True,False,False,False
G4N,validation,266,False,True,False,False,False
G4N,validation,267,True,False,True,False,False
G4N,validation,268,True,False,True,False,False
G4N,validation,269,False,True,False,False,False
G4N,validation,270,False,True,False,False,False
G4N,validation,271,False,True,False,False,False
G4N,validation,272,False,True,False,False,False
G4N,validation,273,False,True,False,False,False
G4N,validation,274,False,True,False,False,False
G4N,validation,275,True,False,True,False,False
G4N,validation,276,False,True,False,False,False
G4N,validation,277,False,True,False,False,False
G4N,validation,278,False,True,False,False,False
G4N,validation,279,False,True,False,False,False
G4N,validation,280,False,True,False,False,False
G4N,validation,281,False,True,False,False,False
G4N,validation,282,True,False,True,False,False
G4N,validation,283,False,True,False,False,False
G4N,validation,284,True,False,True,False,False
G4N,validation,285,True,False,True,False,False
G4N,validation,286,False,False,False,False,True
G4N,validation,287,False,True,False,False,False
G4N,validation,288,False,True,False,False,False
G4N,validation,289,False,True,False,False,False
G4N,validation,290,False,True,False,False,False
G4N,validation,291,False,True,False,False,False
G4N,validation,292,False,True,False,False,False
G4N,validation,293,False,True,False,False,False
G4N,validation,294,False,True,False,False,False
G4N,validation,295,False,True,False,False,False
G4N,validation,296,False,True,False,False,False
G4N,validation,297,False,True,False,False,False
G4N,validation,298,False,True,False,False,False
G4N,validation,299,False,True,False,False,False
G4N,validation,300,False,True,False,False,False
G4N,validation,301,False,True,False,False,False
G4N,validation,302,False,True,False,False,False
G4N,validation,303,False,True,False,False,False
G4N,validation,304,False,True,False,False,False
G4N,validation,305,False,False,False,False,True
G4N,validation,306,False,True,False,False,False
G4N,validation,307,False,True,False,False,False
G4N,validation,308,False,True,False,False,False
G4N,validation,309,False,True,False,False,False
G4N,validation,310,False,True,False,False,False
G4N,validation,311,False,True,False,False,False
G4N,validation,312,True,False,True,False,False
G4N,validation,313,False,True,False,False,False
G4N,validation,314,False,True,False,False,False
G4N,validation,315,False,True,False,False,False
G4N,validation,316,False,True,False,False,False
G4N,validation,317,False,True,False,False,False
G4N,validation,318,True,False,True,False,False
G4N,validation,319,True,False,True,False,False
G4N,validation,320,False,True,False,False,False
G4N,validation,321,False,True,False,False,False
G4N,validation,322,False,True,False,False,False
G4N,validation,323,True,False,True,False,False
G4N,validation,324,False,True,False,False,False
G4N,validation,325,True,False,True,False,False
G4N,validation,326,True,False,True,False,False
G4N,validation,327,False,True,False,False,False
G4N,validation,328,False,True,False,False,False
G4N,validation,329,True,False,True,False,False
G4N,validation,330,True,False,True,False,False
G4N,validation,331,False,True,False,False,False
G4N,validation,332,True,False,True,False,False
G4N,validation,333,True,False,True,False,False
G4N,validation,334,True,False,True,False,False
G4N,validation,335,True,False,True,False,False
G4N,validation,336,True,False,True,False,False
G4N,validation,337,False,True,False,False,False
G4N,validation,338,False,True,False,False,False
G4N,validation,339,False,True,False,False,False
G4N,validation,340,True,False,True,False,False
G4N,validation,341,False,True,False,False,False
G4N,validation,342,True,False,True,False,False
G4N,validation,343,True,False,True,False,False
G4N,validation,344,True,False,True,False,False
G4N,validation,345,True,False,True,False,False
G4N,validation,346,True,False,True,False,False
G4N,validation,347,False,True,False,False,False
G4N,validation,348,True,False,True,False,False
G4N,validation,349,True,False,True,False,False
G4N,validation,350,False,True,False,False,False
G4N,validation,351,True,False,True,False,False
G4N,validation,352,True,False,True,False,False
G4N,validation,353,False,True,False,False,False
G4N,validation,354,False,False,False,False,True
G4N,validation,355,False,True,False,False,False
G4N,validation,356,True,False,True,False,False
G4N,validation,357,True,False,True,False,False
G4N,validation,358,True,False,True,False,False
G4N,validation,359,False,True,False,False,False
G4N,validation,360,False,True,False,False,False
G4N,validation,361,False,True,False,False,False
G4N,validation,362,True,False,True,False,False
G4N,validation,363,True,False,True,False,False
G4N,validation,364,False,False,False,False,True
G4W,validation,1,False,True,False,False,False
G4W,validation,2,False,True,False,False,False
G4W,validation,3,False,True,False,False,False
G4W,validation,4,False,True,False,False,False
G4W,validation,5,False,True,False,False,False
G4W,validation,6,False,True,False,False,False
G4W,validation,7,False,True,False,False,False
G4W,validation,8,False,False,False,False,True
G4W,validation,9,False,True,False,False,False
G4W,validation,10,False,True,False,False,False
G4W,validation,11,False,True,False,False,False
G4W,validation,12,False,True,False,False,False
G4W,validation,13,False,True,False,False,False
G4W,validation,14,False,False,False,False,True
G4W,validation,15,False,True,False,False,False
G4W,validation,16,False,True,False,False,False
G4W,validation,17,False,True,False,False,False
G4W,validation,18,False,True,False,False,False
G4W,validation,19,False,True,False,False,False
G4W,validation,20,False,True,False,False,False
G4W,validation,21,False,True,False,False,False
G4W,validation,22,False,False,False,False,True
G4W,validation,23,False,False,False,False,True
G4W,validation,24,False,True,False,False,False
G4W,validation,25,False,True,False,False,False
G4W,validation,26,False,True,False,False,False
G4W,validation,27,False,True,False,False,False
G4W,validation,28,False,True,False,False,False
G4W,validation,29,False,True,False,False,False
G4W,validation,30,False,True,False,False,False
G4W,validation,31,False,True,False,False,False
G4W,validation,32,False,True,False,False,False
G4W,validation,33,False,True,False,False,False
G4W,validation,34,False,True,False,False,False
G4W,validation,35,False,True,False,False,False
G4W,validation,36,False,True,False,False,False
G4W,validation,37,False,True,False,False,False
G4W,validation,38,False,True,False,False,False
G4W,validation,39,False,True,False,False,False
G4W,validation,40,False,True,False,False,False
G4W,validation,41,False,True,False,False,False
G4W,validation,42,False,True,False,False,False
G4W,validation,43,False,True,False,False,False
G4W,validation,44,False,True,False,False,False
G4W,validation,45,False,True,False,False,False
G4W,validation,46,False,True,False,False,False
G4W,validation,47,False,True,False,False,False
G4W,validation,48,False,True,False,False,False
G4W,validation,49,False,True,False,False,False
G4W,validation,50,False,True,False,False,False
G4W,validation,51,False,True,False,False,False
G4W,validation,52,False,True,False,False,False
G4W,validation,53,False,True,False,False,False
G4W,validation,54,False,True,False,False,False
G4W,validation,55,False,True,False,False,False
G4W,validation,56,False,True,False,False,False
G4W,validation,57,False,True,False,False,False
G4W,validation,58,False,True,False,False,False
G4W,validation,59,False,True,False,False,False
G4W,validation,60,False,True,False,False,False
G4W,validation,61,False,True,False,False,False
G4W,validation,62,False,True,False,False,False
G4W,validation,63,False,True,False,False,False
G4W,validation,64,False,True,False,False,False
G4W,validation,65,False,True,False,False,False
G4W,validation,66,False,True,False,False,False
G4W,validation,67,False,True,False,False,False
G4W,validation,68,False,True,False,False,False
G4W,validation,69,False,True,False,False,False
G4W,validation,70,False,True,False,False,False
G4W,validation,71,False,True,False,False,False
G4W,validation,72,False,True,False,False,False
G4W,validation,73,False,True,False,False,False
G4W,validation,74,False,True,False,False,False
G4W,validation,75,False,True,False,False,False
G4W,validation,76,False,True,False,False,False
G4W,validation,77,False,True,False,False,False
G4W,validation,78,False,True,False,False,False
G4W,validation,79,False,True,False,False,False
G4W,validation,80,False,True,False,False,False
G4W,validation,81,False,True,False,False,False
G4W,validation,82,False,True,False,False,False
G4W,validation,83,False,True,False,False,False
G4W,validation,84,False,True,False,False,False
G4W,validation,85,True,False,True,False,False
G4W,validation,86,False,True,False,False,False
G4W,validation,87,False,True,False,False,False
G4W,validation,88,False,True,False,False,False
G4W,validation,89,False,True,False,False,False
G4W,validation,90,False,True,False,False,False
G4W,validation,91,False,True,False,False,False
G4W,validation,92,False,True,False,False,False
G4W,validation,93,False,True,False,False,False
G4W,validation,94,False,True,False,False,False
G4W,validation,95,False,True,False,False,False
G4W,validation,96,False,True,False,False,False
G4W,validation,97,False,True,False,False,False
G4W,validation,98,False,True,False,False,False
G4W,validation,99,False,True,False,False,False
G4W,validation,100,False,True,False,False,False
G4W,validation,101,False,True,False,False,False
G4W,validation,102,False,True,False,False,False
G4W,validation,103,False,True,False,False,False
G4W,validation,104,False,True,False,False,False
G4W,validation,105,False,True,False,False,False
G4W,validation,106,False,True,False,False,False
G4W,validation,107,False,True,False,False,False
G4W,validation,108,False,True,False,False,False
G4W,validation,109,False,True,False,False,False
G4W,validation,110,False,True,False,False,False
G4W,validation,111,False,True,False,False,False
G4W,validation,112,False,True,False,False,False
G4W,validation,113,False,True,False,False,False
G4W,validation,114,False,True,False,False,False
G4W,validation,115,False,True,False,False,False
G4W,validation,116,False,True,False,False,False
G4W,validation,117,False,True,False,False,False
G4W,validation,118,False,True,False,False,False
G4W,validation,119,False,True,False,False,False
G4W,validation,120,False,True,False,False,False
G4W,validation,121,False,True,False,False,False
G4W,validation,122,False,True,False,False,False
G4W,validation,123,False,True,False,False,False
G4W,validation,124,False,True,False,False,False
G4W,validation,125,False,True,False,False,False
G4W,validation,126,False,True,False,False,False
G4W,validation,127,False,True,False,False,False
G4W,validation,128,False,True,False,False,False
G4W,validation,129,False,True,False,False,False
G4W,validation,130,False,True,False,False,False
G4W,validation,131,False,True,False,False,False
G4W,validation,132,False,True,False,False,False
G4W,validation,133,False,True,False,False,False
G4W,validation,134,False,True,False,False,False
G4W,validation,135,False,True,False,False,False
G4W,validation,136,False,True,False,False,False
G4W,validation,137,False,True,False,False,False
G4W,validation,138,False,True,False,False,False
G4W,validation,139,False,True,False,False,False
G4W,validation,140,False,True,False,False,False
G4W,validation,141,False,False,False,False,True
G4W,validation,142,False,True,False,False,False
G4W,validation,143,False,True,False,False,False
G4W,validation,144,False,True,False,False,False
G4W,validation,145,False,True,False,False,False
G4W,validation,146,False,True,False,False,False
G4W,validation,147,False,True,False,False,False
G4W,validation,148,False,True,False,False,False
G4W,validation,149,False,True,False,False,False
G4W,validation,150,True,False,True,False,False
G4W,validation,151,False,True,False,False,False
G4W,validation,152,False,True,False,False,False
G4W,validation,153,False,True,False,False,False
G4W,validation,154,False,True,False,False,False
G4W,validation,155,False,True,False,False,False
G4W,validation,156,False,True,False,False,False
G4W,validation,157,False,True,False,False,False
G4W,validation,158,False,True,False,False,False
G4W,validation,159,False,True,False,False,False
G4W,validation,160,False,True,False,False,False
G4W,validation,161,False,True,False,False,False
G4W,validation,162,True,False,True,False,False
G4W,validation,163,False,True,False,False,False
G4W,validation,164,False,True,False,False,False
G4W,validation,165,False,True,False,False,False
G4W,validation,166,False,True,False,False,False
G4W,validation,167,False,True,False,False,False
G4W,validation,168,False,True,False,False,False
G4W,validation,169,False,True,False,False,False
G4W,validation,170,False,True,False,False,False
G4W,validation,171,False,True,False,False,False
G4W,validation,172,False,False,False,False,True
G4W,validation,173,False,True,False,False,False
G4W,validation,174,False,True,False,False,False
G4W,validation,175,False,True,False,False,False
G4W,validation,176,False,True,False,False,False
G4W,validation,177,False,True,False,False,False
G4W,validation,178,False,True,False,False,False
G4W,validation,179,False,True,False,False,False
G4W,validation,180,True,False,True,False,False
G4W,validation,181,False,True,False,False,False
G4W,validation,182,False,True,False,False,False
G4W,validation,183,False,True,False,False,False
G4W,validation,184,False,True,False,False,False
G4W,validation,185,False,True,False,False,False
G4W,validation,186,False,True,False,False,False
G4W,validation,187,False,True,False,False,False
G4W,validation,188,False,True,False,False,False
G4W,validation,189,False,True,False,False,False
G4W,validation,190,False,True,False,False,False
G4W,validation,191,False,True,False,False,False
G4W,validation,192,False,False,False,False,True
G4W,validation,193,False,True,False,False,False
G4W,validation,194,False,True,False,False,False
G4W,validation,195,False,True,False,False,False
G4W,validation,196,False,False,False,False,True
G4W,validation,197,False,True,False,False,False
G4W,validation,198,False,True,False,False,False
G4W,validation,199,False,True,False,False,False
G4W,validation,200,False,True,False,False,False
G4W,validation,201,False,True,False,False,False
G4W,validation,202,False,False,False,False,True
G4W,validation,203,False,True,False,False,False
G4W,validation,204,False,True,False,False,False
G4W,validation,205,False,True,False,False,False
G4W,validation,206,False,True,False,False,False
G4W,validation,207,False,True,False,False,False
G4W,validation,208,False,True,False,False,False
G4W,validation,209,False,True,False,False,False
G4W,validation,210,False,True,False,False,False
G4W,validation,211,False,True,False,False,False
G4W,validation,212,False,True,False,False,False
G4W,validation,213,False,False,False,False,True
G4W,validation,214,False,True,False,False,False
G4W,validation,215,True,False,True,False,False
G4W,validation,216,False,True,False,False,False
G4W,validation,217,False,True,False,False,False
G4W,validation,218,True,False,True,False,False
G4W,validation,219,False,True,False,False,False
G4W,validation,220,False,True,False,False,False
G4W,validation,221,True,False,True,False,False
G4W,validation,222,False,True,False,False,False
G4W,validation,223,False,True,False,False,False
G4W,validation,224,False,True,False,False,False
G4W,validation,225,False,True,False,False,False
G4W,validation,226,False,True,False,False,False
G4W,validation,227,False,True,False,False,False
G4W,validation,228,False,True,False,False,False
G4W,validation,229,True,False,True,False,False
G4W,validation,230,True,False,True,False,False
G4W,validation,231,False,True,False,False,False
G4W,validation,232,False,True,False,False,False
G4W,validation,233,False,False,False,False,True
G4W,validation,234,False,True,False,False,False
G4W,validation,235,False,True,False,False,False
G4W,validation,236,False,True,False,False,False
G4W,validation,237,True,False,True,False,False
G4W,validation,238,False,True,False,False,False
G4W,validation,239,True,False,True,False,False
G4W,validation,240,False,True,False,False,False
G4W,validation,241,False,True,False,False,False
G4W,validation,242,False,True,False,False,False
G4W,validation,243,False,True,False,False,False
G4W,validation,244,False,True,False,False,False
G4W,validation,245,False,True,False,False,False
G4W,validation,246,False,True,False,False,False
G4W,validation,247,False,True,False,False,False
G4W,validation,248,False,True,False,False,False
G4W,validation,249,False,True,False,False,False
G4W,validation,250,False,True,False,False,False
G4W,validation,251,False,True,False,False,False
G4W,validation,252,False,True,False,False,False
G4W,validation,253,False,False,False,False,True
G4W,validation,254,False,True,False,False,False
G4W,validation,255,False,True,False,False,False
G4W,validation,256,False,False,False,False,True
G4W,validation,257,False,True,False,False,False
G4W,validation,258,False,True,False,False,False
G4W,validation,259,False,True,False,False,False
G4W,validation,260,False,True,False,False,False
G4W,validation,261,False,True,False,False,False
G4W,validation,262,False,True,False,False,False
G4W,validation,263,False,True,False,False,False
G4W,validation,264,False,True,False,False,False
G4W,validation,265,False,True,False,False,False
G4W,validation,266,False,True,False,False,False
G4W,validation,267,False,True,False,False,False
G4W,validation,268,False,True,False,False,False
G4W,validation,269,False,True,False,False,False
G4W,validation,270,False,True,False,False,False
G4W,validation,271,False,True,False,False,False
G4W,validation,272,False,True,False,False,False
G4W,validation,273,False,True,False,False,False
G4W,validation,274,False,True,False,False,False
G4W,validation,275,False,True,False,False,False
G4W,validation,276,False,True,False,False,False
G4W,validation,277,False,False,False,False,True
G4W,validation,278,False,True,False,False,False
G4W,validation,279,False,True,False,False,False
G4W,validation,280,False,True,False,False,False
G4W,validation,281,False,True,False,False,False
G4W,validation,282,False,True,False,False,False
G4W,validation,283,False,True,False,False,False
G4W,validation,284,True,False,True,False,False
G4W,validation,285,False,True,False,False,False
G4W,validation,286,False,True,False,False,False
G4W,validation,287,False,True,False,False,False
G4W,validation,288,False,True,False,False,False
G4W,validation,289,False,True,False,False,False
G4W,validation,290,False,True,False,False,False
G4W,validation,291,False,True,False,False,False
G4W,validation,292,False,True,False,False,False
G4W,validation,293,False,True,False,False,False
G4W,validation,294,False,True,False,False,False
G4W,validation,295,False,True,False,False,False
G4W,validation,296,False,True,False,False,False
G4W,validation,297,False,False,False,False,True
G4W,validation,298,False,True,False,False,False
G4W,validation,299,True,False,True,False,False
G4W,validation,300,False,False,False,False,True
G4W,validation,301,True,False,True,False,False
G4W,validation,302,False,True,False,False,False
G4W,validation,303,False,True,False,False,False
G4W,validation,304,False,True,False,False,False
G4W,validation,305,False,True,False,False,False
G4W,validation,306,False,True,False,False,False
G4W,validation,307,False,True,False,False,False
G4W,validation,308,False,True,False,False,False
G4W,validation,309,False,True,False,False,False
G4W,validation,310,False,True,False,False,False
G4W,validation,311,False,True,False,False,False
G4W,validation,312,False,True,False,False,False
G4W,validation,313,False,True,False,False,False
G4W,validation,314,False,True,False,False,False
G4W,validation,315,False,True,False,False,False
G4W,validation,316,True,False,True,False,False
G4W,validation,317,True,False,True,False,False
G4W,validation,318,False,True,False,False,False
G4W,validation,319,False,True,False,False,False
G4W,validation,320,False,True,False,False,False
G4W,validation,321,False,True,False,False,False
G4W,validation,322,False,True,False,False,False
G4W,validation,323,False,True,False,False,False
G4W,validation,324,False,True,False,False,False
G4W,validation,325,False,True,False,False,False
G4W,validation,326,False,True,False,False,False
G4W,validation,327,False,True,False,False,False
G4W,validation,328,False,True,False,False,False
G4W,validation,329,False,True,False,False,False
G4W,validation,330,False,True,False,False,False
G4W,validation,331,False,True,False,False,False
G4W,validation,332,False,True,False,False,False
G4W,validation,333,False,True,False,False,False
G4W,validation,334,False,True,False,False,False
G4W,validation,335,False,True,False,False,False
G4W,validation,336,False,True,False,False,False
G4W,validation,337,False,True,False,False,False
G4W,validation,338,False,True,False,False,False
G4W,validation,339,False,True,False,False,False
G4W,validation,340,False,True,False,False,False
G4W,validation,341,False,True,False,False,False
G4W,validation,342,False,True,False,False,False
G4W,validation,343,False,True,False,False,False
G4W,validation,344,False,True,False,False,False
G4W,validation,345,False,True,False,False,False
G4W,validation,346,False,True,False,False,False
G4W,validation,347,False,False,False,False,True
G4W,validation,348,False,True,False,False,False
G4W,validation,349,True,False,True,False,False
G4W,validation,350,False,True,False,False,False
G4W,validation,351,False,True,False,False,False
G4W,validation,352,False,True,False,False,False
G4W,validation,353,False,True,False,False,False
G4W,validation,354,False,True,False,False,False
G4W,validation,355,False,True,False,False,False
G4W,validation,356,False,True,False,False,False
G4W,validation,357,False,True,False,False,False
G4W,validation,358,False,True,False,False,False
G4W,validation,359,False,True,False,False,False
G4W,validation,360,False,True,False,False,False
G4W,validation,361,False,True,False,False,False
G4W,validation,362,False,True,False,False,False
G4W,validation,363,True,False,True,False,False
G4W,validation,364,False,False,False,False,True
G4W,validation,365,False,True,False,False,False
G4W,validation,366,False,True,False,False,False
G4W,validation,367,False,True,False,False,False
G4W,validation,368,False,True,False,False,False
G4W,validation,369,False,True,False,False,False
G4W,validation,370,False,True,False,False,False
G4W,validation,371,False,True,False,False,False
G4W,validation,372,False,True,False,False,False
G4W,validation,373,False,True,False,False,False
G4W,validation,374,False,True,False,False,False
G4W,validation,375,False,True,False,False,False
G4W,validation,376,False,True,False,False,False
G4W,validation,377,True,False,True,False,False
G4W,validation,378,False,True,False,False,False
G4W,validation,379,False,True,False,False,False
G4W,validation,380,False,True,False,False,False
G4W,validation,381,False,True,False,False,False
G4W,validation,382,False,False,False,False,True
G4W,validation,383,False,True,False,False,False
G4W,validation,384,False,True,False,False,False
G4W,validation,385,False,True,False,False,False
G4W,validation,386,False,True,False,False,False
G4W,validation,387,False,True,False,False,False
G4W,validation,388,False,True,False,False,False
G4W,validation,389,False,True,False,False,False
G4W,validation,390,False,True,False,False,False
G4W,validation,391,False,True,False,False,False
G4W,validation,392,False,True,False,False,False
G4W,validation,393,False,True,False,False,False
G4W,validation,394,False,True,False,False,False
G4W,validation,395,False,True,False,False,False
G4W,validation,396,False,True,False,False,False
G4W,validation,397,True,False,True,False,False
G4W,validation,398,False,True,False,False,False
G4W,validation,399,False,True,False,False,False
G4W,validation,400,False,True,False,False,False
G4W,validation,401,False,True,False,False,False
G4W,validation,402,False,True,False,False,False
G4W,validation,403,False,True,False,False,False
G4W,validation,404,False,True,False,False,False
G4W,validation,405,False,True,False,False,False
G4W,validation,406,False,True,False,False,False
G4W,validation,407,False,True,False,False,False
G4W,validation,408,False,True,False,False,False
G4W,validation,409,False,True,False,False,False
G4W,validation,410,False,True,False,False,False
G4W,validation,411,False,True,False,False,False
G4W,validation,412,False,True,False,False,False
G4W,validation,413,False,True,False,False,False
G4W,validation,414,False,True,False,False,False
G4W,validation,415,False,True,False,False,False
G4W,validation,416,False,True,False,False,False
G4W,validation,417,False,True,False,False,False
G4W,validation,418,False,True,False,False,False
G4W,validation,419,False,True,False,False,False
G4W,validation,420,False,True,False,False,False
G4W,validation,421,False,True,False,False,False
G4W,validation,422,False,True,False,False,False
G4W,validation,423,False,True,False,False,False
G4W,validation,424,False,True,False,False,False
G4W,validation,425,False,True,False,False,False
G4W,validation,426,False,True,False,False,False
G4W,validation,427,False,True,False,False,False
G4W,validation,428,False,True,False,False,False
G4W,validation,429,False,True,False,False,False
G4W,validation,430,False,True,False,False,False
G4W,validation,431,False,True,False,False,False
G4W,validation,432,False,True,False,False,False
G4W,validation,433,False,True,False,False,False
G4W,validation,434,False,True,False,False,False
G4W,validation,435,False,True,False,False,False
G4W,validation,436,False,True,False,False,False
G4W,validation,437,False,True,False,False,False
G4W,validation,438,False,True,False,False,False
G4W,validation,439,False,True,False,False,False
G4W,validation,440,False,True,False,False,False
G4W,validation,441,False,True,False,False,False
G4W,validation,442,False,True,False,False,False
G4W,validation,443,False,True,False,False,False
G4W,validation,444,False,True,False,False,False
G4W,validation,445,True,False,True,False,False
G4W,validation,446,False,True,False,False,False
G4W,validation,447,False,True,False,False,False
G4W,validation,448,False,True,False,False,False
G4W,validation,449,False,True,False,False,False
G4W,validation,450,False,True,False,False,False
G4W,validation,451,False,True,False,False,False
G4W,validation,452,False,True,False,False,False
G4W,validation,453,False,True,False,False,False
G4W,validation,454,False,True,False,False,False
G4W,validation,455,False,True,False,False,False
G4W,validation,456,True,False,True,False,False
G4W,validation,457,False,True,False,False,False
G4W,validation,458,False,True,False,False,False
G4W,validation,459,False,True,False,False,False
G4W,validation,460,False,True,False,False,False
G4W,validation,461,False,True,False,False,False
G4W,validation,462,False,True,False,False,False
G4W,validation,463,False,True,False,False,False
G4W,validation,464,False,True,False,False,False
G4W,validation,465,False,False,False,False,True
G4W,validation,466,False,True,False,False,False
G4W,validation,467,False,False,False,False,True
G4W,validation,468,False,True,False,False,False
G4W,validation,469,False,True,False,False,False
G4W,validation,470,False,True,False,False,False
G4W,validation,471,False,True,False,False,False
G4W,validation,472,False,True,False,False,False
G4W,validation,473,False,True,False,False,False
G4W,validation,474,False,True,False,False,False
G4W,validation,475,True,False,True,False,False
G4W,validation,476,False,True,False,False,False
G4W,validation,477,False,True,False,False,False
G4W,validation,478,False,True,False,False,False
G4W,validation,479,False,True,False,False,False
G4W,validation,480,False,True,False,False,False
G4W,validation,481,False,True,False,False,False
G4W,validation,482,False,True,False,False,False
G4W,validation,483,False,True,False,False,False
G4W,validation,484,False,True,False,False,False
G4W,validation,485,True,False,True,False,False
G4W,validation,486,False,True,False,False,False
G4W,validation,487,False,True,False,False,False
G4W,validation,488,False,True,False,False,False
G4W,validation,489,False,True,False,False,False
G4W,validation,490,False,True,False,False,False
G4W,validation,491,False,True,False,False,False
G4W,validation,492,False,True,False,False,False
G4W,validation,493,False,True,False,False,False
G4W,validation,494,True,False,True,False,False
G4W,validation,495,False,True,False,False,False
G4W,validation,496,False,True,False,False,False
G4W,validation,497,False,True,False,False,False
G4W,validation,498,False,True,False,False,False
G4W,validation,499,False,True,False,False,False
G4W,validation,500,False,True,False,False,False
G4W,validation,501,False,True,False,False,False
G4W,validation,502,False,True,False,False,False
G4W,validation,503,False,True,False,False,False
G4W,validation,504,False,True,False,False,False
G4W,validation,505,False,True,False,False,False
G4W,validation,506,False,False,False,False,True
G4W,validation,507,False,False,False,False,True
G4W,validation,508,False,True,False,False,False
G4W,validation,509,True,False,True,False,False
G4W,validation,510,False,True,False,False,False
G4W,validation,511,False,True,False,False,False
G4W,validation,512,False,True,False,False,False
G4W,validation,513,False,True,False,False,False
G4W,validation,514,False,True,False,False,False
G4W,validation,515,False,False,False,False,True
G4W,validation,516,False,True,False,False,False
G4W,validation,517,True,False,True,False,False
G4W,validation,518,True,False,True,False,False
G4W,validation,519,False,True,False,False,False
G4W,validation,520,False,True,False,False,False
G4W,validation,521,False,True,False,False,False
G4W,validation,522,False,True,False,False,False
G4W,validation,523,False,True,False,False,False
G4W,validation,524,False,True,False,False,False
G4W,validation,525,False,True,False,False,False
G4W,validation,526,False,True,False,False,False
G4W,validation,527,True,False,True,False,False
G4W,validation,528,False,True,False,False,False
G4W,validation,529,False,True,False,False,False
G4W,validation,530,False,True,False,False,False
G4W,validation,531,False,True,False,False,False
G4W,validation,532,False,True,False,False,False
G4W,validation,533,False,False,False,False,True
G4W,validation,534,True,False,True,False,False
G4W,validation,535,False,True,False,False,False
G4W,validation,536,False,True,False,False,False
G4W,validation,537,False,True,False,False,False
G4W,validation,538,False,True,False,False,False
G4W,validation,539,False,True,False,False,False
G4W,validation,540,False,True,False,False,False
G4W,validation,541,True,False,True,False,False
G4W,validation,542,True,False,True,False,False
G4W,validation,543,False,True,False,False,False
G4W,validation,544,False,True,False,False,False
G4W,validation,545,False,True,False,False,False
G4W,validation,546,False,True,False,False,False
G4W,validation,547,False,True,False,False,False
G4W,validation,548,False,True,False,False,False
G4W,validation,549,True,False,True,False,False
G4W,validation,550,False,False,False,False,True
G4W,validation,551,False,False,False,False,True
G4W,validation,552,True,False,True,False,False
G4W,validation,553,False,True,False,False,False
G4W,validation,554,False,True,False,False,False
G4W,validation,555,False,True,False,False,False
G4W,validation,556,False,True,False,False,False
G4W,validation,557,False,True,False,False,False
G4W,validation,558,False,True,False,False,False
G4W,validation,559,False,False,False,False,True
G4W,validation,560,False,False,False,False,True
G4W,validation,561,False,True,False,False,False
G4W,validation,562,False,True,False,False,False
G4W,validation,563,False,True,False,False,False
G4W,validation,564,False,False,False,False,True
G4W,validation,565,False,True,False,False,False
G4W,validation,566,False,False,False,False,True
G4W,validation,567,False,True,False,False,False
G4W,validation,568,False,True,False,False,False
G4W,validation,569,False,True,False,False,False
G4W,validation,570,False,True,False,False,False
G4W,validation,571,False,True,False,False,False
G4W,validation,572,False,True,False,False,False
G4W,validation,573,False,True,False,False,False
G4W,validation,574,True,False,True,False,False
G4W,validation,575,False,True,False,False,False
G4W,validation,576,False,True,False,False,False
G4W,validation,577,True,False,True,False,False
G4W,validation,578,False,True,False,False,False
G4W,validation,579,True,False,True,False,False
G4W,validation,580,True,False,True,False,False
G4W,validation,581,False,True,False,False,False
G4W,validation,582,True,False,True,False,False
G4W,validation,583,True,False,True,False,False
G4W,validation,584,False,True,False,False,False
G4W,validation,585,True,False,True,False,False
G4W,validation,586,True,False,True,False,False
G4W,validation,587,True,False,True,False,False
G4W,validation,588,True,False,True,False,False
G4W,validation,589,False,True,False,False,False
G4W,validation,590,False,True,False,False,False
G4W,validation,591,True,False,True,False,False
G4W,validation,592,True,False,True,False,False
G4W,validation,593,True,False,True,False,False
G4W,validation,594,False,True,False,False,False
G4W,validation,595,True,False,True,False,False
G4W,validation,596,False,True,False,False,False
G4W,validation,597,False,True,False,False,False
G4W,validation,598,False,True,False,False,False
G4W,validation,599,False,True,False,False,False
G4W,validation,600,True,False,True,False,False
G4W,validation,601,False,True,False,False,False
G4W,validation,602,False,True,False,False,False
G4W,validation,603,False,True,False,False,False
G4W,validation,604,False,True,False,False,False
G4W,validation,605,False,True,False,False,False
G4W,validation,606,True,False,True,False,False
G4W,validation,607,True,False,True,False,False
G4W,validation,608,True,False,True,False,False
G4W,validation,609,True,False,True,False,False
G4W,validation,610,False,True,False,False,False
G4W,validation,611,True,False,True,False,False
G4W,validation,612,True,False,True,False,False
G4W,validation,613,True,False,True,False,False
G4W,validation,614,True,False,True,False,False
G4W,validation,615,False,False,False,False,True
G4W,validation,616,True,False,True,False,False
G4W,validation,617,False,True,False,False,False
G4W,validation,618,True,False,True,False,False
G4W,validation,619,False,True,False,False,False
G4W,validation,620,True,False,True,False,False
G4W,validation,621,True,False,True,False,False
G4W,validation,622,True,False,True,False,False
G4W,validation,623,False,True,False,False,False
G4W,validation,624,True,False,True,False,False
G4W,validation,625,True,False,True,False,False
G4W,validation,626,True,False,True,False,False
G4W,validation,627,False,True,False,False,False
G4W,validation,628,True,False,True,False,False
G4W,validation,629,False,True,False,False,False
G4W,validation,630,True,False,True,False,False
G4W,validation,631,True,False,True,False,False
G4W,validation,632,False,True,False,False,False
G4W,validation,633,True,False,True,False,False
G4W,validation,634,True,False,True,False,False
G4W,validation,635,True,False,True,False,False
G4W,validation,636,False,True,False,False,False
G4W,validation,637,True,False,True,False,False
G4W,validation,638,True,False,True,False,False
G4W,validation,639,True,False,True,False,False
G4W,validation,640,False,True,False,False,False
G4W,validation,641,True,False,True,False,False
G4W,validation,642,True,False,True,False,False
G4W,validation,643,False,True,False,False,False
G4W,validation,644,True,False,True,False,False
G4W,validation,645,True,False,True,False,False
G4W,validation,646,True,False,True,False,False
G4W,validation,647,True,False,True,False,False
G4W,validation,648,True,False,True,False,False
G4W,validation,649,False,True,False,False,False
G4W,validation,650,True,False,True,False,False
G4W,validation,651,True,False,True,False,False
G4W,validation,652,False,True,False,False,False
G4W,validation,653,True,False,True,False,False
L1N,validation,1,False,True,False,False,False
L1N,validation,2,False,True,False,False,False
L1N,validation,3,False,True,False,False,False
L1N,validation,4,False,True,False,False,False
L1N,validation,5,False,True,False,False,False
L1N,validation,6,False,True,False,False,False
L1N,validation,7,False,True,False,False,False
L1N,validation,8,False,True,False,False,False
L1N,validation,9,True,False,True,False,False
L1N,validation,10,False,True,False,False,False
L1N,validation,11,False,True,False,False,False
L1N,validation,12,False,True,False,False,False
L1N,validation,13,False,True,False,False,False
L1N,validation,14,False,True,False,False,False
L1N,validation,15,True,False,True,False,False
L1N,validation,16,False,True,False,False,False
L1N,validation,17,False,True,False,False,False
L1N,validation,18,False,True,False,False,False
L1N,validation,19,False,True,False,False,False
L1N,validation,20,False,True,False,False,False
L1N,validation,21,False,True,False,False,False
L1N,validation,22,False,True,False,False,False
L1N,validation,23,False,True,False,False,False
L1N,validation,24,False,True,False,False,False
L1N,validation,25,False,True,False,False,False
L1N,validation,26,False,False,False,False,True
L1N,validation,27,False,True,False,False,False
L1N,validation,28,False,True,False,False,False
L1N,validation,29,True,False,True,False,False
L1N,validation,30,False,True,False,False,False
L1N,validation,31,False,True,False,False,False
L1N,validation,32,False,True,False,False,False
L1N,validation,33,False,True,False,False,False
L1N,validation,34,False,True,False,False,False
L1N,validation,35,False,True,False,False,False
L1N,validation,36,False,True,False,False,False
L1N,validation,37,False,True,False,False,False
L1N,validation,38,False,True,False,False,False
L1N,validation,39,False,True,False,False,False
L1N,validation,40,True,False,True,False,False
L1N,validation,41,False,True,False,False,False
L1N,validation,42,False,True,False,False,False
L1N,validation,43,False,True,False,False,False
L1N,validation,44,False,False,False,False,True
L1N,validation,45,False,True,False,False,False
L1N,validation,46,False,True,False,False,False
L1N,validation,47,False,True,False,False,False
L1N,validation,48,False,True,False,False,False
L1N,validation,49,False,True,False,False,False
L1N,validation,50,False,True,False,False,False
L1N,validation,51,False,True,False,False,False
L1N,validation,52,False,True,False,False,False
L1N,validation,53,False,True,False,False,False
L1N,validation,54,False,True,False,False,False
L1N,validation,55,False,True,False,False,False
L1N,validation,56,False,True,False,False,False
L1N,validation,57,False,True,False,False,False
L1N,validation,58,False,True,False,False,False
L1N,validation,59,False,True,False,False,False
L1N,validation,60,False,True,False,False,False
L1N,validation,61,False,True,False,False,False
L1N,validation,62,True,False,True,False,False
L1N,validation,63,True,False,True,False,False
L1N,validation,64,False,True,False,False,False
L1N,validation,65,False,True,False,False,False
L1N,validation,66,False,True,False,False,False
L1N,validation,67,False,True,False,False,False
L1N,validation,68,False,True,False,False,False
L1N,validation,69,True,False,True,False,False
L1N,validation,70,False,True,False,False,False
L1N,validation,71,False,True,False,False,False
L1N,validation,72,False,True,False,False,False
L1N,validation,73,False,True,False,False,False
L1N,validation,74,False,True,False,False,False
L1N,validation,75,False,True,False,False,False
L1N,validation,76,False,True,False,False,False
L1N,validation,77,False,True,False,False,False
L1N,validation,78,False,True,False,False,False
L1N,validation,79,False,True,False,False,False
L1N,validation,80,False,True,False,False,False
L1N,validation,81,False,True,False,False,False
L1N,validation,82,False,True,False,False,False
L1N,validation,83,False,True,False,False,False
L1N,validation,84,False,True,False,False,False
L1N,validation,85,False,True,False,False,False
L1N,validation,86,False,True,False,False,False
L1N,validation,87,False,True,False,False,False
L1N,validation,88,False,True,False,False,False
L1N,validation,89,False,True,False,False,False
L1N,validation,90,False,True,False,False,False
L1N,validation,91,False,True,False,False,False
L1N,validation,92,False,True,False,False,False
L1N,validation,93,True,False,True,False,False
L1N,validation,94,False,True,False,False,False
L1N,validation,95,False,True,False,False,False
L1N,validation,96,False,True,False,False,False
L1N,validation,97,False,True,False,False,False
L1N,validation,98,False,True,False,False,False
L1N,validation,99,False,True,False,False,False
L1N,validation,100,False,True,False,False,False
L1N,validation,101,False,True,False,False,False
L1N,validation,102,False,True,False,False,False
L1N,validation,103,False,True,False,False,False
L1N,validation,104,False,True,False,False,False
L1N,validation,105,False,True,False,False,False
L1N,validation,106,False,True,False,False,False
L1N,validation,107,False,True,False,False,False
L1N,validation,108,False,True,False,False,False
L1N,validation,109,False,True,False,False,False
L1N,validation,110,False,True,False,False,False
L1N,validation,111,False,True,False,False,False
L1N,validation,112,False,True,False,False,False
L1N,validation,113,False,True,False,False,False
L1N,validation,114,False,True,False,False,False
L1N,validation,115,False,True,False,False,False
L1N,validation,116,False,True,False,False,False
L1N,validation,117,False,True,False,False,False
L1N,validation,118,False,True,False,False,False
L1N,validation,119,False,True,False,False,False
L1N,validation,120,False,True,False,False,False
L1N,validation,121,False,True,False,False,False
L1N,validation,122,False,True,False,False,False
L1N,validation,123,False,True,False,False,False
L1N,validation,124,False,True,False,False,False
L1N,validation,125,False,True,False,False,False
L1N,validation,126,False,True,False,False,False
L1N,validation,127,False,True,False,False,False
L1N,validation,128,False,True,False,False,False
L1N,validation,129,False,True,False,False,False
L1N,validation,130,False,True,False,False,False
L1N,validation,131,False,True,False,False,False
L1N,validation,132,False,True,False,False,False
L1N,validation,133,False,True,False,False,False
L1N,validation,134,False,True,False,False,False
L1N,validation,135,True,False,True,False,False
L1N,validation,136,True,False,True,False,False
L1N,validation,137,False,True,False,False,False
L1N,validation,138,False,True,False,False,False
L1N,validation,139,False,True,False,False,False
L1N,validation,140,False,True,False,False,False
L1N,validation,141,False,True,False,False,False
L1N,validation,142,False,True,False,False,False
L1N,validation,143,False,True,False,False,False
L1N,validation,144,False,True,False,False,False
L1N,validation,145,False,True,False,False,False
L1N,validation,146,False,True,False,False,False
L1N,validation,147,False,True,False,False,False
L1N,validation,148,False,True,False,False,False
L1N,validation,149,False,True,False,False,False
L1N,validation,150,False,True,False,False,False
L1N,validation,151,False,True,False,False,False
L1N,validation,152,True,False,True,False,False
L1N,validation,153,False,True,False,False,False
L1N,validation,154,False,True,False,False,False
L1N,validation,155,False,True,False,False,False
L1N,validation,156,False,True,False,False,False
L1N,validation,157,False,True,False,False,False
L1N,validation,158,False,True,False,False,False
L1N,validation,159,False,True,False,False,False
L1N,validation,160,False,True,False,False,False
L1N,validation,161,True,False,True,False,False
L1N,validation,162,False,True,False,False,False
L1N,validation,163,False,True,False,False,False
L1N,validation,164,True,False,True,False,False
L1N,validation,165,False,True,False,False,False
L1N,validation,166,False,True,False,False,False
L1N,validation,167,False,True,False,False,False
L1N,validation,168,False,True,False,False,False
L1N,validation,169,False,True,False,False,False
L1N,validation,170,False,True,False,False,False
L1N,validation,171,False,True,False,False,False
L1N,validation,172,False,True,False,False,False
L1N,validation,173,False,True,False,False,False
L1N,validation,174,False,True,False,False,False
L1N,validation,175,False,True,False,False,False
L1N,validation,176,False,True,False,False,False
L1N,validation,177,False,True,False,False,False
L1N,validation,178,False,True,False,False,False
L1N,validation,179,False,True,False,False,False
L1N,validation,180,False,True,False,False,False
L1N,validation,181,False,True,False,False,False
L1N,validation,182,False,True,False,False,False
L1N,validation,183,False,True,False,False,False
L1N,validation,184,False,True,False,False,False
L1N,validation,185,False,True,False,False,False
L1N,validation,186,False,True,False,False,False
L1N,validation,187,False,True,False,False,False
L1N,validation,188,False,True,False,False,False
L1N,validation,189,False,True,False,False,False
L1N,validation,190,False,True,False,False,False
L1N,validation,191,False,True,False,False,False
L1N,validation,192,False,True,False,False,False
L1N,validation,193,True,False,True,False,False
L1N,validation,194,False,True,False,False,False
L1N,validation,195,False,True,False,False,False
L1N,validation,196,False,True,False,False,False
L1N,validation,197,False,True,False,False,False
L1N,validation,198,False,True,False,False,False
L1N,validation,199,False,True,False,False,False
L1N,validation,200,False,True,False,False,False
L1N,validation,201,False,True,False,False,False
L1N,validation,202,False,True,False,False,False
L1N,validation,203,False,True,False,False,False
L1N,validation,204,False,True,False,False,False
L1N,validation,205,False,True,False,False,False
L1N,validation,206,False,True,False,False,False
L1N,validation,207,False,True,False,False,False
L1N,validation,208,False,True,False,False,False
L1N,validation,209,False,True,False,False,False
L1N,validation,210,False,True,False,False,False
L1N,validation,211,False,True,False,False,False
L1N,validation,212,False,True,False,False,False
L1N,validation,213,False,True,False,False,False
L1N,validation,214,False,True,False,False,False
L1N,validation,215,True,False,True,False,False
L1N,validation,216,False,True,False,False,False
L1N,validation,217,False,True,False,False,False
L1N,validation,218,False,True,False,False,False
L1N,validation,219,False,True,False,False,False
L1N,validation,220,False,True,False,False,False
L1N,validation,221,False,True,False,False,False
L1N,validation,222,False,True,False,False,False
L1N,validation,223,False,True,False,False,False
L1N,validation,224,False,True,False,False,False
L1N,validation,225,False,True,False,False,False
L1N,validation,226,False,True,False,False,False
L1N,validation,227,False,True,False,False,False
L1N,validation,228,False,True,False,False,False
L1N,validation,229,False,True,False,False,False
L1N,validation,230,False,True,False,False,False
L1N,validation,231,False,True,False,False,False
L1N,validation,232,False,True,False,False,False
L1N,validation,233,False,True,False,False,False
L1N,validation,234,False,True,False,False,False
L1N,validation,235,False,True,False,False,False
L1N,validation,236,False,True,False,False,False
L1N,validation,237,False,True,False,False,False
L1N,validation,238,False,True,False,False,False
L1N,validation,239,True,False,True,False,False
L1N,validation,240,False,True,False,False,False
L1N,validation,241,False,True,False,False,False
L1N,validation,242,False,True,False,False,False
L1N,validation,243,False,True,False,False,False
L1N,validation,244,False,True,False,False,False
L1N,validation,245,False,True,False,False,False
L1N,validation,246,False,True,False,False,False
L1N,validation,247,False,True,False,False,False
L1N,validation,248,False,True,False,False,False
L1N,validation,249,False,True,False,False,False
L1N,validation,250,False,True,False,False,False
L1N,validation,251,False,True,False,False,False
L1N,validation,252,False,True,False,False,False
L1N,validation,253,False,True,False,False,False
L1N,validation,254,False,True,False,False,False
L1N,validation,255,False,True,False,False,False
L1N,validation,256,False,True,False,False,False
L1N,validation,257,False,True,False,False,False
L1N,validation,258,False,True,False,False,False
L1N,validation,259,False,True,False,False,False
L1N,validation,260,False,True,False,False,False
L1N,validation,261,False,True,False,False,False
L1N,validation,262,True,False,True,False,False
L1N,validation,263,False,True,False,False,False
L1N,validation,264,False,True,False,False,False
L1N,validation,265,False,True,False,False,False
L1N,validation,266,False,True,False,False,False
L1N,validation,267,False,True,False,False,False
L1N,validation,268,False,True,False,False,False
L1N,validation,269,False,True,False,False,False
L1N,validation,270,True,False,True,False,False
L1N,validation,271,False,True,False,False,False
L1N,validation,272,False,True,False,False,False
L1N,validation,273,False,True,False,False,False
L1N,validation,274,False,True,False,False,False
L1N,validation,275,False,True,False,False,False
L1N,validation,276,True,False,True,False,False
L1N,validation,277,False,True,False,False,False
L1N,validation,278,False,True,False,False,False
L1N,validation,279,False,True,False,False,False
L1N,validation,280,False,True,False,False,False
L1N,validation,281,False,True,False,False,False
L1N,validation,282,True,False,True,False,False
L1N,validation,283,False,True,False,False,False
L1N,validation,284,False,True,False,False,False
L1N,validation,285,False,True,False,False,False
L1N,validation,286,False,True,False,False,False
L1N,validation,287,False,True,False,False,False
L1N,validation,288,False,True,False,False,False
L1N,validation,289,False,True,False,False,False
L1N,validation,290,False,True,False,False,False
L1N,validation,291,False,True,False,False,False
L1N,validation,292,False,True,False,False,False
L1N,validation,293,True,False,True,False,False
L1N,validation,294,False,True,False,False,False
L1N,validation,295,True,False,True,False,False
L1N,validation,296,False,True,False,False,False
L1N,validation,297,False,True,False,False,False
L1N,validation,298,False,True,False,False,False
L1N,validation,299,False,True,False,False,False
L1N,validation,300,False,True,False,False,False
L1N,validation,301,False,True,False,False,False
L1N,validation,302,False,True,False,False,False
L1N,validation,303,False,True,False,False,False
L1N,validation,304,False,True,False,False,False
L1N,validation,305,False,True,False,False,False
L1N,validation,306,False,True,False,False,False
L1N,validation,307,True,False,True,False,False
L1N,validation,308,False,True,False,False,False
L1N,validation,309,False,True,False,False,False
L1N,validation,310,True,False,True,False,False
L1N,validation,311,False,True,False,False,False
L1N,validation,312,True,False,True,False,False
L1N,validation,313,False,True,False,False,False
L1N,validation,314,False,True,False,False,False
L1N,validation,315,False,True,False,False,False
L1N,validation,316,False,True,False,False,False
L1N,validation,317,False,True,False,False,False
L1N,validation,318,False,True,False,False,False
L1N,validation,319,False,True,False,False,False
L1N,validation,320,False,True,False,False,False
L1N,validation,321,False,True,False,False,False
L1N,validation,322,False,True,False,False,False
L1N,validation,323,False,True,False,False,False
L1N,validation,324,False,True,False,False,False
L1N,validation,325,False,True,False,False,False
L1N,validation,326,False,True,False,False,False
L1N,validation,327,False,True,False,False,False
L1N,validation,328,False,True,False,False,False
L1N,validation,329,False,True,False,False,False
L1N,validation,330,False,True,False,False,False
L1N,validation,331,True,False,True,False,False
L1N,validation,332,False,True,False,False,False
L1N,validation,333,False,True,False,False,False
L1N,validation,334,True,False,True,False,False
L1N,validation,335,False,True,False,False,False
L1N,validation,336,True,False,True,False,False
L1N,validation,337,False,True,False,False,False
L1N,validation,338,False,True,False,False,False
L1N,validation,339,False,True,False,False,False
L1N,validation,340,False,True,False,False,False
L1N,validation,341,False,True,False,False,False
L1N,validation,342,False,True,False,False,False
L1N,validation,343,True,False,True,False,False
L1N,validation,344,False,True,False,False,False
L1N,validation,345,False,True,False,False,False
L1N,validation,346,False,True,False,False,False
L1N,validation,347,False,True,False,False,False
L1N,validation,348,False,True,False,False,False
L1N,validation,349,True,False,True,False,False
L1N,validation,350,False,True,False,False,False
L1N,validation,351,True,False,True,False,False
L1N,validation,352,False,True,False,False,False
L1N,validation,353,True,False,True,False,False
L1N,validation,354,False,True,False,False,False
L1N,validation,355,True,False,True,False,False
L1N,validation,356,True,False,True,False,False
L1N,validation,357,False,False,False,False,True
L1N,validation,358,True,False,True,False,False
L1N,validation,359,False,False,False,False,True
L1N,validation,360,False,True,False,False,False
L1N,validation,361,False,True,False,False,False
L1N,validation,362,True,False,True,False,False
L1N,validation,363,False,True,False,False,False
L1N,validation,364,False,True,False,False,False
L1N,validation,365,True,False,True,False,False
L1N,validation,366,False,True,False,False,False
L1N,validation,367,False,True,False,False,False
L1N,validation,368,False,True,False,False,False
L1N,validation,369,True,False,True,False,False
L1N,validation,370,False,True,False,False,False
L1N,validation,371,True,False,True,False,False
L1N,validation,372,True,False,True,False,False
L1N,validation,373,False,True,False,False,False
L1N,validation,374,True,False,True,False,False
L1N,validation,375,False,True,False,False,False
L1N,validation,376,True,False,True,False,False
L1N,validation,377,False,True,False,False,False
L1N,validation,378,True,False,True,False,False
L1N,validation,379,True,False,True,False,False
L1N,validation,380,True,False,True,False,False
L1N,validation,381,True,False,True,False,False
L1N,validation,382,False,True,False,False,False
L1N,validation,383,False,True,False,False,False
L1N,validation,384,True,False,True,False,False
L1N,validation,385,True,False,True,False,False
L1N,validation,386,False,True,False,False,False
L1N,validation,387,True,False,True,False,False
L1N,validation,388,False,True,False,False,False
L1N,validation,389,False,True,False,False,False
L1N,validation,390,False,True,False,False,False
L1N,validation,391,False,True,False,False,False
L1N,validation,392,True,False,True,False,False
L1N,validation,393,True,False,True,False,False
L1N,validation,394,True,False,True,False,False
L1N,validation,395,False,True,False,False,False
L1N,validation,396,False,True,False,False,False
L1N,validation,397,True,False,True,False,False
L1N,validation,398,False,True,False,False,False
L1N,validation,399,True,False,True,False,False
L1N,validation,400,True,False,True,False,False
L1N,validation,401,True,False,True,False,False
L1N,validation,402,True,False,True,False,False
L1N,validation,403,True,False,True,False,False
L1N,validation,404,True,False,True,False,False
L1N,validation,405,True,False,True,False,False
L1N,validation,406,True,False,True,False,False
L1N,validation,407,False,True,False,False,False
L1N,validation,408,True,False,True,False,False
L1N,validation,409,True,False,True,False,False
L1N,validation,410,False,False,False,False,True
L1N,validation,411,False,True,False,False,False
L1N,validation,412,True,False,True,False,False
L1N,validation,413,False,True,False,False,False
L1N,validation,414,False,True,False,False,False
L1N,validation,415,False,True,False,False,False
L1N,validation,416,True,False,True,False,False
L1N,validation,417,True,False,True,False,False
L1N,validation,418,True,False,True,False,False
L1N,validation,419,True,False,True,False,False
L1N,validation,420,True,False,True,False,False
L1N,validation,421,True,False,True,False,False
L1N,validation,422,True,False,True,False,False
L1N,validation,423,False,True,False,False,False
L1N,validation,424,False,True,False,False,False
L1N,validation,425,False,True,False,False,False
L1N,validation,426,True,False,True,False,False
L1N,validation,427,False,True,False,False,False
L1N,validation,428,False,True,False,False,False
L1N,validation,429,True,False,True,False,False
L1N,validation,430,True,False,True,False,False
L1N,validation,431,False,True,False,False,False
L1N,validation,432,False,True,False,False,False
L1N,validation,433,False,True,False,False,False
L1N,validation,434,False,True,False,False,False
L1N,validation,435,True,False,True,False,False
L1N,validation,436,False,True,False,False,False
L1N,validation,437,False,True,False,False,False
L1N,validation,438,False,True,False,False,False
L1N,validation,439,True,False,True,False,False
L1N,validation,440,True,False,True,False,False
L1N,validation,441,True,False,True,False,False
L1N,validation,442,True,False,True,False,False
L1N,validation,443,True,False,True,False,False
L1N,validation,444,True,False,True,False,False
L1N,validation,445,True,False,True,False,False
L1N,validation,446,True,False,True,False,False
L1N,validation,447,False,True,False,False,False
L1N,validation,448,True,False,True,False,False
L1N,validation,449,False,True,False,False,False
L1N,validation,450,False,False,False,False,True
L1N,validation,451,False,True,False,False,False
L1N,validation,452,True,False,True,False,False
L1N,validation,453,True,False,True,False,False
L1N,validation,454,False,True,False,False,False
L1N,validation,455,False,True,False,False,False
L1N,validation,456,True,False,True,False,False
L1N,validation,457,False,True,False,False,False
L1N,validation,458,True,False,True,False,False
L1N,validation,459,False,True,False,False,False
L1N,validation,460,True,False,True,False,False
L1N,validation,461,True,False,True,False,False
L1N,validation,462,False,True,False,False,False
L1N,validation,463,True,False,True,False,False
L1N,validation,464,False,True,False,False,False
L1N,validation,465,True,False,True,False,False
L1N,validation,466,False,True,False,False,False
L1N,validation,467,True,False,True,False,False
L1N,validation,468,False,True,False,False,False
L1N,validation,469,False,True,False,False,False
L1N,validation,470,True,False,True,False,False
L1N,validation,471,False,True,False,False,False
L1N,validation,472,True,False,True,False,False
L1N,validation,473,True,False,True,False,False
L1N,validation,474,True,False,True,False,False
L1N,validation,475,True,False,True,False,False
L1N,validation,476,True,False,True,False,False
L1N,validation,477,False,True,False,False,False
L1N,validation,478,True,False,True,False,False
L1N,validation,479,True,False,True,False,False
L1N,validation,480,True,False,True,False,False
L1N,validation,481,True,False,True,False,False
L1N,validation,482,True,False,True,False,False
L1N,validation,483,True,False,True,False,False
L1N,validation,484,True,False,True,False,False
L1N,validation,485,False,True,False,False,False
L1N,validation,486,True,False,True,False,False
L1N,validation,487,False,True,False,False,False
L1N,validation,488,True,False,True,False,False
L1N,validation,489,False,True,False,False,False
L1N,validation,490,False,True,False,False,False
L1N,validation,491,False,True,False,False,False
L1N,validation,492,True,False,True,False,False
L1N,validation,493,False,True,False,False,False
L1N,validation,494,True,False,True,False,False
L1N,validation,495,False,True,False,False,False
L1N,validation,496,False,True,False,False,False
L1N,validation,497,False,True,False,False,False
L1N,validation,498,True,False,True,False,False
L1N,validation,499,False,True,False,False,False
L1N,validation,500,False,True,False,False,False
L1N,validation,501,True,False,True,False,False
L1N,validation,502,True,False,True,False,False
L1N,validation,503,True,False,True,False,False
L1N,validation,504,False,True,False,False,False
L1N,validation,505,False,True,False,False,False
L1N,validation,506,True,False,True,False,False
L1N,validation,507,True,False,True,False,False
L1N,validation,508,True,False,True,False,False
L1N,validation,509,True,False,True,False,False
L1N,validation,510,False,False,False,False,True
L1N,validation,511,False,True,False,False,False
L1N,validation,512,False,True,False,False,False
L1N,validation,513,True,False,True,False,False
L1N,validation,514,True,False,True,False,False
L1N,validation,515,True,False,True,False,False
L1N,validation,516,False,True,False,False,False
L1N,validation,517,True,False,True,False,False
L1N,validation,518,True,False,True,False,False
L1N,validation,519,False,True,False,False,False
L1N,validation,520,False,True,False,False,False
L1N,validation,521,True,False,True,False,False
L1N,validation,522,True,False,True,False,False
L1N,validation,523,True,False,True,False,False
L1N,validation,524,True,False,True,False,False
L1N,validation,525,True,False,True,False,False
L1N,validation,526,True,False,True,False,False
L1N,validation,527,True,False,True,False,False
L1N,validation,528,False,True,False,False,False
L1N,validation,529,True,False,True,False,False
L1N,validation,530,True,False,True,False,False
L1N,validation,531,True,False,True,False,False
L1N,validation,532,True,False,True,False,False
L1N,validation,533,True,False,True,False,False
L1N,validation,534,True,False,True,False,False
L1N,validation,535,True,False,True,False,False
L1N,validation,536,False,True,False,False,False
L1N,validation,537,False,False,False,False,True
L1N,validation,538,True,False,True,False,False
L1N,validation,539,False,True,False,False,False
L1N,validation,540,True,False,True,False,False
L1N,validation,541,False,True,False,False,False
L1N,validation,542,True,False,True,False,False
L1N,validation,543,True,False,True,False,False
L1N,validation,544,True,False,True,False,False
L1N,validation,545,True,False,True,False,False
L1N,validation,546,True,False,True,False,False
L1N,validation,547,True,False,True,False,False
L1N,validation,548,False,True,False,False,False
L1N,validation,549,False,True,False,False,False
L1N,validation,550,True,False,True,False,False
L1N,validation,551,False,True,False,False,False
L1N,validation,552,True,False,True,False,False
L1N,validation,553,False,True,False,False,False
L1N,validation,554,False,True,False,False,False
L1N,validation,555,True,False,True,False,False
L1N,validation,556,False,False,False,False,True
L1N,validation,557,True,False,True,False,False
L1N,validation,558,False,False,False,False,True
L1N,validation,559,True,False,True,False,False
L1N,validation,560,False,True,False,False,False
L1N,validation,561,True,False,True,False,False
L1N,validation,562,False,True,False,False,False
L1N,validation,563,True,False,True,False,False
L1N,validation,564,True,False,True,False,False
L1N,validation,565,False,True,False,False,False
L1N,validation,566,False,True,False,False,False
L1N,validation,567,True,False,True,False,False
L1N,validation,568,False,True,False,False,False
L1N,validation,569,True,False,True,False,False
L1N,validation,570,True,False,True,False,False
L1N,validation,571,True,False,True,False,False
L1N,validation,572,True,False,True,False,False
L1N,validation,573,True,False,True,False,False
L1N,validation,574,True,False,True,False,False
L1N,validation,575,False,True,False,False,False
L1N,validation,576,True,False,True,False,False
L1N,validation,577,True,False,True,False,False
L1N,validation,578,True,False,True,False,False
L1N,validation,579,True,False,True,False,False
L1N,validation,580,True,False,True,False,False
L1N,validation,581,True,False,True,False,False
L1N,validation,582,True,False,True,False,False
L1N,validation,583,True,False,True,False,False
L1N,validation,584,False,True,False,False,False
L1N,validation,585,True,False,True,False,False
L1N,validation,586,True,False,True,False,False
L1N,validation,587,True,False,True,False,False
L1N,validation,588,True,False,True,False,False
L1N,validation,589,True,False,True,False,False
L1N,validation,590,True,False,True,False,False
L1N,validation,591,False,True,False,False,False
L1N,validation,592,False,True,False,False,False
L1N,validation,593,True,False,True,False,False
L1N,validation,594,True,False,True,False,False
L1N,validation,595,False,True,False,False,False
L1N,validation,596,False,True,False,False,False
L1N,validation,597,True,False,True,False,False
L1N,validation,598,True,False,True,False,False
L1N,validation,599,True,False,True,False,False
L1N,validation,600,True,False,True,False,False
L1N,validation,601,False,True,False,False,False
L1N,validation,602,False,True,False,False,False
L1N,validation,603,True,False,True,False,False
L1N,validation,604,False,True,False,False,False
L1N,validation,605,False,False,False,False,True
L1N,validation,606,False,True,False,False,False
L1N,validation,607,True,False,True,False,False
L1N,validation,608,False,True,False,False,False
L1N,validation,609,True,False,True,False,False
L1N,validation,610,True,False,True,False,False
L1N,validation,611,True,False,True,False,False
L1N,validation,612,True,False,True,False,False
L1N,validation,613,True,False,True,False,False
L1N,validation,614,True,False,True,False,False
L1N,validation,615,True,False,True,False,False
L1N,validation,616,True,False,True,False,False
L1N,validation,617,True,False,True,False,False
L1N,validation,618,True,False,True,False,False
L1N,validation,619,True,False,True,False,False
L1N,validation,620,True,False,True,False,False
L1N,validation,621,False,False,False,False,True
L1N,validation,622,True,False,True,False,False
L1N,validation,623,True,False,True,False,False
L1N,validation,624,True,False,True,False,False
L1N,validation,625,False,True,False,False,False
L1N,validation,626,True,False,True,False,False
L1N,validation,627,False,True,False,False,False
L1N,validation,628,False,False,False,False,True
L1N,validation,629,True,False,True,False,False
L1N,validation,630,True,False,True,False,False
L1N,validation,631,False,False,False,False,True
L1N,validation,632,True,False,True,False,False
L1N,validation,633,True,False,True,False,False
L1N,validation,634,True,False,True,False,False
L1N,validation,635,False,True,False,False,False
L1N,validation,636,True,False,True,False,False
L1N,validation,637,False,True,False,False,False
L1N,validation,638,True,False,True,False,False
L1N,validation,639,False,False,False,False,True
L1N,validation,640,False,True,False,False,False
L1N,validation,641,True,False,True,False,False
L1N,validation,642,False,True,False,False,False
L1N,validation,643,True,False,True,False,False
L1N,validation,644,True,False,True,False,False
L1N,validation,645,True,False,True,False,False
L1N,validation,646,False,True,False,False,False
L1N,validation,647,True,False,True,False,False
L1N,validation,648,True,False,True,False,False
L1N,validation,649,False,True,False,False,False
L1N,validation,650,False,False,False,False,True
L1N,validation,651,True,False,True,False,False
L1N,validation,652,True,False,True,False,False
L1N,validation,653,True,False,True,False,False
L1N,validation,654,False,False,False,False,True
L1N,validation,655,True,False,True,False,False
L1N,validation,656,True,False,True,False,False
L1N,validation,657,False,False,False,False,True
L1N,validation,658,True,False,True,False,False
L1N,validation,659,False,True,False,False,False
L1N,validation,660,True,False,True,False,False
L1N,validation,661,True,False,True,False,False
L1N,validation,662,False,True,False,False,False
L1N,validation,663,True,False,True,False,False
L1N,validation,664,True,False,True,False,False
L1N,validation,665,True,False,True,False,False
L1N,validation,666,True,False,True,False,False
L1N,validation,667,False,False,False,False,True
L1N,validation,668,False,False,False,False,True
L1N,validation,669,True,False,True,False,False
L1N,validation,670,False,True,False,False,False
L1N,validation,671,False,True,False,False,False
L1N,validation,672,True,False,True,False,False
L1N,validation,673,True,False,True,False,False
L1N,validation,674,False,True,False,False,False
L1N,validation,675,True,False,True,False,False
L1N,validation,676,True,False,True,False,False
L1N,validation,677,True,False,True,False,False
L1N,validation,678,True,False,True,False,False
L1N,validation,679,True,False,True,False,False
L1N,validation,680,False,True,False,False,False
L1N,validation,681,True,False,True,False,False
L1N,validation,682,True,False,True,False,False
L1N,validation,683,True,False,True,False,False
L1N,validation,684,False,False,False,False,True
L1N,validation,685,True,False,True,False,False
O1N,validation,1,False,True,False,False,False
O1N,validation,2,True,False,True,False,False
O1N,validation,3,False,True,False,False,False
O1N,validation,4,False,True,False,False,False
O1N,validation,5,False,True,False,False,False
O1N,validation,6,False,True,False,False,False
O1N,validation,7,False,True,False,False,False
O1N,validation,8,False,True,False,False,False
O1N,validation,9,False,True,False,False,False
O1N,validation,10,False,True,False,False,False
O1N,validation,11,False,True,False,False,False
O1N,validation,12,False,True,False,False,False
O1N,validation,13,False,True,False,False,False
O1N,validation,14,False,True,False,False,False
O1N,validation,15,False,True,False,False,False
O1N,validation,16,False,True,False,False,False
O1N,validation,17,False,True,False,False,False
O1N,validation,18,False,True,False,False,False
O1N,validation,19,False,True,False,False,False
O1N,validation,20,False,True,False,False,False
O1N,validation,21,False,True,False,False,False
O1N,validation,22,False,True,False,False,False
O1N,validation,23,False,True,False,False,False
O1N,validation,24,False,True,False,False,False
O1N,validation,25,False,True,False,False,False
O1N,validation,26,False,True,False,False,False
O1N,validation,27,True,False,True,False,False
O1N,validation,28,False,True,False,False,False
O1N,validation,29,False,True,False,False,False
O1N,validation,30,False,True,False,False,False
O1N,validation,31,False,True,False,False,False
O1N,validation,32,False,True,False,False,False
O1N,validation,33,False,True,False,False,False
O1N,validation,34,False,True,False,False,False
O1N,validation,35,False,False,False,False,True
O1N,validation,36,True,False,True,False,False
O1N,validation,37,False,True,False,False,False
O1N,validation,38,False,True,False,False,False
O1N,validation,39,False,True,False,False,False
O1N,validation,40,False,True,False,False,False
O1N,validation,41,False,True,False,False,False
O1N,validation,42,False,True,False,False,False
O1N,validation,43,False,True,False,False,False
O1N,validation,44,False,True,False,False,False
O1N,validation,45,False,True,False,False,False
O1N,validation,46,False,True,False,False,False
O1N,validation,47,False,True,False,False,False
O1N,validation,48,False,True,False,False,False
O1N,validation,49,False,True,False,False,False
O1N,validation,50,False,True,False,False,False
O1N,validation,51,False,True,False,False,False
O1N,validation,52,False,True,False,False,False
O1N,validation,53,False,True,False,False,False
O1N,validation,54,False,False,False,False,True
O1N,validation,55,False,False,False,False,True
O1N,validation,56,True,False,True,False,False
O1N,validation,57,False,True,False,False,False
O1N,validation,58,False,True,False,False,False
O1N,validation,59,False,True,False,False,False
O1N,validation,60,False,True,False,False,False
O1N,validation,61,False,True,False,False,False
O1N,validation,62,False,True,False,False,False
O1N,validation,63,False,True,False,False,False
O1N,validation,64,False,True,False,False,False
O1N,validation,65,False,True,False,False,False
O1N,validation,66,False,True,False,False,False
O1N,validation,67,False,True,False,False,False
O1N,validation,68,False,True,False,False,False
O1N,validation,69,False,True,False,False,False
O1N,validation,70,False,True,False,False,False
O1N,validation,71,False,True,False,False,False
O1N,validation,72,True,False,True,False,False
O1N,validation,73,False,True,False,False,False
O1N,validation,74,False,True,False,False,False
O1N,validation,75,False,True,False,False,False
O1N,validation,76,False,True,False,False,False
O1N,validation,77,False,True,False,False,False
O1N,validation,78,False,True,False,False,False
O1N,validation,79,False,True,False,False,False
O1N,validation,80,False,True,False,False,False
O1N,validation,81,False,True,False,False,False
O1N,validation,82,False,True,False,False,False
O1N,validation,83,False,True,False,False,False
O1N,validation,84,False,True,False,False,False
O1N,validation,85,False,True,False,False,False
O1N,validation,86,False,True,False,False,False
O1N,validation,87,False,True,False,False,False
O1N,validation,88,False,True,False,False,False
O1N,validation,89,False,True,False,False,False
O1N,validation,90,False,True,False,False,False
O1N,validation,91,False,True,False,False,False
O1N,validation,92,False,True,False,False,False
O1N,validation,93,False,True,False,False,False
O1N,validation,94,False,True,False,False,False
O1N,validation,95,False,True,False,False,False
O1N,validation,96,False,True,False,False,False
O1N,validation,97,False,True,False,False,False
O1N,validation,98,False,True,False,False,False
O1N,validation,99,False,True,False,False,False
O1N,validation,100,False,True,False,False,False
O1N,validation,101,False,True,False,False,False
O1N,validation,102,False,True,False,False,False
O1N,validation,103,False,True,False,False,False
O1N,validation,104,False,True,False,False,False
O1N,validation,105,False,True,False,False,False
O1N,validation,106,False,True,False,False,False
O1N,validation,107,False,True,False,False,False
O1N,validation,108,False,True,False,False,False
O1N,validation,109,False,False,False,False,True
O1N,validation,110,False,True,False,False,False
O1N,validation,111,False,True,False,False,False
O1N,validation,112,False,True,False,False,False
O1N,validation,113,True,False,True,False,False
O1N,validation,114,False,True,False,False,False
O1N,validation,115,True,False,True,False,False
O1N,validation,116,False,True,False,False,False
O1N,validation,117,False,True,False,False,False
O1N,validation,118,False,True,False,False,False
O1N,validation,119,False,True,False,False,False
O1N,validation,120,False,True,False,False,False
O1N,validation,121,False,True,False,False,False
O1N,validation,122,True,False,True,False,False
O1N,validation,123,False,True,False,False,False
O1N,validation,124,True,False,True,False,False
O1N,validation,125,False,True,False,False,False
O1N,validation,126,False,True,False,False,False
O1N,validation,127,False,False,False,False,True
O1N,validation,128,False,True,False,False,False
O1N,validation,129,False,True,False,False,False
O1N,validation,130,False,True,False,False,False
O1N,validation,131,False,True,False,False,False
O1N,validation,132,False,True,False,False,False
O1N,validation,133,False,True,False,False,False
O1N,validation,134,False,True,False,False,False
O1N,validation,135,False,True,False,False,False
O1N,validation,136,False,True,False,False,False
O1N,validation,137,False,True,False,False,False
O1N,validation,138,False,True,False,False,False
O1N,validation,139,False,True,False,False,False
O1N,validation,140,False,True,False,False,False
O1N,validation,141,False,True,False,False,False
O1N,validation,142,True,False,True,False,False
O1N,validation,143,True,False,True,False,False
O1N,validation,144,False,True,False,False,False
O1N,validation,145,True,False,True,False,False
O1N,validation,146,False,True,False,False,False
O1N,validation,147,False,True,False,False,False
O1N,validation,148,False,True,False,False,False
O1N,validation,149,False,True,False,False,False
O1N,validation,150,False,True,False,False,False
O1N,validation,151,False,True,False,False,False
O1N,validation,152,False,True,False,False,False
O1N,validation,153,True,False,True,False,False
O1N,validation,154,False,False,False,False,True
O1N,validation,155,True,False,True,False,False
O1N,validation,156,False,True,False,False,False
O1N,validation,157,True,False,True,False,False
O1N,validation,158,False,True,False,False,False
O1N,validation,159,False,True,False,False,False
O1N,validation,160,True,False,True,False,False
O1N,validation,161,False,True,False,False,False
O1N,validation,162,False,True,False,False,False
O1N,validation,163,True,False,True,False,False
O1N,validation,164,True,False,True,False,False
O1N,validation,165,True,False,True,False,False
O1N,validation,166,True,False,True,False,False
O1N,validation,167,False,True,False,False,False
O1N,validation,168,True,False,True,False,False
O1N,validation,169,True,False,True,False,False
O1N,validation,170,False,True,False,False,False
O1N,validation,171,True,False,True,False,False
O1N,validation,172,False,True,False,False,False
O1N,validation,173,False,True,False,False,False
O1N,validation,174,False,True,False,False,False
O1N,validation,175,True,False,True,False,False
O1N,validation,176,True,False,True,False,False
O1N,validation,177,False,True,False,False,False
O1N,validation,178,True,False,True,False,False
O1N,validation,179,True,False,True,False,False
O1N,validation,180,False,False,False,False,True
O1N,validation,181,False,True,False,False,False
O1N,validation,182,True,False,True,False,False
O1N,validation,183,False,True,False,False,False
O1N,validation,184,True,False,True,False,False
O1N,validation,185,False,True,False,False,False
O1N,validation,186,True,False,True,False,False
O1N,validation,187,True,False,True,False,False
O1N,validation,188,True,False,True,False,False
O1N,validation,189,True,False,True,False,False
O1N,validation,190,False,True,False,False,False
O1W,validation,1,False,True,False,False,False
O1W,validation,2,False,True,False,False,False
O1W,validation,3,False,False,False,False,True
O1W,validation,4,False,True,False,False,False
O1W,validation,5,True,False,True,False,False
O1W,validation,6,False,True,False,False,False
O1W,validation,7,False,True,False,False,False
O1W,validation,8,False,True,False,False,False
O1W,validation,9,False,True,False,False,False
O1W,validation,10,False,True,False,False,False
O1W,validation,11,False,True,False,False,False
O1W,validation,12,True,False,True,False,False
O1W,validation,13,False,True,False,False,False
O1W,validation,14,True,False,True,False,False
O1W,validation,15,False,True,False,False,False
O1W,validation,16,False,True,False,False,False
O1W,validation,17,False,True,False,False,False
O1W,validation,18,False,True,False,False,False
O1W,validation,19,False,False,False,False,True
O1W,validation,20,False,True,False,False,False
O1W,validation,21,False,True,False,False,False
O1W,validation,22,False,True,False,False,False
O1W,validation,23,False,True,False,False,False
O1W,validation,24,False,True,False,False,False
O1W,validation,25,True,False,True,False,False
O1W,validation,26,True,False,True,False,False
O1W,validation,27,False,True,False,False,False
O1W,validation,28,False,True,False,False,False
O1W,validation,29,False,True,False,False,False
O1W,validation,30,False,True,False,False,False
O1W,validation,31,False,True,False,False,False
O1W,validation,32,False,True,False,False,False
O1W,validation,33,False,True,False,False,False
O1W,validation,34,True,False,True,False,False
O1W,validation,35,False,True,False,False,False
O1W,validation,36,False,True,False,False,False
O1W,validation,37,False,True,False,False,False
O1W,validation,38,False,True,False,False,False
O1W,validation,39,False,True,False,False,False
O1W,validation,40,False,True,False,False,False
O1W,validation,41,False,True,False,False,False
O1W,validation,42,False,True,False,False,False
O1W,validation,43,False,True,False,False,False
O1W,validation,44,False,True,False,False,False
O1W,validation,45,False,True,False,False,False
O1W,validation,46,False,True,False,False,False
O1W,validation,47,False,True,False,False,False
O1W,validation,48,False,True,False,False,False
O1W,validation,49,False,True,False,False,False
O1W,validation,50,False,True,False,False,False
O1W,validation,51,False,True,False,False,False
O1W,validation,52,False,True,False,False,False
O1W,validation,53,False,True,False,False,False
O1W,validation,54,False,True,False,False,False
O1W,validation,55,False,True,False,False,False
O1W,validation,56,False,True,False,False,False
O1W,validation,57,False,False,False,False,True
O1W,validation,58,False,True,False,False,False
O1W,validation,59,False,True,False,False,False
O1W,validation,60,True,False,True,False,False
O1W,validation,61,False,True,False,False,False
O1W,validation,62,False,True,False,False,False
O1W,validation,63,True,False,True,False,False
O1W,validation,64,False,True,False,False,False
O1W,validation,65,False,True,False,False,False
O1W,validation,66,False,False,False,False,True
O1W,validation,67,False,True,False,False,False
O1W,validation,68,False,False,False,False,True
O1W,validation,69,False,False,False,False,True
O1W,validation,70,True,False,True,False,False
O1W,validation,71,False,True,False,False,False
O1W,validation,72,False,True,False,False,False
O1W,validation,73,False,True,False,False,False
O1W,validation,74,False,True,False,False,False
O1W,validation,75,False,False,False,False,True
O1W,validation,76,False,True,False,False,False
O1W,validation,77,False,True,False,False,False
O1W,validation,78,False,False,False,False,True
O1W,validation,79,False,False,False,False,True
O1W,validation,80,False,True,False,False,False
O1W,validation,81,True,False,True,False,False
O1W,validation,82,False,True,False,False,False
O1W,validation,83,False,True,False,False,False
O1W,validation,84,True,False,True,False,False
O1W,validation,85,True,False,True,False,False
O1W,validation,86,False,True,False,False,False
O1W,validation,87,False,True,False,False,False
O1W,validation,88,False,True,False,False,False
O1W,validation,89,True,False,True,False,False
O1W,validation,90,False,True,False,False,False
O1W,validation,91,True,False,True,False,False
O1W,validation,92,False,True,False,False,False
O1W,validation,93,False,True,False,False,False
O1W,validation,94,False,True,False,False,False
O1W,validation,95,False,True,False,False,False
O1W,validation,96,False,True,False,False,False
O1W,validation,97,False,True,False,False,False
O1W,validation,98,False,True,False,False,False
O1W,validation,99,False,True,False,False,False
O1W,validation,100,False,True,False,False,False
O1W,validation,101,False,True,False,False,False
O1W,validation,102,False,True,False,False,False
O1W,validation,103,False,True,False,False,False
O1W,validation,104,True,False,True,False,False
O1W,validation,105,False,True,False,False,False
O1W,validation,106,False,True,False,False,False
O1W,validation,107,True,False,True,False,False
O1W,validation,108,False,True,False,False,False
O1W,validation,109,True,False,True,False,False
O1W,validation,110,False,True,False,False,False
O1W,validation,111,False,True,False,False,False
O1W,validation,112,False,True,False,False,False
O1W,validation,113,False,True,False,False,False
O1W,validation,114,False,True,False,False,False
O1W,validation,115,False,True,False,False,False
O1W,validation,116,False,True,False,False,False
O1W,validation,117,False,True,False,False,False
O1W,validation,118,True,False,True,False,False
O1W,validation,119,False,True,False,False,False
O1W,validation,120,False,True,False,False,False
O1W,validation,121,False,True,False,False,False
O1W,validation,122,False,True,False,False,False
O1W,validation,123,False,True,False,False,False
O1W,validation,124,True,False,True,False,False
O1W,validation,125,False,False,False,False,True
O1W,validation,126,False,True,False,False,False
O1W,validation,127,False,True,False,False,False
O1W,validation,128,False,True,False,False,False
O1W,validation,129,False,True,False,False,False
O1W,validation,130,False,True,False,False,False
O1W,validation,131,False,True,False,False,False
O1W,validation,132,False,True,False,False,False
O1W,validation,133,False,True,False,False,False
O1W,validation,134,False,True,False,False,False
O1W,validation,135,True,False,True,False,False
O1W,validation,136,False,True,False,False,False
O1W,validation,137,True,False,True,False,False
O1W,validation,138,False,True,False,False,False
O1W,validation,139,False,True,False,False,False
O1W,validation,140,False,True,False,False,False
O1W,validation,141,True,False,True,False,False
O1W,validation,142,False,True,False,False,False
O1W,validation,143,False,True,False,False,False
O1W,validation,144,False,True,False,False,False
O1W,validation,145,False,True,False,False,False
O1W,validation,146,False,True,False,False,False
O1W,validation,147,True,False,True,False,False
O1W,validation,148,False,True,False,False,False
O1W,validation,149,True,False,True,False,False
O1W,validation,150,False,False,False,False,True
O1W,validation,151,True,False,True,False,False
O1W,validation,152,False,True,False,False,False
O1W,validation,153,False,True,False,False,False
O1W,validation,154,True,False,True,False,False
O1W,validation,155,False,True,False,False,False
O1W,validation,156,True,False,True,False,False
O1W,validation,157,False,True,False,False,False
O1W,validation,158,False,True,False,False,False
O1W,validation,159,False,True,False,False,False
O1W,validation,160,False,True,False,False,False
O1W,validation,161,False,True,False,False,False
O1W,validation,162,False,False,False,False,True
O1W,validation,163,False,False,False,False,True
O1W,validation,164,False,True,False,False,False
O1W,validation,165,False,True,False,False,False
O1W,validation,166,True,False,True,False,False
O1W,validation,167,False,True,False,False,False
O1W,validation,168,True,False,True,False,False
O1W,validation,169,False,True,False,False,False
O1W,validation,170,True,False,True,False,False
O1W,validation,171,True,False,True,False,False
O1W,validation,172,False,True,False,False,False
O1W,validation,173,False,True,False,False,False
O1W,validation,174,True,False,True,False,False
O1W,validation,175,True,False,True,False,False
O1W,validation,176,False,True,False,False,False
O1W,validation,177,False,True,False,False,False
O1W,validation,178,False,True,False,False,False
O1W,validation,179,False,True,False,False,False
O1W,validation,180,False,True,False,False,False
O1W,validation,181,False,True,False,False,False
O1W,validation,182,False,True,False,False,False
O1W,validation,183,False,True,False,False,False
O1W,validation,184,True,False,True,False,False
O1W,validation,185,True,False,True,False,False
O1W,validation,186,False,True,False,False,False
O1W,validation,187,False,True,False,False,False
O1W,validation,188,True,False,True,False,False
O1W,validation,189,True,False,True,False,False
O1W,validation,190,True,False,True,False,False
O1W,validation,191,False,False,False,False,True
O1W,validation,192,True,False,True,False,False
O1W,validation,193,True,False,True,False,False
O1W,validation,194,False,True,False,False,False
O1W,validation,195,False,True,False,False,False
O1W,validation,196,False,True,False,False,False
O1W,validation,197,True,False,True,False,False
O1W,validation,198,False,True,False,False,False
O1W,validation,199,False,True,False,False,False
O1W,validation,200,False,True,False,False,False
O1W,validation,201,False,True,False,False,False
O1W,validation,202,False,True,False,False,False
O1W,validation,203,False,True,False,False,False
O1W,validation,204,True,False,True,False,False
O1W,validation,205,True,False,True,False,False
O1W,validation,206,True,False,True,False,False
O1W,validation,207,True,False,True,False,False
O1W,validation,208,True,False,True,False,False
O1W,validation,209,False,False,False,False,True
O1W,validation,210,True,False,True,False,False
O1W,validation,211,True,False,True,False,False
O1W,validation,212,False,True,False,False,False
O1W,validation,213,True,False,True,False,False
O1W,validation,214,True,False,True,False,False
O1W,validation,215,True,False,True,False,False
O1W,validation,216,False,True,False,False,False
O1W,validation,217,False,True,False,False,False
O1W,validation,218,False,True,False,False,False
O1W,validation,219,True,False,True,False,False
O1W,validation,220,False,True,False,False,False
O1W,validation,221,False,True,False,False,False
O1W,validation,222,False,True,False,False,False
O1W,validation,223,True,False,True,False,False
O1W,validation,224,False,True,False,False,False
O1W,validation,225,False,True,False,False,False
O1W,validation,226,False,True,False,False,False
O1W,validation,227,True,False,True,False,False
O1W,validation,228,True,False,True,False,False
O1W,validation,229,False,True,False,False,False
O1W,validation,230,True,False,True,False,False
O1W,validation,231,True,False,True,False,False
O1W,validation,232,True,False,True,False,False
O1W,validation,233,False,True,False,False,False
O1W,validation,234,False,True,False,False,False
O1W,validation,235,True,False,True,False,False
O1W,validation,236,False,True,False,False,False
O1W,validation,237,False,True,False,False,False
O1W,validation,238,True,False,True,False,False
O1W,validation,239,False,True,False,False,False
O1W,validation,240,True,False,True,False,False
O1W,validation,241,True,False,True,False,False
O1W,validation,242,False,False,False,False,True
O1W,validation,243,True,False,True,False,False
O1W,validation,244,False,True,False,False,False
O1W,validation,245,False,True,False,False,False
O1W,validation,246,True,False,True,False,False
O1W,validation,247,False,True,False,False,False
O1W,validation,248,True,False,True,False,False
O1W,validation,249,True,False,True,False,False
O1W,validation,250,False,True,False,False,False
O1W,validation,251,True,False,True,False,False
O1W,validation,252,True,False,True,False,False
O1W,validation,253,False,True,False,False,False
O1W,validation,254,True,False,True,False,False
O1W,validation,255,True,False,True,False,False
O1W,validation,256,True,False,True,False,False
O1W,validation,257,False,False,False,False,True
O1W,validation,258,True,False,True,False,False
O1W,validation,259,True,False,True,False,False
O1W,validation,260,True,False,True,False,False
O1W,validation,261,False,True,False,False,False
O1W,validation,262,True,False,True,False,False
O1W,validation,263,True,False,True,False,False
O1W,validation,264,False,True,False,False,False
O1W,validation,265,True,False,True,False,False
O1W,validation,266,False,True,False,False,False
O1W,validation,267,True,False,True,False,False
O1W,validation,268,False,True,False,False,False
O1W,validation,269,True,False,True,False,False
O1W,validation,270,False,True,False,False,False
O1W,validation,271,False,True,False,False,False
O1W,validation,272,True,False,True,False,False
O1W,validation,273,True,False,True,False,False
O1W,validation,274,True,False,True,False,False
O1W,validation,275,False,True,False,False,False
O1W,validation,276,False,True,False,False,False
O1W,validation,277,True,False,True,False,False
O1W,validation,278,True,False,True,False,False
O1W,validation,279,True,False,True,False,False
O1W,validation,280,False,True,False,False,False
O1W,validation,281,False,True,False,False,False
O1W,validation,282,False,True,False,False,False
O1W,validation,283,True,False,True,False,False
O1W,validation,284,True,False,True,False,False
O1W,validation,285,True,False,True,False,False
O1W,validation,286,True,False,True,False,False
O1W,validation,287,True,False,True,False,False
O1W,validation,288,True,False,True,False,False
O1W,validation,289,False,False,False,False,True
O1W,validation,290,True,False,True,False,False
O1W,validation,291,True,False,True,False,False
O1W,validation,292,True,False,True,False,False
O1W,validation,293,True,False,True,False,False
O1W,validation,294,True,False,True,False,False
O1W,validation,295,True,False,True,False,False
O1W,validation,296,True,False,True,False,False
O1W,validation,297,False,True,False,False,False
O1W,validation,298,True,False,True,False,False
O1W,validation,299,True,False,True,False,False
O1W,validation,300,True,False,True,False,False
O1W,validation,301,False,True,False,False,False
O1W,validation,302,False,True,False,False,False
O1W,validation,303,True,False,True,False,False
O1W,validation,304,True,False,True,False,False
O1W,validation,305,True,False,True,False,False
O1W,validation,306,False,True,False,False,False
O1W,validation,307,True,False,True,False,False
O1W,validation,308,True,False,True,False,False
O1W,validation,309,True,False,True,False,False
O1W,validation,310,True,False,True,False,False
O1W,validation,311,True,False,True,False,False
O1W,validation,312,True,False,True,False,False
O1W,validation,313,True,False,True,False,False
O1W,validation,314,True,False,True,False,False
O1W,validation,315,False,False,False,False,True
O1W,validation,316,True,False,True,False,False
O1W,validation,317,True,False,True,False,False
O1W,validation,318,True,False,True,False,False
O1W,validation,319,False,False,False,False,True
O1W,validation,320,True,False,True,False,False
O1W,validation,321,True,False,True,False,False
O1W,validation,322,True,False,True,False,False
O1W,validation,323,False,True,False,False,False
O1W,validation,324,True,False,True,False,False
O1W,validation,325,True,False,True,False,False
O1W,validation,326,False,True,False,False,False
O1W,validation,327,True,False,True,False,False
O1W,validation,328,False,True,False,False,False
O1W,validation,329,False,False,False,False,True
O1W,validation,330,True,False,True,False,False
O1W,validation,331,False,True,False,False,False
O1W,validation,332,True,False,True,False,False
O1W,validation,333,True,False,True,False,False
O1W,validation,334,True,False,True,False,False
O1W,validation,335,True,False,True,False,False
O1W,validation,336,True,False,True,False,False
O1W,validation,337,True,False,True,False,False
O1W,validation,338,True,False,True,False,False
O1W,validation,339,True,False,True,False,False
O1W,validation,340,False,True,False,False,False
O1W,validation,341,False,True,False,False,False
O1W,validation,342,True,False,True,False,False
O1W,validation,343,True,False,True,False,False
O1W,validation,344,True,False,True,False,False
O1W,validation,345,True,False,True,False,False
O1W,validation,346,False,False,False,False,True
O1W,validation,347,False,False,False,False,True
O1W,validation,348,True,False,True,False,False
O1W,validation,349,True,False,True,False,False
O1W,validation,350,False,True,False,False,False
O1W,validation,351,True,False,True,False,False
O1W,validation,352,True,False,True,False,False
O1W,validation,353,True,False,True,False,False
O1W,validation,354,True,False,True,False,False
O1W,validation,355,True,False,True,False,False
O1W,validation,356,True,False,True,False,False
O1W,validation,357,True,False,True,False,False
O1W,validation,358,True,False,True,False,False
O1W,validation,359,True,False,True,False,False
O1W,validation,360,True,False,True,False,False
O1W,validation,361,True,False,True,False,False
O1W,validation,362,True,False,True,False,False
O1W,validation,363,False,False,False,False,True
O1W,validation,364,True,False,True,False,False
O1W,validation,365,True,False,True,False,False
O1W,validation,366,True,False,True,False,False
O1W,validation,367,True,False,True,False,False
O1W,validation,368,True,False,True,False,False
O1W,validation,369,True,False,True,False,False
O1W,validation,370,False,True,False,False,False
O1W,validation,371,True,False,True,False,False
O1W,validation,372,True,False,True,False,False
O1W,validation,373,True,False,True,False,False
O1W,validation,374,True,False,True,False,False
O1W,validation,375,True,False,True,False,False
O1W,validation,376,True,False,True,False,False
O1W,validation,377,True,False,True,False,False
O1W,validation,378,True,False,True,False,False
O1W,validation,379,True,False,True,False,False
O1W,validation,380,True,False,True,False,False
O1W,validation,381,True,False,True,False,False
O1W,validation,382,True,False,True,False,False
O1W,validation,383,True,False,True,False,False
O1W,validation,384,True,False,True,False,False
O1W,validation,385,False,True,False,False,False
O1W,validation,386,True,False,True,False,False
O1W,validation,387,True,False,True,False,False
O1W,validation,388,True,False,True,False,False
O1W,validation,389,True,False,True,False,False
O1W,validation,390,True,False,True,False,False
O1W,validation,391,True,False,True,False,False
O1W,validation,392,True,False,True,False,False
O1W,validation,393,True,False,True,False,False
O1W,validation,394,True,False,True,False,False
O1W,validation,395,True,False,True,False,False
O1W,validation,396,True,False,True,False,False
O1W,validation,397,True,False,True,False,False
O1W,validation,398,True,False,True,False,False
O1W,validation,399,True,False,True,False,False
O1W,validation,400,True,False,True,False,False
O1W,validation,401,True,False,True,False,False
O1W,validation,402,True,False,True,False,False
O1W,validation,403,True,False,True,False,False
O1W,validation,404,True,False,True,False,False
O1W,validation,405,True,False,True,False,False
O1W,validation,406,True,False,True,False,False
O1W,validation,407,True,False,True,False,False
O1W,validation,408,True,False,True,False,False
O1W,validation,409,True,False,True,False,False
O1W,validation,410,True,False,True,False,False
O1W,validation,411,True,False,True,False,False
O1W,validation,412,True,False,True,False,False
O1W,validation,413,True,False,True,False,False
O1W,validation,414,True,False,True,False,False
O1W,validation,415,True,False,True,False,False
O1W,validation,416,True,False,True,False,False
O1W,validation,417,False,True,False,False,False
O1W,validation,418,True,False,True,False,False
O1W,validation,419,True,False,True,False,False
O1W,validation,420,True,False,True,False,False
O1W,validation,421,False,True,False,False,False
O1W,validation,422,True,False,True,False,False
O1W,validation,423,False,False,False,False,True
O1W,validation,424,False,True,False,False,False
O1W,validation,425,True,False,True,False,False
O1W,validation,426,True,False,True,False,False
O1W,validation,427,True,False,True,False,False
O1W,validation,428,True,False,True,False,False
O1W,validation,429,False,True,False,False,False
O1W,validation,430,True,False,True,False,False
O1W,validation,431,True,False,True,False,False
O1W,validation,432,False,True,False,False,False
O1W,validation,433,False,False,False,False,True
O1W,validation,434,False,True,False,False,False
O1W,validation,435,True,False,True,False,False
O1W,validation,436,True,False,True,False,False
O1W,validation,437,True,False,True,False,False
O1W,validation,438,True,False,True,False,False
O1W,validation,439,True,False,True,False,False
O1W,validation,440,True,False,True,False,False
O1W,validation,441,True,False,True,False,False
O1W,validation,442,True,False,True,False,False
O1W,validation,443,True,False,True,False,False
O1W,validation,444,True,False,True,False,False
O1W,validation,445,True,False,True,False,False
O1W,validation,446,False,True,False,False,False
O1W,validation,447,True,False,True,False,False
O1W,validation,448,True,False,True,False,False
O1W,validation,449,True,False,True,False,False
O1W,validation,450,True,False,True,False,False
O1W,validation,451,True,False,True,False,False
O1W,validation,452,True,False,True,False,False
O1W,validation,453,True,False,True,False,False
O1W,validation,454,False,False,False,False,True
O1W,validation,455,True,False,True,False,False
O1W,validation,456,True,False,True,False,False
O1W,validation,457,False,False,False,False,True
O1W,validation,458,True,False,True,False,False
O1W,validation,459,True,False,True,False,False
O1W,validation,460,False,False,False,False,True
O1W,validation,461,True,False,True,False,False
O1W,validation,462,False,False,False,False,True
O1W,validation,463,False,False,False,False,True
O1W,validation,464,True,False,True,False,False
O1W,validation,465,True,False,True,False,False
O1W,validation,466,True,False,True,False,False
O1W,validation,467,True,False,True,False,False
O1W,validation,468,True,False,True,False,False
O1W,validation,469,False,True,False,False,False
O1W,validation,470,False,True,False,False,False
O1W,validation,471,True,False,True,False,False
O1W,validation,472,True,False,True,False,False
O1W,validation,473,True,False,True,False,False
O1W,validation,474,True,False,True,False,False
O1W,validation,475,True,False,True,False,False
O1W,validation,476,True,False,True,False,False
O1W,validation,477,True,False,True,False,False
O1W,validation,478,True,False,True,False,False
O1W,validation,479,True,False,True,False,False
O1W,validation,480,True,False,True,False,False
O1W,validation,481,True,False,True,False,False
O1W,validation,482,True,False,True,False,False
O1W,validation,483,True,False,True,False,False
O1W,validation,484,True,False,True,False,False
O1W,validation,485,False,True,False,False,False
O1W,validation,486,True,False,True,False,False
O1W,validation,487,True,False,True,False,False
O1W,validation,488,True,False,True,False,False
O1W,validation,489,True,False,True,False,False
O1W,validation,490,True,False,True,False,False
O1W,validation,491,True,False,True,False,False
O1W,validation,492,True,False,True,False,False
O1W,validation,493,True,False,True,False,False
O1W,validation,494,True,False,True,False,False
O1W,validation,495,True,False,True,False,False
O1W,validation,496,True,False,True,False,False
O1W,validation,497,True,False,True,False,False
O1W,validation,498,False,True,False,False,False
O1W,validation,499,True,False,True,False,False
O1W,validation,500,False,False,False,False,True
O1W,validation,501,False,False,False,False,True
O1W,validation,502,True,False,True,False,False
O1W,validation,503,True,False,True,False,False
O1W,validation,504,True,False,True,False,False
O1W,validation,505,True,False,True,False,False
O1W,validation,506,True,False,True,False,False
O1W,validation,507,True,False,True,False,False
O1W,validation,508,True,False,True,False,False
O1W,validation,509,True,False,True,False,False
O1W,validation,510,True,False,True,False,False
O1W,validation,511,True,False,True,False,False
O1W,validation,512,False,True,False,False,False
O1W,validation,513,False,True,False,False,False
O1W,validation,514,True,False,True,False,False
O1W,validation,515,True,False,True,False,False
O1W,validation,516,False,False,False,False,True
O1W,validation,517,True,False,True,False,False
O1W,validation,518,True,False,True,False,False
O1W,validation,519,True,False,True,False,False
O1W,validation,520,True,False,True,False,False
O1W,validation,521,True,False,True,False,False
O1W,validation,522,True,False,True,False,False
O1W,validation,523,True,False,True,False,False
O1W,validation,524,True,False,True,False,False
O1W,validation,525,True,False,True,False,False
O1W,validation,526,True,False,True,False,False
O1W,validation,527,True,False,True,False,False
O1W,validation,528,True,False,True,False,False
O1W,validation,529,True,False,True,False,False
O1W,validation,530,True,False,True,False,False
O1W,validation,531,False,True,False,False,False
O1W,validation,532,True,False,True,False,False
O1W,validation,533,True,False,True,False,False
O1W,validation,534,False,True,False,False,False
O1W,validation,535,True,False,True,False,False
O1W,validation,536,True,False,True,False,False
O1W,validation,537,True,False,True,False,False
O1W,validation,538,False,True,False,False,False
O1W,validation,539,True,False,True,False,False
O1W,validation,540,True,False,True,False,False
O1W,validation,541,True,False,True,False,False
O1W,validation,542,True,False,True,False,False
O1W,validation,543,True,False,True,False,False
O1W,validation,544,False,True,False,False,False
O1W,validation,545,True,False,True,False,False
O1W,validation,546,True,False,True,False,False
O1W,validation,547,True,False,True,False,False
O1W,validation,548,True,False,True,False,False
O1W,validation,549,True,False,True,False,False
O1W,validation,550,True,False,True,False,False
O1W,validation,551,True,False,True,False,False
O1W,validation,552,True,False,True,False,False
O1W,validation,553,True,False,True,False,False
O1W,validation,554,True,False,True,False,False
O1W,validation,555,True,False,True,False,False
O1W,validation,556,True,False,True,False,False
O1W,validation,557,True,False,True,False,False
O1W,validation,558,True,False,True,False,False
O1W,validation,559,True,False,True,False,False
O1W,validation,560,False,False,False,False,True
O1W,validation,561,True,False,True,False,False
O1W,validation,562,False,False,False,False,True
O1W,validation,563,True,False,True,False,False
O1W,validation,564,True,False,True,False,False
O1W,validation,565,True,False,True,False,False
O1W,validation,566,False,False,False,False,True
O1W,validation,567,True,False,True,False,False
O1W,validation,568,True,False,True,False,False
O1W,validation,569,False,False,False,False,True
O1W,validation,570,True,False,True,False,False
O1W,validation,571,True,False,True,False,False
O1W,validation,572,True,False,True,False,False
O1W,validation,573,False,False,False,False,True
O1W,validation,574,False,False,False,False,True
O1W,validation,575,True,False,True,False,False
O1W,validation,576,True,False,True,False,False
O1W,validation,577,True,False,True,False,False
O1W,validation,578,True,False,True,False,False
O1W,validation,579,True,False,True,False,False
O1W,validation,580,False,False,False,False,True
O1W,validation,581,True,False,True,False,False
O1W,validation,582,True,False,True,False,False
O1W,validation,583,True,False,True,False,False
O1W,validation,584,False,False,False,False,True
O1W,validation,585,False,False,False,False,True
O1W,validation,586,True,False,True,False,False
O1W,validation,587,False,False,False,False,True
O1W,validation,588,True,False,True,False,False
O1W,validation,589,True,False,True,False,False
O1W,validation,590,False,False,False,False,True
O1W,validation,591,False,False,False,False,True
O1W,validation,592,True,False,True,False,False
O1W,validation,593,True,False,True,False,False
O1W,validation,594,False,True,False,False,False
O1W,validation,595,True,False,True,False,False
O1W,validation,596,True,False,True,False,False
O1W,validation,597,True,False,True,False,False
O1W,validation,598,True,False,True,False,False
O1W,validation,599,True,False,True,False,False
O1W,validation,600,True,False,True,False,False
O1W,validation,601,False,True,False,False,False
O1W,validation,602,True,False,True,False,False
O1W,validation,603,False,False,False,False,True
O1W,validation,604,False,False,False,False,True
O1W,validation,605,False,False,False,False,True
O1W,validation,606,False,False,False,False,True
O1W,validation,607,True,False,True,False,False
O1W,validation,608,True,False,True,False,False
O1W,validation,609,True,False,True,False,False
O1W,validation,610,True,False,True,False,False
O1W,validation,611,True,False,True,False,False
O1W,validation,612,True,False,True,False,False
O1W,validation,613,True,False,True,False,False
O1W,validation,614,True,False,True,False,False
O1W,validation,615,True,False,True,False,False
O1W,validation,616,True,False,True,False,False
O1W,validation,617,True,False,True,False,False
O1W,validation,618,True,False,True,False,False
O1W,validation,619,True,False,True,False,False
O1W,validation,620,True,False,True,False,False
O1W,validation,621,True,False,True,False,False
O1W,validation,622,True,False,True,False,False
O1W,validation,623,True,False,True,False,False
O1W,validation,624,True,False,True,False,False
O1W,validation,625,False,False,False,False,True
O1W,validation,626,False,False,False,False,True
O1W,validation,627,True,False,True,False,False
O1W,validation,628,True,False,True,False,False
O1W,validation,629,False,False,False,False,True
O1W,validation,630,True,False,True,False,False
O1W,validation,631,True,False,True,False,False
O1W,validation,632,True,False,True,False,False
O1W,validation,633,True,False,True,False,False
O1W,validation,634,True,False,True,False,False
O1W,validation,635,False,True,False,False,False
O1W,validation,636,False,True,False,False,False
O1W,validation,637,True,False,True,False,False
O1W,validation,638,True,False,True,False,False
O1W,validation,639,True,False,True,False,False
O1W,validation,640,True,False,True,False,False
O1W,validation,641,False,True,False,False,False
O1W,validation,642,True,False,True,False,False
O1W,validation,643,True,False,True,False,False
O1W,validation,644,False,False,False,False,True
O1W,validation,645,True,False,True,False,False
O1W,validation,646,True,False,True,False,False
O1W,validation,647,True,False,True,False,False
O1W,validation,648,True,False,True,False,False
O1W,validation,649,True,False,True,False,False
O1W,validation,650,True,False,True,False,False
O1W,validation,651,True,False,True,False,False
O1W,validation,652,True,False,True,False,False
O1W,validation,653,True,False,True,False,False
O1W,validation,654,True,False,True,False,False
O1W,validation,655,True,False,True,False,False
O1W,validation,656,True,False,True,False,False
O1W,validation,657,True,False,True,False,False
O1W,validation,658,True,False,True,False,False
O1W,validation,659,True,False,True,False,False
O1W,validation,660,False,True,False,False,False
O1W,validation,661,True,False,True,False,False
O1W,validation,662,True,False,True,False,False
O1W,validation,663,False,False,False,False,True
O1W,validation,664,False,False,False,False,True
O1W,validation,665,True,False,True,False,False
O1W,validation,666,True,False,True,False,False
O1W,validation,667,True,False,True,False,False
O1W,validation,668,True,False,True,False,False
O1W,validation,669,True,False,True,False,False
O1W,validation,670,True,False,True,False,False
O1W,validation,671,True,False,True,False,False
O1W,validation,672,True,False,True,False,False
O1W,validation,673,True,False,True,False,False
O1W,validation,674,True,False,True,False,False
O1W,validation,675,True,False,True,False,False
O1W,validation,676,True,False,True,False,False
O1W,validation,677,True,False,True,False,False
O1W,validation,678,True,False,True,False,False
O1W,validation,679,False,False,False,False,True
O1W,validation,680,False,False,False,False,True
O1W,validation,681,True,False,True,False,False
O1W,validation,682,True,False,True,False,False
O1W,validation,683,True,False,True,False,False
O1W,validation,684,True,False,True,False,False
O1W,validation,685,True,False,True,False,False
O1W,validation,686,True,False,True,False,False
O1W,validation,687,True,False,True,False,False
O1W,validation,688,False,False,False,False,True
O1W,validation,689,True,False,True,False,False
O1W,validation,690,True,False,True,False,False
O1W,validation,691,True,False,True,False,False
O1W,validation,692,True,False,True,False,False
O1W,validation,693,True,False,True,False,False
O1W,validation,694,True,False,True,False,False
O1W,validation,695,True,False,True,False,False
O1W,validation,696,True,False,True,False,False
O1W,validation,697,True,False,True,False,False
O1W,validation,698,False,False,False,False,True
O1W,validation,699,True,False,True,False,False
O1W,validation,700,True,False,True,False,False
O1W,validation,701,True,False,True,False,False
O1W,validation,702,True,False,True,False,False
O1W,validation,703,True,False,True,False,False
