gt_tree_id,num_points,height,detected,category,semantic_tree_points,semantic_tree_fraction,base_seed_points,base_seed_fraction,clustered_seed_points,clustered_seed_fraction,assigned_tree_points,assigned_tree_fraction,significant_prediction_count,best_prediction_id,best_iou,best_precision,best_recall,source_plot
1,3201,12.559999585151672,False,undersegmentation,2931,0.915651358950328,1045,0.32646048109965636,1045,1.0,2931,0.915651358950328,1,22,0.09378599769614744,0.09460331805564522,0.915651358950328,G4N
2,68773,38.09000110626221,True,detected,68641,0.998080642112457,1480,0.02152007328457389,1480,1.0,68641,0.998080642112457,1,197,0.9605440058872645,0.9729361677728243,0.9869134689485699,G4N
3,12276,18.730000495910645,True,detected,12070,0.9832192896709026,1186,0.09661127403062887,1186,1.0,12070,0.9832192896709026,1,140,0.7684471891513338,0.778659441326366,0.9832192896709026,G4N
4,8743,17.520000159740448,False,undersegmentation,8723,0.9977124556788288,674,0.07709024362347021,674,1.0,8723,0.9977124556788288,1,73,0.49138125281658407,0.49193548387096775,0.9977124556788288,G4N
5,65231,36.13000011444092,True,detected,64895,0.9948490748263862,697,0.010685103708359522,697,1.0,64895,0.9948490748263862,1,24,0.8776613005629471,0.9167894829923953,0.9536263433030308,G4N
6,27773,35.530000150203705,True,detected,27683,0.9967594426241313,1056,0.03802253987685882,1056,1.0,27683,0.9967594426241313,1,85,0.9543010752688172,0.9952526913875598,0.9586648903611421,G4N
7,52277,37.90000009536743,True,detected,52114,0.9968819939935344,1016,0.019434933144595136,1016,1.0,52114,0.9968819939935344,1,199,0.9697612330297465,0.9896429123512135,0.9797042676511659,G4N
8,17524,16.649999618530273,True,detected,17491,0.9981168682949099,419,0.023910066194932664,419,1.0,17491,0.9981168682949099,1,163,0.8196859620342161,0.8210714118033711,0.997945674503538,G4N
9,33872,33.769999980926514,True,detected,33856,0.9995276334435522,701,0.020695559754369392,701,1.0,33856,0.9995276334435522,1,303,0.6959980974207078,0.7222309469858434,0.9504015115729806,G4N
10,55850,38.49999976158142,True,detected,55189,0.9881647269471799,1584,0.028361683079677708,1584,1.0,55189,0.9881647269471799,1,52,0.9852649627605422,0.997486573965246,0.9877170993733214,G4N
11,91949,40.540000438690186,True,detected,90714,0.9865686413120317,1488,0.016182883990037956,1488,1.0,90714,0.9865686413120317,1,200,0.9533507904180002,0.9904836542767578,0.9621638081980228,G4N
12,59688,36.15999907255173,True,detected,59474,0.9964146897198767,1078,0.018060581691462272,1078,1.0,59474,0.9964146897198767,1,64,0.9527762612800668,0.9581765627270818,0.9941194209891435,G4N
13,88842,35.54999923706055,True,detected,88658,0.9979289074987056,1481,0.016670043447918777,1481,1.0,88658,0.9979289074987056,1,145,0.8465752082312592,0.8673908896497023,0.9724342090452713,G4N
14,82635,32.82999897003174,True,detected,82400,0.9971561686936528,1283,0.01552610879167423,1283,1.0,82400,0.9971561686936528,1,127,0.907904843665281,0.9316896183984792,0.97265081381981,G4N
15,15838,35.469998359680176,True,detected,15541,0.9812476322768027,830,0.05240560676853138,830,1.0,15541,0.9812476322768027,1,76,0.947490536084992,0.9663719018557728,0.979795428715747,G4N
16,16958,14.199999809265137,True,detected,16865,0.9945158627196603,509,0.030015331996697724,509,1.0,16865,0.9945158627196603,1,313,0.8700025793139025,0.8741965581588224,0.9945158627196603,G4N
17,65319,38.06999969482422,True,detected,64412,0.9861143005863531,1345,0.020591252162464213,1345,1.0,64412,0.9861143005863531,1,205,0.9687694621238588,0.9920051018027407,0.9763927800486841,G4N
18,25162,35.50999867916107,True,detected,24863,0.9881170018281535,1416,0.05627533582386138,1416,1.0,24863,0.9881170018281535,1,8,0.8396370162191447,0.8501439934174437,0.9854939988872109,G4N
19,29660,19.5,True,detected,29523,0.9953809844908968,466,0.015711395819285233,466,1.0,29523,0.9953809844908968,1,196,0.9894412228069588,0.9941733185140278,0.9952124072825353,G4N
20,29876,36.28000092506409,True,detected,29648,0.992368456285982,856,0.028651760610523498,856,1.0,29648,0.992368456285982,3,174,0.6067490494296578,0.9191667066673067,0.6409492569286384,G4N
21,51895,38.42000198364258,True,detected,51682,0.9958955583389536,1146,0.022083052317178917,1146,1.0,51682,0.9958955583389536,1,189,0.962782437844782,0.9800573087943999,0.9820213893438674,G4N
22,33858,21.769999980926514,True,detected,33483,0.9889243310295942,453,0.013379408116250222,453,1.0,33483,0.9889243310295942,1,206,0.8814902580305424,0.8903752559772347,0.9888061905605765,G4N
23,14719,13.779999732971191,True,detected,14591,0.9913037570487125,834,0.0566614579794823,834,1.0,14591,0.9913037570487125,1,149,0.9860782591065756,0.994682664121617,0.9913037570487125,G4N
24,86072,34.86000061035156,True,detected,86050,0.9997444000371781,1303,0.015138488707128915,1303,1.0,86050,0.9997444000371781,2,38,0.9332920636012427,0.9859635949667559,0.9458592806022864,G4N
25,4322,17.80999931693077,True,detected,4026,0.9315131883387321,463,0.1071263304025914,463,1.0,4026,0.9315131883387321,1,86,0.8143203883495146,0.8661790017211703,0.9315131883387321,G4N
26,26389,30.67000102996826,True,detected,26363,0.9990147409905642,602,0.022812535526166206,602,1.0,26363,0.9990147409905642,3,296,0.707647628267183,0.9759178433889603,0.7202243358975331,G4N
27,13029,31.470001697540283,True,detected,12750,0.9785862307160949,880,0.0675416378847187,880,1.0,12750,0.9785862307160949,2,177,0.6561861984483462,0.8527460864950915,0.7400414460050656,G4N
28,1888,11.559999942779541,False,fragmentation,1666,0.8824152542372882,692,0.3665254237288136,419,0.6054913294797688,1666,0.8824152542372882,3,364,0.28186429930247303,0.41252900232018563,0.4708686440677966,G4N
29,34065,19.570000648498535,True,detected,33361,0.9793336268897695,538,0.015793336268897694,538,1.0,33361,0.9793336268897695,1,198,0.9535051516638287,0.982630420557968,0.9698517539997065,G4N
30,24448,22.739999771118164,True,detected,23843,0.9752535994764397,702,0.028714005235602094,702,1.0,23843,0.9752535994764397,1,95,0.9549556907746968,0.9983349699013789,0.956479057591623,G4N
31,17141,13.960000157356262,True,detected,17109,0.9981331310892013,819,0.047780176185753455,819,1.0,17109,0.9981331310892013,2,208,0.7611615061065221,0.8528276175334999,0.8762615950061257,G4N
32,4033,18.199999809265137,True,detected,4028,0.9987602281180263,245,0.06074882221671213,245,1.0,4028,0.9987602281180263,1,100,0.708678049639148,0.7095523440253789,0.9982643193652369,G4N
33,16189,23.269999504089355,True,detected,16154,0.9978380381740688,555,0.034282537525480265,555,1.0,16154,0.9978380381740688,1,217,0.9647124030052963,0.9968817614865725,0.967632342948916,G4N
34,11589,15.700000762939453,True,detected,11580,0.9992234015014237,474,0.04090085425834843,474,1.0,11580,0.9992234015014237,1,9,0.9388306860425819,0.9782551280922617,0.9588402795754595,G4N
35,17863,17.06999969482422,True,detected,17587,0.9845490679057269,509,0.02849465375356883,509,1.0,17587,0.9845490679057269,1,173,0.9585763340055595,0.9732167561286038,0.9845490679057269,G4N
36,10059,22.390000343322754,True,detected,9615,0.955860423501342,572,0.05686449945322597,572,1.0,9615,0.955860423501342,1,216,0.9280491371746125,0.9796233405372028,0.946316731285416,G4N
37,14515,34.84999942779541,True,detected,14476,0.9973131243541165,470,0.03238029624526352,470,1.0,14476,0.9973131243541165,2,121,0.8188666666666666,0.9620144110275689,0.8462280399586635,G4N
38,15018,19.110000133514404,True,detected,14881,0.9908776135304301,514,0.034225595951524836,514,1.0,14881,0.9908776135304301,1,222,0.9705805609915199,0.9794615232703574,0.9907444400053269,G4N
39,4114,14.910000324249268,True,detected,4049,0.9842002916869227,467,0.11351482741857073,467,1.0,4049,0.9842002916869227,1,307,0.7029074889867841,0.7187387387387387,0.9696159455517744,G4N
40,7978,21.510000228881836,True,detected,7917,0.992353973426924,536,0.06718475808473301,536,1.0,7917,0.992353973426924,2,276,0.7665757448594209,0.8246247601850807,0.9158937076961644,G4N
41,39312,36.880001068115234,True,detected,39080,0.994098494098494,1138,0.028947903947903947,1138,1.0,39080,0.994098494098494,1,65,0.9474442572105405,0.95955973287163,0.9868487993487993,G4N
42,73527,34.08000087738037,True,detected,72534,0.9864947570280305,1457,0.019815849959878683,1457,1.0,72534,0.9864947570280305,2,7,0.8537251184834124,0.9234712709674774,0.9187237341384797,G4N
43,132382,35.24999952316284,True,detected,131337,0.992106177577012,1809,0.013664999773383089,1809,1.0,131337,0.992106177577012,1,151,0.8874854612606362,0.8991234719331854,0.9856249339034008,G4N
44,67383,38.98999834060669,True,detected,66240,0.9830372645919594,1442,0.021400056394045977,1442,1.0,66240,0.9830372645919594,1,148,0.9798549198202073,0.9995762775987046,0.9802620839084042,G4N
45,108471,36.36000061035156,True,detected,107670,0.9926155377935116,1633,0.015054715085137962,1633,1.0,107670,0.9926155377935116,1,4,0.9252266518175649,0.9427054245011214,0.9803541960524012,G4N
46,128645,36.78000068664551,True,detected,126554,0.9837459675852152,1335,0.010377395157215594,1327,0.9940074906367041,126554,0.9837459675852152,1,274,0.9005116379620955,0.9250494118692122,0.9713863733530258,G4N
47,58300,34.44000053405762,True,detected,57803,0.9914751286449399,1537,0.026363636363636363,1537,1.0,57803,0.9914751286449399,1,6,0.7605348515745822,0.7900535991014687,0.9531732418524871,G4N
48,26639,28.440000534057617,True,detected,25807,0.9687675963812455,749,0.028116671046210445,749,1.0,25807,0.9687675963812455,3,175,0.6851580960954202,0.9987970911476844,0.6857239385862832,G4N
49,2638,12.889999628067017,True,detected,2419,0.9169825625473844,513,0.19446550416982564,513,1.0,2419,0.9169825625473844,1,277,0.9022837888431299,0.9864920180106427,0.913570887035633,G4N
50,39488,33.77000045776367,True,detected,39353,0.9965812398703403,803,0.020335291734197732,803,1.0,39353,0.9965812398703403,1,2,0.9915037803120338,0.998497580850522,0.9929852106969206,G4N
51,32292,33.58999860286713,True,detected,31682,0.9811098724142202,890,0.027561005821875387,890,1.0,31682,0.9811098724142202,1,202,0.8650668535061599,0.9378996011900994,0.9176266567570915,G4N
52,7161,15.880000114440918,False,undersegmentation,7102,0.9917609272447983,1010,0.14104175394497975,1010,1.0,7102,0.9917609272447983,1,303,0.15909752873434455,0.1593116909339735,0.9916212819438626,G4N
53,6570,9.600000023841858,True,detected,6525,0.9931506849315068,435,0.06621004566210045,435,1.0,6525,0.9931506849315068,1,186,0.9056210964607911,0.9113128491620112,0.9931506849315068,G4N
54,50705,34.34000106155872,True,detected,50469,0.995345626664037,904,0.017828616507247805,904,1.0,50469,0.995345626664037,4,191,0.6081417089107766,0.9640663672197268,0.6222463267922296,G4N
55,48069,31.700000762939453,True,detected,47880,0.9960681520314548,1102,0.02292537810231126,1102,1.0,47880,0.9960681520314548,1,136,0.8269171837891672,0.912443467602181,0.8981880213859244,G4N
56,22940,14.239999771118164,True,detected,22906,0.9985178727114211,791,0.03448125544899738,791,1.0,22906,0.9985178727114211,1,176,0.9740758111968618,0.9780375032108913,0.9958587619877942,G4N
57,78755,36.01000118255615,True,detected,77593,0.9852453812456352,1295,0.016443400419021016,1285,0.9922779922779923,77593,0.9852453812456352,2,293,0.7171530135216999,0.8778068469577627,0.7966859247031934,G4N
58,48594,34.16999834775925,True,detected,47728,0.9821788698193192,1188,0.02444746264970984,1188,1.0,47728,0.9821788698193192,1,190,0.9029541744635108,0.9651056405455435,0.933427995225748,G4N
59,43206,32.94999933242798,True,detected,43142,0.9985187242512614,924,0.021385918622413555,924,1.0,43142,0.9985187242512614,2,135,0.7958665867048024,0.995728962253261,0.7985927880386984,G4N
60,7300,18.09000051021576,True,detected,7194,0.9854794520547945,747,0.10232876712328767,747,1.0,7194,0.9854794520547945,1,118,0.6392535047772122,0.6474045939591246,0.9806849315068493,G4N
61,11573,15.619999885559082,True,detected,11220,0.9694979694115614,477,0.04121662490279098,474,0.9937106918238994,11220,0.9694979694115614,2,292,0.6400716890179841,0.6920815235549616,0.8949278493044155,G4N
62,31327,33.83999848365784,False,undersegmentation,30930,0.9873272257158362,1575,0.05027611964120407,1575,1.0,30930,0.9873272257158362,2,210,0.49133146028917973,0.5146702557200539,0.9155041976569732,G4N
63,43783,36.210000306367874,False,fragmentation,43356,0.9902473562798346,752,0.017175616106708085,752,1.0,43356,0.9902473562798346,5,133,0.47119726339794754,0.9967678132085485,0.47191832446383297,G4N
64,136794,33.27999973297119,True,detected,136761,0.999758761349182,1443,0.010548708276678802,1443,1.0,136761,0.999758761349182,1,79,0.9343520951458996,0.9452543511108624,0.9878064827404711,G4N
65,66264,35.40999984741211,True,detected,66184,0.9987927079560546,1076,0.01623807799106604,1076,1.0,66184,0.9987927079560546,1,239,0.9963106854595832,0.9978282835899679,0.9984757937945189,G4N
66,62911,36.19000053405762,True,detected,62846,0.9989667943602868,1124,0.017866509831349048,1124,1.0,62846,0.9989667943602868,1,203,0.8117856906916826,0.8278761419678228,0.9766177615997202,G4N
67,54533,35.1299991607666,True,detected,54419,0.997909522674344,1015,0.018612583206498817,1015,1.0,54419,0.997909522674344,1,11,0.9725950172758684,0.9915276232851317,0.980745603579484,G4N
68,85182,35.41999912261963,True,detected,85156,0.9996947711957925,1390,0.016318001455706603,1390,1.0,85156,0.9996947711957925,2,128,0.8521416622644832,0.9316335984406396,0.9089831184992134,G4N
69,89936,37.04999923706055,True,detected,89853,0.9990771215086284,1382,0.015366482832236256,1382,1.0,89853,0.9990771215086284,1,70,0.8600583650117114,0.8628912645670808,0.9961972958548301,G4N
70,18382,32.11000061035156,True,detected,18360,0.9988031770209989,757,0.04118159068654118,757,1.0,18360,0.9988031770209989,2,230,0.9098338905694422,0.9738142573132633,0.9326515069089326,G4N
71,44569,31.66999912261963,True,detected,44496,0.9983620902420965,723,0.016222037739235792,723,1.0,44496,0.9983620902420965,2,44,0.8700242151323335,0.9422793779331923,0.9190019969036775,G4N
72,56624,34.650001525878906,True,detected,56466,0.9972096637468212,984,0.01737779033625318,984,1.0,56466,0.9972096637468212,1,114,0.9126406127124149,0.966156296376733,0.9427804464538005,G4N
73,38006,32.3799991607666,True,detected,37750,0.9932642214387202,879,0.023127927169394307,879,1.0,37750,0.9932642214387202,2,168,0.8822108441643691,0.9976542550032662,0.8840446245329685,G4N
74,85746,35.939998626708984,True,detected,85737,0.9998950388356308,1162,0.013551652555221234,1160,0.9982788296041308,85737,0.9998950388356308,1,193,0.9434638784149529,0.9913468316278166,0.9512980197326989,G4N
75,3071,12.550000190734863,True,detected,3067,0.9986974926733962,333,0.10843373493975904,333,1.0,3067,0.9986974926733962,1,63,0.8555090655509066,0.8564646746718794,0.9986974926733962,G4N
76,42162,34.55000019073486,True,detected,42159,0.9999288458801765,1081,0.025639201176414782,1066,0.9861239592969473,42159,0.9999288458801765,1,321,0.9404390197748131,0.9971408507223114,0.9429818319814051,G4N
77,47190,35.66000175476074,True,detected,47188,0.9999576181394363,993,0.0210425937698665,993,1.0,47188,0.9999576181394363,1,167,0.9055176592459394,0.9210170569758658,0.9817546090273362,G4N
78,34032,35.90999984741211,True,detected,33943,0.9973848142924306,951,0.027944287729196052,951,1.0,33943,0.9973848142924306,1,214,0.9898362672446619,0.996784945285078,0.9930065820404326,G4N
79,14935,33.380001068115234,True,detected,14932,0.9997991295614329,716,0.04794107800468698,716,1.0,14932,0.9997991295614329,1,27,0.9723194820638171,0.986461126005362,0.9854703716103114,G4N
80,3229,10.429999351501465,True,detected,3203,0.9919479715082069,319,0.09879219572623103,319,1.0,3203,0.9919479715082069,1,26,0.9327315084449621,0.9398474178403756,0.9919479715082069,G4N
81,16708,23.520000457763672,True,detected,16472,0.985875029925784,480,0.028728752693320564,480,1.0,16472,0.985875029925784,1,170,0.9680539798172807,0.9976001476832195,0.9703136222169021,G4N
82,65533,35.510000228881836,True,detected,65443,0.9986266461172234,1062,0.016205575816764073,1062,1.0,65443,0.9986266461172234,1,96,0.8944426607512915,0.9534988643081614,0.9352387346832893,G4N
83,15316,15.00999903678894,True,detected,15238,0.9949072864977802,816,0.05327761817706973,816,1.0,15238,0.9949072864977802,1,115,0.9908316535535471,0.9958826220508463,0.9949072864977802,G4N
84,10275,24.919999599456787,True,detected,10275,1.0,371,0.03610705596107056,371,1.0,10275,1.0,2,248,0.8861523718255869,0.9829913893908792,0.8999513381995133,G4N
85,3692,12.810000658035278,True,detected,3654,0.9897074756229686,777,0.21045503791982664,777,1.0,3654,0.9897074756229686,1,227,0.9806763285024155,0.9907809110629068,0.9897074756229686,G4N
86,11490,10.049999237060547,True,detected,11342,0.9871192341166232,593,0.05161009573542211,593,1.0,11342,0.9871192341166232,1,88,0.9721861190538081,0.995475113122172,0.9765013054830287,G4N
87,20563,24.37999977171421,True,detected,20563,1.0,337,0.016388659242328452,337,1.0,20563,1.0,1,1,0.8305822452163916,0.842166618094009,0.9837086028303264,G4N
88,5163,11.210000038146973,True,detected,5137,0.9949641681193104,623,0.12066627929498354,623,1.0,5137,0.9949641681193104,1,322,0.9627791563275434,0.98515625,0.9769513848537672,G4N
89,38760,35.32000112533569,True,detected,38623,0.9964654282765738,763,0.019685242518059854,763,1.0,38623,0.9964654282765738,1,51,0.956112372738639,0.9886285684132764,0.9667440660474717,G4N
90,7840,13.720000267028809,True,detected,7821,0.9975765306122449,577,0.0735969387755102,577,1.0,7821,0.9975765306122449,1,247,0.76193724420191,0.7634996582365003,0.9973214285714286,G4N
91,18664,20.510000944137573,True,detected,18656,0.9995713673381912,452,0.024217745392198887,452,1.0,18656,0.9995713673381912,1,157,0.998127441014392,0.9985548359471177,0.9995713673381912,G4N
92,10320,11.960000038146973,True,detected,10138,0.9823643410852713,502,0.048643410852713176,502,1.0,10138,0.9823643410852713,1,23,0.7935812133072407,0.8050504248391964,0.9823643410852713,G4N
93,2448,10.530000686645508,True,detected,2440,0.9967320261437909,483,0.19730392156862744,482,0.9979296066252588,2440,0.9967320261437909,2,320,0.6104901117798797,0.6717123935666982,0.8700980392156863,G4N
94,39970,32.59999942779541,True,detected,39968,0.9999499624718539,935,0.02339254440830623,935,1.0,39968,0.9999499624718539,1,165,0.8839117876300949,0.9134802179578299,0.9646735051288466,G4N
95,43476,33.119998931884766,True,detected,43384,0.9978838899622781,902,0.020747078848100103,902,1.0,43384,0.9978838899622781,1,156,0.9448245805186315,0.9472603338285415,0.9972858588646609,G4N
96,5783,16.019999742507935,True,detected,5780,0.9994812381117067,574,0.09925644129344631,574,1.0,5780,0.9994812381117067,1,10,0.9269568151147098,0.974290780141844,0.9501988587238458,G4N
97,13867,12.429999828338623,True,detected,13727,0.9899040888440181,543,0.03915771255498666,543,1.0,13727,0.9899040888440181,1,184,0.9560920513906537,0.978400635700354,0.9767072906901276,G4N
98,24921,35.05999946594238,True,detected,24852,0.9972312507523775,818,0.032823722964568036,818,1.0,24852,0.9972312507523775,1,122,0.9720003163806059,0.9853666359299202,0.986236507363268,G4N
99,87427,34.0600004196167,True,detected,87280,0.9983185972296887,1445,0.016528074851018565,1445,1.0,87280,0.9983185972296887,1,238,0.8115112756647593,0.8163272983776158,0.9927825500131539,G4N
100,56040,34.81999969482422,True,detected,55525,0.9908101356174162,992,0.017701641684511063,991,0.998991935483871,55525,0.9908101356174162,1,331,0.9852985618544788,0.9961717500314528,0.9890435403283369,G4N
101,86039,36.010000228881836,True,detected,85824,0.997501133207034,1211,0.014075012494333964,1211,1.0,85824,0.997501133207034,2,45,0.8725064571083145,0.9413501559331681,0.9226629784167645,G4N
102,48083,34.03999996185303,True,detected,47927,0.9967556100908845,982,0.020423018530457752,982,1.0,47927,0.9967556100908845,2,129,0.8519657199953884,0.9180280348675901,0.922113844810016,G4N
103,60442,34.34999942779541,True,detected,60391,0.9991562158763774,883,0.014609046689388174,883,1.0,60391,0.9991562158763774,1,154,0.9254673623264258,0.9877974268107467,0.9361702127659575,G4N
104,59194,35.86000061035156,True,detected,59113,0.9986316180693989,1095,0.018498496469236746,1095,1.0,59113,0.9986316180693989,1,213,0.9919539071423772,0.9943089020221919,0.9976180018245092,G4N
105,55223,35.6200008392334,True,detected,55200,0.9995835068721366,1026,0.01857921518207993,1026,1.0,55200,0.9995835068721366,1,226,0.9973794549266247,0.9980287905092593,0.9993480977129094,G4N
106,88215,36.22000050544739,True,detected,87865,0.9960324207901151,1175,0.013319730204613727,1175,1.0,87865,0.9960324207901151,1,60,0.8603166471266293,0.8679442197020147,0.9898883409850933,G4N
107,53375,32.25999927520752,True,detected,53356,0.9996440281030445,1004,0.01881030444964871,1004,1.0,53356,0.9996440281030445,2,130,0.6912552342000194,0.837910682667716,0.7979578454332553,G4N
108,21128,34.69999980926514,False,fragmentation,21044,0.996024233244983,492,0.023286633850814087,492,1.0,21044,0.996024233244983,3,41,0.4609024332624616,0.9962214052287581,0.4617095797046573,G4N
109,101734,37.60000038146973,True,detected,101600,0.998682839561995,1617,0.01589439125562742,1617,1.0,101600,0.998682839561995,1,172,0.9240686224748756,0.9379261895841139,0.9842628816324925,G4N
110,20307,33.75000047683716,True,detected,20142,0.9918747230019205,690,0.033978431082877826,690,1.0,20142,0.9918747230019205,2,62,0.6650704484759186,0.9110059918006937,0.7112818240015758,G4N
111,36642,34.490001916885376,True,detected,36365,0.9924403689754926,1179,0.032176191255935814,1179,1.0,36365,0.9924403689754926,2,99,0.9254841081787728,0.9977977448907681,0.9273784182086131,G4N
112,31720,27.739999771118164,True,detected,31610,0.9965321563682219,875,0.027585119798234553,875,1.0,31610,0.9965321563682219,3,158,0.6930730960581707,0.9128024193548387,0.7422131147540983,G4N
113,23291,29.230000495910645,True,detected,23249,0.9981967283500064,448,0.019234897599931303,448,1.0,23249,0.9981967283500064,2,40,0.7717230008244023,0.950789700878574,0.8038298055042721,G4N
114,70434,35.18999892473221,True,detected,70347,0.9987648010903825,1877,0.026649061532782462,1877,1.0,70347,0.9987648010903825,1,74,0.8641293604459614,0.9233011349235405,0.9309566402589659,G4N
115,9250,18.529999494552612,True,detected,9151,0.9892972972972973,486,0.05254054054054054,486,1.0,9151,0.9892972972972973,1,261,0.8915521777258112,0.900324707271475,0.9891891891891892,G4N
116,84053,36.529998779296875,True,detected,83838,0.9974420901098117,1586,0.018869046910877662,1586,1.0,83838,0.9974420901098117,2,14,0.7271733519570036,0.8297031989837164,0.8547464100032123,G4N
117,91096,36.61999988555908,True,detected,90512,0.9935891806445947,1355,0.014874418196188637,1355,1.0,90512,0.9935891806445947,1,50,0.7828581938569064,0.8283189973922859,0.9344866953543515,G4N
118,80824,36.790000915527344,True,detected,80588,0.9970800752251806,1056,0.013065426111056122,1056,1.0,80588,0.9970800752251806,2,306,0.8363015766131842,0.9313456764584195,0.891245174700584,G4N
119,32533,35.11999988555908,True,detected,32039,0.9848154181907601,1025,0.03150647035317985,1005,0.9804878048780488,32039,0.9848154181907601,2,314,0.8329048843187661,0.8921127427759356,0.9261980143239172,G4N
120,36758,34.07999891042709,True,detected,35991,0.9791337940040263,825,0.022444093802709616,825,1.0,35991,0.9791337940040263,1,328,0.7791481555157704,0.8059950612767515,0.9590021219870505,G4N
121,89048,36.71999931335449,True,detected,88557,0.9944861198454766,1259,0.014138442188482616,1259,1.0,88557,0.9944861198454766,1,166,0.9728447226953963,0.9847943656294439,0.9876808013655557,G4N
122,114169,34.570000648498535,True,detected,114150,0.9998335800436196,1333,0.011675673781849714,1333,1.0,114150,0.9998335800436196,1,19,0.9436905254447663,0.9446598081606282,0.9989138908109907,G4N
123,47778,32.05000019073486,True,detected,47319,0.9903930679392189,2761,0.05778810331114739,2666,0.9655921767475553,47319,0.9903930679392189,4,324,0.731662322037297,0.9457750129600829,0.7636987734940768,G4N
124,1077,10.31000006198883,False,undersegmentation,924,0.8579387186629527,606,0.5626740947075209,606,1.0,924,0.8579387186629527,1,329,0.154,0.15802975885069268,0.8579387186629527,G4N
125,8891,24.559998989105225,True,detected,8091,0.9100213699246429,600,0.06748397255651782,600,1.0,8091,0.9100213699246429,1,20,0.5367925154269789,0.5669236159775753,0.9099088966370487,G4N
126,58526,35.190001368522644,True,detected,58470,0.9990431603048218,1526,0.02607388169360626,1526,1.0,58470,0.9990431603048218,1,89,0.9415614695400193,0.9738188332156329,0.9660151043980453,G4N
127,25836,32.77999949455261,True,detected,25656,0.993032977241059,652,0.025236104660164113,652,1.0,25656,0.993032977241059,2,31,0.9023059661069411,0.9995713857099996,0.9026552097847964,G4N
128,14988,31.239999771118164,True,detected,14972,0.9989324793167867,430,0.02868961836135575,430,1.0,14972,0.9989324793167867,2,215,0.6909824516459587,0.9451598773543582,0.719842540699226,G4N
129,20663,32.80999994277954,True,detected,20279,0.9814160576876543,628,0.030392488989982095,628,1.0,20279,0.9814160576876543,2,83,0.919434016748484,0.9940163379988552,0.9245511300392005,G4N
130,23700,32.580000936985016,True,detected,23449,0.9894092827004219,919,0.03877637130801688,910,0.9902067464635473,23449,0.9894092827004219,2,228,0.797484324820309,0.8946600900707699,0.8801265822784811,G4N
131,81055,34.64999961853027,True,detected,80541,0.9936586268583061,1285,0.015853432854234777,1285,1.0,80541,0.9936586268583061,1,47,0.8037673337986935,0.837873061384074,0.951798161742027,G4N
132,63238,41.859999656677246,True,detected,62837,0.9936588759922831,1482,0.023435276257946173,1478,0.9973009446693657,62837,0.9936588759922831,2,141,0.895142189387166,0.9910563881701197,0.9024320819760271,G4N
133,19185,30.72000026702881,True,detected,18999,0.9903049257232213,387,0.020172009382329947,387,1.0,18999,0.9903049257232213,2,61,0.7751603849238171,0.9527505698268959,0.8061506385196768,G4N
134,82058,33.739999771118164,True,detected,81825,0.9971605449803798,1322,0.01611055594823174,1322,1.0,81825,0.9971605449803798,2,231,0.7738343477110347,0.8548143817597194,0.8909308050403373,G4N
135,75294,36.52000045776367,True,detected,74964,0.9956171806518448,1319,0.01751799612186894,1319,1.0,74964,0.9956171806518448,1,211,0.7131873205789653,0.744904805837457,0.9436608494700773,G4N
136,22374,32.880001068115234,True,detected,22239,0.9939662107803701,1023,0.045722713864306784,1023,1.0,22239,0.9939662107803701,2,153,0.9019625176803394,0.9878969790859798,0.9120407615982837,G4N
137,34950,32.44999969005585,True,detected,34909,0.998826895565093,1290,0.03690987124463519,1289,0.9992248062015504,34909,0.998826895565093,2,106,0.7601309482053081,0.8061852090670105,0.9301001430615164,G4N
138,77828,34.16999912261963,True,detected,77662,0.9978670915351802,1097,0.014095184252454129,1097,1.0,77662,0.9978670915351802,2,137,0.7223598427428797,0.9465006620805477,0.7531094207740145,G4N
139,70485,31.460000038146973,True,detected,70119,0.9948074058310279,1197,0.016982336667376037,1178,0.9841269841269841,70119,0.9948074058310279,4,337,0.7286672113136321,0.9902565084226647,0.7339292047953465,G4N
140,59454,34.88000011444092,True,detected,59312,0.9976115988831702,1092,0.0183671409829448,1087,0.9954212454212454,59312,0.9976115988831702,2,108,0.7891532078712864,0.8995576691085196,0.8654085511487873,G4N
141,56885,35.13000011444092,True,detected,56844,0.9992792476048168,1182,0.020778764173332163,1182,1.0,56844,0.9992792476048168,1,236,0.9544937036398137,0.9807682081642058,0.9726993056165949,G4N
142,73621,34.94000053405762,True,detected,73146,0.9935480365656538,1144,0.01553904456608848,1144,1.0,73146,0.9935480365656538,3,139,0.7550453368753474,0.9971361065368368,0.7566862715801198,G4N
143,66252,31.77999973297119,True,detected,66225,0.999592465133128,933,0.01408259373301938,933,1.0,66225,0.999592465133128,1,77,0.9646879346704357,0.9906464544072248,0.9735555153051983,G4N
144,13672,10.440000295639038,True,detected,13593,0.9942217671152721,538,0.03935049736688122,538,1.0,13593,0.9942217671152721,1,152,0.9638246559795716,0.9696018267446839,0.9938560561732007,G4N
145,18831,13.339999556541443,True,detected,18825,0.9996813764537199,822,0.0436514258403696,817,0.9939172749391727,18825,0.9996813764537199,1,229,0.7805884086030557,0.7900656044985942,0.9848653815516967,G4N
146,6693,9.979999899864197,True,detected,6643,0.9925295084416554,376,0.056178096518750935,376,1.0,6643,0.9925295084416554,1,87,0.9841481481481481,0.9914925373134328,0.9925295084416554,G4N
147,12302,11.809999704360962,True,detected,12278,0.9980490977076898,602,0.04893513249878068,602,1.0,12278,0.9980490977076898,2,125,0.7152756102128722,0.7550576606260296,0.9313932693870915,G4N
148,45405,29.940000534057617,True,detected,45279,0.997224975222993,506,0.011144147120361193,506,1.0,45279,0.997224975222993,1,78,0.8599808620402729,0.9393973822941284,0.910494438938443,G4N
149,43506,33.66999888420105,False,fragmentation,43483,0.999471337286811,382,0.008780398106008367,382,1.0,43483,0.999471337286811,4,107,0.45174448880402707,0.8896675497820699,0.47855468211281205,G4N
150,38877,36.96999931335449,True,detected,38759,0.9969647863775497,1123,0.028885973711963372,1123,1.0,38759,0.9969647863775497,2,188,0.8419312831814084,0.9695746214852199,0.8647786609049052,G4N
151,42345,34.089999198913574,True,detected,41776,0.9865627582949581,811,0.01915220214901405,811,1.0,41776,0.9865627582949581,2,116,0.8601560310193404,0.9874772069076477,0.8696422245837762,G4N
152,59722,34.769999504089355,True,detected,59435,0.9951944007233515,1143,0.019138675864840426,1143,1.0,59435,0.9951944007233515,2,162,0.6941160897478325,0.7681951362437738,0.8780181507652122,G4N
153,35880,32.95000076293945,True,detected,35683,0.9945094760312152,762,0.021237458193979934,762,1.0,35683,0.9945094760312152,3,234,0.7306664439619175,0.9984023736163414,0.7315217391304348,G4N
154,31993,34.73999881744385,True,detected,31920,0.9977182508673772,1197,0.03741443440752665,1197,1.0,31920,0.9977182508673772,1,315,0.8447415227494406,0.911330506638606,0.9203888350576689,G4N
155,21596,29.5900005325675,True,detected,21358,0.988979440637155,929,0.04301722541211336,929,1.0,21358,0.988979440637155,1,59,0.8963360893104462,0.9054180091571986,0.9889331357658826,G4N
156,43086,35.15999984741211,True,detected,42763,0.9925033653622987,1028,0.023859258227730586,1027,0.9990272373540856,42763,0.9925033653622987,2,185,0.8943253931757564,0.9896697369090631,0.902752634266351,G4N
157,1343,14.25000011920929,False,undersegmentation,1295,0.964259121370067,67,0.04988830975428146,67,1.0,1295,0.964259121370067,1,132,0.13002008032128515,0.1306497175141243,0.964259121370067,G4N
158,37502,23.18000102043152,True,detected,37245,0.9931470321582849,716,0.01909231507652925,716,1.0,37245,0.9931470321582849,1,34,0.8189321283659167,0.8581022320997198,0.9472028158498214,G4N
159,15068,12.480000257492065,True,detected,15010,0.9961507831165384,1077,0.07147597557738253,1077,1.0,15010,0.9961507831165384,1,84,0.7210979860573199,0.7271884001366987,0.9885187151579506,G4N
160,42376,34.40999984741211,True,detected,41981,0.9906786860487068,1280,0.030205776854823486,1279,0.99921875,41981,0.9906786860487068,2,120,0.6285887680313711,0.9829902175500073,0.6355012271096847,G4N
161,99885,34.72999954223633,True,detected,99409,0.9952345196976523,1601,0.016028432697602242,1597,0.9975015615240475,99409,0.9952345196976523,2,126,0.7761139045153582,0.9929935413189976,0.7803874455623968,G4N
162,18144,17.16000008583069,True,detected,18132,0.9993386243386243,461,0.02540784832451499,461,1.0,18132,0.9993386243386243,1,123,0.9131748589846898,0.9137270711550091,0.9993386243386243,G4N
163,26314,30.679999828338623,True,detected,26103,0.9919814547389223,956,0.036330470471992095,956,1.0,26103,0.9919814547389223,2,28,0.8035247093023256,0.9482825164029333,0.8403511438777836,G4N
164,63341,34.579999923706055,True,detected,63136,0.9967635496755656,1400,0.022102587581503293,1400,1.0,63136,0.9967635496755656,1,18,0.7394950955208545,0.7524953497136883,0.9771711845408187,G4N
165,13217,17.550000190734863,True,detected,12079,0.9138987667398047,742,0.056139819928879474,742,1.0,12079,0.9138987667398047,1,32,0.9047940074906367,0.9891090730429086,0.9138987667398047,G4N
166,2215,11.3100004196167,False,undersegmentation,2079,0.9386004514672687,603,0.27223476297968396,603,1.0,2079,0.9386004514672687,2,33,0.16993339676498573,0.17716496379327448,0.8063205417607223,G4N
167,33545,35.40999984741211,True,detected,33525,0.9994037859591594,1120,0.03338798628707706,1120,1.0,33525,0.9994037859591594,1,36,0.9709515565857809,0.9840604276325572,0.986465941272917,G4N
168,19965,27.049999237060547,True,detected,19919,0.9976959679439018,920,0.04608064112196344,920,1.0,19919,0.9976959679439018,2,15,0.8397818385232146,0.9237514101117834,0.9023290758827949,G4N
169,54820,36.280001401901245,True,detected,54754,0.998796059832178,1100,0.02006566946369938,1100,1.0,54754,0.998796059832178,1,124,0.8815179658675778,0.9958729441718169,0.8847500912075885,G4N
170,20649,11.630000380799174,False,fragmentation,20534,0.9944307230374352,246,0.011913409850355949,246,1.0,20534,0.9944307230374352,5,43,0.3173469387755102,0.6687596765869602,0.3765315511647053,G4N
171,20685,23.859999656677246,True,detected,20401,0.9862702441382645,612,0.02958665699782451,612,1.0,20401,0.9862702441382645,2,17,0.9179568803356967,0.9974842767295597,0.9200870195794054,G4N
172,56086,35.000000953674316,True,detected,55887,0.9964518774738794,1125,0.020058481617515958,1125,1.0,55887,0.9964518774738794,1,272,0.9756088926649674,0.9926163377035009,0.9827407909282174,G4N
173,33912,35.21999931335449,True,detected,33895,0.9994987025241803,994,0.029311158292050013,994,1.0,33895,0.9994987025241803,1,301,0.9389625035241049,0.9553107879413705,0.982100731304553,G4N
174,48681,35.8700008392334,True,detected,48641,0.99917832419219,1205,0.02475298371027711,1205,1.0,48641,0.99917832419219,1,289,0.9030575195872349,0.9283188622166346,0.970748341241963,G4N
175,3493,10.89000016450882,False,undersegmentation,3206,0.9178356713426854,83,0.023761809332951616,83,1.0,3206,0.9178356713426854,2,42,0.39834983498349835,0.48464163822525597,0.6910964786716289,G4N
176,89783,36.010000228881836,True,detected,89389,0.9956116414020472,1601,0.017831883541427663,1601,1.0,89389,0.9956116414020472,1,30,0.875039720368605,0.8897325350107531,0.9814775625675239,G4N
177,85951,35.869999408721924,True,detected,85808,0.9983362613582157,1539,0.01790555083710486,1539,1.0,85808,0.9983362613582157,2,46,0.8938576144169863,0.9556363636363636,0.9325545950599761,G4N
178,47683,35.77000045776367,True,detected,47587,0.9979867038567204,1143,0.023970807205922446,1143,1.0,47587,0.9979867038567204,1,243,0.8791609925858678,0.8995781080662641,0.9748337982090053,G4N
179,31574,30.649998903274536,False,undersegmentation,31432,0.99550262874517,436,0.013808830050041174,436,1.0,31432,0.99550262874517,4,22,0.4962328685211318,0.669646891743593,0.657091277633496,G4N
180,42362,34.90999984741211,True,detected,42051,0.9926585147065766,1121,0.026462395543175487,1116,0.9955396966993756,42051,0.9926585147065766,1,308,0.9260738591989289,0.9441929245819588,0.9796987866484113,G4N
181,47279,31.909999132156372,True,detected,47270,0.9998096406438376,884,0.018697518983058017,884,1.0,47270,0.9998096406438376,2,75,0.7677901854318205,0.9608697881942664,0.7925717549017535,G4N
182,15933,22.329999923706055,True,detected,15712,0.9861294169334086,520,0.032636666039038476,520,1.0,15712,0.9861294169334086,1,291,0.891589551364648,0.9302737716939623,0.9554383982928513,G4N
183,17744,20.989999771118164,True,detected,17564,0.9898557258791705,660,0.03719567177637511,660,1.0,17564,0.9898557258791705,2,16,0.8084051835407093,0.9059769715905803,0.882439134355275,G4N
184,8142,17.09999915957451,True,detected,7971,0.9789977892409727,624,0.07663964627855564,624,1.0,7971,0.9789977892409727,1,212,0.8921096810296586,0.909516202647193,0.9789977892409727,G4N
185,39080,34.59999942779541,True,detected,39018,0.9984135107471852,1008,0.02579324462640737,1008,1.0,39018,0.9984135107471852,1,232,0.9421991533964926,0.9840008420609442,0.9568577277379734,G4N
186,56101,35.06999969482422,True,detected,56064,0.9993404752143455,1082,0.01928664373184079,1082,1.0,56064,0.9993404752143455,1,104,0.98348238891951,0.997439411425274,0.9859717295591879,G4N
187,21157,34.22000026702881,True,detected,21155,0.999905468639221,908,0.04291723779363804,902,0.9933920704845814,21155,0.999905468639221,1,311,0.9724060256229762,0.9927178651846884,0.9793921633501914,G4N
188,42754,35.41999912261963,True,detected,42748,0.9998596622538242,980,0.02292183187538008,980,1.0,42748,0.9998596622538242,1,246,0.99652486239388,0.9971527923638824,0.9993684801422089,G4N
189,41979,34.480000495910645,True,detected,41965,0.9996664999166249,1306,0.031110793491984087,1306,1.0,41965,0.9996664999166249,2,252,0.8961100345039467,0.991242516926777,0.9032611543867172,G4N
190,43525,35.68000030517578,True,detected,43519,0.999862148190695,912,0.020953475014359565,912,1.0,43519,0.999862148190695,1,273,0.9617342301399745,0.9887167986544256,0.9724066628374497,G4N
191,26871,32.25000047683716,True,detected,26567,0.9886866882512746,883,0.03286070484909382,883,1.0,26567,0.9886866882512746,2,35,0.8426546812135272,0.970040891262622,0.8651706300472628,G4N
192,41356,34.96000099182129,True,detected,41291,0.9984282812651126,931,0.022511848341232227,931,1.0,41291,0.9984282812651126,2,257,0.9010047140612352,0.9832164198493115,0.9150788277396267,G4N
193,20723,21.240000247955322,True,detected,20688,0.998311055349129,1204,0.05809969598996284,1204,1.0,20688,0.998311055349129,1,271,0.9720381596879553,0.9738229755178908,0.9981180331033151,G4N
194,55321,32.679999351501465,True,detected,55155,0.9969993311762261,889,0.016069846893584715,889,1.0,55155,0.9969993311762261,1,29,0.8118766303513887,0.8430663331155691,0.9564179967824153,G4N
195,41218,34.65000057220459,True,detected,41218,1.0,865,0.02098597700033966,865,1.0,41218,1.0,1,244,0.9870195794053662,0.9962913260949128,0.9906594206414673,G4N
196,44096,34.980000495910645,True,detected,44029,0.998480587808418,1025,0.023244738751814223,1025,1.0,44029,0.998480587808418,1,57,0.9015357008721779,0.9185747390352276,0.9798394412191582,G4N
197,30137,36.84999895095825,True,detected,29895,0.9919700036499983,1143,0.037926800942363205,1143,1.0,29895,0.9919700036499983,1,56,0.890434621672476,0.9267392211627982,0.9578591100640409,G4N
198,54191,35.91999912261963,True,detected,54079,0.9979332361462235,1209,0.02230997767156908,1209,1.0,54079,0.9979332361462235,1,265,0.945214393752858,0.9527211487324942,0.9917329445848941,G4N
199,49427,34.90999984741211,True,detected,49418,0.9998179132862606,909,0.01839075808768487,909,1.0,49418,0.9998179132862606,1,262,0.9642689141513132,0.9686355581807442,0.9953466728711028,G4N
200,42343,33.320000648498535,True,detected,42313,0.9992915003660582,801,0.01891694022624755,800,0.9987515605493134,42313,0.9992915003660582,2,300,0.9103466127020731,0.9960351175304446,0.9136575112769525,G4N
201,19657,32.9300012588501,False,undersegmentation,19641,0.9991860405962253,894,0.04547998168591341,851,0.9519015659955258,19641,0.9991860405962253,4,354,0.49541500117564075,0.8675780284937824,0.5359413949229282,G4N
202,24340,18.85000067949295,True,detected,24331,0.9996302382908792,603,0.024774034511092852,603,1.0,24331,0.9996302382908792,1,55,0.8754211193624344,0.8809740804199628,0.9928512736236648,G4N
203,65383,35.70000076293945,True,detected,65339,0.9993270421975131,1270,0.01942400929905327,1270,1.0,65339,0.9993270421975131,1,218,0.9401451735643622,0.9561101933294638,0.9825489806218742,G4N
204,23960,15.890000522136688,True,detected,23765,0.9918614357262103,666,0.027796327212020033,666,1.0,23765,0.9918614357262103,2,341,0.78416317667132,0.9170975056689342,0.8439899833055092,G4N
205,44716,32.070000648498535,True,detected,44691,0.9994409160032203,555,0.012411664728508812,555,1.0,44691,0.9994409160032203,3,192,0.6743008786405602,0.9958502124296018,0.6762009124250827,G4N
206,22927,33.40000057220459,True,detected,22914,0.9994329829458717,734,0.03201465521001439,734,1.0,22914,0.9994329829458717,1,287,0.9757135488308115,0.9853707240840424,0.9900553932045187,G4N
207,22635,52.71999931335449,True,detected,22597,0.9983211840070687,603,0.026640159045725646,603,1.0,22597,0.9983211840070687,2,317,0.8011663778895322,0.9485639947963574,0.8375524629997791,G4N
208,38721,35.25999927520752,True,detected,38666,0.9985795821388911,1454,0.0375506830918623,1229,0.8452544704264099,38666,0.9985795821388911,2,359,0.8182397022089435,0.9405207600281492,0.8628909377340461,G4N
209,75425,32.66999912261963,True,detected,75388,0.9995094464700033,1517,0.020112694729864104,1508,0.994067237969677,75388,0.9995094464700033,2,241,0.7043546158928464,0.88232461552352,0.7773815048060988,G4N
210,76686,34.38999938964844,True,detected,76653,0.9995696737344496,1135,0.014800615496961636,1134,0.9991189427312775,76653,0.9995696737344496,3,355,0.7046803069053709,0.9732603320381491,0.7185927027097515,G4N
211,13577,15.0600004196167,True,detected,13383,0.9857111291154158,583,0.042940266627384545,583,1.0,13383,0.9857111291154158,1,142,0.9750109281655253,0.9889890629618682,0.9857111291154158,G4N
212,15833,32.3700008392334,True,detected,15799,0.9978525863702393,453,0.02861112865534011,453,1.0,15799,0.9978525863702393,2,286,0.8192622950819672,0.9181758530183727,0.8837870270953073,G4N
213,24231,34.47999954223633,True,detected,24151,0.9966984441418019,654,0.02699021914077009,654,1.0,24151,0.9966984441418019,1,71,0.8350617985509305,0.8569450012756497,0.9703272667244439,G4N
214,17498,33.6200008392334,True,detected,17494,0.9997714024459938,876,0.0500628643273517,876,1.0,17494,0.9997714024459938,2,297,0.8906462307734117,0.9478829245719574,0.9365070293747857,G4N
215,38315,36.519999504089355,False,undersegmentation,38315,1.0,712,0.018582800469789898,712,1.0,38315,1.0,2,182,0.27377061935885466,0.28060451391658026,0.9183087563617383,G4N
216,29912,35.81999969482422,True,detected,29912,1.0,0,0.0,0,0.0,29912,1.0,2,360,0.7456201075669631,0.7855259467040673,0.9362128911473656,G4N
217,35226,33.6299991607666,True,detected,34990,0.9933004031113383,729,0.020694941236586613,729,1.0,34990,0.9933004031113383,2,80,0.692854302001856,0.9130328441649196,0.7418100266848351,G4N
218,1739,10.389999747276306,True,detected,1665,0.9574468085106383,651,0.37435307648073607,650,0.9984639016897081,1665,0.9574468085106383,1,304,0.8107160741111668,0.8625466169419286,0.9309948246118459,G4N
219,6880,27.18000030517578,True,detected,6877,0.9995639534883721,410,0.059593023255813955,410,1.0,6877,0.9995639534883721,2,298,0.7245328511151296,0.8094276094276094,0.873546511627907,G4N
220,7286,18.029999390244484,True,detected,7286,1.0,313,0.04295909964315125,305,0.9744408945686901,7286,1.0,2,309,0.6658278145695364,0.9501039501039501,0.6899533351633269,G4N
221,7282,28.690000534057617,False,base_seed_support_failure,7282,1.0,1,0.00013732491073880802,0,0.0,7282,1.0,1,183,0.24373324396782842,0.24380677818376856,0.9987640758033507,G4N
222,3361,18.46000075340271,False,undersegmentation,3342,0.9943469205593574,421,0.12526033918476645,421,1.0,3342,0.9943469205593574,1,179,0.42928709055876685,0.43033736801442185,0.9943469205593574,G4N
223,21494,17.98000007495284,True,detected,21474,0.9990695077696101,1395,0.06490183306969387,1395,1.0,21474,0.9990695077696101,1,242,0.9218736229840486,0.945752904479906,0.97334139759933,G4N
224,15634,28.219999313354492,False,base_seed_support_failure,15634,1.0,0,0.0,0,0.0,15634,1.0,2,179,0.19540229885057472,0.492531547772341,0.24465907637200973,G4N
225,5022,10.34999942779541,True,detected,4998,0.995221027479092,775,0.15432098765432098,775,1.0,4998,0.995221027479092,1,58,0.7293430656934307,0.7321219226260258,0.9948227797690163,G4N
226,14269,21.31000018119812,False,base_seed_support_failure,14258,0.9992290980447123,0,0.0,0,0.0,14258,0.9992290980447123,1,182,0.11047588756808333,0.1108062843926948,0.9737192515242834,G4N
227,9618,20.139999389648438,True,detected,9612,0.9993761696818465,439,0.04564358494489499,439,1.0,9612,0.9993761696818465,1,269,0.875744423135157,0.9677635248187395,0.9020586400499064,G4N
228,17539,19.78000020980835,True,detected,17536,0.9998289526198757,598,0.03409544443810936,598,1.0,17536,0.9998289526198757,1,131,0.941359881844538,0.9586652554175255,0.9811847881863276,G4N
229,10309,23.360000371932983,False,undersegmentation,10290,0.9981569502376564,430,0.041711126200407414,430,1.0,10290,0.9981569502376564,1,183,0.34296898524540803,0.34363581509168317,0.9943738480938985,G4N
230,20509,18.1200008392334,True,detected,20467,0.9979521185820859,466,0.022721731922570577,466,1.0,20467,0.9979521185820859,1,144,0.995186229699504,0.9972227635938413,0.9979521185820859,G4N
231,64584,34.40000057220459,True,detected,64168,0.9935587761674718,904,0.013997274866840085,904,1.0,64168,0.9935587761674718,1,39,0.9372705199573611,0.9553322166387493,0.9802273008794747,G4N
232,16621,21.639999866485596,True,detected,16592,0.9982552193008845,747,0.04494314421514951,747,1.0,16592,0.9982552193008845,1,302,0.9146914004351311,0.9497651744842756,0.9611936706576019,G4N
233,10535,24.739999771118164,True,detected,10534,0.9999050783103939,545,0.05173232083531087,543,0.9963302752293578,10534,0.9999050783103939,1,278,0.8548724383103304,0.8780068728522337,0.9700996677740864,G4N
234,20250,30.369999885559082,True,detected,20234,0.9992098765432099,923,0.045580246913580244,923,1.0,20234,0.9992098765432099,2,290,0.8459500564195653,0.9923457642725598,0.8515061728395061,G4N
235,12922,31.649999618530273,True,detected,12918,0.9996904503946757,444,0.03436000619099211,444,1.0,12918,0.9996904503946757,2,279,0.7877780087299938,0.8826954429003959,0.8798947531341897,G4N
236,1745,10.260000228881836,False,base_seed_support_failure,1745,1.0,0,0.0,0,0.0,1745,1.0,2,183,0.04882747625058128,0.049277597130501824,0.8424068767908309,G4N
237,17571,22.670000076293945,True,detected,17525,0.9973820499686984,595,0.03386261453531387,595,1.0,17525,0.9973820499686984,1,266,0.8753196276976578,0.8961725744803393,0.9741050594729953,G4N
238,17079,16.420000314712524,True,detected,17073,0.9996486913753733,1246,0.07295509104748521,1245,0.9991974317817014,17073,0.9996486913753733,1,299,0.956727210613221,0.9720020824897322,0.9838398032671702,G4N
239,8975,23.90000057220459,True,detected,8970,0.9994428969359331,557,0.06206128133704735,553,0.992818671454219,8970,0.9994428969359331,2,327,0.669582539407587,0.750436808386721,0.8613927576601671,G4N
240,15718,25.170000553131104,True,detected,15718,1.0,451,0.028693217966662424,451,1.0,15718,1.0,1,251,0.9559906818611094,0.9892501140139422,0.9660262119862578,G4N
241,4291,11.440000414848328,True,detected,4277,0.9967373572593801,570,0.13283616872523887,570,1.0,4277,0.9967373572593801,1,249,0.9798396334478808,0.9829924155366583,0.9967373572593801,G4N
242,9399,22.360000610351562,True,detected,9398,0.9998936057027343,409,0.04351526758165762,402,0.9828850855745721,9398,0.9998936057027343,1,338,0.8791208791208791,0.9109230149133414,0.9618044472816257,G4N
243,2944,19.64000129699707,False,base_seed_support_failure,2699,0.9167798913043478,0,0.0,0,0.0,2699,0.9167798913043478,1,183,0.08973932703816997,0.09047635010559485,0.9167798913043478,G4N
244,6654,17.830000162124634,True,detected,6653,0.9998497144574692,713,0.10715359182446649,641,0.8990182328190743,6653,0.9998497144574692,1,353,0.6048533486194707,0.6241127760252366,0.9514577697625488,G4N
245,3042,18.12000000476837,True,detected,3030,0.9960552268244576,331,0.10880999342537805,331,1.0,3030,0.9960552268244576,1,281,0.8642327438676555,0.8672009158557528,0.9960552268244576,G4N
246,3052,10.489999771118164,True,detected,3047,0.9983617300131061,458,0.15006553079947577,458,1.0,3047,0.9983617300131061,1,270,0.8612210288298474,0.8624398528163034,0.9983617300131061,G4N
247,22536,25.87999963760376,True,detected,22421,0.9948970536031239,524,0.023251686190983317,524,1.0,22421,0.9948970536031239,1,81,0.9117159964329695,0.9549437352666459,0.9526979055733049,G4N
248,175642,33.829999923706055,True,detected,174741,0.9948702474351238,1810,0.010305052322337482,1810,1.0,174741,0.9948702474351238,1,143,0.9271122484385843,0.9510260830877036,0.9735940150988943,G4N
249,7718,23.670000553131104,True,detected,7715,0.9996112982637989,361,0.04677377558953097,361,1.0,7715,0.9996112982637989,1,258,0.9615482556659027,0.9823100936524454,0.9784918372635398,G4N
250,37840,30.68000030517578,True,detected,37756,0.9977801268498943,1098,0.0290169133192389,1096,0.9981785063752276,37756,0.9977801268498943,2,361,0.7827289866072522,0.9141313050440353,0.8448467230443975,G4N
251,3887,18.230000019073486,False,undersegmentation,3883,0.998970928736815,202,0.051968098790841265,129,0.6386138613861386,3883,0.998970928736815,1,356,0.221300692100898,0.22152877182937303,0.9953691793156676,G4N
252,27925,36.679999351501465,False,base_seed_support_failure,27923,0.9999283795881826,0,0.0,0,0.0,27923,0.9999283795881826,2,182,0.19405135554015218,0.1987080309434564,0.8922470904207699,G4N
253,7758,17.890000820159912,True,detected,7758,1.0,548,0.07063676205207528,548,1.0,7758,1.0,1,256,0.9209932279909706,0.9216502199500654,0.9992266047950503,G4N
254,34025,36.36999988555908,False,base_seed_support_failure,34025,1.0,12,0.0003526818515797208,0,0.0,34025,1.0,1,182,0.27036051255896976,0.27057181593428503,0.9971197648787656,G4N
255,7319,13.919999599456787,True,detected,7317,0.9997267386254953,732,0.10001366306872524,732,1.0,7317,0.9997267386254953,1,253,0.8820834338075717,0.8824026052345917,0.9995901079382429,G4N
256,6450,16.410000324249268,False,base_seed_support_failure,6196,0.9606201550387596,0,0.0,0,0.0,6196,0.9606201550387596,1,130,0.12122457768121049,0.12183749754082235,0.9601550387596899,G4N
257,4786,10.21000051498413,True,detected,4700,0.9820309235269536,817,0.17070622649394065,809,0.9902080783353733,4700,0.9820309235269536,1,347,0.7095975232198143,0.7325023969319271,0.9577935645633097,G4N
258,8376,16.570000648498535,True,detected,8376,1.0,358,0.04274116523400191,358,1.0,8376,1.0,1,283,0.9918285172903837,0.9919459907615776,0.999880611270296,G4N
259,65915,35.63999938964844,True,detected,65741,0.9973602366684367,1207,0.01831146173101722,1207,1.0,65741,0.9973602366684367,2,180,0.8699131594589501,0.9514476897218787,0.9103239019949936,G4N
260,2035,9.779999732971191,True,detected,2028,0.9965601965601966,317,0.15577395577395578,316,0.9968454258675079,2028,0.9965601965601966,2,259,0.8600178890876565,0.905367231638418,0.9449631449631449,G4N
261,8409,10.230000495910645,False,undersegmentation,8393,0.998097276727316,475,0.056487097157807115,475,1.0,8393,0.998097276727316,1,138,0.4782376976372357,0.4878579195360638,0.9603995718872637,G4N
262,1942,17.030000925064087,True,detected,1922,0.9897013388259527,160,0.082389289392379,160,1.0,1922,0.9897013388259527,2,310,0.6325744308231174,0.6642147848473704,0.9299691040164778,G4N
263,423,14.330000877380371,False,base_seed_support_failure,419,0.9905437352245863,0,0.0,0,0.0,419,0.9905437352245863,1,183,0.01404390816155522,0.014045791290938955,0.9905437352245863,G4N
264,1437,25.790000438690186,False,base_seed_support_failure,984,0.6847599164926931,0,0.0,0,0.0,984,0.6847599164926931,1,43,0.07487863079075126,0.07827283674522621,0.6332637439109255,G4N
265,3728,15.9399995803833,True,detected,3725,0.9991952789699571,346,0.09281115879828326,310,0.8959537572254336,3725,0.9991952789699571,2,339,0.7758269720101781,0.9378652722239311,0.8178648068669528,G4N
266,31610,33.920000076293945,True,detected,31449,0.9949066751028156,859,0.02717494463777286,859,1.0,31449,0.9949066751028156,1,12,0.9618447977333543,0.9949524553862186,0.9665612148054413,G4N
267,4157,11.960000455379486,True,detected,4145,0.9971133028626413,708,0.17031513110416166,708,1.0,4145,0.9971133028626413,1,263,0.9491641859400046,0.9517795637198623,0.9971133028626413,G4N
268,233,32.980000019073486,False,base_seed_support_failure,225,0.9656652360515021,0,0.0,0,0.0,225,0.9656652360515021,1,183,0.007540467173832903,0.0075424893567094635,0.9656652360515021,G4N
269,43,33.07000017166138,False,semantic_support_failure,43,1.0,0,0.0,0,0.0,43,1.0,1,183,0.0014414535215044751,0.0014414535215044751,1.0,G4N
270,1494,36.380001068115234,False,base_seed_support_failure,1449,0.9698795180722891,0,0.0,0,0.0,1449,0.9698795180722891,2,183,0.02509981019700242,0.025711508162649593,0.5133868808567604,G4N
271,11109,32.36000061035156,True,detected,11004,0.9905482041587902,678,0.06103159600324062,678,1.0,11004,0.9905482041587902,1,288,0.8902449360115264,0.9383598356262284,0.9455396525339814,G4N
272,8497,16.630000472068787,True,detected,8415,0.9903495351300459,993,0.11686477580322467,993,1.0,8415,0.9903495351300459,2,280,0.8819043217009476,0.9798433688535113,0.8981993644815818,G4N
273,55199,36.49000024795532,True,detected,55068,0.9976267686008804,1085,0.019656153191181,1085,1.0,55068,0.9976267686008804,1,146,0.9609423877875695,0.9863491248027595,0.9738944546096849,G4N
274,39889,33.74000024795532,True,detected,39802,0.9978189475795332,876,0.021960941612976008,876,1.0,39802,0.9978189475795332,3,171,0.5851467456490343,0.9612368812577908,0.5992880242673418,G4N
275,41755,24.789999961853027,True,detected,41723,0.999233624715603,1029,0.024643755238893547,1029,1.0,41723,0.999233624715603,1,250,0.9599915820979282,0.9759663386107545,0.9832355406538139,G4N
276,32057,35.459999084472656,True,detected,31473,0.981782450010918,751,0.02342702061952148,751,1.0,31473,0.981782450010918,1,103,0.9593137102539396,0.9962556488056811,0.9627850391490158,G4N
277,4656,16.600000262260437,False,base_seed_support_failure,4654,0.9995704467353952,0,0.0,0,0.0,4654,0.9995704467353952,1,132,0.4511405518477936,0.4569209039548023,0.9727233676975945,G4N
278,65261,32.790000438690186,True,detected,65085,0.9973031366359694,842,0.012902039502919049,831,0.9869358669833729,65085,0.9973031366359694,1,350,0.9303571963232432,0.9758648304885135,0.9522685830741178,G4N
279,47854,33.589999198913574,True,detected,47613,0.9949638483721319,1114,0.023279140719689055,1114,1.0,47613,0.9949638483721319,1,3,0.9212897399585411,0.9810083703039972,0.938019810256196,G4N
280,21238,33.980000495910645,True,detected,21203,0.9983520105471325,790,0.03719747622186646,790,1.0,21203,0.9983520105471325,1,225,0.9494342457392366,0.996992555341912,0.9521612204539034,G4N
281,68838,36.84000015258789,True,detected,68668,0.9975304337720445,1488,0.021615967924692756,1488,1.0,68668,0.9975304337720445,1,48,0.8587297620039435,0.9510949803149606,0.8983991400098783,G4N
282,13484,18.84000015258789,True,detected,13403,0.9939928804509047,829,0.06148027291604865,829,1.0,13403,0.9939928804509047,1,233,0.9815452215305749,0.9874023869161632,0.9939928804509047,G4N
283,75802,34.49000072479248,True,detected,75739,0.9991688873644495,1207,0.015923062716023322,1207,1.0,75739,0.9991688873644495,1,94,0.8377688041257176,0.9148116665781225,0.9086567636737817,G4N
284,38620,36.84000015258789,True,detected,38518,0.9973588814085966,945,0.02446918694976696,944,0.9989417989417989,38518,0.9973588814085966,1,221,0.939721445686901,0.9630624408461873,0.9748575867426204,G4N
285,56768,33.69000053405762,True,detected,56454,0.9944687147688839,2274,0.04005777903043969,2273,0.9995602462620933,56454,0.9944687147688839,2,110,0.6976959473359391,0.9629927594529365,0.7169179819616686,G4N
286,86962,32.40000116825104,True,detected,86825,0.9984245992502472,1679,0.01930728364113061,1679,1.0,86825,0.9984245992502472,1,201,0.895101610529502,0.9065030337624997,0.9861433729675031,G4N
287,31256,32.519999742507935,True,detected,31220,0.9988482211415408,925,0.029594317890964936,925,1.0,31220,0.9988482211415408,1,164,0.8897570542831836,0.987501316574799,0.8998912208855899,G4N
288,28794,33.249999046325684,True,detected,28759,0.9987844689865945,876,0.03042300479266514,875,0.9988584474885844,28759,0.9987844689865945,3,160,0.6985603694146407,0.9690090429540317,0.7145238591373203,G4N
289,20045,23.519999504089355,True,detected,19990,0.9972561736093789,420,0.020952856073833875,420,1.0,19990,0.9972561736093789,1,294,0.8473428717424629,0.8526437569628932,0.9927163881267149,G4N
290,32269,22.0,True,detected,32145,0.9961573026743934,792,0.024543679692584214,792,1.0,32145,0.9961573026743934,1,159,0.9314142308827871,0.9517014601182575,0.9776255849267098,G4N
291,63200,35.21999931335449,True,detected,63188,0.9998101265822785,1368,0.021645569620253165,1368,1.0,63188,0.9998101265822785,1,67,0.9374855860149751,0.9706921803362201,0.9647943037974683,G4N
292,19297,23.320000171661377,True,detected,18937,0.9813442504016169,697,0.0361196040835363,697,1.0,18937,0.9813442504016169,1,209,0.9130625579014091,0.9392115558230515,0.9704099082758978,G4N
293,13028,13.960000038146973,True,detected,12875,0.9882560638624501,312,0.02394841879029782,312,1.0,12875,0.9882560638624501,1,54,0.9237063087633676,0.9343012704174228,0.987872275099785,G4N
294,55749,34.34000015258789,True,detected,55725,0.9995694990044665,1417,0.025417496277960142,1417,1.0,55725,0.9995694990044665,1,37,0.9066624607773147,0.9241221761570353,0.9795870777951174,G4N
295,20457,34.68000000715256,True,detected,20439,0.9991201055873296,562,0.027472258884489415,562,1.0,20439,0.9991201055873296,1,102,0.9133083861063136,0.980076194398682,0.9305861074448843,G4N
296,29106,33.28000020980835,False,fragmentation,29070,0.9987631416202845,638,0.021919879062736205,638,1.0,29070,0.9987631416202845,3,72,0.41728973365762845,0.768044655686968,0.47746169174740605,G4N
297,40226,34.61000061035156,True,detected,40201,0.9993785114105305,980,0.024362352707204295,980,1.0,40201,0.9993785114105305,2,207,0.8935584556022512,0.987425653838842,0.9038432854372793,G4N
298,17417,24.42999954149127,True,detected,17395,0.9987368662800712,644,0.03697536889246139,644,1.0,17395,0.9987368662800712,1,66,0.9632854528312351,0.9658566423844742,0.9972440718837917,G4N
299,17599,33.0600004196167,True,detected,17549,0.9971589294846298,884,0.05023012671174498,884,1.0,17549,0.9971589294846298,2,53,0.8479393115942029,0.9956790533803098,0.8510710835842945,G4N
300,27689,21.610000133514404,True,detected,26844,0.969482465961212,547,0.019755137419191736,547,1.0,26844,0.969482465961212,1,223,0.7195370609689555,0.7784198589492652,0.9048719708187367,G4N
301,32663,24.59000015258789,True,detected,32306,0.9890702017573401,814,0.02492116462051863,814,1.0,32306,0.9890702017573401,2,93,0.8464029747803401,0.9763395482375731,0.864127606159875,G4N
302,27076,23.3100004196167,True,detected,27057,0.999298271531984,610,0.02252917713103856,610,1.0,27057,0.999298271531984,1,68,0.9883865767878077,0.9919114673333579,0.9964174915053923,G4N
303,12258,9.97000002861023,True,detected,11998,0.9787893620492739,595,0.048539729156469244,595,1.0,11998,0.9787893620492739,1,219,0.9434848364244209,0.974913637111367,0.9669603524229075,G4N
304,45347,34.99000072479248,True,detected,45170,0.9960967649458619,910,0.02006747965686815,910,1.0,45170,0.9960967649458619,3,134,0.8154385196540019,0.991532419118626,0.8211568571239553,G4N
305,18607,17.230000019073486,True,detected,18587,0.9989251357016177,550,0.029558768205514053,550,1.0,18587,0.9989251357016177,1,194,0.9657025446499131,0.9800042771599657,0.9851131294674047,G4N
306,10727,19.919999361038208,True,detected,10640,0.9918896243124825,545,0.050806376433299154,545,1.0,10640,0.9918896243124825,1,178,0.7347863005943956,0.7530640365508738,0.9680246107951898,G4N
307,4685,11.489999949932098,True,detected,4643,0.9910352187833511,1050,0.22411953041622198,1050,1.0,4643,0.9910352187833511,1,5,0.7702388852023888,0.775643167390578,0.9910352187833511,G4N
308,9302,14.139999866485596,True,detected,9268,0.9963448720705225,400,0.043001505052676844,400,1.0,9268,0.9963448720705225,1,147,0.9926100460533361,0.9962377727614747,0.9963448720705225,G4N
309,11987,17.479999542236328,True,detected,11628,0.9700508884625011,561,0.04680070075915575,561,1.0,11628,0.9700508884625011,1,49,0.946515792901335,0.9750922509225092,0.9699674647534829,G4N
310,16752,20.139999389648438,True,detected,16578,0.9896131805157593,518,0.03092168099331423,518,1.0,16578,0.9896131805157593,1,113,0.9502505368647101,0.9992472713586752,0.9509312320916905,G4N
311,28501,33.22000136971474,True,detected,28487,0.9995087891652924,756,0.026525385074207923,756,1.0,28487,0.9995087891652924,2,82,0.7990227186191141,0.8930737312480052,0.8835479456861163,G4N
312,18869,13.6899995803833,True,detected,18766,0.9945413111452647,337,0.017859981981027083,337,1.0,18766,0.9945413111452647,1,69,0.9854539725883527,0.9908130939809926,0.9945413111452647,G4N
313,9581,12.559999942779541,True,detected,9575,0.9993737605677904,512,0.05343909821521762,512,1.0,9575,0.9993737605677904,1,220,0.9522036627087945,0.9636456211812627,0.9876839578332116,G4N
314,36211,36.70000076293945,True,detected,35959,0.9930407887106127,932,0.02573803540360664,932,1.0,35959,0.9930407887106127,3,295,0.6590547496490408,0.8118281119405136,0.7778851730137251,G4N
315,10953,18.439999759197235,False,fragmentation,10948,0.9995435040628139,508,0.04637998721811376,508,1.0,10948,0.9995435040628139,2,13,0.18319066147859922,0.5537520583392143,0.21491828722724368,G4N
316,5496,15.019999980926514,True,detected,5422,0.9865356622998545,579,0.10534934497816593,579,1.0,5422,0.9865356622998545,1,195,0.9595448798988622,0.9923421740754576,0.9667030567685589,G4N
317,110516,37.21000099182129,True,detected,109473,0.9905624524955663,1452,0.013138369104925983,1452,1.0,109473,0.9905624524955663,1,91,0.9391523253915748,0.9490102448341726,0.9890604075427992,G4N
318,1463,11.630000412464142,True,detected,1441,0.9849624060150376,630,0.430622009569378,630,1.0,1441,0.9849624060150376,1,316,0.9567567567567568,0.9881367759944173,0.9678742310321258,G4N
1,14677,35.500001549720764,True,detected,14389,0.9803774613340601,797,0.0543026504053962,796,0.998745294855709,14389,0.9803774613340601,2,330,0.6864223431456107,0.9478544269418794,0.7133610410846903,G4W
2,36462,39.1199996471405,True,detected,36358,0.9971477154297624,881,0.024162141407492732,881,1.0,36358,0.9971477154297624,1,32,0.9693127675038359,0.981278613472858,0.9875761066315616,G4W
3,81572,34.11999988555908,True,detected,81546,0.9996812631785417,1322,0.016206541460305007,1315,0.9947049924357034,81546,0.9996812631785417,1,516,0.7801408052890902,0.8417440771132205,0.9142352768106703,G4W
4,31051,35.22000026702881,True,detected,30953,0.9968439019677305,787,0.025345399504041737,787,1.0,30953,0.9968439019677305,1,374,0.9223309852712469,0.9455420782793548,0.9740749090206434,G4W
5,5753,16.710000038146973,True,detected,5719,0.9940900399791414,258,0.04484616721710412,258,1.0,5719,0.9940900399791414,1,95,0.9911596463858554,0.9972096267875828,0.9939162176255867,G4W
6,94287,37.09000015258789,True,detected,87315,0.9260555537879029,2071,0.0219648519944425,2071,1.0,87315,0.9260555537879029,1,503,0.7390777228284097,0.8062416745956232,0.8987028964756542,G4W
7,60261,35.0600004196167,True,detected,60165,0.9984069298551301,1583,0.026269062909676243,1552,0.9804169298799748,60165,0.9984069298551301,3,603,0.8195455584212072,0.9804522730823308,0.8331590912862382,G4W
8,27846,37.53000068664551,True,detected,27810,0.9987071751777634,1151,0.0413344825109531,1151,1.0,27810,0.9987071751777634,1,418,0.9424193492974199,0.9560504670291371,0.9850966027436616,G4W
9,19261,21.6899995803833,True,detected,19183,0.9959503660246093,932,0.04838793416748871,932,1.0,19183,0.9959503660246093,1,57,0.9598437812938113,0.9642372114078769,0.9952754270287109,G4W
10,19511,37.71999931335449,True,detected,19349,0.9916969914407258,740,0.03792732304853672,740,1.0,19349,0.9916969914407258,1,195,0.6903363195770305,0.7087872733441399,0.9636615242683615,G4W
11,27125,32.140000343322754,True,detected,27068,0.9978986175115208,989,0.03646082949308756,989,1.0,27068,0.9978986175115208,3,38,0.7845179813744617,0.998033247483025,0.7857327188940092,G4W
12,1436,11.100000381469727,False,partial_or_localization,408,0.2841225626740947,141,0.09818941504178273,141,1.0,408,0.2841225626740947,1,613,0.24307900067521945,0.8888888888888888,0.25069637883008355,G4W
13,64892,36.47999954223633,True,detected,64810,0.9987363619552487,1725,0.026582629599950686,1725,1.0,64810,0.9987363619552487,1,479,0.9615743247307946,0.9755863100233456,0.9852832398446649,G4W
14,17338,29.34999942779541,False,fragmentation,17283,0.9968277771369247,547,0.03154919829276733,547,1.0,17283,0.9968277771369247,4,196,0.2801493823613904,0.9864454784543799,0.28123197600645977,G4W
15,1411,10.210000306367874,True,detected,1391,0.9858256555634302,447,0.31679659815733524,447,1.0,1391,0.9858256555634302,1,47,0.7025252525252526,0.7096938775510204,0.9858256555634302,G4W
16,111441,40.05999946594238,True,detected,111417,0.9997846394056048,1260,0.011306431205750127,1072,0.8507936507936508,111417,0.9997846394056048,2,643,0.9008384234438488,0.9899171486634359,0.9091806426719071,G4W
17,35484,36.89999961853027,True,detected,35429,0.9984500056363431,731,0.020600834178784805,731,1.0,35429,0.9984500056363431,2,265,0.5421928046308282,0.8026249186492154,0.6256059068876113,G4W
18,31715,24.670000076293945,True,detected,31647,0.997855904146303,579,0.018256345577802303,579,1.0,31647,0.997855904146303,1,258,0.936271536034943,0.9609900373599004,0.9732618634715434,G4W
19,14855,15.09999966621399,True,detected,14855,1.0,311,0.020935711881521372,311,1.0,14855,1.0,1,152,0.8788900721808071,0.8788900721808071,1.0,G4W
20,31149,32.20000076293945,False,fragmentation,31114,0.9988763684227423,705,0.022633150341905037,705,1.0,31114,0.9988763684227423,3,256,0.4129934608864132,0.8787117552334943,0.43795948505570004,G4W
21,66582,35.070000648498535,True,detected,60531,0.9091195818689736,700,0.010513351956985372,700,1.0,60531,0.9091195818689736,3,289,0.5703111135380121,0.8623059775429326,0.6274518638671113,G4W
22,65326,38.65999984741211,True,detected,65098,0.9965098123258733,1249,0.019119493004316812,1244,0.9959967974379503,65098,0.9965098123258733,1,234,0.8769693477435948,0.914592677278457,0.9551939503413649,G4W
23,27891,34.170000076293945,True,detected,27752,0.9950163135061489,907,0.032519450718869886,907,1.0,27752,0.9950163135061489,2,216,0.8501820408996563,0.9434375471983084,0.8958445376644796,G4W
24,2509,11.90999984741211,True,detected,2175,0.8668792347548824,263,0.10482263850139498,249,0.9467680608365019,2175,0.8668792347548824,1,640,0.7480286738351255,0.8813344594594594,0.8318055001992826,G4W
25,23618,21.06999969482422,True,detected,23205,0.9825133372851215,381,0.016131763908883056,381,1.0,23205,0.9825133372851215,1,80,0.9214905182787667,0.978799365303244,0.9402574307731392,G4W
26,8629,35.22999954223633,True,detected,8618,0.9987252288793603,412,0.047745972882141614,412,1.0,8618,0.9987252288793603,1,49,0.797216131185051,0.8180395225983174,0.9690578282535636,G4W
27,60283,30.34000062942505,True,detected,57939,0.9611167327438913,737,0.012225668928221887,737,1.0,57939,0.9611167327438913,2,362,0.7374478003301933,0.9681470463238419,0.7557852130783139,G4W
28,20272,21.37999999523163,True,detected,20181,0.9955110497237569,614,0.030288082083662193,614,1.0,20181,0.9955110497237569,1,294,0.8146634517144141,0.8260743442045502,0.9833267561168114,G4W
29,33738,22.47000026702881,True,detected,33701,0.9989033137708222,609,0.018050862528899165,609,1.0,33701,0.9989033137708222,1,198,0.9458944281524927,0.9889014930864273,0.9560436303278202,G4W
30,55500,38.87000131607056,True,detected,52553,0.946900900900901,1096,0.01974774774774775,1096,1.0,52553,0.946900900900901,1,160,0.8507985780804086,0.9202317773204809,0.9185405405405406,G4W
31,24662,35.47999954223633,True,detected,24622,0.9983780715270456,660,0.026761819803746655,660,1.0,24622,0.9983780715270456,1,208,0.9870701846539254,0.99645129711209,0.9905522666450409,G4W
32,3866,18.200000762939453,False,undersegmentation,3828,0.9901707190894982,838,0.21676151060527676,838,1.0,3828,0.9901707190894982,1,507,0.434192037470726,0.4423765211166786,0.959130884635282,G4W
33,113123,40.28000020980835,True,detected,107294,0.9484720171848342,1393,0.012314029861301415,1393,1.0,107294,0.9484720171848342,1,315,0.8463115762536704,0.9214255735245528,0.9121398831360554,G4W
34,96797,38.7400016784668,True,detected,96776,0.9997830511276176,1732,0.01789311652220627,1730,0.9988452655889145,96776,0.9997830511276176,1,231,0.7559536934950386,0.760782728612868,0.9916732956599895,G4W
35,27472,36.37999963760376,True,detected,27366,0.9961415259172977,938,0.034143855562026794,938,1.0,27366,0.9961415259172977,2,5,0.8926910781749492,0.9977263499796996,0.8945107746068724,G4W
36,7169,37.98999834060669,True,detected,7135,0.9952573580694658,523,0.07295299204910029,523,1.0,7135,0.9952573580694658,1,114,0.9271585137663726,0.9568275862068966,0.967638443297531,G4W
37,54575,36.8799991607666,True,detected,54313,0.9951992670636739,868,0.015904718277599632,868,1.0,54313,0.9951992670636739,1,79,0.7592873992387733,0.7831915211225556,0.9613559322033899,G4W
38,34518,34.339999198913574,True,detected,34385,0.9961469378295382,656,0.01900457732197694,656,1.0,34385,0.9961469378295382,2,106,0.8430522498016547,0.9746453958790579,0.8619560808853352,G4W
39,1638,10.970001220703125,True,detected,1588,0.9694749694749695,487,0.2973137973137973,459,0.9425051334702259,1588,0.9694749694749695,2,551,0.7155339805825243,0.7774261603375527,0.8998778998778999,G4W
40,29465,34.09000015258789,True,detected,29456,0.9996945528593246,740,0.025114542677753267,740,1.0,29456,0.9996945528593246,3,158,0.8111070756430152,0.9676224988183394,0.8337349397590361,G4W
41,21380,36.72000026702881,True,detected,21339,0.9980823199251637,635,0.02970065481758653,629,0.9905511811023622,21339,0.9980823199251637,1,584,0.8818917340895821,0.890582884097035,0.9890551917680075,G4W
42,11690,17.810000598430634,True,detected,11512,0.9847733105218135,286,0.02446535500427716,286,1.0,11512,0.9847733105218135,1,174,0.7828850855745721,0.8102226720647774,0.9586826347305389,G4W
43,36446,37.93000030517578,True,detected,36246,0.9945124293475278,1328,0.03643746913241508,1328,1.0,36246,0.9945124293475278,1,444,0.8586928073473078,0.8660283636887193,0.9902321242385995,G4W
44,55922,36.1899995803833,True,detected,54413,0.9730159865526984,1098,0.019634490898036552,1098,1.0,54413,0.9730159865526984,1,135,0.9588627700127065,0.9865274625510667,0.9715854225528414,G4W
45,23538,26.56999969482422,True,detected,23509,0.9987679496983601,459,0.01950038236043844,459,1.0,23509,0.9987679496983601,3,241,0.7080762858250784,0.8061810154525386,0.8533435296116917,G4W
46,25146,34.739999771118164,True,detected,25085,0.9975741668655055,979,0.0389326334208224,979,1.0,25085,0.9975741668655055,1,311,0.9693982581155978,0.9953660420308118,0.9737930485961982,G4W
47,63195,35.15999984741211,True,detected,63136,0.9990663818340059,1493,0.0236252868106654,1403,0.9397186872069658,63136,0.9990663818340059,2,629,0.8264519551852199,0.9834555751555102,0.8381042804019305,G4W
48,31362,32.859999656677246,True,detected,31283,0.9974810279956635,594,0.018940118614884253,594,1.0,31283,0.9974810279956635,2,404,0.9231935320869126,0.9897744971896797,0.9320834130476373,G4W
49,26051,23.389999389648438,True,detected,25762,0.9889063759548578,538,0.02065179839545507,525,0.9758364312267658,25762,0.9889063759548578,2,553,0.8458410913097998,0.9881914232442511,0.8544777551725462,G4W
50,9347,33.640000343322754,True,detected,9302,0.995185621054884,459,0.04910666524018402,459,1.0,9302,0.995185621054884,1,175,0.9243332644200951,0.964721113388715,0.9566705894939552,G4W
51,8540,23.950000762939453,True,detected,8489,0.9940281030444965,500,0.0585480093676815,500,1.0,8489,0.9940281030444965,1,112,0.9785566059488126,0.984458362328926,0.9939110070257611,G4W
52,71238,40.69000053405762,True,detected,71011,0.996813498413768,1185,0.016634380527246695,1185,1.0,71011,0.996813498413768,1,102,0.8879195641804534,0.8935388113433967,0.9929672365872146,G4W
53,8882,32.63000077009201,True,detected,8874,0.9990993019590182,581,0.06541319522630039,581,1.0,8874,0.9990993019590182,3,227,0.7789968652037618,0.992865296803653,0.7833821211438865,G4W
54,11142,34.160000801086426,False,fragmentation,11114,0.997486986178424,337,0.03024591635253994,337,1.0,11114,0.997486986178424,3,233,0.2967005076142132,0.8379928315412186,0.31475498115239636,G4W
55,17510,36.47999954223633,True,detected,17423,0.9950314106225014,651,0.037178754997144486,651,1.0,17423,0.9950314106225014,2,24,0.6718076661374461,0.9894772006013028,0.6766419189034837,G4W
56,27041,27.070000648498535,True,detected,26998,0.9984098221219629,737,0.027254909211937427,737,1.0,26998,0.9984098221219629,1,108,0.9109572358119629,0.939091756940957,0.9681594615583743,G4W
57,51182,36.6899995803833,True,detected,51037,0.9971669727638623,891,0.017408463913094446,891,1.0,51037,0.9971669727638623,2,17,0.8592829778718052,0.972287519679096,0.880856551131257,G4W
58,40974,35.19999885559082,True,detected,40938,0.9991213940547664,973,0.023746766242007125,973,1.0,40938,0.9991213940547664,1,23,0.839735819086235,0.85394261424017,0.9805730463220579,G4W
59,28517,35.709999084472656,True,detected,28495,0.9992285303503173,695,0.024371427569519936,695,1.0,28495,0.9992285303503173,1,16,0.9206446140797285,0.9659001922118602,0.9515727460812848,G4W
60,10994,34.329999923706055,True,detected,10930,0.9941786428961251,922,0.08386392577769693,891,0.9663774403470716,10930,0.9941786428961251,2,598,0.8836524300441826,0.948925481440134,0.9277787884300528,G4W
61,16528,35.420000076293945,True,detected,16508,0.9987899322362053,682,0.041263310745401745,682,1.0,16508,0.9987899322362053,2,15,0.8466139068446807,0.9982192463850702,0.847894482090997,G4W
62,19669,35.34000015258789,True,detected,19668,0.9999491585744065,689,0.03502974223397224,689,1.0,19668,0.9999491585744065,1,22,0.9668416271323307,0.992487825095845,0.9739691900960903,G4W
63,132,14.049999475479126,False,semantic_support_failure,1,0.007575757575757576,0,0.0,0,0.0,1,0.007575757575757576,0,128,0.00020483408439164277,0.00021048200378867606,0.007575757575757576,G4W
64,28405,19.639999866485596,True,detected,28380,0.9991198732617497,796,0.028023235345889807,796,1.0,28380,0.9991198732617497,1,199,0.8940233142268307,0.9128962251742733,0.9773983453617321,G4W
65,44322,30.72000026702881,True,detected,44045,0.9937502820269843,922,0.02080231036505573,894,0.9696312364425163,44045,0.9937502820269843,1,636,0.9425279716406336,0.9812474050837293,0.9598167952709715,G4W
66,22713,29.520000457763672,True,detected,22709,0.9998238894025449,633,0.027869502047285697,628,0.9921011058451816,22709,0.9998238894025449,2,304,0.5824175824175825,0.9838674033149172,0.5880332849029191,G4W
67,32148,33.54999923706055,True,detected,32143,0.9998444693293518,899,0.02796441458255568,899,1.0,32143,0.9998444693293518,2,478,0.8201601887495343,0.9975833553600423,0.821792957571233,G4W
68,22056,17.920000851154327,True,detected,21975,0.9963275299238302,614,0.02783822996010156,613,0.998371335504886,21975,0.9963275299238302,2,282,0.8339978842867605,0.8904430929626412,0.9293616249546609,G4W
69,23917,20.860000133514404,True,detected,23709,0.991303257097462,435,0.018187899820211566,435,1.0,23709,0.991303257097462,2,243,0.7495418924714414,0.9173545831941595,0.8038215495254422,G4W
70,58258,33.00999927520752,True,detected,58249,0.9998455147790861,632,0.010848295513062583,632,1.0,58249,0.9998455147790861,2,193,0.8492151577612177,0.9175632152401837,0.919358714682962,G4W
71,51220,23.97000026702881,True,detected,51184,0.9992971495509566,931,0.01817649355720422,931,1.0,51184,0.9992971495509566,3,39,0.6431308679823721,0.9719125524829882,0.6553104256149942,G4W
72,30391,36.760000228881836,True,detected,30350,0.9986509163897206,874,0.028758514033759994,874,1.0,30350,0.9986509163897206,1,70,0.9585457557991334,0.9680460805766508,0.989865420683755,G4W
73,33005,28.429999351501465,True,detected,32996,0.9997273140433268,507,0.015361308892592032,507,1.0,32996,0.9997273140433268,3,255,0.545606612220801,0.7436215509437758,0.6720193910013634,G4W
74,73469,35.00999927520752,True,detected,73362,0.9985436034245736,2520,0.03430018102873321,2466,0.9785714285714285,73362,0.9985436034245736,2,601,0.6479809808513893,0.8272406280519871,0.749390899563081,G4W
75,6450,31.339999198913574,True,detected,6420,0.9953488372093023,350,0.05426356589147287,350,1.0,6420,0.9953488372093023,1,176,0.5980888139404159,0.6018099547511312,0.9897674418604652,G4W
76,8132,17.83999991416931,False,undersegmentation,8125,0.999139203148057,564,0.06935563207083129,564,1.0,8125,0.999139203148057,2,364,0.3858239870667879,0.39571998549147624,0.9391293654697491,G4W
77,23193,36.69000005722046,True,detected,23097,0.9958608200750226,879,0.03789936618807399,879,1.0,23097,0.9958608200750226,1,97,0.959467556925184,0.9924296086417567,0.9665416289397664,G4W
78,9666,37.519999980926514,True,detected,9601,0.9932753983033312,729,0.07541899441340782,729,1.0,9601,0.9932753983033312,1,29,0.9719031993437244,0.9910079464659138,0.9805503827850196,G4W
79,4855,17.80999994277954,True,detected,4740,0.976313079299691,685,0.141091658084449,685,1.0,4740,0.976313079299691,1,59,0.9626320064987814,0.9856519026824704,0.976313079299691,G4W
80,16016,17.880000114440918,True,detected,15991,0.998439060939061,884,0.05519480519480519,867,0.9807692307692307,15991,0.998439060939061,1,599,0.9138692066442096,0.9290311153096771,0.982455044955045,G4W
81,14072,24.200000286102295,True,detected,13959,0.9919698692438885,766,0.05443433769187038,766,1.0,13959,0.9919698692438885,2,194,0.6590704439980606,0.9630566801619433,0.6761654349061967,G4W
82,10055,36.40000057220459,True,detected,10044,0.9989060169070114,537,0.05340626553953257,537,1.0,10044,0.9989060169070114,1,262,0.9137084067105385,0.930702416918429,0.9804077573346593,G4W
83,4228,28.009999752044678,False,base_seed_support_failure,4078,0.9645222327341533,0,0.0,0,0.0,4078,0.9645222327341533,1,176,0.3520459309213524,0.36415912518853694,0.913670766319773,G4W
84,43038,30.25,True,detected,43021,0.9996050002323528,889,0.02065616431990334,889,1.0,43021,0.9996050002323528,2,76,0.8987788018433179,0.9908049480555767,0.906338584506715,G4W
85,71736,39.88999795913696,True,detected,71688,0.9993308798929408,1001,0.013953942232630757,1000,0.999000999000999,71688,0.9993308798929408,1,554,0.7911190292110659,0.8012733215307095,0.9842338574774172,G4W
86,76243,38.7099986076355,True,detected,76042,0.9973636924045486,1035,0.013575016722846688,1035,1.0,76042,0.9973636924045486,3,610,0.7935648130106647,0.9880318933868124,0.801267001560799,G4W
87,25585,35.10000038146973,True,detected,25562,0.9991010357631425,578,0.022591362126245847,578,1.0,25562,0.9991010357631425,3,590,0.8311264707024424,0.9922121268310773,0.8365839358999414,G4W
88,17089,22.800000190734863,True,detected,16867,0.9870091871964422,430,0.025162385160044473,430,1.0,16867,0.9870091871964422,2,589,0.7461266377721317,0.833862257112633,0.8764117268418281,G4W
89,29827,25.829999923706055,True,detected,29826,0.9999664733295336,505,0.016930968585509774,505,1.0,29826,0.9999664733295336,2,519,0.8461911840548494,0.8989332559863353,0.9351594193180676,G4W
90,61895,29.820000171661377,True,detected,61618,0.9955246788916714,1189,0.019209952338638016,851,0.7157275021026073,61618,0.9955246788916714,3,649,0.5333122379558579,0.9625906676566337,0.5445997253413039,G4W
91,1044,9.950000405311584,False,undersegmentation,711,0.6810344827586207,147,0.14080459770114942,147,1.0,711,0.6810344827586207,1,300,0.27502921698480715,0.31673396141767607,0.6762452107279694,G4W
92,30816,19.990000247955322,True,detected,30522,0.9904595015576324,258,0.00837227414330218,258,1.0,30522,0.9904595015576324,1,86,0.9781401356151114,0.9949420304135055,0.9830282969885774,G4W
93,14970,18.070000410079956,False,undersegmentation,14969,0.9999331997327989,1053,0.07034068136272545,1052,0.9990503323836657,14969,0.9999331997327989,2,515,0.37972739489345364,0.5742488024386704,0.5285237140948564,G4W
94,685,9.900000095367432,False,undersegmentation,685,1.0,81,0.11824817518248175,81,1.0,685,1.0,1,615,0.4556701030927835,0.46266573621772505,0.9678832116788321,G4W
95,3509,14.920001029968262,True,detected,3467,0.9880307779994301,345,0.09831860929039613,345,1.0,3467,0.9880307779994301,1,171,0.9448550312677658,0.9972997299729973,0.9472784269022514,G4W
96,22680,15.84999966621399,True,detected,22679,0.9999559082892416,708,0.031216931216931216,707,0.998587570621469,22679,0.9999559082892416,2,623,0.8083839813504288,0.9353595684215597,0.8562169312169312,G4W
97,21577,21.219999313354492,True,detected,21465,0.9948092876674236,502,0.023265514204940444,502,1.0,21465,0.9948092876674236,1,238,0.792965442930809,0.8237457525484709,0.9549983779023961,G4W
98,30966,21.429999828338623,True,detected,30918,0.9984499128075954,1069,0.03452173351417684,1069,1.0,30918,0.9984499128075954,2,421,0.7161632756223936,0.97062601695641,0.7320286766130595,G4W
99,80902,37.13999915122986,True,detected,76483,0.9453783590022496,545,0.006736545450050678,545,1.0,76483,0.9453783590022496,1,267,0.8439090162973385,0.9425391213252144,0.8896813428592618,G4W
100,51052,36.90999889373779,True,detected,50753,0.9941432265141424,683,0.013378516022878633,468,0.6852122986822841,50753,0.9941432265141424,3,652,0.7307937859118961,0.8853557923685115,0.8071769960040743,G4W
101,14224,17.149999529123306,True,detected,14211,0.999086051743532,381,0.026785714285714284,381,1.0,14211,0.999086051743532,3,169,0.6217157870687685,0.768226409767803,0.765255905511811,G4W
102,9458,22.300000429153442,True,detected,9454,0.9995770776062592,523,0.055297102981602876,523,1.0,9454,0.9995770776062592,2,172,0.8792008196721312,0.9660024766407745,0.9072742651723409,G4W
103,10880,17.53000044822693,True,detected,10623,0.9763786764705882,821,0.07545955882352941,821,1.0,10623,0.9763786764705882,1,305,0.9022474952613052,0.9804806277587053,0.91875,G4W
104,7949,37.7300009727478,True,detected,7913,0.9954711284438295,620,0.07799723235627123,620,1.0,7913,0.9954711284438295,1,98,0.9114855244423351,0.9413062124739615,0.9664108692917348,G4W
105,5850,35.35000038146973,True,detected,5831,0.9967521367521367,457,0.07811965811965813,457,1.0,5831,0.9967521367521367,2,101,0.5868067717454758,0.6492701201395169,0.8591452991452991,G4W
106,9005,10.419999122619629,True,detected,8833,0.9808995002776235,648,0.0719600222098834,648,1.0,8833,0.9808995002776235,2,197,0.5144219495036348,0.6346802970392517,0.7308162132148807,G4W
107,15215,25.420000553131104,True,detected,14997,0.9856720341767992,232,0.015248110417351298,232,1.0,14997,0.9856720341767992,2,214,0.6500455077363152,0.9835726932913633,0.6571804140650673,G4W
108,7814,17.91999924182892,True,detected,7804,0.9987202457128231,210,0.026874840030714102,209,0.9952380952380953,7804,0.9987202457128231,1,212,0.908419139915203,0.9444584382871537,0.9596877399539289,G4W
109,52825,36.75000047683716,True,detected,52771,0.9989777567439659,1122,0.021239943208708,1122,1.0,52771,0.9989777567439659,2,35,0.7771814109954076,0.9978646477882119,0.7784761003312826,G4W
110,13479,17.040000200271606,True,detected,13451,0.9979226945619111,279,0.020698864900957046,279,1.0,13451,0.9979226945619111,2,173,0.8233205090263391,0.9966860725481416,0.8255805326804659,G4W
111,9744,38.09000015258789,True,detected,9737,0.9992816091954023,648,0.0665024630541872,647,0.9984567901234568,9737,0.9992816091954023,2,205,0.8580745643920958,0.9433861301369864,0.9046592775041051,G4W
112,19365,20.52999973297119,True,detected,19323,0.9978311386522076,752,0.03883294603666408,752,1.0,19323,0.9978311386522076,1,146,0.907598319969454,0.922972382662719,0.981977794990963,G4W
113,7413,14.769999980926514,True,detected,7354,0.9920410090381762,450,0.060704168352893564,450,1.0,7354,0.9920410090381762,1,213,0.6499278759466282,0.6621050698016164,0.9724807770133549,G4W
114,21635,12.84000039100647,True,detected,21364,0.987474000462214,459,0.02121562283337185,459,1.0,21364,0.987474000462214,1,179,0.987154606783107,0.9996724533245988,0.987474000462214,G4W
115,48050,36.65999984741211,True,detected,47895,0.9967741935483871,818,0.017023933402705516,818,1.0,47895,0.9967741935483871,2,9,0.8812464965640376,0.9972511981956583,0.8833922996878252,G4W
116,19676,13.519999742507935,True,detected,19676,1.0,1052,0.05346615165684082,1043,0.9914448669201521,19676,1.0,1,602,0.838696931114721,0.8603404791929382,0.9708782272819679,G4W
117,14333,14.940000414848328,True,detected,14252,0.9943487057838555,419,0.029233237982278656,419,1.0,14252,0.9943487057838555,2,145,0.8954524144397562,0.9571878579610539,0.9328123909858369,G4W
118,2739,10.680001258850098,True,detected,2658,0.9704271631982475,310,0.11317999269806499,310,1.0,2658,0.9704271631982475,1,211,0.8887020847343645,0.9183460736622655,0.9649507119386638,G4W
119,3528,35.649999141693115,True,detected,3528,1.0,1,0.0002834467120181406,1,1.0,3528,1.0,2,33,0.5292612727854173,0.5483764082173624,0.9382086167800453,G4W
120,9174,11.1899995803833,True,detected,9145,0.9968388925223458,455,0.04959668628733377,455,1.0,9145,0.9968388925223458,2,143,0.6774127729034891,0.9135938359933957,0.723784608676695,G4W
121,28628,35.28999996185303,True,detected,28575,0.9981486656420288,581,0.020294816263797682,573,0.9862306368330465,28575,0.9981486656420288,1,252,0.9376368755866097,0.994873118914134,0.942189464859578,G4W
122,5083,22.25,True,detected,5082,0.9998032657879206,333,0.06551249262246704,333,1.0,5082,0.9998032657879206,1,50,0.5393868426655312,0.5403071017274472,0.9968522526067283,G4W
123,16099,38.65000104904175,True,detected,16033,0.9959003664823902,703,0.04366730852848003,703,1.0,16033,0.9959003664823902,1,34,0.9457554397793442,0.9861945545187268,0.9584446238896825,G4W
124,10548,12.780000388622284,True,detected,10539,0.9991467576791809,569,0.05394387561623056,569,1.0,10539,0.9991467576791809,1,116,0.9182489451476793,0.9265566790846195,0.9903299203640501,G4W
125,19272,17.22000026702881,True,detected,19269,0.9998443337484434,1453,0.07539435450394355,1453,1.0,19269,0.9998443337484434,1,58,0.9605302651325662,0.9639540137557107,0.996315898713159,G4W
126,51436,38.52000045776367,True,detected,51404,0.9993778676413407,1669,0.03244809083132436,1669,1.0,51404,0.9993778676413407,1,200,0.9563685182077529,0.9589612234977377,0.997180962749825,G4W
127,3571,29.53000020980835,True,detected,3561,0.9971996639596752,198,0.05544665359843181,198,1.0,3561,0.9971996639596752,1,48,0.6740415792485218,0.6788321167883211,0.9896387566507981,G4W
128,43467,38.239999771118164,True,detected,43277,0.9956288678767801,1336,0.030735960613798973,1302,0.9745508982035929,43277,0.9956288678767801,1,569,0.70992689157051,0.7518890982704256,0.9271171233349438,G4W
129,46153,35.99000072479248,True,detected,46045,0.9976599570992135,818,0.01772365826706823,818,1.0,46045,0.9976599570992135,1,144,0.9578251501014623,0.9652562561929459,0.9920265204862089,G4W
130,56068,33.35000038146973,True,detected,55854,0.9961832061068703,1420,0.02532638938431904,1408,0.9915492957746479,55854,0.9961832061068703,2,357,0.8460947860682627,0.9750643500643501,0.8648070200470857,G4W
131,27504,31.390000343322754,True,detected,27425,0.9971276905177429,1014,0.0368673647469459,1009,0.995069033530572,27425,0.9971276905177429,1,526,0.6629549227429447,0.69020713127177,0.9437899941826643,G4W
132,30786,31.889999389648438,True,detected,30288,0.9838238160202689,1135,0.03686740726304164,1135,1.0,30288,0.9838238160202689,1,123,0.9159563476688622,0.993486254596393,0.9214902877931528,G4W
133,52156,33.39999961853027,True,detected,52092,0.9987729120331313,1119,0.021454866170718612,1119,1.0,52092,0.9987729120331313,1,242,0.6835180729594036,0.713371266002845,0.9423076923076923,G4W
134,90096,36.44999885559082,True,detected,89970,0.9986014917421417,990,0.010988279168886521,990,1.0,89970,0.9986014917421417,2,236,0.825347638397599,0.871172459191755,0.940086130349849,G4W
135,46472,35.61999988555908,True,detected,46322,0.9967722499569633,856,0.01841969357892925,856,1.0,46322,0.9967722499569633,1,65,0.8139189738334599,0.819785030430295,0.991285074883801,G4W
136,45937,27.90999984741211,True,detected,45843,0.9979537192241548,689,0.014998802708056687,689,1.0,45843,0.9979537192241548,3,149,0.642265044676499,0.7851205228872853,0.7792411345973834,G4W
137,51373,34.22999954223633,True,detected,51333,0.9992213808810075,927,0.01804449808265042,926,0.9989212513484358,51333,0.9992213808810075,4,303,0.5449860967974022,0.9980769915601296,0.5455589512000467,G4W
138,26613,25.869999885559082,True,detected,26485,0.9951903205200466,638,0.023973246157892758,638,1.0,26485,0.9951903205200466,3,543,0.7862321521047569,0.9805775973426831,0.7986698230188254,G4W
139,81989,32.1299991607666,True,detected,80923,0.9869982558635915,982,0.011977216455866031,982,1.0,80923,0.9869982558635915,1,219,0.7891835367215578,0.8248233271789648,0.9480905975191795,G4W
140,3014,13.109999179840088,False,undersegmentation,2909,0.9651625746516257,908,0.30126078301260784,908,1.0,2909,0.9651625746516257,1,192,0.4157947541923463,0.42263986013986016,0.9625082946250829,G4W
141,29696,34.15999984741211,True,detected,29425,0.9908741918103449,706,0.023774245689655173,706,1.0,29425,0.9908741918103449,3,177,0.6711411631470255,0.9840781440781441,0.6785088900862069,G4W
142,14167,25.380000114440918,True,detected,14163,0.9997176537022658,340,0.023999435307404532,340,1.0,14163,0.9997176537022658,1,103,0.9907537125245167,0.9923524871956781,0.9983765087880285,G4W
143,15733,24.079999446868896,False,undersegmentation,15620,0.9928176444416196,1092,0.06940825017479184,1075,0.9844322344322345,15620,0.9928176444416196,2,526,0.2594621396359172,0.2921906990348055,0.6984681878853366,G4W
144,11186,9.710000038146973,True,detected,11035,0.9865009833720723,652,0.058287144645092076,652,1.0,11035,0.9865009833720723,2,217,0.7109424920127796,0.8696629213483146,0.7957268013588414,G4W
145,16793,23.06999921798706,True,detected,16714,0.9952956589054963,860,0.051211814446495564,839,0.9755813953488373,16714,0.9952956589054963,2,627,0.7248882741008725,0.8718326081392372,0.8113499672482583,G4W
146,67448,36.149999141693115,True,detected,67421,0.9995996916142806,1414,0.020964298422488436,1414,1.0,67421,0.9995996916142806,1,41,0.9782659295897586,0.9811491435408095,0.9970051002253588,G4W
147,20148,19.44000005722046,True,detected,20014,0.9933492158030574,687,0.03409767718880286,687,1.0,20014,0.9933492158030574,1,61,0.949480733766864,0.977126304749538,0.9710641254715108,G4W
148,57478,39.36000061035156,True,detected,56000,0.974285813702634,1266,0.02202581857406312,1266,1.0,56000,0.974285813702634,1,240,0.9730500399902633,0.9993571428571428,0.9736594871081109,G4W
149,72644,38.22999954223633,True,detected,72067,0.9920571554429822,949,0.013063707945597709,949,1.0,72067,0.9920571554429822,1,235,0.607678264227785,0.6264273176381173,0.9530587522713507,G4W
150,109087,36.32000160217285,True,detected,108373,0.9934547654624291,1110,0.010175364617232117,1110,1.0,108373,0.9934547654624291,1,163,0.804025963990418,0.8365950535490303,0.9538166784309771,G4W
151,2001,18.40999984741211,False,base_seed_support_failure,1998,0.9985007496251874,14,0.0069965017491254375,0,0.0,1998,0.9985007496251874,1,584,0.08409129189826511,0.08410545822102426,0.9980009995002499,G4W
152,32457,33.22000026702881,True,detected,32314,0.9955941707489909,1359,0.04187078288196691,1354,0.9963208241353937,32314,0.9955941707489909,1,109,0.8140461385232443,0.8656857412761572,0.9317250516067412,G4W
153,32476,35.140000343322754,True,detected,32318,0.9951348688262102,1063,0.03273186352999138,1063,1.0,32318,0.9951348688262102,1,373,0.9856890028072745,0.9909199668701494,0.9946729892843946,G4W
154,50710,36.22999954223633,True,detected,50173,0.9894103727075527,950,0.018733977519226976,950,1.0,50173,0.9894103727075527,2,157,0.783944042039483,0.8871343619414979,0.870794715046342,G4W
155,39148,24.859999656677246,True,detected,38918,0.99412485950751,626,0.015990599775212017,626,1.0,38918,0.99412485950751,1,156,0.9477621467051345,0.9994884221863221,0.9482221313987943,G4W
156,58524,38.96000099182129,True,detected,57662,0.985270999931652,1828,0.031235048868840133,1826,0.9989059080962801,57662,0.985270999931652,2,276,0.7068100842606507,0.9836211960991658,0.7152279406739116,G4W
157,1757,11.390000343322754,True,detected,1707,0.9715424018212863,403,0.22936824132043254,377,0.9354838709677419,1707,0.9715424018212863,2,544,0.7788407428249859,0.9857549857549858,0.7877063175867957,G4W
158,17593,22.27999973297119,True,detected,17272,0.9817541067470017,900,0.051156710055135564,900,1.0,17272,0.9817541067470017,2,308,0.8027584660237721,0.9833115857427375,0.8138464161882567,G4W
159,10565,12.699999809265137,True,detected,10543,0.9979176526265973,550,0.05205868433506862,550,1.0,10543,0.9979176526265973,1,220,0.7828185328185329,0.7840993604045813,0.9979176526265973,G4W
160,93932,36.72000026702881,True,detected,93904,0.9997019120214623,1448,0.015415406890090704,1448,1.0,93904,0.9997019120214623,1,6,0.9454081264991404,0.9662573782393232,0.977685985606609,G4W
161,610,10.180000305175781,False,base_seed_support_failure,316,0.5180327868852459,0,0.0,0,0.0,316,0.5180327868852459,2,551,0.08673026886383348,0.10548523206751055,0.32786885245901637,G4W
162,71844,36.69999980926514,True,detected,71824,0.9997216190635265,1728,0.024052112911307835,1728,1.0,71824,0.9997216190635265,1,457,0.8852326247850681,0.894111576748342,0.9889065196815322,G4W
163,68930,41.13999938964844,True,detected,68816,0.9983461482663571,1367,0.01983171333236617,1367,1.0,68816,0.9983461482663571,1,155,0.9566748315982854,0.9592246828819023,0.9972290729725809,G4W
164,45260,34.96999931335449,True,detected,45057,0.9955148033583738,892,0.019708351745470615,892,1.0,45057,0.9955148033583738,3,178,0.6877272627101836,0.9962648448474013,0.6895050817498896,G4W
165,5558,37.91000175476074,True,detected,5541,0.9969413458078445,405,0.07286793810723281,405,1.0,5541,0.9969413458078445,1,100,0.8301453710788065,0.8473914401749453,0.9760705289672544,G4W
166,19204,35.51999877952039,True,detected,19043,0.9916163299312644,844,0.0439491772547386,844,1.0,19043,0.9916163299312644,2,295,0.6924554318920516,0.9273230890984634,0.732191210164549,G4W
167,6357,18.4399995803833,True,detected,6345,0.998112317130722,619,0.09737297467358817,619,1.0,6345,0.998112317130722,1,60,0.9696688331785824,0.983519070789515,0.9856850715746421,G4W
168,59506,33.30000019073486,True,detected,59168,0.9943199005142339,746,0.012536550936040064,746,1.0,59168,0.9943199005142339,1,181,0.939681648558502,0.9817821098939015,0.9563573421167614,G4W
169,8914,16.160000324249268,True,detected,8639,0.9691496522324433,345,0.03870316356293471,345,1.0,8639,0.9691496522324433,1,375,0.8083600679373467,0.8357233440639937,0.961072470271483,G4W
170,5901,29.750000774860382,True,detected,5821,0.9864429757668192,536,0.09083206236231148,536,1.0,5821,0.9864429757668192,1,69,0.8360606060606061,0.8875663503297411,0.9350957464836468,G4W
171,46191,21.480000495910645,True,detected,46032,0.9965577709943495,1325,0.02868524171375376,1325,1.0,46032,0.9965577709943495,2,400,0.8976217915138817,0.9654294278051968,0.9274317507739603,G4W
172,64880,30.690000534057617,True,detected,64545,0.9948366214549939,1000,0.015413070283600493,1000,1.0,64545,0.9948366214549939,1,37,0.829940719486777,0.8719410752627014,0.9451448828606659,G4W
173,4842,9.389999389648438,False,undersegmentation,4842,1.0,509,0.10512185047501033,507,0.9960707269155207,4842,1.0,1,533,0.31173770491803277,0.3135470254583828,0.9818256918628666,G4W
174,8887,11.459999084472656,True,detected,8859,0.9968493304827276,595,0.06695172724203893,595,1.0,8859,0.9968493304827276,1,257,0.8399574509235084,0.8566074950690336,0.9773826938224373,G4W
175,1960,37.67000126838684,False,base_seed_support_failure,1956,0.9979591836734694,6,0.003061224489795918,0,0.0,1956,0.9979591836734694,1,101,0.24021989261058552,0.2427334969642165,0.9586734693877551,G4W
176,2473,27.65999937057495,False,undersegmentation,2469,0.9983825313384553,183,0.07399919126566923,183,1.0,2469,0.9983825313384553,1,33,0.4080754592090022,0.4085487077534791,0.9971694298422968,G4W
177,15063,23.40999984741211,True,detected,15060,0.9998008364867557,423,0.02808205536745668,420,0.9929078014184397,15060,0.9998008364867557,1,449,0.8971588874298675,0.8988757325678747,0.99787558919206,G4W
178,6479,32.56999969482422,True,detected,6446,0.9949066213921901,446,0.06883778360858157,446,1.0,6446,0.9949066213921901,1,206,0.8659455018485553,0.8847229994404029,0.9760765550239234,G4W
179,85273,38.559998512268066,True,detected,84851,0.9950511885356443,1077,0.012630023571353184,1077,1.0,84851,0.9950511885356443,2,31,0.9027408467989364,0.9667891739278587,0.9316313487270297,G4W
180,31016,34.58000123500824,True,detected,29659,0.956248387928811,707,0.022794686613360846,707,1.0,29659,0.956248387928811,1,274,0.8153081266879451,0.944266723537357,0.8565256641733299,G4W
181,165389,38.54999899864197,True,detected,165336,0.9996795433795476,1934,0.011693643470847517,1934,1.0,165336,0.9996795433795476,1,201,0.742418453710654,0.7431366020893884,0.9987000344642025,G4W
182,83793,35.040000438690186,True,detected,83534,0.9969090496819544,1361,0.016242406883629896,1361,1.0,83534,0.9969090496819544,1,189,0.8206213993795854,0.8243802061692487,0.9944744787750767,G4W
183,10410,12.639999687671661,True,detected,9888,0.9498559077809798,346,0.033237271853986554,346,1.0,9888,0.9498559077809798,1,271,0.9339756304902238,0.982414307004471,0.9498559077809798,G4W
184,50886,35.89000082015991,True,detected,50689,0.996128601186967,1348,0.026490586801870847,1348,1.0,50689,0.996128601186967,1,383,0.8910366273830769,0.8982739887070056,0.9910387925952129,G4W
185,47689,35.14000045508146,True,detected,47322,0.9923043049759903,978,0.02050787393319214,978,1.0,47322,0.9923043049759903,2,361,0.8675211981932007,0.940162315355548,0.91822013462224,G4W
186,1319,14.260000228881836,True,detected,1098,0.8324488248673237,295,0.22365428354814254,278,0.9423728813559322,1098,0.8324488248673237,2,532,0.5690140845070423,0.6889495225102319,0.7657316148597423,G4W
187,43609,35.99000024795532,True,detected,43508,0.9976839643192918,2415,0.05537847691990185,2415,1.0,43508,0.9976839643192918,1,399,0.9527168949771689,0.9954437022900763,0.956889632873948,G4W
188,49772,37.38000130653381,True,detected,49678,0.998111387928956,1514,0.030418709314474,1514,1.0,49678,0.998111387928956,2,64,0.8113543335113009,0.9808988764044944,0.8243791690106888,G4W
189,43460,37.36000180244446,True,detected,43412,0.9988955361251726,1427,0.03283479061205707,1426,0.9992992291520673,43412,0.9988955361251726,3,617,0.571459244222361,0.7902237577262544,0.6736539346525541,G4W
190,9544,16.330000400543213,True,detected,9347,0.9793587594300084,550,0.05762782900251467,550,1.0,9347,0.9793587594300084,1,431,0.9517615731257681,0.9768737517081888,0.9737007544006706,G4W
191,44038,37.380000591278076,True,detected,43769,0.9938916390390118,1246,0.028293746310004995,1246,1.0,43769,0.9938916390390118,1,183,0.989101433545878,0.9957206592005827,0.9933239474998865,G4W
192,6843,25.899999618530273,True,detected,6832,0.9983925179015052,472,0.06897559549905012,471,0.9978813559322034,6832,0.9983925179015052,1,207,0.9714163212805488,0.9778449144008057,0.9932778021335672,G4W
193,19383,35.81000089645386,True,detected,19294,0.9954083475210236,1071,0.0552546045503792,1071,1.0,19294,0.9954083475210236,1,354,0.9045668646323981,0.9916372004265589,0.911520404478151,G4W
194,39799,34.68000030517578,True,detected,39741,0.9985426769516822,1160,0.02914646096635594,1160,1.0,39741,0.9985426769516822,1,522,0.9096328032225767,0.925427583266215,0.9815824518203975,G4W
195,19548,36.62999954819679,True,detected,19440,0.994475138121547,865,0.044250051156128505,865,1.0,19440,0.994475138121547,3,264,0.8377398938342181,0.9973263656802577,0.8396255371393493,G4W
196,9545,31.930001735687256,True,detected,9479,0.9930853850183342,743,0.07784180199057097,743,1.0,9479,0.9930853850183342,2,567,0.8669216831085163,0.9567825797133652,0.9022524882137245,G4W
197,53553,35.02000045776367,True,detected,53470,0.998450133512595,1034,0.01930797527682856,1029,0.995164410058027,53470,0.998450133512595,2,319,0.8877490735270422,0.9555992368618835,0.9259425242283346,G4W
198,41522,36.110000133514404,True,detected,41458,0.9984586484273398,1018,0.024517123452627524,1018,1.0,41458,0.9984586484273398,2,222,0.8485076204119014,0.9714731266636195,0.8701892972400174,G4W
199,20691,34.86000061035156,True,detected,20633,0.9971968488714901,719,0.03474940795514958,719,1.0,20633,0.9971968488714901,2,185,0.7930824103623052,0.9647750627997259,0.8167319124256923,G4W
200,30159,33.329999923706055,True,detected,30019,0.9953579362710965,1037,0.03438442919194933,1037,1.0,30019,0.9953579362710965,1,371,0.9275548147198359,0.9654021953091115,0.9594482575682217,G4W
201,81052,37.02000045776367,True,detected,80980,0.9991116813897251,1183,0.014595568277155406,1183,1.0,80980,0.9991116813897251,1,77,0.8722034801136364,0.8966414164461075,0.9696984651828455,G4W
202,8150,20.22999906539917,True,detected,8020,0.9840490797546012,513,0.06294478527607363,513,1.0,8020,0.9840490797546012,1,496,0.9451825254338719,0.9746976055294989,0.968957055214724,G4W
203,24841,34.81999921798706,True,detected,24745,0.9961354212793366,936,0.03767964252646834,936,1.0,24745,0.9961354212793366,1,247,0.760676772124033,0.7766254615508107,0.9737128134938207,G4W
204,18557,25.059999227523804,True,detected,18506,0.997251710944657,448,0.024141833270463976,447,0.9977678571428571,18506,0.997251710944657,2,513,0.6768825405630287,0.8264010384333201,0.7890822870075982,G4W
205,12423,32.47999906539917,True,detected,12364,0.9952507445866537,783,0.06302825404491669,783,1.0,12364,0.9952507445866537,1,564,0.8218329416791283,0.8769090494643265,0.9290026563631973,G4W
206,6674,16.639999866485596,True,detected,6562,0.9832184596943362,628,0.09409649385675757,628,1.0,6562,0.9832184596943362,1,432,0.7446364374347675,0.7671445639187575,0.9620916991309559,G4W
207,30588,34.9399995803833,True,detected,30586,0.9999346148816529,1401,0.04580227540211848,1401,1.0,30586,0.9999346148816529,1,279,0.9466414750146589,0.9962290023997258,0.9500457695828429,G4W
208,9945,25.619999408721924,True,detected,9860,0.9914529914529915,558,0.056108597285067875,558,1.0,9860,0.9914529914529915,1,391,0.8720564400800839,0.9438654421628315,0.9197586726998491,G4W
209,48320,30.67999991774559,True,detected,48219,0.9979097682119206,664,0.013741721854304636,664,1.0,48219,0.9979097682119206,2,210,0.899700933818892,0.9815118963068182,0.9152110927152318,G4W
210,19808,31.97000026702881,True,detected,19742,0.996668012924071,843,0.04255856219709209,837,0.9928825622775801,19742,0.996668012924071,2,523,0.8383525659067455,0.9220926632958415,0.9022617124394184,G4W
211,24651,22.3800006210804,True,detected,24395,0.989615025759604,626,0.025394507322218166,626,1.0,24395,0.989615025759604,2,209,0.7504784060635623,0.9090950411344939,0.8113666788365583,G4W
212,4861,17.42000102996826,True,detected,4647,0.955976136597408,569,0.11705410409380786,569,1.0,4647,0.955976136597408,1,487,0.9046558704453441,0.9826297273526825,0.9193581567578688,G4W
213,23830,33.8700008392334,True,detected,23759,0.9970205623164079,935,0.03923625681913554,935,1.0,23759,0.9970205623164079,1,437,0.9112537913105132,0.9369405856384918,0.97079311791859,G4W
214,5013,20.559999465942383,True,detected,4908,0.9790544584081389,501,0.09994015559545183,500,0.998003992015968,4908,0.9790544584081389,2,528,0.5857067510548524,0.6333951233423641,0.8860961500099741,G4W
215,4837,22.770000457763672,True,detected,4747,0.9813934256770726,472,0.09758114533801944,472,1.0,4747,0.9813934256770726,1,568,0.8896189224704336,0.9062918340026773,0.9797395079594791,G4W
216,20491,25.13999903202057,True,detected,20482,0.9995607827826851,594,0.028988336342784637,594,1.0,20482,0.9995607827826851,2,254,0.683131876646521,0.7681885510150737,0.8605241325459958,G4W
217,31054,34.79000151157379,True,detected,31043,0.9996457783216333,734,0.023636246538288143,729,0.9931880108991825,31043,0.9996457783216333,1,396,0.8328040300060231,0.8475383800952885,0.9795517485670123,G4W
218,24208,27.100000381469727,True,detected,24161,0.9980584930601454,594,0.02453734302709848,593,0.9983164983164983,24161,0.9980584930601454,2,288,0.648422307258014,0.729283522065827,0.8539738929279577,G4W
219,35508,21.139999866485596,True,detected,35238,0.9923960797566745,1454,0.04094851864368593,1454,1.0,35238,0.9923960797566745,2,246,0.8193323317460721,0.8952948050863964,0.9061619916638504,G4W
220,31641,35.90000009536743,True,detected,31611,0.99905186308903,912,0.0288233620934863,912,1.0,31611,0.99905186308903,1,40,0.9941144997324772,0.995838325241188,0.9982617489965551,G4W
221,8625,34.819998264312744,True,detected,8537,0.9897971014492754,569,0.06597101449275362,569,1.0,8537,0.9897971014492754,1,497,0.8390630083505043,0.9284771390855634,0.8970434782608696,G4W
222,23996,34.84999942779541,True,detected,23995,0.9999583263877313,991,0.04129854975829305,991,1.0,23995,0.9999583263877313,2,20,0.7464185914895122,0.8315403712022698,0.879396566094349,G4W
223,36874,33.11000061035156,False,fragmentation,36867,0.9998101643434398,492,0.013342734718229646,492,1.0,36867,0.9998101643434398,2,202,0.40318370933147274,0.8953802008608321,0.42311655909312795,G4W
224,18305,18.649999618530273,True,detected,18239,0.9963944277519803,969,0.0529363561868342,969,1.0,18239,0.9963944277519803,1,488,0.9253315091559672,0.9617698534237584,0.9606664845670582,G4W
225,25308,34.10000038146973,True,detected,25279,0.9988541172751699,1118,0.04417575470207049,1117,0.9991055456171736,25279,0.9988541172751699,1,458,0.9519362275800086,0.9885164745982795,0.9625810020546862,G4W
226,5754,16.78999948501587,True,detected,5690,0.9888773027459159,393,0.06830031282586027,391,0.9949109414758269,5690,0.9888773027459159,1,414,0.8578470345046907,0.9097807757166948,0.9376086200903719,G4W
227,33418,34.64000082015991,True,detected,33415,0.9999102280208271,944,0.028248249446406127,943,0.9989406779661016,33415,0.9999102280208271,2,248,0.8894041678896389,0.978936486399173,0.9067568376324137,G4W
228,20393,20.09000074863434,True,detected,20147,0.9879370372186534,810,0.03971951159711666,810,1.0,20147,0.9879370372186534,2,188,0.8521185402890031,0.9987369387989437,0.8530378070906683,G4W
229,18701,27.160000801086426,True,detected,18668,0.9982353884818994,829,0.04432918025774023,829,1.0,18668,0.9982353884818994,2,266,0.885941781707254,0.9639943741209565,0.9162611625046789,G4W
230,25654,28.509999752044678,True,detected,25650,0.9998440788960786,681,0.026545567942621032,681,1.0,25650,0.9998440788960786,1,498,0.9508038709179936,0.9886545862732521,0.9612925859515086,G4W
231,8054,36.57000017166138,True,detected,8054,1.0,521,0.0646883536131115,521,1.0,8054,1.0,1,92,0.6112284692882678,0.6387874670968837,0.9340700273156196,G4W
232,2487,24.390000343322754,False,base_seed_support_failure,2487,1.0,0,0.0,0,0.0,2487,1.0,2,10,0.11445190889726364,0.12567470313062254,0.5617209489344592,G4W
233,24051,23.65000057220459,True,detected,23974,0.9967984699180907,969,0.0402893850567544,969,1.0,23974,0.9967984699180907,1,459,0.9687664360561556,0.9729389297468611,0.9955926988482807,G4W
234,2614,22.579999923706055,True,detected,2512,0.9609793420045907,423,0.16182096403978577,423,1.0,2512,0.9609793420045907,1,508,0.8599315068493151,0.8913738019169329,0.9605967865340475,G4W
235,14336,32.32000017166138,True,detected,14281,0.9961635044642857,844,0.058872767857142856,844,1.0,14281,0.9961635044642857,1,273,0.9173087506879471,0.9852224028372987,0.9301060267857143,G4W
236,5610,11.98999959230423,True,detected,5496,0.9796791443850268,457,0.08146167557932264,450,0.9846827133479212,5496,0.9796791443850268,2,514,0.7293682413204325,0.7833129584352079,0.9137254901960784,G4W
237,16821,23.90999984741211,True,detected,16691,0.9922715653052732,1034,0.061470780571904166,1034,1.0,16691,0.9922715653052732,2,381,0.7626721359507764,0.9815974055358624,0.7737352119374591,G4W
238,32575,24.610000610351562,True,detected,32525,0.9984650805832693,989,0.030360706062931696,989,1.0,32525,0.9984650805832693,1,182,0.9966257668711657,0.9992311240965708,0.9973906369915579,G4W
239,2752,17.390000343322754,True,detected,2718,0.9876453488372093,345,0.12536337209302326,345,1.0,2718,0.9876453488372093,1,326,0.9179206566347469,0.9397759103641457,0.9752906976744186,G4W
240,4275,12.37000036239624,True,detected,4202,0.9829239766081871,614,0.14362573099415205,614,1.0,4202,0.9829239766081871,2,395,0.8183477863989046,0.9710262659084755,0.8388304093567251,G4W
241,15406,18.039999097585678,True,detected,15392,0.9990912631442295,529,0.034337271193041675,529,1.0,15392,0.9990912631442295,2,275,0.7767688022284123,0.8456966094498696,0.9050369985719849,G4W
242,18614,30.109999179840088,True,detected,18610,0.9997851079832384,657,0.03529601375308907,655,0.9969558599695586,18610,0.9997851079832384,2,427,0.9031946826758147,0.9975136159128581,0.9052326206081444,G4W
243,3028,19.9399995803833,True,detected,3017,0.9963672391017173,265,0.08751651254953764,265,1.0,3017,0.9963672391017173,1,559,0.6447958965590939,0.6463153384747216,0.9963672391017173,G4W
244,15323,21.24000096321106,True,detected,15258,0.9957580108333877,681,0.04444299419173791,681,1.0,15258,0.9957580108333877,1,426,0.7596914856077028,0.7695057189542484,0.9834888729361091,G4W
245,19335,29.53000020980835,True,detected,19196,0.9928109645720197,853,0.04411688647530385,853,1.0,19196,0.9928109645720197,3,159,0.5450143077261721,0.7855329949238579,0.6402896302042927,G4W
246,7796,18.009999632835388,True,detected,7736,0.9923037455105183,322,0.041303232426885585,322,1.0,7736,0.9923037455105183,1,332,0.9714033761652809,0.9819177384439068,0.9890969728065675,G4W
247,6890,15.000000357627869,True,detected,6827,0.9908563134978229,568,0.08243831640058055,568,1.0,6827,0.9908563134978229,2,328,0.5856760374832664,0.8829465186680121,0.634978229317852,G4W
248,16618,16.200000286102295,True,detected,16384,0.9859188831387652,585,0.03520279215308701,585,1.0,16384,0.9859188831387652,2,249,0.8218652176481012,0.9780011245431544,0.8373450475388133,G4W
249,18752,21.369999885559082,True,detected,18654,0.9947738907849829,1011,0.05391424914675768,1011,1.0,18654,0.9947738907849829,1,499,0.9718007743015591,0.9808839837355442,0.9905610068259386,G4W
250,20507,38.420000076293945,True,detected,20472,0.9982932657141463,777,0.03788950114595016,774,0.9961389961389961,20472,0.9982932657141463,1,450,0.9360259715458799,0.9780992766275879,0.9560637830984542,G4W
251,1378,25.149999618530273,False,base_seed_support_failure,1378,1.0,0,0.0,0,0.0,1378,1.0,1,92,0.117007726925363,0.117007726925363,1.0,G4W
252,3360,19.110000133514404,True,detected,3334,0.9922619047619048,255,0.07589285714285714,255,1.0,3334,0.9922619047619048,1,557,0.5648962363700316,0.5799927771758757,0.955952380952381,G4W
253,20061,23.230000495910645,True,detected,20060,0.9999501520362893,796,0.0396789791137032,796,1.0,20060,0.9999501520362893,3,280,0.5959108546413292,0.9965890183028286,0.5971287572902647,G4W
254,3368,16.700000286102295,True,detected,3284,0.9750593824228029,350,0.10391923990498812,350,1.0,3284,0.9750593824228029,1,512,0.7889324191968659,0.8181818181818182,0.9566508313539193,G4W
255,4284,22.15999984741211,True,detected,4281,0.9992997198879552,202,0.04715219421101774,202,1.0,4281,0.9992997198879552,1,558,0.5660101144530211,0.5683549378591474,0.9927637721755369,G4W
256,11661,20.550000190734863,True,detected,11520,0.9879084126575766,541,0.04639396278192265,541,1.0,11520,0.9879084126575766,1,54,0.9824322019443971,0.9943892965041001,0.9879084126575766,G4W
257,7536,13.959999561309814,True,detected,7532,0.9994692144373672,227,0.03012208067940552,227,1.0,7532,0.9994692144373672,1,78,0.8632351255302075,0.8638292990707812,0.9992038216560509,G4W
258,6348,12.630000114440918,True,detected,6343,0.9992123503465659,502,0.0790800252047889,502,1.0,6343,0.9992123503465659,1,91,0.9414213499851323,0.9436661698956781,0.9974795211090107,G4W
259,1388,19.420000076293945,False,base_seed_support_failure,1388,1.0,10,0.007204610951008645,10,1.0,1388,1.0,1,92,0.11785683960261527,0.11785683960261527,1.0,G4W
260,31634,38.910000801086426,True,detected,31523,0.9964911171524309,1280,0.04046279319719289,1280,1.0,31523,0.9964911171524309,1,225,0.9604388905821396,0.9640234948604993,0.9961433900233926,G4W
261,1089,11.709999799728394,False,base_seed_support_failure,1089,1.0,2,0.0018365472910927456,0,0.0,1089,1.0,2,48,0.19200908918765386,0.19477525931617365,0.931129476584022,G4W
262,29940,37.500000953674316,True,detected,29911,0.9990313961255844,888,0.02965931863727455,888,1.0,29911,0.9990313961255844,1,81,0.9529603653563856,0.976109329056402,0.9757181028724115,G4W
263,1024,18.68000054359436,False,base_seed_support_failure,1024,1.0,0,0.0,0,0.0,1024,1.0,1,92,0.08262855209742896,0.0829583085675469,0.9541015625,G4W
264,37544,37.07000148296356,True,detected,37382,0.9956850628595781,1108,0.029512039207330067,1108,1.0,37382,0.9956850628595781,3,226,0.7058541904939224,0.9980068444210447,0.706850628595781,G4W
265,40035,34.549999713897705,True,detected,39782,0.9936805295366554,1239,0.030947920569501686,1239,1.0,39782,0.9936805295366554,2,318,0.7537407063197026,0.915223156350505,0.8103159735231672,G4W
266,22981,35.40999913215637,True,detected,22745,0.9897306470562639,998,0.04342717897393499,998,1.0,22745,0.9897306470562639,2,411,0.8117407150295036,0.9964316148274392,0.8141073060354206,G4W
267,7971,25.630000591278076,True,detected,7851,0.984945427173504,434,0.05444737172249404,434,1.0,7851,0.984945427173504,2,345,0.8039029033793431,0.9397690916678259,0.8475724501317276,G4W
268,7134,13.119999885559082,True,detected,6883,0.9648163723016541,401,0.05620970002803476,401,1.0,6883,0.9648163723016541,1,412,0.8101742816768723,0.8351541636319495,0.9643958508550603,G4W
269,13437,35.000001549720764,True,detected,12949,0.9636823695765424,918,0.06831882116543872,918,1.0,12949,0.9636823695765424,2,187,0.8135405105438401,0.9929558385261447,0.8182630051350748,G4W
270,35166,32.539999544620514,True,detected,34283,0.9748905192515498,696,0.019791844395154412,696,1.0,34283,0.9748905192515498,1,286,0.8628110634582296,0.8990366604227991,0.9553830404367856,G4W
271,12866,30.339998245239258,True,detected,12524,0.9734183118296285,601,0.04671226488419089,601,1.0,12524,0.9734183118296285,1,415,0.8264889855860756,0.8684097728246892,0.9448157935644333,G4W
272,99935,36.719998598098755,True,detected,99781,0.9984589983489268,2035,0.020363236103467255,2035,1.0,99781,0.9984589983489268,1,130,0.735169087287353,0.755986155910814,0.9638965327462851,G4W
273,54562,36.62999963760376,True,detected,54235,0.9940068179318939,1163,0.021315201055679776,1163,1.0,54235,0.9940068179318939,1,291,0.8890045674368618,0.9138645308292481,0.9703090062680987,G4W
274,38742,39.65000009536743,True,detected,38562,0.9953538795106086,1185,0.03058695988849311,1179,0.9949367088607595,38562,0.9953538795106086,3,287,0.755155170636148,0.9981601989710742,0.7562077332094368,G4W
275,7538,33.14000153541565,True,detected,7323,0.9714778455823826,758,0.10055717697001858,758,1.0,7323,0.9714778455823826,2,324,0.8530617643168893,0.9964467789278542,0.8556646325285222,G4W
276,69755,37.46999907493591,True,detected,69594,0.9976919217260412,1084,0.015540104651996272,1078,0.9944649446494465,69594,0.9976919217260412,2,269,0.8475758067131507,0.9365565227778359,0.8992043581105297,G4W
277,17566,24.670000791549683,True,detected,17379,0.9893544347034043,376,0.021404986906523968,376,1.0,17379,0.9893544347034043,1,104,0.9519531472110081,0.9987472409473245,0.9530911989069794,G4W
278,14728,33.159998416900635,True,detected,14294,0.970532319391635,979,0.06647202607278653,977,0.9979570990806946,14294,0.970532319391635,1,495,0.870110748351578,0.9383500172592337,0.9228680065181967,G4W
279,12088,34.60000038146973,True,detected,11901,0.9845301125082727,958,0.07925215089344805,947,0.988517745302714,11901,0.9845301125082727,2,572,0.810890068954585,0.9508364312267658,0.8463765718067505,G4W
280,13500,30.89000129699707,True,detected,13305,0.9855555555555555,814,0.0602962962962963,814,1.0,13305,0.9855555555555555,1,410,0.9552584026020962,0.9752785772267729,0.9789629629629629,G4W
281,33814,35.669999837875366,True,detected,33400,0.9877565505411959,933,0.027592121606435205,933,1.0,33400,0.9877565505411959,3,170,0.7831054947001683,0.9979306193092031,0.7843792511977288,G4W
282,14605,35.780001521110535,True,detected,14362,0.9833618623758986,885,0.06059568640876412,885,1.0,14362,0.9833618623758986,3,327,0.8316350953976612,0.9985220461450037,0.8326600479287916,G4W
283,7782,31.019999980926514,True,detected,7606,0.9773837059881778,652,0.08378308918015934,652,1.0,7606,0.9773837059881778,2,486,0.7750937568938893,0.8455059559619781,0.9029812387561038,G4W
284,49789,35.90999889373779,True,detected,49338,0.9909417742874932,1080,0.021691538291590512,1080,1.0,49338,0.9909417742874932,1,223,0.8617327680280505,0.8874355195283714,0.9674827773202916,G4W
285,21102,36.169999837875366,True,detected,20958,0.993176002274666,954,0.045208984930338356,953,0.9989517819706499,20958,0.993176002274666,1,394,0.8909425244000189,0.9943693101089301,0.8954601459577292,G4W
286,8732,12.900000095367432,True,detected,8627,0.9879752633989922,415,0.047526339899221254,415,1.0,8627,0.9879752633989922,1,129,0.9701979307242465,0.9817912825765335,0.9879752633989922,G4W
287,48553,26.81000053882599,True,detected,48360,0.9960249624122094,1113,0.02292340329124874,1113,1.0,48360,0.9960249624122094,2,393,0.7944221979533228,0.9777716931348633,0.8090334273886268,G4W
288,5308,23.730000495910645,True,detected,5156,0.9713639788997739,430,0.08100979653353428,430,1.0,5156,0.9713639788997739,1,476,0.8507385778083133,0.9059813426010609,0.9331198191409193,G4W
289,30383,35.77999925613403,True,detected,29002,0.9545469505973735,1094,0.03600697758615015,1094,1.0,29002,0.9545469505973735,1,203,0.9366343715456141,0.9871504934210527,0.9481947141493599,G4W
290,4365,26.299999237060547,True,detected,4288,0.9823596792668957,813,0.18625429553264605,813,1.0,4288,0.9823596792668957,1,506,0.8326856207813459,0.8859630032644178,0.9326460481099657,G4W
291,19763,35.480000495910645,True,detected,19691,0.9963568284167383,1148,0.058088346910894095,1148,1.0,19691,0.9963568284167383,2,278,0.8766725131545978,0.9891439556711523,0.8851894955219349,G4W
292,42093,37.09000167250633,True,detected,42067,0.9993823201007294,469,0.011141995106074644,469,1.0,42067,0.9993823201007294,1,83,0.5184191171726816,0.5315534622813749,0.9545054997267954,G4W
293,14922,34.72000026702881,True,detected,14723,0.9866639860608497,827,0.05542152526470982,827,1.0,14723,0.9866639860608497,2,390,0.863937387116195,0.997913769123783,0.8655006031363088,G4W
294,22946,39.23000144958496,True,detected,22926,0.9991283883901334,888,0.03869955547807897,888,1.0,22926,0.9991283883901334,1,113,0.9531835995111879,0.966460158085879,0.9857927307591737,G4W
295,12991,17.130000114440918,True,detected,12787,0.984296820875991,788,0.060657378184897234,788,1.0,12787,0.984296820875991,1,268,0.83915117163199,0.8915981198589894,0.9344931106150411,G4W
296,13601,29.93000066280365,True,detected,12175,0.8951547680317624,578,0.04249687522976252,578,1.0,12175,0.8951547680317624,1,455,0.5064059900166389,0.5383628886039004,0.8950812440261745,G4W
297,37972,27.12999987602234,True,detected,37343,0.9834351627515011,614,0.01616980933319288,614,1.0,37343,0.9834351627515011,2,119,0.7649581222729325,0.9411928049119126,0.8033551037606658,G4W
298,12994,19.910000324249268,True,detected,12948,0.9964599045713406,780,0.06002770509465907,780,1.0,12948,0.9964599045713406,1,480,0.9746208368264614,0.9901664730933024,0.9841465291673079,G4W
299,19030,26.28999948501587,False,fragmentation,18945,0.9955333683657384,598,0.03142406726221755,598,1.0,18945,0.9955333683657384,2,8,0.3514056224899598,0.6996890270990671,0.4138202837624803,G4W
300,18246,22.779999315738678,True,detected,18011,0.9871204647593993,603,0.033048339362051954,603,1.0,18011,0.9871204647593993,2,348,0.8223041761894868,0.9402506384747876,0.867642222952976,G4W
301,27344,39.35000038146973,True,detected,27303,0.9985005851375073,1044,0.03818022235225278,1044,1.0,27303,0.9985005851375073,1,27,0.9091193765004697,0.9492479837244787,0.9555661205383265,G4W
302,59312,38.360000133514404,True,detected,58724,0.9900863231723765,1500,0.02528999190720259,1500,1.0,58724,0.9900863231723765,1,448,0.9534251065224516,0.9714791437063754,0.9808807661181549,G4W
303,12965,31.220001697540283,True,detected,12757,0.9839568067875049,729,0.05622830698033166,729,1.0,12757,0.9839568067875049,1,430,0.9451499388004896,0.991413898250682,0.9529502506748939,G4W
304,7708,33.79999828338623,True,detected,7546,0.9789828749351324,755,0.09795018162947587,755,1.0,7546,0.9789828749351324,1,392,0.9325304325304326,0.9980595980595981,0.9342241826673586,G4W
305,12295,34.2400016784668,True,detected,12083,0.9827572183814559,724,0.05888572590483936,724,1.0,12083,0.9827572183814559,1,360,0.8681662446000298,0.9115507937749276,0.9480276535176901,G4W
306,67166,39.39999866485596,True,detected,66571,0.9911413512789209,1500,0.02233272786826668,1500,1.0,66571,0.9911413512789209,1,7,0.7406523379006744,0.7523588412228233,0.9794241133907037,G4W
307,14477,35.170000076293945,True,detected,14449,0.9980658976307246,879,0.06071699937832424,879,1.0,14449,0.9980658976307246,2,453,0.783274899363719,0.928785895757949,0.8333218208192305,G4W
308,5324,12.089999198913574,True,detected,5075,0.9532306536438768,459,0.08621337340345604,459,1.0,5075,0.9532306536438768,1,409,0.9466019417475728,0.9937279498235986,0.9522915101427498,G4W
309,22259,29.080000638961792,True,detected,21633,0.9718765443191518,682,0.030639291971786692,682,1.0,21633,0.9718765443191518,1,358,0.9071938495332235,0.9382262996941896,0.9648232175749135,G4W
310,6332,33.63000154495239,True,detected,6332,1.0,671,0.10596967782691093,671,1.0,6332,1.0,2,529,0.616313725490196,0.9891742195367573,0.6204990524320909,G4W
311,22797,34.15000057220459,True,detected,22719,0.9965784971706804,985,0.04320743957538273,985,1.0,22719,0.9965784971706804,1,413,0.9469768641954073,0.9796690096983718,0.9659604333903584,G4W
312,8424,33.390000343322754,True,detected,8196,0.9729344729344729,712,0.08452041785375118,712,1.0,8196,0.9729344729344729,1,325,0.9249704142011834,0.996684519255292,0.9278252611585945,G4W
313,6021,17.850000381469727,True,detected,6018,0.9995017438963627,293,0.04866301278857332,289,0.9863481228668942,6018,0.9995017438963627,2,571,0.8356750152718387,0.9121520253375562,0.9088191330343797,G4W
314,7261,10.580000042915344,False,undersegmentation,7169,0.9873295689298994,568,0.07822613965018592,568,1.0,7169,0.9873295689298994,1,617,0.19302118952101452,0.1935004993387136,0.9873295689298994,G4W
315,57461,36.88999891281128,True,detected,57441,0.9996519378360975,963,0.016759193191904075,963,1.0,57441,0.9996519378360975,1,87,0.9096818561393742,0.9389545201034325,0.9668644819964846,G4W
316,8174,15.139999628067017,True,detected,8109,0.9920479569366283,407,0.04979202348911182,407,1.0,8109,0.9920479569366283,1,454,0.6440094996314798,0.6607848079993278,0.9620748715439198,G4W
317,45094,37.99999976158142,False,fragmentation,44736,0.9920610280746884,1078,0.02390561937286557,1078,1.0,44736,0.9920610280746884,2,253,0.4775717439293598,0.9905677655677656,0.47975340400053224,G4W
318,29280,33.540000677108765,True,detected,29093,0.993613387978142,1027,0.03507513661202186,1027,1.0,29093,0.993613387978142,1,272,0.949133446001922,0.9696333660584312,0.9782103825136612,G4W
319,6966,35.13999938964844,True,detected,6684,0.9595176571920758,913,0.13106517370083262,913,1.0,6684,0.9595176571920758,1,359,0.8818972546887741,0.943031536113937,0.9315245478036176,G4W
320,27079,35.79999923706055,True,detected,26575,0.9813877912773736,681,0.025148639166882085,681,1.0,26575,0.9813877912773736,1,298,0.9216835749640186,0.9491035280508965,0.969607444883489,G4W
321,9843,32.81999850273132,True,detected,9769,0.9924819668800162,682,0.06928781875444479,682,1.0,9769,0.9924819668800162,1,263,0.9252648658967262,0.9386134779240899,0.9848623387178705,G4W
322,44838,35.980000495910645,True,detected,44703,0.9969891609795263,1230,0.02743208885320487,1225,0.9959349593495935,44703,0.9969891609795263,1,321,0.8735843281297827,0.9112970176895077,0.9547705071591062,G4W
323,59548,35.829999923706055,True,detected,59328,0.996305501444213,1554,0.026096594344058574,1554,1.0,59328,0.996305501444213,1,340,0.9635901778154107,0.9694626474442988,0.9937529388056694,G4W
324,44753,33.78999996185303,True,detected,44604,0.9966706142604965,1086,0.02426652961812616,1086,1.0,44604,0.9966706142604965,1,124,0.9771094253998621,0.995467319372677,0.981476102160749,G4W
325,62139,35.66000032424927,True,detected,62118,0.9996620479891856,1799,0.028951222259772445,1799,1.0,62118,0.9996620479891856,1,460,0.9517140885037196,0.9530589988172588,0.9985194483335748,G4W
326,41998,32.65000057220459,True,detected,41902,0.9977141768655651,1194,0.028429925234534976,1191,0.9974874371859297,41902,0.9977141768655651,1,576,0.9568406007638417,0.9835974757936317,0.9723558264679271,G4W
327,62861,36.86000061035156,True,detected,62798,0.9989977887720526,1813,0.028841412004263375,1813,1.0,62798,0.9989977887720526,2,466,0.6671062593108165,0.7416276386343582,0.8690921238923975,G4W
328,30543,36.59000015258789,True,detected,30386,0.9948597059882788,946,0.030972726975084307,946,1.0,30386,0.9948597059882788,1,138,0.8862457687649452,0.9450920651741953,0.9343548439904397,G4W
329,60459,34.13999938964844,True,detected,60366,0.9984617674787872,1866,0.030863891232074628,1866,1.0,60366,0.9984617674787872,1,337,0.9275591038494864,0.9349219468833336,0.9915810714699218,G4W
330,37814,35.000000953674316,True,detected,37743,0.9981223885333474,1206,0.03189294970116888,1197,0.9925373134328358,37743,0.9981223885333474,2,500,0.892033379982377,0.9780631961809502,0.9102448828476226,G4W
331,55973,34.86000061035156,True,detected,55898,0.9986600682471906,1202,0.021474639558358495,1202,1.0,55898,0.9986600682471906,1,438,0.977244663961898,0.9872231231177718,0.9897629214085363,G4W
332,26174,35.72999954223633,True,detected,26026,0.9943455337357683,1132,0.04324902575074501,1132,1.0,26026,0.9943455337357683,1,366,0.9435999698999172,0.984146293607503,0.9581645908153129,G4W
333,48674,36.15999937057495,True,detected,48661,0.9997329169577187,1615,0.03317993179109997,1615,1.0,48661,0.9997329169577187,1,352,0.8825061469811493,0.8860565054402487,0.9954801331306241,G4W
334,38847,35.27999973297119,True,detected,38802,0.9988416093906866,1541,0.03966844286560095,1541,1.0,38802,0.9988416093906866,1,461,0.9550935858548495,0.9578572488499777,0.996988184415785,G4W
335,36328,35.67000102996826,True,detected,36261,0.9981556925787272,1017,0.02799493503633561,1017,1.0,36261,0.9981556925787272,1,439,0.9564351640072115,0.9770471975590314,0.978418850473464,G4W
336,21637,34.279998779296875,True,detected,21573,0.9970421038036696,1067,0.04931367564819522,1067,1.0,21573,0.9970421038036696,1,481,0.8599353999748311,0.9030041406043521,0.9474511253870684,G4W
337,47187,36.37999963760376,True,detected,47144,0.9990887320660351,1294,0.027422807129082162,1294,1.0,47144,0.9990887320660351,1,307,0.9771833533110424,0.9921851646239911,0.9847627524530062,G4W
338,7811,37.82999849319458,True,detected,7779,0.9959032134169761,713,0.09128152605300217,713,1.0,7779,0.9959032134169761,1,42,0.9822762374984175,0.9887855231298586,0.9933427218025861,G4W
339,73584,36.380000591278076,True,detected,73559,0.9996602522287453,1420,0.019297673407262447,1420,1.0,73559,0.9996602522287453,1,3,0.870694893420509,0.8916961218698661,0.9736627527723418,G4W
340,31322,33.640000343322754,True,detected,31273,0.9984356043675372,1162,0.03709852499840368,1162,1.0,31273,0.9984356043675372,1,292,0.667634284701294,0.6857630590645272,0.9619117553157525,G4W
341,33884,33.97999954223633,True,detected,33868,0.9995278007319088,1161,0.03426395939086294,1161,1.0,33868,0.9995278007319088,1,462,0.956581079928346,0.9632089787270594,0.9928579860701215,G4W
342,55137,33.78000068664551,True,detected,55064,0.9986760251736584,1227,0.022253659067413896,1227,1.0,55064,0.9986760251736584,1,136,0.9376364313982998,0.9776104213311623,0.9582131780836824,G4W
343,38153,34.77000045776367,True,detected,37777,0.9901449427305847,1094,0.028674023012607134,1094,1.0,37777,0.9901449427305847,1,125,0.9483325742624361,0.9647609977090787,0.9823604958980945,G4W
344,35530,33.53999948501587,True,detected,35358,0.9951590205460175,1271,0.03577258654658035,1271,1.0,35358,0.9951590205460175,1,312,0.9253330439265268,0.9625479792278167,0.9598930481283422,G4W
345,29933,34.010000228881836,True,detected,29913,0.9993318411118164,1194,0.03988908562456152,1194,1.0,29913,0.9993318411118164,1,372,0.9290211605867844,0.9702074295010846,0.9563024087127919,G4W
346,36196,33.630001068115234,True,detected,36147,0.9986462592551664,984,0.027185324345231517,983,0.9989837398373984,36147,0.9986462592551664,3,281,0.7834257956626762,0.9523410022264528,0.8153939661841088,G4W
347,27721,33.749999046325684,True,detected,27619,0.996320479059197,1204,0.04343277659536092,1204,1.0,27619,0.996320479059197,1,483,0.9528685600114172,0.9886355223217591,0.9634212330002525,G4W
348,20124,32.660000801086426,True,detected,19942,0.9909560723514211,981,0.048747763864042934,981,1.0,19942,0.9909560723514211,1,484,0.9179076164279617,0.9526504897376581,0.9617869210892467,G4W
349,30025,34.28999996185303,True,detected,29825,0.9933388842631141,771,0.025678601165695255,771,1.0,29825,0.9933388842631141,1,402,0.9757611979944881,0.9968791342989926,0.9787510407993338,G4W
350,51103,30.899999618530273,True,detected,51059,0.9991389937968417,1163,0.022757959415298516,1163,1.0,51059,0.9991389937968417,1,306,0.916902149552745,0.9955564019551831,0.9206700193726396,G4W
351,35557,36.53000068664551,True,detected,35526,0.999128160418483,1034,0.029080068622212223,1034,1.0,35526,0.999128160418483,1,168,0.9568262684559998,0.9960335977601493,0.960485980257052,G4W
352,22544,34.97000026702881,True,detected,22530,0.9993789921930447,936,0.04151880766501065,936,1.0,22530,0.9993789921930447,1,339,0.9516490272715296,0.9896332830981412,0.9612313697657914,G4W
353,26642,32.369998931884766,True,detected,26564,0.9970722918699797,603,0.022633435928233615,603,1.0,26564,0.9970722918699797,1,365,0.9518302268133843,0.9970204257654761,0.9545454545454546,G4W
354,23351,33.4399995803833,True,detected,23068,0.9878806046850241,973,0.04166845102993448,973,1.0,23068,0.9878806046850241,1,417,0.8904949627682873,0.9269637305699482,0.9576891781936534,G4W
355,22092,33.22999954223633,True,detected,21979,0.9948850262538476,1071,0.04847908745247148,1071,1.0,21979,0.9948850262538476,1,477,0.9106177692410774,0.9857356994342633,0.9227774760094152,G4W
356,32405,31.579999923706055,True,detected,32398,0.9997839839530936,929,0.028668415367998766,929,1.0,32398,0.9997839839530936,2,369,0.8744562590623489,0.9764225722670085,0.8933189322635395,G4W
357,25472,30.700000286102295,True,detected,25403,0.9972911432160804,941,0.036942525125628144,941,1.0,25403,0.9972911432160804,1,407,0.9776790886271481,0.9835664335664336,0.9939148869346733,G4W
358,17243,21.18000030517578,True,detected,17173,0.9959403816041292,379,0.021979933886214695,379,1.0,17173,0.9959403816041292,2,259,0.6881907433380084,0.9547046462759747,0.7114191266020994,G4W
359,32758,34.03000068664551,True,detected,32509,0.9923988033457476,659,0.020117223273704132,659,1.0,32509,0.9923988033457476,1,127,0.9499451620765293,0.9978877972285339,0.9518590878564015,G4W
360,37667,37.50999975204468,True,detected,37593,0.998035415615791,1091,0.028964345448270368,1091,1.0,37593,0.998035415615791,1,71,0.9411611965101786,0.977218193092664,0.9622746701356625,G4W
361,46232,36.19999885559082,True,detected,46169,0.9986373074926458,1065,0.02303599238622599,1055,0.9906103286384976,46169,0.9986373074926458,2,525,0.8393838680812987,0.9823962099488842,0.852201938051566,G4W
362,28549,22.230000495910645,True,detected,28531,0.9993695050614733,854,0.029913482083435496,854,1.0,28531,0.9993695050614733,1,341,0.9824184207788605,0.9899364036620308,0.9923289782479247,G4W
363,30288,28.43000030517578,True,detected,30082,0.9931986265187533,757,0.024993396724775487,757,1.0,30082,0.9931986265187533,2,376,0.8348367131946274,0.9965418320430699,0.8372622820919176,G4W
364,35039,33.75,True,detected,34957,0.9976597505636576,1225,0.03496104340877308,1224,0.9991836734693877,34957,0.9976597505636576,2,501,0.8512836733618009,0.9176303452194914,0.9217158023916208,G4W
365,26145,20.739999771118164,True,detected,25808,0.9871103461464907,1167,0.04463568559954102,1167,1.0,25808,0.9871103461464907,1,335,0.9841360637608206,0.996986671817655,0.9870720979154715,G4W
366,22678,34.78999996185303,True,detected,22677,0.9999559044007408,767,0.03382132463180175,767,1.0,22677,0.9999559044007408,2,137,0.8460729596376284,0.9108324625566004,0.9224799365023371,G4W
367,34586,30.289999961853027,False,fragmentation,34532,0.998438674608223,432,0.012490603134216157,432,1.0,34532,0.998438674608223,3,467,0.4791298741344995,0.9402057318884427,0.49418839993060776,G4W
368,25046,37.459999084472656,True,detected,25004,0.9983230855226384,805,0.03214086081609838,805,1.0,25004,0.9983230855226384,1,26,0.9921284885107736,0.9956910309607405,0.9964066118342251,G4W
369,25204,30.670000553131104,True,detected,25163,0.9983732740834789,565,0.022417076654499286,565,1.0,25163,0.9983732740834789,2,2,0.6890796028946508,0.8919694972698173,0.751825107125853,G4W
370,11958,19.539999961853027,True,detected,11896,0.9948151864860345,814,0.06807158387690249,814,1.0,11896,0.9948151864860345,1,537,0.9192310673591194,0.92633963443212,0.9917210235825389,G4W
371,23431,18.720000743865967,True,detected,23287,0.9938542955913107,1273,0.05432973411292732,1273,1.0,23287,0.9938542955913107,1,260,0.8938580563669377,0.922478409646407,0.9664546967692373,G4W
372,6212,19.089999675750732,True,detected,6138,0.9880875724404379,649,0.10447520927237605,649,1.0,6138,0.9880875724404379,1,36,0.9699747155499368,0.9814518708026863,0.9880875724404379,G4W
373,21546,20.90999984741211,True,detected,21525,0.9990253411306043,588,0.02729044834307992,588,1.0,21525,0.9990253411306043,1,251,0.888120574717403,0.8917020038247278,0.9954980042699341,G4W
374,35216,36.34999942779541,True,detected,35194,0.9993752839618355,777,0.022063834620626988,777,1.0,35194,0.9993752839618355,2,82,0.8872876850323195,0.9838349363946634,0.9004145842798728,G4W
375,13816,36.28000068664551,True,detected,13760,0.9959467284308049,780,0.05645628257093225,780,1.0,13760,0.9959467284308049,1,12,0.9831217541834968,0.9964907150168153,0.9865373480023162,G4W
376,9997,16.749999523162842,True,detected,9963,0.9965989796939082,483,0.04831449434830449,483,1.0,9963,0.9965989796939082,1,463,0.9750440399295361,0.978299293008641,0.9965989796939082,G4W
377,19963,24.02999973297119,True,detected,19950,0.9993487952712519,800,0.04007413715373441,800,1.0,19950,0.9993487952712519,2,440,0.8431537320810677,0.9845878549988455,0.8544306967890598,G4W
378,16221,35.130001068115234,True,detected,16214,0.9995684606374453,724,0.04463349978423032,724,1.0,16214,0.9995684606374453,1,370,0.8109481403876375,0.8436512261580381,0.9543801245299304,G4W
379,5950,21.960000038146973,True,detected,5926,0.9959663865546219,537,0.09025210084033614,537,1.0,5926,0.9959663865546219,1,164,0.9891503922550492,0.9931288754818166,0.9959663865546219,G4W
380,25773,25.659998893737793,True,detected,25760,0.9994955961665308,839,0.03255344740620029,839,1.0,25760,0.9994955961665308,2,419,0.8600534531510245,0.998022294138799,0.8615217475652815,G4W
381,3025,18.28000020980835,True,detected,2353,0.7778512396694215,514,0.16991735537190084,514,1.0,2353,0.7778512396694215,1,310,0.5516998827667058,0.6548844976342889,0.7778512396694215,G4W
382,4032,10.009999632835388,True,detected,4017,0.9962797619047619,514,0.12748015873015872,514,1.0,4017,0.9962797619047619,1,367,0.9908732116428219,0.9945531072047537,0.9962797619047619,G4W
383,30923,23.770000457763672,True,detected,30921,0.999935323222197,1207,0.03903243540406817,1207,1.0,30921,0.999935323222197,1,423,0.929110436171212,0.9669566917587252,0.9595770138731688,G4W
384,12285,20.579999923706055,True,detected,11925,0.9706959706959707,726,0.059096459096459095,726,1.0,11925,0.9706959706959707,2,401,0.8748403575989783,0.9783093814156922,0.8921448921448921,G4W
385,2928,10.800000190734863,True,detected,2894,0.9883879781420765,619,0.2114071038251366,619,1.0,2894,0.9883879781420765,1,368,0.9813496100373008,0.9927958833619211,0.9883879781420765,G4W
386,18031,37.69999933242798,True,detected,17990,0.9977261383173424,751,0.041650490821363205,751,1.0,17990,0.9977261383173424,1,122,0.9642406625349641,0.9886408367542034,0.9750429815318064,G4W
387,25065,36.02999973297119,True,detected,24679,0.9846000398962697,938,0.03742270097745861,938,1.0,24679,0.9846000398962697,2,126,0.9172511068448066,0.9808119317943776,0.9340115699182127,G4W
388,47676,32.61000061035156,True,detected,47399,0.9941899488212098,1139,0.023890427049249097,1139,1.0,47399,0.9941899488212098,1,148,0.9131764933681866,0.9223743399178564,0.989197919288531,G4W
389,26437,35.62000107765198,True,detected,26299,0.9947800431213829,846,0.032000605212391724,846,1.0,26299,0.9947800431213829,1,46,0.9030947632764605,0.974457063159992,0.9249914892007414,G4W
390,36248,36.35999870300293,True,detected,36030,0.9939858750827631,1420,0.03917457514897374,1420,1.0,36030,0.9939858750827631,1,336,0.9351314796993263,0.9423621304256657,0.9918616199514456,G4W
391,129422,35.119998931884766,True,detected,129063,0.9972261284789294,1601,0.012370385251348303,1601,1.0,129063,0.9972261284789294,1,115,0.9774132010682945,0.987449698576913,0.98970808672405,G4W
392,54183,33.27999973297119,True,detected,54004,0.9966963807836406,1398,0.025801450639499474,1398,1.0,54004,0.9966963807836406,1,309,0.9448809144636727,0.958173335725821,0.9855305169518115,G4W
393,69334,33.140000343322754,True,detected,69311,0.9996682724204575,1165,0.016802723050739897,1165,1.0,69311,0.9996682724204575,1,167,0.8650278293135436,0.8686101985071057,0.9952548533187181,G4W
394,20465,33.28999948501587,True,detected,20442,0.9988761299780112,951,0.0464695822135353,951,1.0,20442,0.9988761299780112,1,51,0.9825283128448359,0.9903893062737829,0.9919863181040801,G4W
395,33092,33.09000015258789,True,detected,32903,0.9942886498247311,968,0.029251782908255773,968,1.0,32903,0.9942886498247311,2,353,0.88858597962852,0.9903836522087549,0.8963193521092712,G4W
396,59869,35.489999771118164,True,detected,59666,0.99660926355877,869,0.014515024470093037,869,1.0,59666,0.99660926355877,3,204,0.6747814826804791,0.9561687194660428,0.6963202993201824,G4W
397,26517,33.28000068664551,True,detected,26329,0.9929102085454614,1157,0.04363238677075084,1157,1.0,26329,0.9929102085454614,1,482,0.7907194604046964,0.8213694897661293,0.9549345702756722,G4W
398,27865,32.90999984741211,True,detected,27692,0.9937914947066212,690,0.024762246545846044,690,1.0,27692,0.9937914947066212,1,398,0.9644887887565712,0.9963794886951381,0.9678808541180692,G4W
399,9573,22.1299991607666,True,detected,9254,0.9666771127128382,710,0.07416692781782096,710,1.0,9254,0.9666771127128382,1,464,0.9368377311448162,0.9941572042773674,0.9420244437480414,G4W
400,48931,32.99000072479248,True,detected,48859,0.9985285401892461,845,0.01726921583454252,845,1.0,48859,0.9985285401892461,1,489,0.9419383915974291,0.9581223838947578,0.982383356154585,G4W
401,28004,33.59000110626221,True,detected,27978,0.9990715612055421,635,0.02267533209541494,635,1.0,27978,0.9990715612055421,1,224,0.9911261582323593,0.9979904546596332,0.9931081274103699,G4W
402,12641,20.740000247955322,True,detected,12353,0.9772169923265565,1017,0.08045249584684756,1017,1.0,12353,0.9772169923265565,1,320,0.9249494419893641,0.9456313653419098,0.9769005616644253,G4W
403,14810,15.569999694824219,True,detected,14807,0.999797434166104,708,0.04780553679945983,708,1.0,14807,0.999797434166104,1,416,0.9924247502849098,0.9928240895982832,0.999594868332208,G4W
404,29920,37.13999938964844,False,fragmentation,29695,0.9924799465240641,748,0.025,748,1.0,29695,0.9924799465240641,3,465,0.33736874613959233,0.5640231309376291,0.45638368983957217,G4W
405,3431,30.40999937057495,True,detected,3282,0.9565724278635966,345,0.10055377440979306,345,1.0,3282,0.9565724278635966,1,99,0.7213261648745519,0.7571126263813779,0.938501894491402,G4W
406,12734,35.269999980926514,False,undersegmentation,12525,0.9835872467410083,1011,0.079393749018376,1011,1.0,12525,0.9835872467410083,1,382,0.40688982775430615,0.40973949469825893,0.9831945971415109,G4W
407,26088,37.11999845504761,True,detected,26077,0.9995783501993254,736,0.02821220484513953,736,1.0,26077,0.9995783501993254,1,44,0.9117647058823529,0.9266273900314455,0.9827123581723398,G4W
408,15278,30.31000030040741,True,detected,14681,0.9609242047388402,502,0.03285770388794345,502,1.0,14681,0.9609242047388402,1,331,0.8436619718309859,0.8908167059115132,0.9409608587511454,G4W
409,78183,36.49000072479248,True,detected,77668,0.9934128902702634,1341,0.017152066305974444,1341,1.0,77668,0.9934128902702634,1,250,0.9267608456066526,0.9779951100244498,0.946497320389343,G4W
410,26326,34.8700008392334,True,detected,26102,0.9914913013750665,712,0.02704550634353871,712,1.0,26102,0.9914913013750665,2,403,0.7719742132261195,0.8981410540747611,0.846045734255109,G4W
411,49712,36.06000089645386,True,detected,49685,0.9994568715803025,1709,0.03437801738010943,1709,1.0,49685,0.9994568715803025,2,422,0.7300334528555117,0.9942978746623742,0.7331026713871902,G4W
412,23458,33.44000053405762,True,detected,23283,0.9925398584704579,877,0.03738596640804843,877,1.0,23283,0.9925398584704579,2,147,0.8645308730796902,0.9916986261469003,0.8708329780884986,G4W
413,26842,35.80000019073486,True,detected,26314,0.9803293346248416,978,0.036435437001713734,978,1.0,26314,0.9803293346248416,1,338,0.9477195272279022,0.9724702380952381,0.9738469562625736,G4W
414,59131,35.269999504089355,True,detected,57427,0.9711826284013462,1336,0.022593901675939863,1324,0.9910179640718563,57427,0.9711826284013462,1,536,0.9201041905573212,0.9670948412425098,0.9498401853511694,G4W
415,53748,35.480000019073486,True,detected,52766,0.9817295527275434,1593,0.029638312123241795,1593,1.0,52766,0.9817295527275434,2,21,0.8751322371841996,0.960200668896321,0.9080709979906229,G4W
416,24203,27.0,True,detected,22269,0.9200925505102673,567,0.02342684791141594,567,1.0,22269,0.9200925505102673,1,166,0.9113032736256949,0.9963084680142259,0.914390778002727,G4W
417,51926,32.09000110626221,True,detected,51897,0.9994415129222355,1107,0.02131879983052806,1107,1.0,51897,0.9994415129222355,1,52,0.9700869236583523,0.9810055225392215,0.9886569348688519,G4W
418,32380,33.46000099182129,True,detected,31937,0.9863187152563311,685,0.0211550339715874,685,1.0,31937,0.9863187152563311,2,524,0.8796749414242073,0.9568667935606672,0.9159975293390982,G4W
419,20810,31.450000762939453,True,detected,20773,0.9982220086496877,918,0.04411340701585776,914,0.9956427015250545,20773,0.9982220086496877,2,283,0.7282063435636134,0.8035566403696116,0.8859202306583374,G4W
420,12064,30.47000026702881,True,detected,11771,0.9757128647214854,588,0.04874005305039788,587,0.9982993197278912,11771,0.9757128647214854,1,490,0.6282207839785078,0.7045812504279942,0.8528680371352785,G4W
421,55648,35.8799991607666,True,detected,55289,0.9935487349051179,1398,0.025122196664749855,1398,1.0,55289,0.9935487349051179,1,290,0.9423279600545966,0.9607024589586416,0.9801071017826337,G4W
422,13204,35.95999848842621,True,detected,13196,0.9993941229930324,873,0.06611632838533778,873,1.0,13196,0.9993941229930324,1,45,0.9249251497005988,0.9875329657156557,0.9358527718873069,G4W
423,26672,36.05000114440918,True,detected,26302,0.986127774445111,836,0.03134373125374925,836,1.0,26302,0.986127774445111,3,139,0.645249343832021,0.9064451108598397,0.6912867426514697,G4W
424,32143,36.010000228881836,True,detected,31952,0.994057804187537,959,0.02983542295367576,959,1.0,31952,0.994057804187537,2,13,0.6535214336292826,0.8398725980889713,0.7465389042715366,G4W
425,44395,37.739999771118164,True,detected,44242,0.9965536659533731,1075,0.024214438562901227,1075,1.0,44242,0.9965536659533731,2,245,0.7700770315720951,0.9545442319589015,0.7993918234035364,G4W
426,61731,37.920000076293945,True,detected,60861,0.985906594741702,999,0.016183117072459542,999,1.0,60861,0.985906594741702,1,151,0.888470330661,0.9930366878384943,0.8940402715005427,G4W
427,73384,36.51999855041504,True,detected,73316,0.9990733674915513,982,0.01338166357789164,979,0.9969450101832994,73316,0.9990733674915513,1,333,0.9732445553415964,0.9950365327824532,0.9779924779243432,G4W
428,9470,20.130000710487366,False,undersegmentation,9451,0.9979936642027455,791,0.08352692713833157,791,1.0,9451,0.9979936642027455,1,14,0.3559162461399413,0.3561710947804786,0.9979936642027455,G4W
429,46867,38.34000015258789,True,detected,46772,0.9979729873898479,856,0.0182644504662129,856,1.0,46772,0.9979729873898479,2,1,0.7326215644820296,0.987658895285869,0.7393901892589668,G4W
430,4748,12.159999370574951,True,detected,4661,0.9816764953664701,622,0.13100252737994944,622,1.0,4661,0.9816764953664701,1,128,0.9634146341463414,0.9810566196590191,0.9816764953664701,G4W
431,31632,36.19000053405762,True,detected,31594,0.9987986848760748,799,0.025259231158320686,799,1.0,31594,0.9987986848760748,1,334,0.9804330243265102,0.9839530454871843,0.9963644410723318,G4W
432,42325,20.359999656677246,True,detected,42149,0.9958417011222681,1703,0.040236266981689306,1703,1.0,42149,0.9958417011222681,3,88,0.8170491050940799,0.9659540990722153,0.8412758417011222,G4W
433,5715,38.34000062942505,True,detected,5647,0.9881014873140858,596,0.10428696412948381,596,1.0,5647,0.9881014873140858,1,62,0.9378723404255319,0.9717813051146384,0.9641294838145232,G4W
434,78840,38.95000076293945,True,detected,78697,0.9981861998985286,1499,0.019013191273465246,1497,0.9986657771847899,78697,0.9981861998985286,1,90,0.9613314482724409,0.9773799016517463,0.9832064941653983,G4W
435,119524,37.96000099182129,True,detected,119263,0.9978163381412938,1742,0.014574478765770891,1742,1.0,119263,0.9978163381412938,1,72,0.8869519832985386,0.8907108735043503,0.9952645493792042,G4W
436,54553,37.850001096725464,True,detected,54523,0.9994500760728099,1396,0.025589793411911352,1396,1.0,54523,0.9994500760728099,2,140,0.7888514750018301,0.997893372224923,0.7901673601818415,G4W
437,17856,36.839999198913574,True,detected,17690,0.9907034050179212,840,0.04704301075268817,840,1.0,17690,0.9907034050179212,1,67,0.9881564245810056,0.9975186104218362,0.9905913978494624,G4W
438,18670,37.820000410079956,True,detected,18520,0.9919657204070702,829,0.04440278521692555,829,1.0,18520,0.9919657204070702,1,19,0.9175420168067226,0.9792600896860987,0.9357257632565613,G4W
439,149720,38.040000915527344,True,detected,149719,0.9999933208656158,1349,0.00901015228426396,1349,1.0,149719,0.9999933208656158,1,244,0.7071603760377074,0.7597194600887968,0.9108869890462196,G4W
440,20329,39.47999930381775,True,detected,20279,0.9975404594421762,871,0.042845196517290574,871,1.0,20279,0.9975404594421762,2,30,0.868525145978527,0.9531290372590564,0.9072753209700428,G4W
441,22588,36.32999897003174,True,detected,22493,0.9957942270231982,679,0.030060208960510006,679,1.0,22493,0.9957942270231982,3,56,0.5950760254596889,0.9973331357878361,0.5960244377545599,G4W
442,42922,34.860000133514404,True,detected,42442,0.9888169237221005,721,0.016797912492428124,721,1.0,42442,0.9888169237221005,1,184,0.9224304092518715,0.9604228408746179,0.9588788966031406,G4W
443,49852,37.32000017166138,True,detected,49508,0.993099574741234,1173,0.023529647757361792,1173,1.0,49508,0.993099574741234,1,111,0.8986477808560996,0.9132761514077942,0.9824881649683062,G4W
444,15839,38.90000009536743,True,detected,15748,0.9942546877959467,848,0.05353873350590315,848,1.0,15748,0.9942546877959467,1,28,0.9340073863292365,0.957901272896616,0.9739882568343962,G4W
445,20434,37.36999988555908,True,detected,20369,0.9968190271116766,1123,0.0549574239013409,1123,1.0,20369,0.9968190271116766,1,25,0.9869635271715248,0.997680272444598,0.9892336302241362,G4W
446,32898,37.11999988555908,True,detected,32844,0.9983585628305672,910,0.027661256003404463,910,1.0,32844,0.9983585628305672,1,89,0.9769755801607766,0.9979239612059616,0.978965286643565,G4W
447,9337,12.21999979019165,True,detected,9204,0.9857555960158509,691,0.07400664024847381,673,0.9739507959479016,9204,0.9857555960158509,2,510,0.5762990493888929,0.6340331839270268,0.8635536039413088,G4W
448,18093,38.560001850128174,True,detected,17952,0.9922069308572377,936,0.05173271430940143,936,1.0,17952,0.9922069308572377,1,43,0.9693905588833324,0.9941388638412985,0.9749626927541037,G4W
449,29646,32.140000224113464,True,detected,28885,0.9743304324360791,621,0.020947176684881604,621,1.0,28885,0.9743304324360791,1,296,0.8142709715465133,0.8661125921279599,0.9315253322539297,G4W
450,10215,38.02999973297119,True,detected,10180,0.9965736661771905,783,0.07665198237885462,783,1.0,10180,0.9965736661771905,2,63,0.5949342614075793,0.9794684068120325,0.6024473813020068,G4W
451,9456,13.239999294281006,False,fragmentation,8770,0.9274534686971235,1192,0.1260575296108291,554,0.46476510067114096,8770,0.9274534686971235,3,651,0.21997996278803492,0.404899894625922,0.3250846023688663,G4W
452,36581,38.280001163482666,True,detected,36470,0.996965637899456,1290,0.03526420819551133,1290,1.0,36470,0.996965637899456,1,447,0.9483984813646329,0.9773785578486209,0.9696837155900604,G4W
453,31179,38.519999265670776,True,detected,30959,0.9929439686968793,1052,0.033740658776740755,1052,1.0,30959,0.9929439686968793,1,474,0.9461046057767369,0.972836731417563,0.9717758747875173,G4W
454,1650,12.020000457763672,True,detected,1525,0.9242424242424242,671,0.4066666666666667,671,1.0,1525,0.9242424242424242,1,429,0.8839907192575406,0.9536921151439299,0.9236363636363636,G4W
455,42004,35.489999294281006,True,detected,41907,0.9976906961241786,1403,0.033401580801828396,1403,1.0,41907,0.9976906961241786,2,473,0.8852354084680669,0.9952557370932061,0.8889867631654128,G4W
456,23462,34.980000019073486,True,detected,23240,0.9905378910578808,625,0.0266388202199301,625,1.0,23240,0.9905378910578808,1,55,0.9066836409929981,0.9952023848339466,0.9106640525104425,G4W
457,49857,41.089999198913574,True,detected,49838,0.9996189100828369,1270,0.025472852357743145,1270,1.0,49838,0.9996189100828369,1,117,0.9789371290175293,0.9896443766556956,0.9890687365866377,G4W
458,5160,23.899999141693115,True,detected,5108,0.9899224806201551,800,0.15503875968992248,800,1.0,5108,0.9899224806201551,2,573,0.7696188340807175,0.9554627696590118,0.7982558139534883,G4W
459,6094,11.599999770522118,True,detected,5566,0.9133574007220217,579,0.09501148670823761,579,1.0,5566,0.9133574007220217,1,428,0.8279042094303138,0.8984665052461662,0.9133574007220217,G4W
460,9705,31.839999675750732,True,detected,9661,0.9954662545079855,634,0.06532715095311695,632,0.9968454258675079,9661,0.9954662545079855,1,389,0.814897214559046,0.856675086537562,0.9435342606903658,G4W
461,56188,32.489999294281006,True,detected,56105,0.9985228162596996,917,0.016320210721150422,917,1.0,56105,0.9985228162596996,2,387,0.8528345333631193,0.9611689971724058,0.8832668897273439,G4W
462,14541,19.96999953687191,True,detected,14474,0.9953923389037893,575,0.03954336015404718,575,1.0,14474,0.9953923389037893,1,540,0.7626594728263923,0.8066817263107835,0.9332232996355134,G4W
463,32960,30.28999972343445,True,detected,32952,0.999757281553398,774,0.023483009708737863,774,1.0,32952,0.999757281553398,1,344,0.9010771536004071,0.9296735991599335,0.9669902912621359,G4W
464,34571,24.37999987602234,True,detected,34187,0.9888924242862515,980,0.028347458852795694,980,1.0,34187,0.9888924242862515,1,228,0.8875611222968909,0.9023793699322079,0.9818344855514738,G4W
465,2532,17.769999504089355,True,detected,2434,0.9612954186413902,438,0.17298578199052134,438,1.0,2434,0.9612954186413902,2,110,0.5999333777481679,0.7930427124614707,0.7112954186413902,G4W
466,15751,23.929999351501465,True,detected,15722,0.9981588470573297,1022,0.06488476922100184,1022,1.0,15722,0.9981588470573297,1,74,0.9141973868408773,0.9183757178014766,0.9950479334645419,G4W
467,20684,35.49000072479248,True,detected,20659,0.9987913362985883,781,0.03775865403210211,781,1.0,20659,0.9987913362985883,1,511,0.840764852802686,0.8459605322786635,0.9927480177915297,G4W
468,14524,25.87999963760376,True,detected,14511,0.9991049297714129,679,0.04675020655466813,679,1.0,14511,0.9991049297714129,1,329,0.7562298603651987,0.7746602849755185,0.9694987606719911,G4W
469,7293,30.869998931884766,True,detected,7293,1.0,518,0.07102701220348279,518,1.0,7293,1.0,1,270,0.8343160377358491,0.8563301863955459,0.9701083230494996,G4W
470,15730,31.72000014781952,True,detected,15671,0.9962492053401144,714,0.04539097266369994,714,1.0,15671,0.9962492053401144,1,68,0.9544182575710466,0.9776418880183451,0.9757151938970121,G4W
471,37598,36.34999871253967,True,detected,37590,0.999787222724613,608,0.01617107292941114,608,1.0,37590,0.999787222724613,3,386,0.6102659116411367,0.9700111991372516,0.6220011702750147,G4W
472,10080,24.93000030517578,True,detected,10067,0.9987103174603175,624,0.06190476190476191,617,0.9887820512820513,10067,0.9987103174603175,1,565,0.5300406243318366,0.5347282139775669,0.9837301587301587,G4W
473,1651,11.609999656677246,False,undersegmentation,1546,0.9364021804966687,434,0.2628709872804361,433,0.9976958525345622,1546,0.9364021804966687,2,494,0.17452229299363056,0.18100145329634035,0.8298001211387038,G4W
474,1489,10.089999198913574,True,detected,1461,0.9811954331766286,317,0.21289456010745467,317,1.0,1461,0.9811954331766286,1,388,0.7781420765027323,0.806798866855524,0.9563465413028879,G4W
475,5488,30.78999900817871,True,detected,5487,0.9998177842565598,355,0.0646865889212828,355,1.0,5487,0.9998177842565598,1,451,0.7997868453105969,0.8294647086688773,0.9571793002915452,G4W
476,5599,25.690000534057617,True,detected,5580,0.996606536881586,298,0.0532237899624933,298,1.0,5580,0.996606536881586,1,285,0.8979863538026294,0.9293833964863933,0.9637435256295767,G4W
477,5352,17.839999198913574,False,base_seed_support_failure,5352,1.0,0,0.0,0,0.0,5352,1.0,1,570,0.3181437125748503,0.3188884220635016,0.9927130044843049,G4W
478,2785,12.90000057220459,True,detected,2783,0.9992818671454219,492,0.17666068222621184,491,0.9979674796747967,2783,0.9992818671454219,1,578,0.8282539682539682,0.8772696704774714,0.9368043087971275,G4W
479,70155,35.71999979019165,True,detected,69917,0.9966075119378519,1173,0.016720119734872783,1173,1.0,69917,0.9966075119378519,1,165,0.827815526962556,0.8424614705557804,0.979431259354287,G4W
480,19420,36.640000343322754,True,detected,19388,0.9983522142121524,643,0.033110195674562304,643,1.0,19388,0.9983522142121524,1,261,0.9435709993991588,0.9715419910295406,0.9703913491246138,G4W
481,1125,9.620000839233398,True,detected,1125,1.0,151,0.13422222222222221,145,0.9602649006622517,1125,1.0,1,535,0.7667151162790697,0.8078101071975498,0.9377777777777778,G4W
482,31593,36.4399995803833,True,detected,31574,0.9993986009559079,824,0.026081726964833983,824,1.0,31574,0.9993986009559079,3,66,0.6035948123898263,0.9909560723514211,0.6069382458139462,G4W
483,5629,23.50000023841858,True,detected,5434,0.9653579676674365,365,0.06484277846864452,365,1.0,5434,0.9653579676674365,1,323,0.9226821758467328,0.9613259668508287,0.9582519097530645,G4W
484,9393,38.989999771118164,True,detected,9390,0.9996806132226126,127,0.013520706909400618,127,1.0,9390,0.9996806132226126,1,10,0.775978524419813,0.8061353004677941,0.9540083040562121,G4W
485,23977,34.48999810218811,True,detected,23518,0.9808566542936982,1075,0.044834633190140555,1075,1.0,23518,0.9808566542936982,2,322,0.8666445788122257,0.991988622896421,0.8727530550110523,G4W
486,8588,18.630000352859497,True,detected,8448,0.983698183511877,330,0.0384257102934327,330,1.0,8448,0.983698183511877,2,346,0.7112472546526413,0.9898648648648649,0.7164648346530041,G4W
487,40409,38.80000185966492,True,detected,39806,0.985077581726843,1168,0.028904451978519638,1168,1.0,39806,0.985077581726843,1,384,0.7503010839020474,0.8836647316855349,0.8325373060456829,G4W
488,20603,15.28999924659729,True,detected,20351,0.9877687715381255,771,0.03742173469883027,771,1.0,20351,0.9877687715381255,1,619,0.8730670672439692,0.9068006607929515,0.9591321652186575,G4W
489,1223,9.580000400543213,False,base_seed_support_failure,1223,1.0,0,0.0,0,0.0,1223,1.0,2,534,0.10640394088669951,0.1509785647716682,0.2649223221586263,G4W
490,52704,38.25000077486038,True,detected,52524,0.9965846994535519,1553,0.02946645415907711,1553,1.0,52524,0.9965846994535519,1,546,0.8998549420686363,0.9653888582460011,0.9298535215543412,G4W
491,15919,34.6700005531311,True,detected,15746,0.9891324831961806,1511,0.0949180224888498,1511,1.0,15746,0.9891324831961806,1,556,0.904379470447986,0.9986835723688768,0.9054588856083925,G4W
492,24615,37.969998359680176,True,detected,24496,0.9951655494617103,1393,0.05659150924233191,1388,0.9964106245513281,24496,0.9951655494617103,2,596,0.8685924327779776,0.9813126297734044,0.8832013000203128,G4W
493,37809,36.029998779296875,True,detected,37458,0.9907164960723637,1506,0.039831786082678726,1505,0.99933598937583,37458,0.9907164960723637,3,563,0.7538662710287424,0.9386917994802267,0.7929064508450369,G4W
494,68928,41.68000090122223,True,detected,68762,0.9975916898792944,1200,0.017409470752089137,1200,1.0,68762,0.9975916898792944,1,356,0.9288361959197533,0.9739785775746966,0.9524721448467967,G4W
495,51679,38.59000062942505,True,detected,51174,0.9902281390893787,1021,0.019756574237117592,1021,1.0,51174,0.9902281390893787,1,355,0.9263301239019525,0.9905857740585774,0.9345575572282745,G4W
496,13516,30.260001182556152,False,undersegmentation,13400,0.9914175791654336,640,0.04735128736312518,614,0.959375,13400,0.9914175791654336,3,565,0.35234318977517187,0.4504421915444349,0.6180082864752885,G4W
497,29139,26.379999041557312,True,detected,28477,0.9772813068396308,589,0.02021345962455815,589,1.0,28477,0.9772813068396308,1,93,0.9034811732467268,0.984516699845167,0.9165036548955009,G4W
498,36209,36.84000039100647,True,detected,36073,0.996244027727913,1090,0.03010301306305062,1090,1.0,36073,0.996244027727913,1,343,0.9381288124851461,0.9553595439143764,0.9811372863100334,G4W
499,35626,35.419999957084656,True,detected,35574,0.9985403918486498,884,0.02481333857295234,882,0.997737556561086,35574,0.9985403918486498,1,505,0.9217112529971174,0.9581862992214194,0.9603379554258126,G4W
500,29577,29.330000400543213,True,detected,29550,0.9990871285120195,794,0.026845183757649525,788,0.9924433249370277,29550,0.9990871285120195,1,594,0.9580074916212131,0.9714457068603605,0.9857659667985259,G4W
501,28399,25.089999198913574,True,detected,27799,0.9788724955104053,694,0.02443748019296454,694,1.0,27799,0.9788724955104053,1,504,0.9066961250849762,0.9631354708261121,0.9392936370998979,G4W
502,9771,36.55000114440918,True,detected,9771,1.0,305,0.031214819363422373,305,1.0,9771,1.0,1,11,0.9339994235757517,0.9384169884169884,0.9949851601678437,G4W
503,13638,20.96999979019165,True,detected,13472,0.9878281272913917,881,0.06459891479689105,879,0.9977298524404086,13472,0.9878281272913917,1,597,0.886808622849232,0.8978175265300674,0.9863616366036075,G4W
504,6018,11.429999351501465,True,detected,6009,0.9985044865403788,680,0.11299435028248588,680,1.0,6009,0.9985044865403788,1,562,0.5205206073752712,0.5213801494872241,0.9968428049185776,G4W
505,15379,33.32000136375427,True,detected,14875,0.9672280382339554,524,0.034072436439300344,524,1.0,14875,0.9672280382339554,2,545,0.779309532225757,0.8923969506847467,0.8601339488913453,G4W
506,31745,36.12000152468681,False,undersegmentation,31461,0.9910537092455505,550,0.017325563080800126,550,1.0,31461,0.9910537092455505,1,83,0.4114142941679269,0.41391262932289047,0.9855410300834777,G4W
507,19275,35.36999845504761,True,detected,19257,0.9990661478599222,1401,0.07268482490272374,1401,1.0,19257,0.9990661478599222,1,492,0.9573596358118361,0.9745134383688601,0.9819455252918288,G4W
508,20597,19.749999523162842,True,detected,20596,0.9999514492401806,996,0.04835655678011361,971,0.9748995983935743,20596,0.9999514492401806,1,581,0.8726177672617768,0.884528170242456,0.9848036121765306,G4W
509,17993,25.800000686198473,True,detected,17800,0.9892736064024898,526,0.029233590840882565,526,1.0,17800,0.9892736064024898,2,408,0.5972326908581889,0.9502312831934213,0.6165175345967876,G4W
510,48144,39.44999849796295,True,detected,47046,0.9771934197407777,906,0.018818544366899302,906,1.0,47046,0.9771934197407777,1,314,0.8951073773886292,0.9465123553331248,0.9427966101694916,G4W
511,12621,32.57000112533569,True,detected,12538,0.9934236589810633,825,0.06536724506774423,825,1.0,12538,0.9934236589810633,1,452,0.9636703827863101,0.9836078618604281,0.97939941367562,G4W
512,44886,38.39999961853027,True,detected,44822,0.9985741656641269,1345,0.029964799714833134,1341,0.9970260223048327,44822,0.9985741656641269,2,493,0.6461347996655733,0.698940814303355,0.8953125696208172,G4W
513,61597,37.39999878406525,True,detected,61482,0.9981330259590564,1363,0.02212770102440054,1363,1.0,61482,0.9981330259590564,1,293,0.9824456381050997,0.996537237010536,0.985810997288829,G4W
514,414,14.679999828338623,False,undersegmentation,413,0.9975845410628019,108,0.2608695652173913,108,1.0,413,0.9975845410628019,1,83,0.005463902522920608,0.005463974810150028,0.9975845410628019,G4W
515,9012,37.04999828338623,True,detected,9012,1.0,367,0.04072347980470484,367,1.0,9012,1.0,1,570,0.5362934593980013,0.5379028869815737,0.9944518419884598,G4W
516,12771,30.439999103546143,True,detected,12679,0.9927961788426904,650,0.0508965625244695,642,0.9876923076923076,12679,0.9927961788426904,1,575,0.8857959123873709,0.9321615787850756,0.9468326677629003,G4W
517,36565,33.43000030517578,True,detected,36499,0.9981949952140025,756,0.020675509366880895,756,1.0,36499,0.9981949952140025,1,18,0.8984463625154131,0.9014028750278348,0.9963626418706413,G4W
518,22737,17.40000033378601,True,detected,22567,0.9925232000703699,386,0.016976733957866034,386,1.0,22567,0.9925232000703699,1,385,0.9244005048380312,0.9550986699121968,0.9663983814927212,G4W
519,17558,20.579999923706055,True,detected,17270,0.9835972206401641,994,0.05661237042943388,994,1.0,17270,0.9835972206401641,2,73,0.9041810858342316,0.9956893858936715,0.9077343661009226,G4W
520,18628,28.360000610351562,True,detected,18180,0.9759501825209362,384,0.02061412926776895,384,1.0,18180,0.9759501825209362,2,75,0.8012490815576782,0.9728541387879946,0.8195726862787202,G4W
521,16326,39.31000089645386,True,detected,16322,0.9997549920372412,718,0.043978929315202746,718,1.0,16322,0.9997549920372412,1,121,0.9367389367389367,0.9687327231402421,0.9659438931765283,G4W
522,115949,36.5799994468689,True,detected,115199,0.9935316389102106,1245,0.01073747940905053,1245,1.0,115199,0.9935316389102106,1,302,0.8487669627158378,0.8682741975156807,0.9742128004553726,G4W
523,73489,36.260000228881836,True,detected,73418,0.9990338690144103,1866,0.025391555198737224,1866,1.0,73418,0.9990338690144103,1,379,0.9696160843525491,0.9757580617140413,0.9935500551102886,G4W
524,53173,39.170000076293945,True,detected,53029,0.9972918586500668,1826,0.034340736840125625,1826,1.0,53029,0.9972918586500668,1,425,0.9190903291177244,0.9975357921104617,0.9211818027946514,G4W
525,47132,33.44000005722046,True,detected,47032,0.9978782992446745,970,0.02058049732665705,970,1.0,47032,0.9978782992446745,1,154,0.9569726113318001,0.9849795567032494,0.9711448697275736,G4W
526,54255,38.1899995803833,True,detected,54136,0.99780665376463,1111,0.020477375357109945,1111,1.0,54136,0.99780665376463,1,161,0.9131198995605775,0.9713800538054989,0.9383651276380057,G4W
527,12900,36.90000057220459,True,detected,12822,0.9939534883720931,521,0.040387596899224804,521,1.0,12822,0.9939534883720931,1,118,0.9793267752843529,0.9912874367950214,0.9878294573643411,G4W
528,60410,35.9300012588501,True,detected,59733,0.9887932461512995,1117,0.01849031617281907,1117,1.0,59733,0.9887932461512995,1,436,0.9653941497273179,0.9982910656914348,0.9669922198311538,G4W
529,57870,38.570000648498535,True,detected,57457,0.9928633143252117,1511,0.026110247105581477,1511,1.0,57457,0.9928633143252117,1,443,0.9763971319770832,0.9925370531822145,0.983618455158113,G4W
530,46706,36.109999656677246,True,detected,46297,0.9912430951055539,1295,0.0277266304115103,1295,1.0,46297,0.9912430951055539,1,96,0.9601347794040224,0.9832007073386384,0.9761486746884769,G4W
531,58065,37.72999954223633,True,detected,58061,0.9999311116851805,1400,0.024110910186859555,1400,1.0,58061,0.9999311116851805,1,471,0.9340061985817905,0.9417231111547397,0.9913028502540256,G4W
532,34152,37.899999141693115,True,detected,34072,0.9976575310377137,1065,0.0311841180604357,1065,1.0,34072,0.9976575310377137,1,120,0.9948309094094971,0.997364953886693,0.9974525650035138,G4W
533,5107,9.800000190734863,False,undersegmentation,5082,0.9951047581750538,1361,0.2664969649500685,1361,1.0,5082,0.9951047581750538,1,442,0.06254923198109492,0.06256848429632,0.9951047581750538,G4W
534,37981,34.579999923706055,True,detected,37910,0.9981306442695032,1058,0.027856033279797795,1058,1.0,37910,0.9981306442695032,1,380,0.9745916515426497,0.9989754927071257,0.975566730733788,G4W
535,38231,36.88000011444092,True,detected,38201,0.9992152964871439,1098,0.02872014857053177,1098,1.0,38201,0.9992152964871439,2,142,0.868002536461636,0.966285472257518,0.8951112971149068,G4W
536,61494,37.100000858306885,True,detected,61438,0.9990893420496308,1167,0.018977461215728363,1167,1.0,61438,0.9990893420496308,1,131,0.9558356586163764,0.9857114506846597,0.9692652941750415,G4W
537,26508,38.629998207092285,True,detected,26469,0.9985287460389316,876,0.033046627433227706,875,0.9988584474885844,26469,0.9985287460389316,1,190,0.7227938205215878,0.8041568681698713,0.8772068809416025,G4W
538,25803,38.25999879837036,True,detected,25780,0.9991086307793667,981,0.038018835019183815,981,1.0,25780,0.9991086307793667,2,153,0.8642892521050025,0.9808033205067231,0.8791613378289346,G4W
539,75392,37.77999973297119,True,detected,74693,0.9907284592529711,1064,0.014112903225806451,1064,1.0,74693,0.9907284592529711,1,605,0.8146538910105422,0.855174400460907,0.9450339558573854,G4W
540,28014,34.790000438690186,True,detected,27983,0.9988934104376384,702,0.025058899121867637,702,1.0,27983,0.9988934104376384,1,133,0.9946676146462851,0.995871298405467,0.9987863211251518,G4W
541,25159,33.79999923706055,True,detected,25058,0.9959855320163759,773,0.03072459159744028,773,1.0,25058,0.9959855320163759,2,632,0.8840915335400558,0.9860782768584188,0.8952661075559442,G4W
542,26772,34.54999923706055,True,detected,26701,0.9973479754967877,943,0.0352233676975945,943,1.0,26701,0.9973479754967877,1,470,0.827709383172801,0.8499377742844043,0.9693709846107874,G4W
543,43570,35.99000024795532,True,detected,43495,0.9982786320862979,1216,0.02790911177415653,1204,0.9901315789473685,43495,0.9982786320862979,2,538,0.9150755587729618,0.9845682017330347,0.9283910947899932,G4W
544,35080,34.329999923706055,True,detected,35059,0.9994013683010262,735,0.0209521094640821,735,1.0,35059,0.9994013683010262,2,547,0.5814558991242227,0.7034231420018222,0.770296465222349,G4W
545,8731,15.960000038146973,True,detected,8051,0.9221165960371092,323,0.036994616882373155,323,1.0,8051,0.9221165960371092,1,441,0.7999801271860095,0.8579497016197783,0.9221165960371092,G4W
546,41714,19.90000057220459,True,detected,41632,0.9980342331111857,535,0.012825430311166515,535,1.0,41632,0.9980342331111857,1,132,0.9608467635719247,0.9988797331275362,0.9618833005705518,G4W
547,20541,36.08000087738037,True,detected,20370,0.9916751862129399,1135,0.0552553429725914,1135,1.0,20370,0.9916751862129399,1,342,0.9650356432762718,0.995995995995996,0.9687941190789153,G4W
548,29563,36.839999198913574,True,detected,29469,0.9968203497615262,964,0.03260832797753949,964,1.0,29469,0.9968203497615262,1,107,0.8337638215747163,0.8544448740445528,0.971789060650137,G4W
549,29130,37.739999771118164,True,detected,29078,0.9982148987298318,944,0.03240645382766907,944,1.0,29078,0.9982148987298318,1,472,0.9952755905511811,0.9972557628979144,0.9980089255063508,G4W
550,34286,34.38000011444092,True,detected,34282,0.9998833343055474,864,0.025199790001749985,854,0.9884259259259259,34282,0.9998833343055474,2,530,0.8158607237474162,0.997756969416456,0.8173598553345389,G4W
551,55875,34.44999980926514,True,detected,55743,0.9976375838926175,635,0.011364653243847875,635,1.0,55743,0.9976375838926175,2,468,0.6038192909557069,0.9804760400815412,0.6111677852348993,G4W
552,13527,34.4399995803833,True,detected,13497,0.9977822133510756,800,0.05914097730464996,800,1.0,13497,0.9977822133510756,1,350,0.916992259491338,0.9969543960888034,0.919568270865676,G4W
553,38337,35.34999895095825,True,detected,38332,0.9998695776925686,838,0.02185877872551321,838,1.0,38332,0.9998695776925686,2,4,0.7250227716330514,0.9968511825956274,0.7266870125466259,G4W
554,17549,17.110000133514404,True,detected,17506,0.9975497179326457,729,0.04154082853723859,729,1.0,17506,0.9975497179326457,1,406,0.9701217469004803,0.9798623646209387,0.9898569719072312,G4W
555,53951,35.329999923706055,True,detected,53897,0.9989990917684566,749,0.013882967878259902,749,1.0,53897,0.9989990917684566,1,84,0.9227082291684626,0.9296484157865481,0.9919741988100313,G4W
556,21959,35.90000057220459,True,detected,21951,0.999635684685095,678,0.030875722938203013,678,1.0,21951,0.999635684685095,1,94,0.9109677419354839,0.9754168651738924,0.93237396967075,G4W
557,37918,32.34000015258789,True,detected,37173,0.9803523392583997,612,0.01614009177699246,612,1.0,37173,0.9803523392583997,1,521,0.9099551708146545,0.9752588706337153,0.931457355345746,G4W
558,19850,33.5,True,detected,19831,0.9990428211586901,738,0.03717884130982368,738,1.0,19831,0.9990428211586901,1,433,0.9342841843937107,0.9651513627677764,0.9669017632241813,G4W
559,18798,16.639999866485596,True,detected,18751,0.9974997340142568,903,0.048037025215448455,895,0.991140642303433,18751,0.9974997340142568,2,561,0.5384102564102564,0.9373270243728239,0.5585168634961166,G4W
560,16674,20.630000114440918,True,detected,16651,0.9986206069329495,493,0.029566990524169365,493,1.0,16651,0.9986206069329495,1,351,0.9430788400543725,0.9443089661430273,0.9986206069329495,G4W
561,25992,30.970000505447388,True,detected,25960,0.9987688519544475,826,0.03177900892582333,825,0.9987893462469734,25960,0.9987688519544475,3,232,0.693006224826071,0.9348942896660739,0.7281471221914435,G4W
562,27861,30.250000953674316,True,detected,27838,0.999174473278059,524,0.018807652273787733,524,1.0,27838,0.999174473278059,2,469,0.8479106448274631,0.9932282740458973,0.8528408886974624,G4W
563,17664,34.88000011444092,False,undersegmentation,16347,0.9254415760869565,201,0.011379076086956522,201,1.0,16347,0.9254415760869565,1,382,0.4787328651599252,0.5108980233014793,0.8837749094202898,G4W
564,29126,28.860000133514404,True,detected,29033,0.9968069765844949,999,0.034299251527844535,999,1.0,29033,0.9968069765844949,2,191,0.7932439461365082,0.8335914487868573,0.9424912449357962,G4W
565,23599,25.339999198913574,True,detected,23579,0.9991525064621383,846,0.03584897665155303,846,1.0,23579,0.9991525064621383,1,424,0.9854969489258547,0.9863214255835355,0.9991525064621383,G4W
566,21914,34.16999912261963,True,detected,21895,0.999132974354294,571,0.026056402299899608,571,1.0,21895,0.999132974354294,2,105,0.9149187861140179,0.9967780311291762,0.9176325636579356,G4W
567,28367,33.74999952316284,True,detected,28361,0.9997884866217789,812,0.028624810519265343,812,1.0,28361,0.9997884866217789,2,313,0.7474711997752178,0.9950904755225137,0.7502379525504989,G4W
568,28911,24.639999389648438,True,detected,28887,0.9991698661409152,960,0.033205354363391094,960,1.0,28887,0.9991698661409152,1,446,0.8649139549918419,0.8872011873559226,0.9717754487911175,G4W
569,67803,32.95000076293945,True,detected,67794,0.9998672625105084,1030,0.015191068241818208,1030,1.0,67794,0.9998672625105084,2,604,0.7919961792923262,0.9433169931906777,0.8315708744450836,G4W
570,38719,34.65000104904175,True,detected,38714,0.9998708644334823,857,0.022133836101138976,857,1.0,38714,0.9998708644334823,1,53,0.7569144518272425,0.7942868348803765,0.9414757612541647,G4W
571,11695,16.739999771118164,True,detected,11692,0.9997434801197093,555,0.04745617785378367,555,1.0,11692,0.9997434801197093,1,491,0.95052498950021,0.9817803227485684,0.9675929884566054,G4W
572,18229,19.009999752044678,True,detected,18176,0.9970925448461243,811,0.04448954961873937,809,0.9975339087546239,18176,0.9970925448461243,1,539,0.8323710102083237,0.8404850746268657,0.9885347523177355,G4W
573,86928,35.839999198913574,True,detected,86616,0.9964108227498619,1265,0.014552273145591755,1265,1.0,86616,0.9964108227498619,2,420,0.7899992763586366,0.8862845611430692,0.8791068470458311,G4W
574,40675,35.3100004196167,True,detected,40503,0.9957713583282114,542,0.013325138291333744,542,1.0,40503,0.9957713583282114,2,378,0.7235242044448585,0.9324206670869735,0.7635648432698218,G4W
575,5074,14.239999771118164,True,detected,4992,0.9838391801340165,445,0.08770201024832479,445,1.0,4992,0.9838391801340165,1,502,0.8178971654581411,0.8331374853113983,0.9781237682301931,G4W
576,59060,35.42000102996826,True,detected,59043,0.999712157128344,532,0.009007788689468338,532,1.0,59043,0.999712157128344,2,442,0.6030877176943822,0.6497543799170186,0.8935827971554352,G4W
577,3318,15.860000133514404,True,detected,3286,0.9903556359252562,652,0.19650391802290537,642,0.9846625766871165,3286,0.9903556359252562,2,520,0.7544859014525777,0.9320900774102745,0.798372513562387,G4W
578,40688,34.07999897003174,True,detected,39449,0.9695487613055447,708,0.017400707825403067,708,1.0,39449,0.9695487613055447,3,555,0.7679899848327997,0.9740755442914287,0.7840149429807314,G4W
579,17000,18.579999923706055,True,detected,16964,0.9978823529411764,869,0.05111764705882353,869,1.0,16964,0.9978823529411764,1,435,0.9001857256566729,0.9019086607475145,0.9978823529411764,G4W
580,9062,15.209999561309814,True,detected,9062,1.0,568,0.06267932023835798,568,1.0,9062,1.0,1,531,0.9148785425101215,0.9170132900476818,0.9974619289340102,G4W
581,113871,35.94999980926514,True,detected,113840,0.9997277621167813,2105,0.018485830457271826,2105,1.0,113840,0.9997277621167813,1,134,0.9801845866675885,0.983977028246235,0.9960832872285306,G4W
582,65804,33.57999897003174,True,detected,65587,0.9967023281259498,1801,0.027369156890158654,1801,1.0,65587,0.9967023281259498,2,186,0.7876798272491172,0.9517983074753174,0.820406054343201,G4W
583,11095,15.140000343322754,True,detected,10713,0.9655700766110861,450,0.040558810274898605,450,1.0,10713,0.9655700766110861,1,405,0.9371489703129179,0.9885273650554824,0.9474538080216314,G4W
584,70928,40.03000068664551,True,detected,70131,0.9887632528761561,1320,0.018610421836228287,1320,1.0,70131,0.9887632528761561,2,548,0.7638402407202802,0.8211938940558027,0.91622490412813,G4W
585,14085,22.93000030517578,True,detected,13994,0.9935392261270856,494,0.03507277245296415,494,1.0,13994,0.9935392261270856,1,434,0.8973582474226804,0.9065876838953262,0.9887823926162584,G4W
1,60794,36.670000076293945,True,detected,60207,0.9903444418857124,1493,0.024558344573477647,1492,0.999330207635633,60207,0.9903444418857124,1,320,0.9572719277204765,0.971738848126745,0.9846859887488897,L1N
2,5040,19.800000190734863,True,detected,5026,0.9972222222222222,452,0.08968253968253968,452,1.0,5026,0.9972222222222222,1,14,0.8718126626192542,0.8739349678316815,0.9972222222222222,L1N
3,25614,28.59000015258789,True,detected,25577,0.9985554774732568,662,0.02584524088389162,662,1.0,25577,0.9985554774732568,3,190,0.7500582252930673,0.9923989522880181,0.7543921293042867,L1N
4,76170,35.929999351501465,True,detected,75838,0.9956413286070631,1721,0.022594197190494946,1721,1.0,75838,0.9956413286070631,1,36,0.9495488642920842,0.9988687626746865,0.950571090980701,L1N
5,65259,35.869998931884766,True,detected,65140,0.9981764967284206,1651,0.025299192448551156,1651,1.0,65140,0.9981764967284206,1,51,0.9817774548976874,0.98762199113899,0.9940084892505249,L1N
6,53742,34.999999046325684,True,detected,53585,0.9970786349596219,1528,0.02843213873692829,1528,1.0,53585,0.9970786349596219,1,79,0.9411873771646828,0.9962318954350983,0.9445498864947341,L1N
7,38920,33.49000072479248,True,detected,37958,0.9752826310380267,1067,0.027415210688591984,1067,1.0,37958,0.9752826310380267,2,389,0.8402676678670855,0.9929675238440179,0.8452980472764645,L1N
8,87673,35.820000648498535,True,detected,87639,0.9996121953166881,1878,0.02142050574293112,1878,1.0,87639,0.9996121953166881,1,118,0.9754488658749367,0.9867677871914002,0.9883772655207419,L1N
9,73827,35.829999923706055,True,detected,73760,0.999092472943503,1517,0.020548037980684573,1517,1.0,73760,0.999092472943503,1,144,0.9214648249277224,0.9471939348311342,0.9713654895905293,L1N
10,22489,26.5600004196167,True,detected,22367,0.9945751256169683,670,0.029792342923206903,670,1.0,22367,0.9945751256169683,2,157,0.9171994317172794,0.9983086885087465,0.9186268842545244,L1N
11,116332,37.61000061035156,True,detected,116170,0.9986074338960905,1994,0.017140597599972492,1994,1.0,116170,0.9986074338960905,1,141,0.9169908593478192,0.9196231741550759,0.9968882164838565,L1N
12,65386,34.989999771118164,True,detected,65359,0.9995870675679809,1715,0.026228856330101243,1715,1.0,65359,0.9995870675679809,1,117,0.8919717864459447,0.8982954624129385,0.9921695775854158,L1N
13,51571,36.21999931335449,True,detected,51495,0.9985263035426887,1389,0.02693374183164957,1389,1.0,51495,0.9985263035426887,1,116,0.9848002760101203,0.9884378607156599,0.9962769773710031,L1N
14,67103,35.54999923706055,True,detected,67060,0.9993591940747806,1350,0.020118325559214938,1350,1.0,67060,0.9993591940747806,1,115,0.9726346863468635,0.9902769637677893,0.9820127267037241,L1N
15,66024,35.52999973297119,True,detected,65982,0.9993638676844784,1441,0.021825396825396824,1441,1.0,65982,0.9993638676844784,1,99,0.9279558384498394,0.9296315106370973,0.9980613110384102,L1N
16,62236,34.61999988555908,True,detected,62148,0.9985860273796516,1398,0.022462883218715857,1397,0.9992846924177397,62148,0.9985860273796516,1,191,0.9501901685259154,0.9900019896538003,0.9593964907770423,L1N
17,86813,34.02999973297119,True,detected,86783,0.9996544296361144,1674,0.0192828263048161,1672,0.998805256869773,86783,0.9996544296361144,2,519,0.918645774913873,0.9930958538003737,0.9245504705516455,L1N
18,84478,34.31999969482422,True,detected,84420,0.9993134307156893,1510,0.017874476194985677,1510,1.0,84420,0.9993134307156893,1,10,0.8995352431654985,0.9060608026293029,0.9920571036246123,L1N
19,73281,34.34999942779541,True,detected,73217,0.9991266494725781,1635,0.02231137675522987,1628,0.9957186544342508,73217,0.9991266494725781,2,37,0.9082835459389633,0.9848982271831911,0.921111884390224,L1N
20,44713,35.27000045776367,True,detected,44584,0.9971149330172433,1187,0.02654708921342786,1187,1.0,44584,0.9971149330172433,1,52,0.9693098027058745,0.9898695249078534,0.9790217610091025,L1N
21,58342,35.589999198913574,True,detected,58318,0.9995886325460217,1478,0.02533337904082822,1478,1.0,58318,0.9995886325460217,1,28,0.9628099870188984,0.9832145439520711,0.9789002776730314,L1N
22,46064,36.08000087738037,True,detected,46024,0.9991316429315734,1481,0.032150920458492535,1481,1.0,46024,0.9991316429315734,2,7,0.9366011660548478,0.9943603851444291,0.9416029871483154,L1N
23,68969,34.28999900817871,True,detected,68896,0.9989415534515507,1385,0.02008148588496281,1385,1.0,68896,0.9989415534515507,1,33,0.984155941162951,0.9906448814343551,0.9933883338891386,L1N
24,35290,28.780000686645508,True,detected,35242,0.9986398413148201,747,0.02116746953811278,747,1.0,35242,0.9986398413148201,2,23,0.8907807426231823,0.9960532962869412,0.8939359591952395,L1N
25,59899,35.84000015258789,True,detected,59728,0.9971451944105911,1458,0.024340973972854306,1458,1.0,59728,0.9971451944105911,1,101,0.9491053677932405,0.9920171777866283,0.956409956760547,L1N
26,44314,32.11999988555908,True,detected,44203,0.9974951482601435,819,0.018481743918400507,819,1.0,44203,0.9974951482601435,2,105,0.9330201073281524,0.9859986822289156,0.9455476824479848,L1N
27,71149,35.510000228881836,True,detected,71130,0.9997329547850285,1549,0.021771212525826082,1549,1.0,71130,0.9997329547850285,1,104,0.931973063429977,0.9552518461368896,0.9745182644872029,L1N
28,40408,34.55999946594238,True,detected,40376,0.9992080776083944,1390,0.03439912888536923,1381,0.9935251798561151,40376,0.9992080776083944,3,170,0.7094243404923016,0.9870377950607176,0.7160958226093843,L1N
29,21183,27.619998931884766,True,detected,21025,0.9925411886890431,803,0.03790775621961007,803,1.0,21025,0.9925411886890431,2,325,0.8613262127280819,0.9376483697495276,0.9136571779256951,L1N
30,59988,35.959999084472656,True,detected,59956,0.9994665599786624,1257,0.020954190838167634,1257,1.0,59956,0.9994665599786624,1,140,0.9570571466454522,0.9940096052880726,0.9626091885043675,L1N
31,32902,32.59000015258789,True,detected,32859,0.9986930885660447,1380,0.041942739043219254,1380,1.0,32859,0.9986930885660447,1,120,0.8876537369914853,0.9702061655787501,0.9125281137924747,L1N
32,26821,33.39999961853027,True,detected,26599,0.9917229036948659,1041,0.03881287051191231,1041,1.0,26599,0.9917229036948659,1,464,0.8789020834814762,0.9498559077809798,0.9216658588419522,L1N
33,34990,34.0,True,detected,34969,0.999399828522435,880,0.025150042869391254,880,1.0,34969,0.999399828522435,2,596,0.8248627539758899,0.9882021900532257,0.8330665904544156,L1N
34,37123,33.34000015258789,True,detected,37107,0.9995690003501873,1265,0.03407590981332328,1265,1.0,37107,0.9995690003501873,2,143,0.8272561306557458,0.9076685705005008,0.9032675160951432,L1N
35,23559,33.58000087738037,True,detected,23546,0.9994481938961756,885,0.037565261683433084,885,1.0,23546,0.9994481938961756,1,20,0.9085528262799645,0.9956449221645663,0.9121779362451717,L1N
36,18943,17.399999618530273,True,detected,18876,0.9964630734308187,784,0.04138731985429974,784,1.0,18876,0.9964630734308187,1,204,0.9956746492246018,0.999205971097348,0.9964630734308187,L1N
37,44703,31.329999923706055,True,detected,44649,0.9987920273807127,1674,0.03744715119790618,1674,1.0,44649,0.9987920273807127,1,169,0.7914038547911499,0.8616715922862671,0.9065834507751158,L1N
38,33252,33.269999504089355,True,detected,33204,0.9985564778058462,825,0.02481053771201732,825,1.0,33204,0.9985564778058462,1,166,0.8737593836983721,0.9306720172496407,0.9345904005774088,L1N
39,52573,31.790000915527344,True,detected,52487,0.998364179331596,821,0.015616381032088714,821,1.0,52487,0.998364179331596,1,102,0.9807185015087393,0.9976832635094697,0.9829570311756985,L1N
40,24395,24.350000381469727,True,detected,24346,0.9979913916786227,637,0.026111908177905308,634,0.9952904238618524,24346,0.9979913916786227,2,122,0.7529760787111796,0.8997531972178595,0.8219307235089157,L1N
41,15952,30.43000030517578,True,detected,15943,0.9994358074222668,665,0.04168756268806419,654,0.9834586466165414,15943,0.9994358074222668,1,595,0.9008736367270028,0.9099665474679894,0.9890295887662989,L1N
42,32121,31.630000114440918,True,detected,31995,0.9960773325861586,1094,0.03405871548208337,1094,1.0,31995,0.9960773325861586,2,103,0.8792853979034402,0.9446718060975223,0.9270259331901248,L1N
43,40553,32.67000102996826,True,detected,40451,0.997484773013094,1277,0.03148965551253915,1277,1.0,40451,0.997484773013094,2,415,0.890328891062477,0.9906943839791031,0.897837397973023,L1N
44,20177,24.6899995803833,True,detected,20159,0.9991078951281162,759,0.03761708876443475,758,0.9986824769433466,20159,0.9991078951281162,1,168,0.9607365549493375,0.9825138245404275,0.9774495712940476,L1N
45,26649,23.22000026702881,True,detected,26358,0.9890802656760104,1093,0.04101467222034598,1093,1.0,26358,0.9890802656760104,1,60,0.9874859497939303,0.9984467931961966,0.9890052159555706,L1N
46,38797,30.110000610351562,True,detected,38794,0.9999226744335902,748,0.01927984122483697,747,0.9986631016042781,38794,0.9999226744335902,1,449,0.871154467044878,0.8921823334907889,0.9736577570430703,L1N
47,36677,27.489999771118164,True,detected,36652,0.9993183739128064,938,0.025574610791504214,938,1.0,36652,0.9993183739128064,1,86,0.9195974739436258,0.9402346518281319,0.9766883878179786,L1N
48,77863,35.07999897003174,True,detected,77687,0.9977396195882512,1544,0.019829700884887558,1544,1.0,77687,0.9977396195882512,1,53,0.920525865348041,0.9251556022793793,0.9945930673105327,L1N
49,36734,28.789999961853027,True,detected,36723,0.9997005498992759,667,0.018157565198453747,667,1.0,36723,0.9997005498992759,1,87,0.9076894938990934,0.9575787645745473,0.945717863559645,L1N
50,15437,29.99000072479248,True,detected,15327,0.9928742631340286,613,0.0397097881712768,613,1.0,15327,0.9928742631340286,1,119,0.8865063756899068,0.9772027972027972,0.9052276996825808,L1N
51,35443,24.27999973297119,True,detected,35434,0.9997460711565048,1098,0.030979318906413113,1051,0.9571948998178507,35434,0.9997460711565048,2,459,0.7868084902036112,0.8407912967619439,0.9245549191659849,L1N
52,38748,31.22000026702881,True,detected,38631,0.9969804893155776,844,0.021781769381645503,844,1.0,38631,0.9969804893155776,2,100,0.8964505418135955,0.9970513297643927,0.8988334881800351,L1N
53,14189,21.479999542236328,True,detected,14052,0.9903446331665374,736,0.05187116780604694,736,1.0,14052,0.9903446331665374,1,89,0.9527462828433703,0.9629451725794277,0.9890055676932835,L1N
54,13514,15.779999732971191,True,detected,13295,0.9837945833949978,524,0.03877460411425189,524,1.0,13295,0.9837945833949978,1,35,0.7902621722846442,0.8007831325301205,0.983646588722806,L1N
55,22524,22.039999961853027,True,detected,22473,0.9977357485348961,754,0.03347540401349672,754,1.0,22473,0.9977357485348961,1,255,0.9774776737094315,0.9811535266080721,0.9961818504706091,L1N
56,16001,26.30000114440918,True,detected,15899,0.9936253984125992,507,0.03168551965502156,497,0.980276134122288,15899,0.9936253984125992,3,121,0.7312243837672459,0.9054971763528487,0.7916380226235861,L1N
57,2495,11.11000007390976,True,detected,2075,0.8316633266533067,800,0.32064128256513025,800,1.0,2075,0.8316633266533067,3,386,0.5730994152046783,0.7515977844056242,0.7070140280561122,L1N
58,8647,15.430000305175781,True,detected,8583,0.9925985891060484,1295,0.1497629235573031,1295,1.0,8583,0.9925985891060484,1,194,0.9495219034912163,0.9609542027680882,0.9876257661616745,L1N
59,6469,15.730000495910645,True,detected,6276,0.9701654042355851,734,0.11346421394342247,683,0.9305177111716622,6276,0.9701654042355851,1,516,0.9269773796872628,0.9810411311053985,0.9438862266192611,L1N
60,13731,21.59999942779541,True,detected,13708,0.998324958123953,495,0.03604981428883548,495,1.0,13708,0.998324958123953,1,34,0.9578570927704929,0.9626497533474278,0.9948292185565508,L1N
61,25594,21.760000228881836,True,detected,25561,0.9987106353051497,943,0.0368445729467844,918,0.9734888653234358,25561,0.9987106353051497,2,541,0.8098038485874866,0.9447242726877986,0.8500820504805814,L1N
62,12503,23.40999984741211,True,detected,12430,0.9941614012636967,541,0.04326961529232984,541,1.0,12430,0.9941614012636967,1,329,0.8926271615657333,0.9034785792749909,0.9867231864352556,L1N
63,9587,19.18000030517578,True,detected,9576,0.9988526129133202,629,0.0656096797746949,614,0.9761526232114467,9576,0.9988526129133202,1,348,0.9774779449922159,0.9949292203676315,0.9823719620319182,L1N
64,10138,15.480000495910645,True,detected,10089,0.9951666995462616,589,0.05809824422963109,589,1.0,10089,0.9951666995462616,1,85,0.9648128237708924,0.9906663990365315,0.9736634444663642,L1N
65,13976,18.130000114440918,True,detected,13922,0.9961362335432169,509,0.036419576416714367,509,1.0,13922,0.9961362335432169,1,167,0.9767768189153161,0.9804915839143602,0.9961362335432169,L1N
66,37814,35.329999923706055,True,detected,37655,0.9957952081239753,1062,0.028084836304014385,1062,1.0,37655,0.9957952081239753,1,225,0.9135520091490357,0.9815683646112601,0.9294970116887925,L1N
67,1596,9.790000021457672,True,detected,1578,0.9887218045112782,241,0.15100250626566417,241,1.0,1578,0.9887218045112782,1,485,0.6733732876712328,0.6800691742325984,0.9855889724310777,L1N
68,28791,31.020000457763672,False,fragmentation,28770,0.9992706053975201,593,0.02059671425098121,569,0.9595278246205734,28770,0.9992706053975201,4,410,0.32674237815182855,0.9240107054100555,0.33576464867493316,L1N
69,10816,10.859999597072601,True,detected,10763,0.9950998520710059,496,0.04585798816568047,461,0.9294354838709677,10763,0.9950998520710059,1,425,0.9130554031815689,0.9879315461469977,0.9233542899408284,L1N
70,11522,11.149999558925629,True,detected,11317,0.982207950008679,385,0.03341433778857837,385,1.0,11317,0.982207950008679,1,21,0.9691225662578266,0.9880202868135711,0.9806457212289533,L1N
71,9561,17.84000015258789,True,detected,9544,0.9982219433113692,590,0.06170902625248405,582,0.9864406779661017,9544,0.9982219433113692,3,447,0.5669804489500362,0.9810273850008949,0.5732663947285849,L1N
72,12146,17.979999542236328,True,detected,12133,0.9989296887864317,400,0.032932652725177015,400,1.0,12133,0.9989296887864317,2,324,0.9375051326270838,0.9972918668646807,0.939897908776552,L1N
73,17559,20.460000038146973,True,detected,17540,0.9989179338231107,739,0.04208667919585398,739,1.0,17540,0.9989179338231107,1,249,0.9472551724137931,0.9680857062306174,0.9777891679480608,L1N
74,11117,16.119999885559082,True,detected,11084,0.997031573266169,474,0.04263740217684627,474,1.0,11084,0.997031573266169,1,232,0.9096516086014336,0.925307333615939,0.9817396779706755,L1N
75,16673,16.570000171661377,True,detected,16606,0.9959815270197325,446,0.026749835062676183,446,1.0,16606,0.9959815270197325,1,258,0.8968607338105168,0.9369958193487605,0.9544173214178612,L1N
76,70772,34.5,True,detected,70541,0.9967359972870626,1319,0.018637314192053354,1319,1.0,70541,0.9967359972870626,1,173,0.9369813981235425,0.9586084447650225,0.9764878765613519,L1N
77,31080,25.729999542236328,True,detected,31026,0.9982625482625482,1005,0.032335907335907334,1005,1.0,31026,0.9982625482625482,3,217,0.7490833192305523,0.8585930428035691,0.8545045045045045,L1N
78,20915,21.829999923706055,True,detected,20694,0.9894334209897203,668,0.03193879990437485,668,1.0,20694,0.9894334209897203,1,202,0.9361943687556766,0.9491252302025782,0.9856562275878556,L1N
79,76714,36.28999900817871,True,detected,76472,0.9968454258675079,1613,0.021026149073180907,1613,1.0,76472,0.9968454258675079,2,88,0.9189658074288896,0.9926578560939795,0.9252548426623562,L1N
80,48222,37.08000087738037,True,detected,48141,0.9983202687569989,1701,0.03527435610302351,1690,0.993533215755438,48141,0.9983202687569989,1,328,0.8916455390558976,0.9677651837777632,0.9189374144581312,L1N
81,44592,31.610000610351562,True,detected,44521,0.998407786149982,427,0.009575708647290994,427,1.0,44521,0.998407786149982,3,230,0.5585710038994877,0.7172077776280928,0.7163392536777897,L1N
82,50038,32.92000102996826,True,detected,49891,0.9970622327031456,1253,0.025040968863663617,1253,1.0,49891,0.9970622327031456,1,19,0.9822418657879679,0.9872481358083453,0.9948639034333906,L1N
83,3065,14.019999980926514,False,undersegmentation,2991,0.9758564437194127,966,0.31517128874388256,966,1.0,2991,0.9758564437194127,2,9,0.20074696545284781,0.2134283909394459,0.7716150081566069,L1N
84,19299,21.710000038146973,True,detected,19229,0.9963728690605731,844,0.04373283589823307,844,1.0,19229,0.9963728690605731,1,192,0.8915735287297686,0.8946437712317931,0.996165604435463,L1N
85,21539,21.229999542236328,True,detected,21312,0.9894609777612703,475,0.02205302010306885,475,1.0,21312,0.9894609777612703,1,165,0.9135318929155548,0.9260471204188482,0.9854217930266029,L1N
86,1780,15.360000133514404,True,detected,1748,0.9820224719101124,346,0.1943820224719101,346,1.0,1748,0.9820224719101124,1,284,0.9377682403433476,0.9541484716157205,0.9820224719101124,L1N
87,66751,38.69000053405762,True,detected,66263,0.992689248101152,1563,0.02341537954487573,1558,0.9968010236724248,66263,0.992689248101152,1,195,0.9660878356278434,0.9921975203078238,0.9734835433177031,L1N
88,26221,20.40000057220459,True,detected,26127,0.9964150871438923,1069,0.04076884939552267,1065,0.9962581852198317,26127,0.9964150871438923,1,196,0.9637975618766161,0.968484353539478,0.995004004423935,L1N
89,17684,16.43000030517578,True,detected,17684,1.0,650,0.0367563899570233,650,1.0,17684,1.0,3,248,0.6793840721851706,0.8364931771525178,0.7834200407147704,L1N
90,77845,36.05999946594238,True,detected,77434,0.9947202774744685,1339,0.017200847838653735,1339,1.0,77434,0.9947202774744685,1,213,0.9473461039608899,0.9701280954266229,0.9758109062881367,L1N
91,131514,38.989999771118164,True,detected,131387,0.9990343233420016,1964,0.014933771309518378,1964,1.0,131387,0.9990343233420016,1,77,0.8880955329013441,0.903053872948813,0.9816901622640936,L1N
92,13496,20.6899995803833,True,detected,13437,0.9956283343212804,611,0.04527267338470658,611,1.0,13437,0.9956283343212804,1,281,0.8126681340180973,0.8229321446260525,0.9848844101956136,L1N
93,79607,34.65999984741211,True,detected,79554,0.9993342294019371,1532,0.019244538796839475,1532,1.0,79554,0.9993342294019371,1,61,0.8256955634332367,0.8507642755155124,0.9655432311228912,L1N
94,68911,36.320000648498535,True,detected,68819,0.9986649446387369,1425,0.02067884662825964,1425,1.0,68819,0.9986649446387369,1,30,0.9186521067725568,0.948508790661257,0.9668703109808303,L1N
95,60586,35.55000019073486,True,detected,60473,0.9981348826461559,1704,0.028125309477437032,1703,0.9994131455399061,60473,0.9981348826461559,1,269,0.9533607246537747,0.9608140947752126,0.9919288284422144,L1N
96,76622,35.21999931335449,True,detected,76547,0.9990211688548981,1215,0.015857064550651247,1215,1.0,76547,0.9990211688548981,1,149,0.8726287262872628,0.8997910288185839,0.9665631280833181,L1N
97,4829,15.890000343322754,True,detected,4787,0.9913025471112031,341,0.07061503416856492,341,1.0,4787,0.9913025471112031,2,279,0.8812712372576454,0.9620336024438141,0.9130254711120315,L1N
98,77408,41.83000183105469,True,detected,77344,0.9991732120711038,1374,0.01775010334849111,1374,1.0,77344,0.9991732120711038,1,565,0.8773546799838431,0.9435171778333553,0.9259895618023977,L1N
99,76922,36.73999881744385,True,detected,76826,0.9987519825277554,1428,0.018564259899638596,1420,0.9943977591036415,76826,0.9987519825277554,1,342,0.906092207759255,0.9740861974904528,0.9284729986219807,L1N
100,35894,34.540000915527344,True,detected,35770,0.996545383629576,894,0.024906669638379675,894,1.0,35770,0.996545383629576,1,297,0.8921578919741746,0.9390072097455872,0.9470385022566445,L1N
101,58011,32.310001373291016,True,detected,57751,0.9955180913964593,1620,0.027925738222061333,1605,0.9907407407407407,57751,0.9955180913964593,2,551,0.8676438005965061,0.9871250460512283,0.8775749426832842,L1N
102,58983,35.74000072479248,True,detected,58901,0.9986097689164675,1226,0.020785650102571926,1226,1.0,58901,0.9986097689164675,2,223,0.9229237338193846,0.9950869786738482,0.9271485004153739,L1N
103,48483,36.179999351501465,True,detected,48413,0.9985561949549326,1392,0.028711094610482026,1392,1.0,48413,0.9985561949549326,1,31,0.9880138396902546,0.9984806543592732,0.9895014747437246,L1N
104,81301,36.519999504089355,True,detected,81200,0.9987577028572834,1362,0.016752561469108623,1362,1.0,81200,0.9987577028572834,1,338,0.8702285943235839,0.8791585073679835,0.988462626535959,L1N
105,70667,36.86000061035156,True,detected,70621,0.9993490596742468,1472,0.020830090424101774,1472,1.0,70621,0.9993490596742468,2,438,0.8880334090569015,0.9582256928135274,0.9237975292569375,L1N
106,43456,35.27999973297119,True,detected,43312,0.9966863033873343,1324,0.03046759941089838,1324,1.0,43312,0.9966863033873343,1,251,0.9435963543433521,0.9820873740702382,0.9601205817378498,L1N
107,53721,36.44999980926514,True,detected,53419,0.9943783622791832,994,0.018503006273152028,989,0.9949698189134809,53419,0.9943783622791832,2,337,0.8363849851392507,0.9830720462337998,0.8486066901211816,L1N
108,75637,33.65999984741211,True,detected,75529,0.9985721273979666,1218,0.01610322990070997,1218,1.0,75529,0.9985721273979666,1,291,0.8811897601060933,0.8940735490226702,0.9839099911419015,L1N
109,121412,34.65999984741211,True,detected,121396,0.9998682173096564,1309,0.010781471353737686,1309,1.0,121396,0.9998682173096564,1,221,0.9578540071137885,0.9722238032898856,0.9848038085197509,L1N
110,62083,33.84000015258789,True,detected,62073,0.9998389253096661,1270,0.020456485672406294,1270,1.0,62073,0.9998389253096661,1,272,0.94626756880952,0.9831094429079416,0.9619058357360308,L1N
111,53553,35.089999198913574,True,detected,53518,0.9993464418426605,1194,0.02229566971038037,1194,1.0,53518,0.9993464418426605,1,47,0.9798784126510518,0.998650600577771,0.9811775250686237,L1N
112,71287,32.96000099182129,True,detected,71216,0.9990040259794913,1432,0.02008781404744203,1432,1.0,71216,0.9990040259794913,2,604,0.8737166044826928,0.967563899570233,0.9000799584777028,L1N
113,33328,32.739999771118164,True,detected,33282,0.9986197791646664,1119,0.033575372059529526,1119,1.0,33282,0.9986197791646664,1,388,0.9436273793163943,0.9736619803294515,0.9683449351896304,L1N
114,53613,33.5,True,detected,53609,0.999925391229739,1238,0.023091414395762223,1238,1.0,53609,0.999925391229739,1,314,0.9192366275423349,0.9590203776406805,0.9568201742114786,L1N
115,21214,32.36000061035156,True,detected,21092,0.994249080795701,833,0.03926652210804186,833,1.0,21092,0.994249080795701,1,236,0.8974783328252254,0.9218484387581641,0.9713868200245122,L1N
116,8611,18.880000114440918,True,detected,8595,0.9981419115085356,372,0.04320055742654744,372,1.0,8595,0.9981419115085356,1,311,0.8918631824941576,0.9127079030329384,0.975031935895947,L1N
117,88414,33.53999996185303,True,detected,88328,0.9990273033682449,1300,0.014703553735833692,1300,1.0,88328,0.9990273033682449,1,271,0.963855421686747,0.9751959098926124,0.9880788110480241,L1N
118,49060,32.47000026702881,True,detected,49042,0.9996331023236853,894,0.018222584590297596,894,1.0,49042,0.9996331023236853,1,352,0.7953708196308875,0.8704545007571735,0.9021606196494089,L1N
119,27754,22.110000610351562,True,detected,27213,0.9805073142610075,589,0.021222166174245154,588,0.99830220713073,27213,0.9805073142610075,1,45,0.9721605954340514,0.9929824561403509,0.9788859263529581,L1N
120,41338,34.61999988555908,True,detected,41334,0.9999032367313367,1108,0.026803425419710678,1099,0.9918772563176895,41334,0.9999032367313367,1,511,0.87437956863099,0.9284653346749078,0.9375393100778945,L1N
121,21978,23.09000015258789,True,detected,21919,0.9973154973154973,547,0.024888524888524888,547,1.0,21919,0.9973154973154973,2,78,0.6496520638937213,0.8321600405165864,0.7476112476112476,L1N
122,56329,33.64999961853027,True,detected,56303,0.9995384260327718,1485,0.026362974666690336,1406,0.9468013468013468,56303,0.9995384260327718,1,364,0.9459731721541805,0.9952770546671625,0.9502387757638161,L1N
123,17839,19.860000610351562,True,detected,17755,0.9952912158753293,561,0.03144795111833623,561,1.0,17755,0.9952912158753293,1,296,0.9769450863871465,0.9814814814814815,0.9952912158753293,L1N
124,33655,27.530000686645508,True,detected,32915,0.9780121824394592,907,0.026949933145149308,907,1.0,32915,0.9780121824394592,2,254,0.8469290965141095,0.9971730708826301,0.8489674639726638,L1N
125,10776,15.009999752044678,True,detected,10754,0.9979584261321455,714,0.06625835189309577,714,1.0,10754,0.9979584261321455,1,457,0.9711538461538461,0.986603404967904,0.98413140311804,L1N
126,7341,19.469999313354492,True,detected,7320,0.9971393543114018,441,0.060073559460563954,441,1.0,7320,0.9971393543114018,1,224,0.9817376124613939,0.9857085074828098,0.9959133633020024,L1N
127,12913,16.43000030517578,True,detected,12897,0.9987609385890188,758,0.058700534345233486,758,1.0,12897,0.9987609385890188,1,266,0.8947219270279844,0.9130937748535898,0.9780066599550841,L1N
128,6858,13.430000305175781,True,detected,6645,0.968941382327209,406,0.05920093321668125,406,1.0,6645,0.968941382327209,1,367,0.8801488174328993,0.9083927591881514,0.9658792650918635,L1N
129,36995,31.27999973297119,True,detected,36963,0.9991350182457088,834,0.022543586971212327,834,1.0,36963,0.9991350182457088,1,313,0.9324584700307244,0.9620933293931172,0.9680227057710501,L1N
130,18538,33.34000110626221,True,detected,18410,0.9930952637825008,694,0.03743661667925342,694,1.0,18410,0.9930952637825008,2,158,0.8281233554362699,0.971358024691358,0.8488510087388068,L1N
131,11786,13.180000305175781,True,detected,11785,0.9999151535720346,268,0.022738842694722552,268,1.0,11785,0.9999151535720346,1,411,0.7613540380741992,0.7647327546825035,0.9942304428983539,L1N
132,14076,15.070000171661377,True,detected,13982,0.9933219664677465,404,0.02870133560670645,404,1.0,13982,0.9933219664677465,1,292,0.9727279068145358,0.9816287745477581,0.9907644217107132,L1N
133,26862,18.399999618530273,True,detected,26817,0.9983247710520438,926,0.034472489017943565,926,1.0,26817,0.9983247710520438,1,42,0.8909403472580368,0.9209909013363662,0.964671282853101,L1N
134,15682,18.219999313354492,True,detected,15652,0.9980869787016962,607,0.03870679760234664,607,1.0,15652,0.9980869787016962,1,46,0.9714540021616123,0.9969335160174855,0.9743655146027292,L1N
135,29939,29.130000114440918,True,detected,29908,0.9989645612745917,771,0.025752363138381376,771,1.0,29908,0.9989645612745917,2,497,0.7951046754062777,0.8458359918573208,0.9298573766658873,L1N
136,30668,27.15999984741211,True,detected,30648,0.9993478544411113,792,0.02582496413199426,792,1.0,30648,0.9993478544411113,1,294,0.9268788295610854,0.9573767315702799,0.9667731837746185,L1N
137,40878,30.219999313354492,True,detected,40811,0.9983609765644111,905,0.022139047898625176,862,0.9524861878453039,40811,0.9983609765644111,1,451,0.9565840621963071,0.9928886647333249,0.9631831302901316,L1N
138,4398,10.879999995231628,True,detected,4364,0.992269213278763,688,0.15643474306502955,688,1.0,4364,0.992269213278763,1,245,0.8864749733759318,0.9333931374747702,0.9463392451114143,L1N
139,14714,27.660000801086426,True,detected,14684,0.9979611254587468,955,0.0649041728965611,955,1.0,14684,0.9979611254587468,1,265,0.8110053837485914,0.9113612381287373,0.8804539893978524,L1N
140,15860,19.119999885559082,True,detected,15774,0.9945775535939471,879,0.05542244640605296,879,1.0,15774,0.9945775535939471,2,341,0.6817330566381535,0.7755959921686053,0.8492433795712484,L1N
141,40312,33.6200008392334,True,detected,39968,0.9914665608255606,518,0.012849771780115102,518,1.0,39968,0.9914665608255606,2,354,0.7995335221457981,0.9516983483951387,0.833349871006152,L1N
142,22393,21.369999885559082,True,detected,22242,0.9932568213280936,647,0.028892957620685035,647,1.0,22242,0.9932568213280936,1,273,0.9186286658405618,0.9244710479278381,0.9931675077033001,L1N
143,29157,31.890000343322754,True,detected,29144,0.9995541379428611,481,0.016496896114140687,478,0.9937629937629938,29144,0.9995541379428611,2,436,0.7802244267360546,0.9379105411323115,0.8227183866652947,L1N
144,35074,27.579999923706055,True,detected,34943,0.9962650396304955,765,0.02181102811199179,765,1.0,34943,0.9962650396304955,1,150,0.9407278747252151,0.9513393347238994,0.988281918230028,L1N
145,33196,29.809999465942383,True,detected,33158,0.9988552837691288,849,0.025575370526569465,849,1.0,33158,0.9988552837691288,1,300,0.9448168401246545,0.9751782734031255,0.9680985660923003,L1N
146,17753,23.93000030517578,True,detected,17737,0.9990987438742748,786,0.0442742071762519,786,1.0,17737,0.9990987438742748,2,512,0.7785659139162324,0.8444991102271537,0.9088604742860361,L1N
147,30338,17.800000190734863,True,detected,30331,0.9997692662667282,761,0.025084053002834727,761,1.0,30331,0.9997692662667282,1,437,0.71491683991684,0.7162197344441552,0.9974619289340102,L1N
148,30817,22.399999618530273,True,detected,30579,0.9922769899730668,899,0.029172210143751827,899,1.0,30579,0.9922769899730668,1,209,0.9589634879453268,0.9746285934786802,0.9835155920433527,L1N
149,37906,20.22000026702881,True,detected,37904,0.9999472379042895,598,0.015775866617422044,598,1.0,37904,0.9999472379042895,1,222,0.8975555330155188,0.9585657802090668,0.9337835698833957,L1N
150,15209,21.300000190734863,True,detected,15190,0.9987507396936025,445,0.02925899138667894,445,1.0,15190,0.9987507396936025,1,274,0.848356187962591,0.8694578384099729,0.9721875205470445,L1N
151,5478,12.239999771118164,False,fragmentation,5462,0.9970792259948886,593,0.10825118656443958,454,0.7655986509274874,5462,0.9970792259948886,3,668,0.41292994777597697,0.9683277027027027,0.418583424607521,L1N
152,53586,35.07999897003174,True,detected,53538,0.9991042436457284,1395,0.02603291904601948,1395,1.0,53538,0.9991042436457284,2,306,0.9030605893546264,0.9504913430042116,0.9476355764565372,L1N
153,10283,14.230000019073486,True,detected,10280,0.9997082563454245,355,0.034522999124769034,355,1.0,10280,0.9997082563454245,3,433,0.7020166283389351,0.8858258928571429,0.7718564621219488,L1N
154,10495,14.329999923706055,True,detected,10481,0.9986660314435446,1161,0.11062410671748452,1161,1.0,10481,0.9986660314435446,1,212,0.9936480849450132,0.9949686728688057,0.9986660314435446,L1N
155,16766,17.15999984741211,True,detected,16414,0.9790051294286055,562,0.0335202194918287,562,1.0,16414,0.9790051294286055,1,278,0.9191913535308283,0.9376749500142816,0.9790051294286055,L1N
156,22249,18.510000228881836,True,detected,22194,0.9975279787855634,614,0.027596745921164997,614,1.0,22194,0.9975279787855634,1,198,0.9348778433024432,0.9370487650411653,0.9975279787855634,L1N
157,19612,20.350000381469727,True,detected,19544,0.9965327350601673,826,0.04211707118090965,826,1.0,19544,0.9965327350601673,1,263,0.9606490872210953,0.994331303800126,0.9659392208851724,L1N
158,12839,15.269999980926514,True,detected,12821,0.9985980216527767,808,0.06293325025313498,804,0.995049504950495,12821,0.9985980216527767,1,208,0.9457199331001976,0.9753038024304195,0.9689228133032167,L1N
159,4847,10.629999876022339,False,undersegmentation,4844,0.9993810604497627,244,0.05034041675263049,244,1.0,4844,0.9993810604497627,2,537,0.488597210828548,0.7046852815901562,0.6144006602021869,L1N
160,8098,13.640000104904175,True,detected,8090,0.9990121017535194,484,0.059767843912077054,484,1.0,8090,0.9990121017535194,1,247,0.7306771382051528,0.7650421179302046,0.9420844653000741,L1N
161,12235,15.399999618530273,True,detected,12218,0.9986105435226809,476,0.03890478136493666,468,0.9831932773109243,12218,0.9986105435226809,3,413,0.8407881147215381,0.9678097850937357,0.864977523498161,L1N
162,5253,11.429999589920044,False,undersegmentation,5210,0.9918142014087188,314,0.059775366457262516,307,0.9777070063694268,5210,0.9918142014087188,3,631,0.4028493482873598,0.6640019985011242,0.5059965733866362,L1N
163,4348,16.760000228881836,True,detected,4238,0.9747010119595216,400,0.09199632014719411,400,1.0,4238,0.9747010119595216,1,229,0.940419769803656,0.9804705882352941,0.9583716651333947,L1N
164,9892,17.78999948501587,True,detected,9867,0.9974727052163365,705,0.07126971289931258,705,1.0,9867,0.9974727052163365,2,304,0.7992912688256718,0.968165017288661,0.8208653457339264,L1N
165,9899,10.889999985694885,True,detected,9840,0.994039802000202,751,0.07586624911607233,747,0.9946737683089214,9840,0.994039802000202,1,382,0.837219196732471,0.8415155661991105,0.9939387816951207,L1N
166,4839,12.09999966621399,True,detected,4477,0.9251911551973548,251,0.05187022112006613,251,1.0,4477,0.9251911551973548,1,627,0.8072376795781051,0.8705628554618553,0.9173382930357512,L1N
167,2422,9.889999985694885,True,detected,2419,0.9987613542526838,235,0.09702725020644096,226,0.9617021276595744,2419,0.9987613542526838,2,455,0.6407304485907106,0.9433080070134424,0.6663914120561519,L1N
168,4830,12.100000143051147,True,detected,4830,1.0,198,0.040993788819875775,198,1.0,4830,1.0,2,500,0.526954732510288,0.988421458896179,0.5302277432712216,L1N
169,17905,25.730000495910645,True,detected,17634,0.984864562971237,601,0.033566043004747276,600,0.9983361064891847,17634,0.984864562971237,3,206,0.5690028380393477,0.8039828722898117,0.6606534487573303,L1N
170,70317,32.75999927520752,True,detected,70258,0.9991609425885633,1252,0.017805082696929618,1252,1.0,70258,0.9991609425885633,1,50,0.8853813916676397,0.9099139942662844,0.9704481135429555,L1N
171,11757,12.46999967098236,True,detected,11712,0.9961724929829038,422,0.03589351024921324,422,1.0,11712,0.9961724929829038,1,188,0.8573693748112353,0.88420806727924,0.9658076039806073,L1N
172,49696,34.44999885559082,True,detected,49623,0.9985310688989053,1243,0.025012073406310367,1230,0.9895414320193081,49623,0.9985310688989053,1,368,0.9566114882299234,0.9859662043287918,0.9698164842240824,L1N
173,101745,38.14999961853027,True,detected,101445,0.9970514521598113,1686,0.016570838861860535,1686,1.0,101445,0.9970514521598113,2,148,0.8302387758689277,0.933937621629497,0.8820384294068505,L1N
174,48020,33.96999931335449,True,detected,47819,0.9958142440649729,1778,0.03702623906705539,1778,1.0,47819,0.9958142440649729,2,264,0.7990220454168738,0.9937126365697794,0.8030820491461891,L1N
175,94420,37.079999923706055,True,detected,94339,0.9991421309044693,1722,0.018237661512391444,1722,1.0,94339,0.9991421309044693,1,211,0.9573145925714983,0.9601758627372974,0.9968968438890066,L1N
176,78372,35.89999961853027,True,detected,78027,0.9955979176236411,1692,0.021589343132751494,1692,1.0,78027,0.9955979176236411,1,625,0.8828291783810268,0.9114855587406354,0.9656127188281529,L1N
177,57774,34.519999504089355,True,detected,55816,0.9661093225326272,1144,0.01980129470003808,1144,1.0,55816,0.9661093225326272,2,360,0.8883388813190983,0.9960355830593696,0.891490982102676,L1N
178,58818,36.750000953674316,True,detected,58664,0.9973817538848652,1424,0.024210275765921996,1424,1.0,58664,0.9973817538848652,1,2,0.9852486844338821,0.9984174221182461,0.9867897582372743,L1N
179,46131,35.06999969482422,True,detected,45950,0.9960763911469511,1086,0.023541653118293555,1086,1.0,45950,0.9960763911469511,1,268,0.9641383687718185,0.9757194244604317,0.9878389802952462,L1N
180,73126,35.220001220703125,True,detected,73031,0.9987008724667014,1311,0.01792795995952192,1311,1.0,73031,0.9987008724667014,1,151,0.9531928084314941,0.9850690140256557,0.9671662609742089,L1N
181,54407,33.05999946594238,True,detected,54367,0.9992648004852317,1222,0.022460345176172184,1204,0.9852700490998363,54367,0.9992648004852317,1,414,0.9305050724244561,0.9829601895010316,0.9457606557979672,L1N
182,34618,25.59999942779541,True,detected,34508,0.9968224623028482,741,0.021405049396267837,741,1.0,34508,0.9968224623028482,1,252,0.9800130782134023,0.9841541755888651,0.995724767462014,L1N
183,36797,29.550000190734863,True,detected,36768,0.9992118922738267,536,0.014566404869962225,535,0.9981343283582089,36768,0.9992118922738267,2,363,0.8381187740439734,0.9305818788718848,0.8940130988939315,L1N
184,3181,11.03000020980835,True,detected,3165,0.9949701351776171,294,0.09242376611128576,254,0.8639455782312925,3165,0.9949701351776171,5,635,0.5148104265402843,0.8991205380237972,0.5463690663313423,L1N
185,16044,35.59999942779541,True,detected,15992,0.9967589129892794,1294,0.0806532036898529,1294,1.0,15992,0.9967589129892794,1,205,0.9571342925659473,0.9616890548762123,0.9950760408875592,L1N
186,46883,33.02000045776367,True,detected,46539,0.9926625855853934,1114,0.0237612780752085,1114,1.0,46539,0.9926625855853934,1,261,0.8829544544945169,0.9345717190544777,0.9411300471386217,L1N
187,22484,33.88999938964844,True,detected,22442,0.99813200498132,1220,0.05426080768546522,1220,1.0,22442,0.99813200498132,2,298,0.7753835865809712,0.8248103066708821,0.9282600960683153,L1N
188,21851,34.22000026702881,True,detected,21782,0.9968422497826186,1101,0.05038670999038945,1101,1.0,21782,0.9968422497826186,1,238,0.9546354556254675,0.961190855927698,0.992906503134868,L1N
189,9518,32.32999897003174,True,detected,9374,0.984870771170414,1031,0.10832107585627232,1031,1.0,9374,0.984870771170414,2,147,0.6536830687308944,0.9140926640926641,0.69646984660643,L1N
190,18003,34.89999961853027,True,detected,17981,0.9987779814475365,769,0.04271510303838249,769,1.0,17981,0.9987779814475365,1,346,0.9285369904108856,0.9631049619381008,0.9627839804477032,L1N
191,3976,14.160000324249268,True,detected,3915,0.9846579476861167,382,0.0960764587525151,382,1.0,3915,0.9846579476861167,1,454,0.8552959854842368,0.8970028544243578,0.9484406438631791,L1N
192,10235,34.230000495910645,True,detected,10228,0.9993160723009282,606,0.0592085979482169,606,1.0,10228,0.9993160723009282,1,469,0.8660260033917467,0.960401211994567,0.8980947728383,L1N
193,20616,24.489999771118164,True,detected,20595,0.9989813736903376,806,0.03909584788513776,799,0.9913151364764268,20595,0.9989813736903376,1,606,0.7289470722832815,0.7627963573559429,0.9426173845556849,L1N
194,20930,32.320000648498535,True,detected,20862,0.9967510750119446,704,0.0336359292881032,704,1.0,20862,0.9967510750119446,2,237,0.8320881583862533,0.9734513274336283,0.8514094601051123,L1N
195,29339,29.94999885559082,True,detected,29238,0.9965574832134702,995,0.03391390299601214,995,1.0,29238,0.9965574832134702,1,22,0.9168264076155821,0.9514481270440676,0.9618255564265994,L1N
196,1858,11.90000033378601,True,detected,1857,0.9994617868675996,230,0.12378902045209902,230,1.0,1857,0.9994617868675996,1,504,0.7546996790463091,0.8359573387506348,0.8858988159311088,L1N
197,70154,33.69999980926514,True,detected,70071,0.9988168885594549,1222,0.01741882144995296,1222,1.0,70071,0.9988168885594549,1,156,0.9472874449033903,0.9716783962465344,0.9741853636285885,L1N
198,63961,32.640000343322754,True,detected,63667,0.9954034489767202,1190,0.01860508747518019,1190,1.0,63667,0.9954034489767202,1,114,0.886267585248654,0.9226851503051308,0.9573646440799862,L1N
199,36748,34.779998779296875,True,detected,36327,0.9885435942092087,1312,0.0357026232720148,1312,1.0,36327,0.9885435942092087,1,267,0.9627437325905293,0.9839049626365204,0.9781484706650702,L1N
200,38615,33.489999771118164,True,detected,38539,0.9980318529069014,1162,0.030091933186585523,1162,1.0,38539,0.9980318529069014,1,178,0.9108149294888851,0.932491332342744,0.9751132979412146,L1N
201,63925,34.55000019073486,True,detected,63881,0.9993116933906923,1429,0.022354321470473212,1429,1.0,63881,0.9993116933906923,1,17,0.9902470842198444,0.9927447103333386,0.9974657802111849,L1N
202,40633,34.109999656677246,True,detected,40586,0.9988433047030738,1131,0.027834518740924866,1131,1.0,40586,0.9988433047030738,1,3,0.9915177367556569,0.9961086619215329,0.9953732188122955,L1N
203,74333,33.59000015258789,True,detected,74297,0.9995156928954838,1116,0.015013520240001077,1101,0.9865591397849462,74297,0.9995156928954838,2,499,0.8434282534087747,0.9824959481361426,0.8562953197099539,L1N
204,34524,34.52999973297119,True,detected,34517,0.9997972424979724,939,0.027198470629127565,939,1.0,34517,0.9997972424979724,1,260,0.972796300525234,0.9853124006129471,0.9871104159425327,L1N
205,44954,33.489999771118164,True,detected,44936,0.9995995906927081,1434,0.03189927481425457,1392,0.9707112970711297,44936,0.9995995906927081,1,398,0.9277704556748698,0.9699789920712011,0.9551986475063398,L1N
206,34898,35.69999885559082,True,detected,34834,0.998166084016276,853,0.024442661470571378,853,1.0,34834,0.998166084016276,1,548,0.9152480985150308,0.9706021391006323,0.9413433434580778,L1N
207,55318,32.60000038146973,True,detected,55313,0.9999096135073574,1075,0.01943309591814599,1075,1.0,55313,0.9999096135073574,1,24,0.9640451859700796,0.9932830021094704,0.9703713077117756,L1N
208,34193,32.15999984741211,True,detected,34062,0.9961688064808587,702,0.020530517942268886,702,1.0,34062,0.9961688064808587,1,471,0.9372993024028347,0.9460463816708578,0.9902319188137922,L1N
209,36800,35.380001068115234,True,detected,36743,0.9984510869565217,1068,0.029021739130434782,1068,1.0,36743,0.9984510869565217,1,39,0.9528311742582533,0.960811166710561,0.9913586956521739,L1N
210,43819,32.53000068664551,True,detected,43552,0.9939067527784751,899,0.020516214427531435,899,1.0,43552,0.9939067527784751,1,27,0.9612702450991527,0.9952024834203471,0.9657454528857345,L1N
211,21037,33.81999969482422,True,detected,21017,0.9990492941008698,698,0.03317963587964063,698,1.0,21017,0.9990492941008698,1,288,0.9630977130977131,0.9938078985860556,0.9689119170984456,L1N
212,39548,31.260000228881836,True,detected,39235,0.9920855669060382,910,0.023010013148578944,910,1.0,39235,0.9920855669060382,1,18,0.9703782201700603,0.9977947281029472,0.9724638414079094,L1N
213,39370,24.99000072479248,True,detected,39306,0.9983743967487935,688,0.0174752349504699,688,1.0,39306,0.9983743967487935,1,41,0.8870923974492334,0.8899299017717384,0.9964185928371857,L1N
214,36318,34.5600004196167,True,detected,36312,0.9998347926647944,869,0.02392752904895644,865,0.9953970080552359,36312,0.9998347926647944,2,591,0.8391958474955866,0.95117216664178,0.8769756043835013,L1N
215,21372,31.800000190734863,True,detected,21355,0.9992045667228149,691,0.032332023207935615,684,0.9898697539797395,21355,0.9992045667228149,3,680,0.5716965123029518,0.9261375967590249,0.5990080479131574,L1N
216,25323,32.040000915527344,True,detected,25269,0.997867551238005,768,0.030328160170595902,768,1.0,25269,0.997867551238005,1,477,0.9581848146870569,0.9701955914312326,0.9872447972199186,L1N
217,22293,29.449999809265137,True,detected,22288,0.999775714349796,618,0.027721706365226754,616,0.9967637540453075,22288,0.999775714349796,1,646,0.9255049944506104,0.9889937852839319,0.9351365899609743,L1N
218,1614,10.619999706745148,True,detected,1595,0.9882280049566295,303,0.18773234200743494,294,0.9702970297029703,1595,0.9882280049566295,1,657,0.6241694352159468,0.6543317370483239,0.9312267657992565,L1N
219,22221,28.65000057220459,True,detected,22191,0.998649925745916,462,0.02079114351289321,462,1.0,22191,0.998649925745916,1,54,0.982032991529202,0.9906008274869581,0.9912695198235904,L1N
220,11227,16.239999771118164,True,detected,11211,0.9985748641667409,576,0.05130488999732787,576,1.0,11211,0.9985748641667409,1,250,0.9737642255234124,0.9752893065344123,0.9983967221875835,L1N
221,25616,28.719999313354492,True,detected,25553,0.9975405996252342,659,0.025726108682073704,659,1.0,25553,0.9975405996252342,2,462,0.8633355153102044,0.9265474982436969,0.9267645221736415,L1N
222,12928,31.32999897003174,True,detected,12925,0.9997679455445545,547,0.04231126237623763,547,1.0,12925,0.9997679455445545,1,489,0.8906333358737901,0.9837528411482448,0.9039294554455446,L1N
223,25171,30.630000114440918,True,detected,25161,0.9996027174128957,544,0.021612172738468872,540,0.9926470588235294,25161,0.9996027174128957,1,592,0.7375579317238663,0.7563915380075177,0.9673433713400341,L1N
224,2892,12.720000267028809,True,detected,2236,0.7731673582295989,331,0.1144536652835408,322,0.972809667673716,2236,0.7731673582295989,2,670,0.5724203218680972,0.8675274988043998,0.6272475795297372,L1N
225,14338,23.31999969482422,True,detected,14313,0.998256381643186,598,0.04170735109499233,598,1.0,14313,0.998256381643186,1,197,0.9760198456449835,0.9878644162365742,0.9878644162365742,L1N
226,12565,33.95000076293945,True,detected,12339,0.9820135296458417,767,0.06104257859132511,767,1.0,12339,0.9820135296458417,1,142,0.9517684887459807,0.9849050478818374,0.9658575407879029,L1N
227,9369,21.770000457763672,True,detected,9359,0.9989326502294802,397,0.042373785889636036,397,1.0,9359,0.9989326502294802,1,218,0.9615145228215768,0.9715932914046121,0.989326502294802,L1N
228,1057,10.91999962925911,True,detected,954,0.902554399243141,128,0.12109744560075686,124,0.96875,954,0.902554399243141,3,642,0.582139848357203,0.8416565164433617,0.6537369914853358,L1N
229,2728,10.26000003889203,False,fragmentation,2714,0.9948680351906158,238,0.0872434017595308,202,0.8487394957983193,2714,0.9948680351906158,4,654,0.3002136752136752,0.9133261105092091,0.3090175953079179,L1N
230,6357,17.699999809265137,True,detected,6357,1.0,257,0.04042787478370301,255,0.9922178988326849,6357,1.0,1,493,0.847557551937114,0.8872887582659809,0.9498190970583609,L1N
231,3165,17.380000114440918,True,detected,3150,0.995260663507109,262,0.08278041074249605,251,0.9580152671755725,3150,0.995260663507109,1,520,0.8614958448753463,0.8748241912798875,0.9826224328593997,L1N
232,3889,21.079999923706055,True,detected,3889,1.0,273,0.07019799434301877,273,1.0,3889,1.0,3,553,0.6697187704381949,0.8148541114058355,0.7899202879917717,L1N
233,2228,10.930000379681587,True,detected,2221,0.9968581687612208,360,0.1615798922800718,355,0.9861111111111112,2221,0.9968581687612208,1,575,0.859678085018572,0.9143985952589991,0.9349192100538599,L1N
234,1660,10.250000298023224,False,undersegmentation,1143,0.6885542168674699,246,0.14819277108433734,246,1.0,1143,0.6885542168674699,1,639,0.40734011627906974,0.5065521915951198,0.6753012048192771,L1N
235,2244,12.40000033378601,True,detected,2178,0.9705882352941176,233,0.10383244206773619,176,0.7553648068669528,2178,0.9705882352941176,4,659,0.5883340327318506,0.9097988319273199,0.624777183600713,L1N
236,1967,10.900000393390656,True,detected,1847,0.9389933909506863,149,0.07574987290289781,136,0.912751677852349,1847,0.9389933909506863,4,637,0.5145374449339207,0.7940176750509857,0.5937976614133198,L1N
237,1885,10.22000002861023,True,detected,1870,0.9920424403183024,168,0.08912466843501327,164,0.9761904761904762,1870,0.9920424403183024,4,568,0.6428915662650603,0.8753280839895013,0.7076923076923077,L1N
238,11727,20.270000457763672,True,detected,11704,0.998038714078622,453,0.03862880532105398,453,1.0,11704,0.998038714078622,1,289,0.9711570523507836,0.9774309925329306,0.9934339558284301,L1N
239,47727,32.61000061035156,True,detected,47706,0.9995599974856999,1254,0.026274435853919167,1254,1.0,47706,0.9995599974856999,2,203,0.7390984511013936,0.9676038629250154,0.7578519496301883,L1N
240,1170,10.529999911785126,False,fragmentation,1170,1.0,136,0.11623931623931624,101,0.7426470588235294,1170,1.0,4,684,0.38810900082576383,0.9197651663405088,0.4017094017094017,L1N
241,601,11.189999997615814,True,detected,601,1.0,105,0.17470881863560733,100,0.9523809523809523,601,1.0,2,640,0.6945668135095447,0.8553345388788427,0.7870216306156406,L1N
242,1702,10.589999619871378,True,detected,1700,0.9988249118683902,196,0.11515863689776733,192,0.9795918367346939,1700,0.9988249118683902,3,662,0.620873786407767,0.7813072693952352,0.7514688601645123,L1N
243,1203,12.170000314712524,False,fragmentation,1182,0.9825436408977556,89,0.0739817123857024,55,0.6179775280898876,1182,0.9825436408977556,4,665,0.17792068595927116,0.23782234957020057,0.4139650872817955,L1N
244,39335,32.96999931335449,True,detected,39248,0.9977882293123173,1241,0.031549510613957034,1241,1.0,39248,0.9977882293123173,1,183,0.9516083987102344,0.9986145525271095,0.9528664039659337,L1N
245,47677,34.160000801086426,True,detected,47583,0.9980283994378841,1246,0.026134194685068272,1246,1.0,47583,0.9980283994378841,1,159,0.9406740674067406,0.9530265264352443,0.9864085408058393,L1N
246,1855,13.500000476837158,True,detected,1854,0.9994609164420485,96,0.05175202156334232,94,0.9791666666666666,1854,0.9994609164420485,2,649,0.5448851774530271,0.6058027079303675,0.8442048517520215,L1N
247,51821,32.60000038146973,True,detected,51193,0.9878813608382702,1329,0.025645973640030104,1329,1.0,51193,0.9878813608382702,1,134,0.9435503743720974,0.981581905306541,0.9605565311360259,L1N
248,49572,32.30000019073486,True,detected,49427,0.9970749616719116,1036,0.020898894537238765,1036,1.0,49427,0.9970749616719116,1,505,0.9688948111612736,0.9856553231092947,0.9827523602033406,L1N
249,48360,33.18000030517578,True,detected,48245,0.9976220016542597,1018,0.021050454921422664,1018,1.0,48245,0.9976220016542597,1,38,0.9760470540513132,0.9807414049603619,0.9951199338296113,L1N
250,39329,33.84000015258789,True,detected,39299,0.9992372040987566,1113,0.028299727936128557,1113,1.0,39299,0.9992372040987566,1,12,0.9840223180319554,0.9974036657155343,0.9865493656080755,L1N
251,4077,20.27999973297119,True,detected,3977,0.9754721609026245,899,0.22050527348540594,899,1.0,3977,0.9754721609026245,1,210,0.9123652213810507,0.9337872740079831,0.9754721609026245,L1N
252,47773,31.649999618530273,True,detected,47704,0.9985556695204404,1301,0.027232955853724906,1268,0.9746348962336664,47704,0.9985556695204404,4,373,0.692370145943484,0.9276731228442557,0.7318778389466853,L1N
253,86821,33.91999912261963,True,detected,86638,0.9978922150171041,1900,0.021884106379792906,1893,0.9963157894736843,86638,0.9978922150171041,1,187,0.7827240810534367,0.7965154441964705,0.9783577705854575,L1N
254,99822,36.27000045776367,True,detected,99593,0.9977059165314259,1908,0.01911402296087035,1908,1.0,99593,0.9977059165314259,1,73,0.9548842798386072,0.9747003330740541,0.9791528921480235,L1N
255,45056,37.96000099182129,True,detected,44975,0.9982022372159091,1517,0.03366921164772727,1517,1.0,44975,0.9982022372159091,2,48,0.8382368382368383,0.9396643047152711,0.8859197443181818,L1N
256,99451,34.28999996185303,True,detected,99180,0.9972750399694322,1912,0.01922554825994711,1912,1.0,99180,0.9972750399694322,1,74,0.9786031808752346,0.9823587160239183,0.9961086364139123,L1N
257,2200,11.62000036239624,True,detected,2096,0.9527272727272728,91,0.041363636363636366,77,0.8461538461538461,2096,0.9527272727272728,3,674,0.513953488372093,0.7772567409144197,0.6027272727272728,L1N
258,4528,15.110000133514404,True,detected,3760,0.8303886925795053,1359,0.3001325088339223,1359,1.0,3760,0.8303886925795053,1,8,0.771123872026251,0.9152872444011685,0.8303886925795053,L1N
259,84413,37.249999046325684,True,detected,84212,0.9976188501771054,1431,0.016952365157025577,1431,1.0,84212,0.9976188501771054,1,240,0.9747410396168095,0.9957936603591659,0.9787710423749897,L1N
260,34880,36.49000072479248,True,detected,34837,0.9987672018348623,1356,0.038876146788990824,1356,1.0,34837,0.9987672018348623,1,333,0.938018138318589,0.9693537258509659,0.9666857798165137,L1N
261,38468,34.279998779296875,True,detected,38310,0.9958926900280752,1236,0.03213060205885411,1236,1.0,38310,0.9958926900280752,1,280,0.9491765407258365,0.955275,0.9933191223874389,L1N
262,44019,33.39999961853027,True,detected,43918,0.9977055362457121,1058,0.024035075762738816,1058,1.0,43918,0.9977055362457121,1,257,0.8997850560769541,0.9343646408839779,0.960494331993003,L1N
263,72543,33.65999984741211,True,detected,72542,0.9999862150724398,1286,0.017727416842424494,1286,1.0,72542,0.9999862150724398,1,32,0.8890098477170064,0.905969064408768,0.9793777483699323,L1N
264,54512,33.790000915527344,True,detected,54453,0.9989176695039624,1135,0.020821103610214265,1135,1.0,54453,0.9989176695039624,1,316,0.9797796123213441,0.9911338385696417,0.9884429116524802,L1N
265,111218,34.230000495910645,True,detected,110911,0.9972396554514557,1033,0.009288064881583916,1033,1.0,110911,0.9972396554514557,1,25,0.8970635715645774,0.9188105211389421,0.9742937294322861,L1N
266,31603,34.86999988555908,True,detected,31572,0.9990190804670442,1044,0.03303483846470272,1044,1.0,31572,0.9990190804670442,1,16,0.9641413198979909,0.9825367647058824,0.9809511755213113,L1N
267,41914,35.09000015258789,True,detected,41844,0.9983299136326764,898,0.02142482225509376,898,1.0,41844,0.9983299136326764,1,181,0.9792415549789321,0.997744251479577,0.9814143245693563,L1N
268,24763,30.22000026702881,True,detected,24691,0.9970924362960869,1862,0.07519282800953035,1857,0.9973147153598282,24691,0.9970924362960869,1,233,0.7910127384052361,0.8601438738807683,0.9077656180592012,L1N
269,80356,35.499999046325684,True,detected,80311,0.9994399920354423,1336,0.016626014236646922,1336,1.0,80311,0.9994399920354423,1,428,0.8767663254458367,0.9561909724483815,0.9134601025436806,L1N
270,55380,35.1200008392334,True,detected,55366,0.9997472011556519,1242,0.022426868905742144,1240,0.998389694041868,55366,0.9997472011556519,1,340,0.9616393675104588,0.9813314037626628,0.9795594077284218,L1N
271,65347,32.19999980926514,True,detected,65237,0.998316678653955,1023,0.015654888518218127,1023,1.0,65237,0.998316678653955,1,76,0.768114889082631,0.7863296599769434,0.9707255115001454,L1N
272,19291,34.44999885559082,True,detected,19262,0.9984967083095744,917,0.04753512000414701,917,1.0,19262,0.9984967083095744,1,6,0.991787614276122,0.9963677874636778,0.9953864496397283,L1N
273,64428,36.17000102996826,True,detected,64314,0.9982305829763457,1233,0.019137642018997952,1233,1.0,64314,0.9982305829763457,1,432,0.8697690137533796,0.9422486111332198,0.9187465077295586,L1N
274,34675,31.630000114440918,True,detected,34648,0.9992213410237923,637,0.018370583994232154,637,1.0,34648,0.9992213410237923,2,235,0.8869177736673953,0.9691615116065413,0.91267483777938,L1N
275,39327,34.89999961853027,True,detected,39270,0.9985506140819285,1258,0.031988201490070436,1258,1.0,39270,0.9985506140819285,1,163,0.9409071361716121,0.9945453086980935,0.9457878810994991,L1N
276,22127,32.070000648498535,True,detected,22117,0.9995480634518914,644,0.029104713698196772,644,1.0,22117,0.9995480634518914,1,4,0.9905039193729004,0.991125453812021,0.9993672888326479,L1N
277,26503,34.44999980926514,True,detected,26248,0.9903784477228993,913,0.03444893030977625,913,1.0,26248,0.9903784477228993,3,84,0.5614241577166397,0.9570505987836228,0.5759347998339811,L1N
278,26953,22.90999984741211,True,detected,26907,0.9982933254183208,625,0.023188513338032873,625,1.0,26907,0.9982933254183208,1,11,0.9663140412319023,0.9729533226697687,0.9929877935665788,L1N
279,93015,31.140000343322754,True,detected,92881,0.9985593721442778,1307,0.014051497070364995,1291,0.9877582249426167,92881,0.9985593721442778,1,383,0.8474043103877358,0.9196249162759544,0.9151857227328926,L1N
280,16285,19.469999313354492,True,detected,16147,0.9915259441203561,1049,0.06441510592569849,1049,1.0,16147,0.9915259441203561,1,234,0.8428387650085764,0.8689693285437966,0.9655511206631869,L1N
281,40177,29.929999351501465,True,detected,39978,0.9950469173905468,468,0.01164845558404062,468,1.0,39978,0.9950469173905468,2,55,0.6561849539101993,0.9932858214553638,0.6591084451302984,L1N
282,25761,25.239999771118164,True,detected,25730,0.9987966305655837,1162,0.045106944606187645,1162,1.0,25730,0.9987966305655837,1,339,0.9358082261648876,0.938337899543379,0.9971274407049415,L1N
283,2707,11.100000381469727,True,detected,2698,0.9966752862947913,193,0.0712966383450314,182,0.9430051813471503,2698,0.9966752862947913,2,562,0.7886855241264559,0.8883058470764618,0.8755079423716291,L1N
284,14880,29.210000038146973,True,detected,14879,0.9999327956989247,485,0.032594086021505375,485,1.0,14879,0.9999327956989247,2,321,0.8544626105601716,0.9965614254454517,0.8569892473118279,L1N
285,20078,32.09000015258789,True,detected,20071,0.999651359697181,777,0.038699073612909654,777,1.0,20071,0.999651359697181,2,174,0.7928986272439282,0.8718010739683615,0.8975495567287578,L1N
286,19936,20.09000015258789,True,detected,19918,0.9990971107544141,493,0.024729133226324237,493,1.0,19918,0.9990971107544141,1,431,0.7868228783883101,0.8506660434681,0.9129213483146067,L1N
287,20491,18.390000343322754,True,detected,20486,0.999755990434825,398,0.019423161387926408,398,1.0,20486,0.999755990434825,1,407,0.807582899869961,0.8283868278449353,0.9698404177443756,L1N
288,2090,13.120000123977661,True,detected,2090,1.0,262,0.12535885167464114,262,1.0,2090,1.0,1,335,0.9215167548500882,0.9215167548500882,1.0,L1N
289,24029,31.06999969482422,True,detected,23971,0.9975862499479795,693,0.028840151483623955,693,1.0,23971,0.9975862499479795,1,186,0.5955015418102666,0.6121247636044003,0.9563860335428025,L1N
290,40883,31.369998931884766,True,detected,40562,0.9921483257099528,813,0.01988601619254947,813,1.0,40562,0.9921483257099528,1,200,0.8647930648769575,0.9481591251692685,0.9077122520362987,L1N
291,43200,34.90000057220459,True,detected,43192,0.9998148148148148,729,0.016875,729,1.0,43192,0.9998148148148148,2,427,0.7915895430817544,0.8862964256607289,0.8810648148148148,L1N
292,21489,26.039999961853027,True,detected,21438,0.9976266927265113,506,0.023546930987947322,506,1.0,21438,0.9976266927265113,1,227,0.9014754024844164,0.961266258607498,0.9354553492484527,L1N
293,10255,17.949999809265137,True,detected,10251,0.9996099463676256,441,0.043003412969283276,441,1.0,10251,0.9996099463676256,1,317,0.9449626865671642,0.9561113732892874,0.9878108239882983,L1N
294,36026,28.40999984741211,True,detected,35360,0.9815133514683839,713,0.0197912618664298,713,1.0,35360,0.9815133514683839,1,139,0.9430844891418467,0.9951023263949624,0.9474823738411148,L1N
295,1838,9.800000011920929,True,detected,1831,0.9961915125136017,283,0.15397170837867247,283,1.0,1831,0.9961915125136017,1,490,0.9683476394849786,0.985800109229929,0.9820457018498367,L1N
296,19110,30.670000076293945,False,fragmentation,19107,0.9998430141287284,429,0.022448979591836733,426,0.993006993006993,19107,0.9998430141287284,4,26,0.32832857073666877,0.8151755651755652,0.35473574045002615,L1N
297,1981,11.269999742507935,True,detected,1914,0.9661786976274609,402,0.20292781423523473,395,0.9825870646766169,1914,0.9661786976274609,2,608,0.6329203539823008,0.6793313069908815,0.9025744573447754,L1N
298,13897,16.550000190734863,True,detected,13889,0.9994243361876664,507,0.03648269410664172,507,1.0,13889,0.9994243361876664,1,49,0.8652843229657555,0.8721894990183039,0.9909332949557459,L1N
299,1323,10.330000281333923,True,detected,1316,0.9947089947089947,123,0.09297052154195011,123,1.0,1316,0.9947089947089947,1,347,0.5094850948509485,0.5108695652173914,0.9947089947089947,L1N
300,2574,14.37999963760376,True,detected,2555,0.9926184926184927,362,0.14063714063714064,297,0.8204419889502762,2555,0.9926184926184927,2,566,0.783362831858407,0.8981331168831169,0.8597513597513597,L1N
301,20197,35.25,True,detected,20083,0.9943555973659455,1062,0.052582066643560924,1062,1.0,20083,0.9943555973659455,2,133,0.714470224641358,0.9126745624889517,0.7668960736743081,L1N
302,5617,12.31999957561493,True,detected,5568,0.9912764821078868,579,0.10307993590884813,579,1.0,5568,0.9912764821078868,1,83,0.7758668903803132,0.7833145115753811,0.9878938935374755,L1N
303,10694,13.700000286102295,True,detected,10609,0.992051617729568,697,0.06517673461754254,697,1.0,10609,0.992051617729568,1,315,0.9824659059281937,0.9920374707259954,0.9902749205161773,L1N
304,7693,13.349999904632568,True,detected,7150,0.9294163525282725,346,0.044975952164305215,346,1.0,7150,0.9294163525282725,2,207,0.7089417030800383,0.7974106928794055,0.8646821786039256,L1N
305,45638,35.77000045776367,True,detected,44761,0.980783557561681,1415,0.03100486436741312,1415,1.0,44761,0.980783557561681,2,176,0.8681067940461467,0.9700702966758012,0.8919978964897674,L1N
306,18108,19.460000038146973,True,detected,17985,0.9932074221338635,687,0.03793903247183565,687,1.0,17985,0.9932074221338635,1,189,0.9202424372452264,0.9697055332617419,0.947481776010603,L1N
307,5278,11.570000410079956,True,detected,5260,0.9965896172792724,502,0.09511178476695718,502,1.0,5260,0.9965896172792724,3,487,0.5242353782865319,0.9035141800246609,0.5553239863584691,L1N
308,859,9.70999988913536,False,undersegmentation,842,0.980209545983702,114,0.13271245634458673,114,1.0,842,0.980209545983702,1,347,0.3247204010798303,0.3268633540372671,0.980209545983702,L1N
309,29338,31.709999084472656,True,detected,29152,0.9936600995296203,1354,0.04615174858545231,1354,1.0,29152,0.9936600995296203,2,246,0.7139466277847479,0.9927857412297246,0.7176699161497034,L1N
310,12047,17.639999866485596,True,detected,11970,0.9936083672283557,509,0.042251182867103845,509,1.0,11970,0.9936083672283557,1,96,0.9600552082487619,0.9776767259198016,0.9815721756453889,L1N
311,4202,12.569999694824219,True,detected,4199,0.9992860542598763,226,0.05378391242265588,224,0.9911504424778761,4199,0.9992860542598763,2,536,0.6831157335693737,0.9068742655699178,0.7346501665873394,L1N
312,134784,36.839999198913574,True,detected,134672,0.9991690408357075,2380,0.017657882241215575,2323,0.9760504201680672,134672,0.9991690408357075,1,396,0.9200430975321859,0.9246053366621378,0.9946655389363722,L1N
313,47976,35.80000114440918,True,detected,47588,0.9919126229781557,1146,0.023886943471735866,1146,1.0,47588,0.9919126229781557,1,244,0.8122251304239446,0.8478365920749387,0.9508295814573954,L1N
314,80873,36.64999961853027,True,detected,80620,0.9968716382476228,1512,0.018695980116973526,1512,1.0,80620,0.9968716382476228,2,318,0.8346913377321717,0.9429537767756483,0.8790820174842037,L1N
315,67360,36.72000026702881,True,detected,67208,0.9977434679334917,1828,0.027137767220902612,1828,1.0,67208,0.9977434679334917,1,180,0.9862938920035409,0.9937565964531522,0.9924435866983373,L1N
316,38373,35.739999771118164,True,detected,37804,0.9851718656346911,785,0.020457092226304954,785,1.0,37804,0.9851718656346911,1,241,0.916943350577819,0.986705810668587,0.9284132072029813,L1N
317,43506,35.579999923706055,True,detected,43374,0.9969659357330023,1304,0.02997287730427987,1304,1.0,43374,0.9969659357330023,1,75,0.9609773561263761,0.9731272941496352,0.9871741828713281,L1N
318,113617,38.45000076293945,True,detected,112891,0.9936101111629422,1800,0.01584269959601116,1800,1.0,112891,0.9936101111629422,1,253,0.8604451529830155,0.8694615045035975,0.9880915708036649,L1N
319,55346,35.36000061035156,True,detected,55284,0.9988797745094496,1319,0.023831893903805152,1319,1.0,55284,0.9988797745094496,1,327,0.9632537193123872,0.9696424476548305,0.9932063744444043,L1N
320,64859,36.25,True,detected,64804,0.9991520066606022,1719,0.02650364637135941,1719,1.0,64804,0.9991520066606022,1,125,0.9019635187147877,0.9042459490821648,0.9972093310103455,L1N
321,80758,35.6899995803833,True,detected,80713,0.9994427796626959,1611,0.019948488075484782,1611,1.0,80713,0.9994427796626959,1,13,0.9597674390840825,0.9639679608623708,0.9954803239307561,L1N
322,4485,18.90999984741211,True,detected,4397,0.9803790412486064,443,0.0987736900780379,443,1.0,4397,0.9803790412486064,1,275,0.9727635075287865,0.9929927667269439,0.9794871794871794,L1N
323,23348,35.27000045776367,True,detected,23256,0.9960596196676375,1220,0.05225286962480726,1220,1.0,23256,0.9960596196676375,1,5,0.9505692521910066,0.9559326222149005,0.9941322597224602,L1N
324,62593,36.21000099182129,True,detected,62488,0.9983224961257648,1351,0.021583883181825445,1351,1.0,62488,0.9983224961257648,1,199,0.9336258913878223,0.9528045158380891,0.9788954036393845,L1N
325,53127,32.73999881744385,True,detected,53069,0.9989082763943005,889,0.016733487680463795,889,1.0,53069,0.9989082763943005,1,299,0.9702260443173164,0.986552844300068,0.9832288666779604,L1N
326,2226,10.410000205039978,True,detected,2119,0.9519317160826595,160,0.07187780772686433,159,0.99375,2119,0.9519317160826595,2,539,0.5984282907662083,0.8268186753528773,0.6841868823000898,L1N
327,52777,36.40999889373779,True,detected,52350,0.9919093544536446,1567,0.029690963866835934,1567,1.0,52350,0.9919093544536446,1,111,0.9704100958202854,0.9894461120777011,0.9805597135115676,L1N
328,115866,36.43000030517578,True,detected,115329,0.9953653358189632,1353,0.01167728237791932,1353,1.0,115329,0.9953653358189632,1,395,0.8746138347884487,0.9697127645711946,0.8991766350784527,L1N
329,78107,34.84000015258789,True,detected,78057,0.9993598525100184,1327,0.0169895143841141,1327,1.0,78057,0.9993598525100184,1,1,0.9767115600448933,0.9960849602642977,0.9804755015555584,L1N
330,58080,35.160000801086426,True,detected,58047,0.9994318181818181,1437,0.02474173553719008,1437,1.0,58047,0.9994318181818181,1,94,0.8921642969984203,0.915388854669822,0.9723484848484848,L1N
331,62017,35.63999938964844,True,detected,62010,0.9998871277230437,1934,0.031184997661931405,1932,0.9989658738366081,62010,0.9998871277230437,2,92,0.7866645943425552,0.9561176492812211,0.8161310608381572,L1N
332,19208,30.81999969482422,True,detected,19177,0.9983860891295293,861,0.044825072886297376,858,0.9965156794425087,19177,0.9983860891295293,1,468,0.8494256442098728,0.9928631910003629,0.8546438983756768,L1N
333,31322,33.570000648498535,True,detected,31278,0.9985952365749313,763,0.0243598748483494,725,0.9501965923984272,31278,0.9985952365749313,2,601,0.6568926710449233,0.950437187723055,0.6801928357065321,L1N
334,23655,34.519999504089355,True,detected,23598,0.9975903614457832,1140,0.04819277108433735,1140,1.0,23598,0.9975903614457832,1,72,0.9616130937315448,0.9977677594432529,0.9636863242443457,L1N
335,5415,33.929999351501465,True,detected,5299,0.9785780240073869,251,0.046352723915050784,251,1.0,5299,0.9785780240073869,1,359,0.8879744709439032,0.9074836937864744,0.9763619575253925,L1N
336,31820,34.130001068115234,True,detected,31726,0.9970458830923947,1019,0.032023884349465744,1019,1.0,31726,0.9970458830923947,1,109,0.9458135811383543,0.9989058355437666,0.9467944688874922,L1N
337,4325,29.859999656677246,True,detected,4312,0.9969942196531791,382,0.08832369942196532,382,1.0,4312,0.9969942196531791,1,495,0.7710575139146568,0.7960160888718636,0.9609248554913294,L1N
338,64845,35.25,True,detected,64835,0.999845786105328,1507,0.023240033927056827,1507,1.0,64835,0.999845786105328,2,106,0.8382914689200139,0.9314020224104946,0.8934536201711775,L1N
339,1581,11.96999979019165,True,detected,1557,0.9848197343453511,184,0.116382036685642,184,1.0,1557,0.9848197343453511,1,491,0.8641552511415526,0.8985163204747775,0.9576217583807717,L1N
340,48812,34.59999942779541,True,detected,48746,0.998647873473736,1246,0.025526509874620996,1246,1.0,48746,0.998647873473736,1,219,0.9712952346468731,0.981682151788074,0.9892239613209867,L1N
341,2934,30.010000228881836,True,detected,2890,0.9850034083162917,400,0.136332651670075,400,1.0,2890,0.9850034083162917,1,496,0.8984323971260614,0.9555401180965613,0.9376278118609407,L1N
342,61817,33.72999954223633,True,detected,61783,0.9994499894850931,889,0.014381157286830483,889,1.0,61783,0.9994499894850931,2,290,0.865309987271429,0.9553556126820908,0.9017745927495673,L1N
343,49851,33.60000038146973,True,detected,49791,0.9987964133116688,948,0.019016669675633386,948,1.0,49791,0.9987964133116688,1,154,0.9440956709289786,0.9593557982075066,0.9834306232573068,L1N
344,38798,34.27999973297119,True,detected,38773,0.9993556368884994,1199,0.030903654827568433,1199,1.0,38773,0.9993556368884994,1,71,0.9655804378389234,0.973819470819091,0.991313985256972,L1N
345,47187,34.09000110626221,True,detected,47184,0.9999364231673978,1291,0.027359230296479964,1291,1.0,47184,0.9999364231673978,1,90,0.939872902069415,0.9602730318606538,0.9778964545319685,L1N
346,45736,33.13999938964844,True,detected,45707,0.9993659261850621,1049,0.02293598040930558,1049,1.0,45707,0.9993659261850621,1,220,0.9279525098937721,0.9514361986118527,0.9740904320447787,L1N
347,3353,13.329999923706055,False,undersegmentation,3339,0.9958246346555324,1118,0.3334327467939159,1118,1.0,3339,0.9958246346555324,1,44,0.4547807137019886,0.4556495633187773,0.9958246346555324,L1N
348,10404,33.72999954223633,True,detected,10364,0.9961553248750481,1103,0.10601691657054979,1103,1.0,10364,0.9961553248750481,2,155,0.8015021459227468,0.9199507389162561,0.8615916955017301,L1N
349,43552,33.670000076293945,True,detected,43532,0.9995407788390889,1435,0.03294911829537105,1435,1.0,43532,0.9995407788390889,2,107,0.8304088298231783,0.9776445941287226,0.846482365907421,L1N
350,36026,32.27999973297119,True,detected,35993,0.9990839948925776,863,0.023954921445622605,863,1.0,35993,0.9990839948925776,1,129,0.9225113275632851,0.976142627468994,0.9437905956808972,L1N
351,25607,35.44999885559082,True,detected,25556,0.9980083570898582,857,0.033467411254735034,857,1.0,25556,0.9980083570898582,1,59,0.9694208494208494,0.9884650210621629,0.9805131409380248,L1N
352,2510,14.169999599456787,True,detected,2497,0.9948207171314741,945,0.37649402390438247,945,1.0,2497,0.9948207171314741,1,58,0.9765350019554165,0.9815251572327044,0.9948207171314741,L1N
353,8096,20.84000015258789,True,detected,8041,0.9932065217391305,503,0.06212944664031621,503,1.0,8041,0.9932065217391305,1,145,0.9838373943920656,0.9912410560078954,0.9924654150197628,L1N
354,20822,30.940000534057617,True,detected,20765,0.9972625108058784,691,0.03318605321294785,691,1.0,20765,0.9972625108058784,2,126,0.7822260486918257,0.9948293691830403,0.7854192680818365,L1N
355,12641,28.429999351501465,True,detected,12554,0.9931176330986473,983,0.0777628352187327,983,1.0,12554,0.9931176330986473,4,214,0.6840944881889763,0.9932548302275066,0.6872873981488806,L1N
356,1545,10.209999561309814,True,detected,1517,0.9818770226537217,444,0.287378640776699,379,0.8536036036036037,1517,0.9818770226537217,2,602,0.5413196668802049,0.9814169570267132,0.5469255663430421,L1N
357,645,23.4399995803833,True,detected,634,0.9829457364341085,296,0.45891472868217054,296,1.0,634,0.9829457364341085,2,554,0.7635829662261381,0.935251798561151,0.8062015503875969,L1N
358,34818,30.93000030517578,True,detected,34811,0.9997989545637314,656,0.018840829456028493,656,1.0,34811,0.9997989545637314,2,123,0.8557093720685637,0.9881499474789915,0.8645815382847952,L1N
359,515,12.110000371932983,False,base_seed_support_failure,515,1.0,42,0.08155339805825243,42,1.0,515,1.0,2,510,0.2613545816733068,0.30711610486891383,0.6368932038834951,L1N
360,1261,21.230000495910645,False,fragmentation,1261,1.0,79,0.0626486915146709,78,0.9873417721518988,1261,1.0,5,650,0.2748917748917749,0.7529644268774703,0.3021411578112609,L1N
361,2967,31.029998779296875,False,fragmentation,2965,0.9993259184361307,211,0.07111560498820357,203,0.9620853080568721,2965,0.9993259184361307,6,621,0.25474929928371226,0.7702448210922788,0.27569935962251435,L1N
362,8908,23.90999984741211,True,detected,8843,0.9927031881454872,473,0.053098338572070046,473,1.0,8843,0.9927031881454872,1,130,0.9851694915254238,0.9932546374367622,0.9918051189941626,L1N
363,1366,17.079999923706055,False,fragmentation,1366,1.0,219,0.1603221083455344,198,0.9041095890410958,1366,1.0,3,605,0.3882758620689655,0.8701700154559505,0.41215226939970717,L1N
364,43597,32.22999954223633,True,detected,43535,0.998577883799344,1113,0.025529279537582862,1113,1.0,43535,0.998577883799344,1,277,0.9265481935862162,0.9821898159215874,0.9423813565153566,L1N
365,36220,30.440000534057617,True,detected,36198,0.9993926007730536,781,0.021562672556598564,649,0.8309859154929577,36198,0.9993926007730536,3,560,0.7158009040632339,0.8934875803807842,0.7825786858089453,L1N
366,16060,20.039999961853027,True,detected,16003,0.9964508094645081,803,0.05,803,1.0,16003,0.9964508094645081,1,179,0.9859484777517564,0.9897302647859441,0.9961394769613948,L1N
367,308,12.289999961853027,False,base_seed_support_failure,184,0.5974025974025974,0,0.0,0,0.0,184,0.5974025974025974,1,210,0.04031890660592255,0.04155905142052125,0.5746753246753247,L1N
368,35333,33.86999988555908,True,detected,35315,0.9994905612317098,779,0.022047377805450994,779,1.0,35315,0.9994905612317098,1,43,0.9230896918054556,0.9762134644079699,0.9443296634873913,L1N
369,4404,18.600000381469727,True,detected,4385,0.995685740236149,687,0.15599455040871935,687,1.0,4385,0.995685740236149,2,67,0.9265297007592675,0.9824769121477622,0.9420980926430518,L1N
370,52527,29.660000801086426,False,undersegmentation,52513,0.9997334704056962,614,0.011689226493041674,614,1.0,52513,0.9997334704056962,4,357,0.3912870668729683,0.6060239639441574,0.5247777333561787,L1N
371,28730,29.659998893737793,False,undersegmentation,28696,0.9988165680473373,1090,0.03793943612948138,1090,1.0,28696,0.9988165680473373,3,357,0.25420377537052374,0.3307024293723205,0.523564218586843,L1N
372,28603,21.630000114440918,True,detected,28378,0.9921336922700416,1068,0.03733874069153585,848,0.7940074906367042,28378,0.9921336922700416,1,671,0.9011376876156535,0.9784566155677928,0.9193790861098486,L1N
373,9918,21.8100004196167,True,detected,9911,0.9992942125428513,571,0.05757209114740875,571,1.0,9911,0.9992942125428513,1,124,0.939948771463808,0.9408413256101035,0.9989917322040734,L1N
374,17836,31.270000457763672,True,detected,17791,0.9974770127831353,408,0.022875084099573895,408,1.0,17791,0.9974770127831353,1,70,0.9439918533604889,0.9554109031733117,0.9874971966808701,L1N
375,19707,23.15999984741211,True,detected,19703,0.9997970264373065,582,0.02953265337189831,582,1.0,19703,0.9997970264373065,1,81,0.833805916458589,0.8339823907890281,0.9997462830466332,L1N
376,34954,31.729999542236328,True,detected,34937,0.9995136465068376,872,0.024947073296332323,871,0.9988532110091743,34937,0.9995136465068376,1,344,0.8298855242784984,0.8803651246701492,0.9353722034674143,L1N
377,52760,34.579999923706055,True,detected,52555,0.9961144806671721,1064,0.020166793025018954,1064,1.0,52555,0.9961144806671721,1,98,0.9232624700736234,0.9483571547436348,0.9721379833206975,L1N
378,10831,22.390000343322754,True,detected,10805,0.9975994829655618,760,0.07016895946819315,760,1.0,10805,0.9975994829655618,1,243,0.9872978159554053,0.9897398314400879,0.9975071553873142,L1N
379,3276,10.780000448226929,True,detected,3223,0.9838217338217338,774,0.23626373626373626,747,0.9651162790697675,3223,0.9838217338217338,2,584,0.576193904487641,0.7293438639125152,0.7329059829059829,L1N
380,55654,32.03000068664551,True,detected,55267,0.993046321917562,882,0.015847917490207353,882,1.0,55267,0.993046321917562,1,216,0.9016443090517164,0.9906245718423988,0.9094045351636899,L1N
381,22222,27.869999885559082,True,detected,22207,0.9993249932499325,662,0.02979029790297903,662,1.0,22207,0.9993249932499325,2,172,0.791476274165202,0.9710004312203536,0.8106381063810638,L1N
382,1972,11.400000095367432,True,detected,1966,0.9969574036511156,872,0.4421906693711968,872,1.0,1966,0.9969574036511156,1,153,0.9169776119402985,0.9195509822263798,0.9969574036511156,L1N
383,9675,15.429999828338623,True,detected,9657,0.998139534883721,651,0.06728682170542635,651,1.0,9657,0.998139534883721,1,128,0.9806941877182173,0.9934463747009258,0.9870801033591732,L1N
384,58193,32.43000030517578,True,detected,58162,0.9994672898802262,1114,0.019143195917034696,1114,1.0,58162,0.9994672898802262,1,308,0.9802512247630994,0.986387827510917,0.993693399549774,L1N
385,7221,15.1899995803833,True,detected,7214,0.9990306051793381,614,0.08502977426949176,614,1.0,7214,0.9990306051793381,1,390,0.8703323262839879,0.8723352713178295,0.9973687854867747,L1N
386,9370,23.9399995803833,True,detected,9357,0.9986125933831377,493,0.05261472785485592,493,1.0,9357,0.9986125933831377,1,182,0.9407853071564282,0.9884662304535876,0.9512273212379936,L1N
387,44445,22.979999542236328,True,detected,44381,0.998560017999775,783,0.0176172797840027,749,0.9565772669220945,44381,0.998560017999775,2,466,0.7492525699307859,0.8928937478647079,0.8232422094723816,L1N
388,6241,18.539999961853027,True,detected,6208,0.9947123858356033,877,0.1405223521871495,877,1.0,6208,0.9947123858356033,1,113,0.8667343387470998,0.9012364294330518,0.9576990866848262,L1N
389,4916,19.969999313354492,True,detected,4914,0.999593165174939,504,0.10252237591537836,504,1.0,4914,0.999593165174939,1,171,0.9822106735958425,0.9826034793041392,0.999593165174939,L1N
390,4004,11.02999997138977,True,detected,3934,0.9825174825174825,593,0.1481018981018981,531,0.8954468802698144,3934,0.9825174825174825,3,528,0.585329711039763,0.9813664596273292,0.5919080919080919,L1N
391,7771,27.42000102996826,True,detected,7742,0.996268176553854,964,0.12405095869257496,964,1.0,7742,0.996268176553854,1,160,0.6327466230045027,0.6349297625893371,0.9945952901814439,L1N
392,3311,23.110000610351562,True,detected,3310,0.9996979764421625,378,0.11416490486257928,378,1.0,3310,0.9996979764421625,1,80,0.9436079126070269,0.9767726161369193,0.9652672908486862,L1N
393,8341,23.56999969482422,True,detected,8314,0.9967629780601847,407,0.04879510850017983,407,1.0,8314,0.9967629780601847,2,330,0.5849212924606463,0.9786138613861386,0.5924949046876873,L1N
394,67805,32.40999984741211,True,detected,67655,0.9977877737629969,1215,0.017919032519725684,1215,1.0,67655,0.9977877737629969,1,177,0.9489691922427348,0.9866935117623906,0.9612712926775312,L1N
395,9314,22.639999389648438,True,detected,9310,0.9995705389735882,510,0.054756280867511276,510,1.0,9310,0.9995705389735882,1,56,0.9948674080410608,0.9959323485335047,0.9989263474339704,L1N
396,12149,30.269999504089355,True,detected,12147,0.9998353773973166,497,0.040908716766812084,497,1.0,12147,0.9998353773973166,2,65,0.8484375,0.9434454000521241,0.8939007325705819,L1N
397,7874,11.920000314712524,True,detected,7700,0.9779019558039116,384,0.04876809753619507,384,1.0,7700,0.9779019558039116,1,326,0.9641873278236914,0.985663082437276,0.9779019558039116,L1N
398,8117,16.509999752044678,True,detected,8110,0.9991376124183812,422,0.051989651349020574,422,1.0,8110,0.9991376124183812,1,91,0.9153202028541102,0.9554351840453035,0.9561414315633855,L1N
399,7732,18.910000801086426,True,detected,7724,0.9989653388515262,513,0.06634764614588722,513,1.0,7724,0.9989653388515262,1,68,0.9501538461538461,0.9515592259336867,0.9984480082772892,L1N
400,41258,27.549999237060547,True,detected,41111,0.996437054631829,879,0.02130495903824713,879,1.0,41111,0.996437054631829,2,286,0.919311977581292,0.9964388583398796,0.9223423336080275,L1N
401,18154,19.40000057220459,True,detected,18143,0.9993940729315853,452,0.02489809408394844,452,1.0,18143,0.9993940729315853,2,366,0.7083269122104073,0.9130578731293868,0.7595571223972678,L1N
402,22239,26.09000015258789,True,detected,22212,0.9987859166329421,516,0.023202482125994874,516,1.0,22212,0.9987859166329421,3,370,0.5419645221074927,0.9667060212514758,0.5522730338594362,L1N
403,48294,33.00999927520752,True,detected,48194,0.997929349401582,1157,0.023957427423696526,1157,1.0,48194,0.997929349401582,1,303,0.9280219673216615,0.9397530961583971,0.9867271296641404,L1N
404,7053,13.950000286102295,True,detected,7044,0.9987239472564866,310,0.043952927832128175,309,0.9967741935483871,7044,0.9987239472564866,1,361,0.6874184155035646,0.7020098441345365,0.9706507868991918,L1N
405,10513,17.06999969482422,True,detected,10482,0.9970512698563683,548,0.052125939313231236,548,1.0,10482,0.9970512698563683,1,108,0.8179665298389643,0.8278341455620356,0.9856368305906972,L1N
406,12477,13.96999979019165,False,undersegmentation,12450,0.9978360182736234,1181,0.09465416366113649,1072,0.90770533446232,12450,0.9978360182736234,4,558,0.47540983606557374,0.8220813129429317,0.5299350805482087,L1N
407,11123,15.09999942779541,True,detected,11122,0.9999100961970692,455,0.04090623033354311,455,1.0,11122,0.9999100961970692,1,57,0.7084828293182983,0.7114456668596796,0.9941562528094938,L1N
408,24206,32.760000228881836,True,detected,24018,0.9922333305791953,853,0.035239196893332235,853,1.0,24018,0.9922333305791953,1,302,0.9513008397826445,0.9962923043759431,0.9546806576881764,L1N
409,8441,16.96999979019165,True,detected,8438,0.9996445918730008,481,0.056983769695533704,481,1.0,8438,0.9996445918730008,1,66,0.9598623853211009,0.967741935483871,0.9915886743276863,L1N
410,11846,21.979999542236328,True,detected,11846,1.0,397,0.033513422252237045,397,1.0,11846,1.0,2,64,0.8953468979319547,0.9865845814573188,0.9063819010636501,L1N
411,34800,32.480000495910645,True,detected,34710,0.9974137931034482,898,0.025804597701149425,898,1.0,34710,0.9974137931034482,1,201,0.9158595298782215,0.9844744132241469,0.9292816091954023,L1N
412,5179,12.37999963760376,True,detected,4912,0.9484456458775825,981,0.18941880671944392,981,1.0,4912,0.9484456458775825,2,345,0.7069017938583156,0.7687221028269136,0.8978567290982815,L1N
413,31486,31.969999313354492,True,detected,31430,0.9982214317474433,998,0.03169662707234962,998,1.0,31430,0.9982214317474433,2,231,0.8360152351708051,0.9223727930158316,0.8992885726989773,L1N
414,5258,17.37999963760376,True,detected,5039,0.9583491821985546,845,0.16070749334347662,845,1.0,5039,0.9583491821985546,2,162,0.6071266797523781,0.746565168956554,0.7647394446557626,L1N
415,2808,10.21999979019165,False,fragmentation,2794,0.9950142450142451,314,0.11182336182336182,314,1.0,2794,0.9950142450142451,3,419,0.18765822784810127,0.6275132275132275,0.21118233618233617,L1N
416,48178,33.22999954223633,True,detected,48154,0.9995018473162024,1241,0.025758645024700072,1241,1.0,48154,0.9995018473162024,1,283,0.9649970197110147,0.9899841855561413,0.9745111876790237,L1N
417,54706,31.200000762939453,True,detected,54663,0.9992139801849889,1098,0.02007092457865682,1098,1.0,54663,0.9992139801849889,1,285,0.9334455744914788,0.9394494778338751,0.9932000146236245,L1N
418,13386,20.369999885559082,True,detected,13216,0.9873001643508142,467,0.034887195577469,467,1.0,13216,0.9873001643508142,1,332,0.7852506645237065,0.8198657544856073,0.9489765426565068,L1N
419,4250,12.329999923706055,True,detected,4160,0.9788235294117648,373,0.08776470588235294,373,1.0,4160,0.9788235294117648,1,434,0.9647495361781077,0.98531501657982,0.9788235294117648,L1N
420,75046,36.04999923706055,True,detected,74601,0.9940703035471578,1681,0.022399594915118726,1681,1.0,74601,0.9940703035471578,1,132,0.974838445375375,0.9915985589848371,0.9829571196332916,L1N
421,27894,27.880000114440918,True,detected,27301,0.9787409478740948,841,0.030149853014985302,841,1.0,27301,0.9787409478740948,4,175,0.5832945472772189,0.9977340927184764,0.5840682584068259,L1N
422,46777,33.13999938964844,True,detected,46667,0.9976484169570515,667,0.01425914445133292,667,1.0,46667,0.9976484169570515,2,228,0.6128184391427416,0.9186797199405935,0.6479680184706159,L1N
423,3475,12.110000371932983,True,detected,3475,1.0,212,0.06100719424460432,212,1.0,3475,1.0,3,375,0.7548738532110092,0.9950869236583523,0.7576978417266187,L1N
424,17405,24.829999923706055,True,detected,17054,0.9798333812122954,558,0.03205975294455616,558,1.0,17054,0.9798333812122954,1,131,0.9509764846552411,0.9906287069988138,0.9596093076702097,L1N
425,25451,34.72999954223633,True,detected,25413,0.9985069348945032,735,0.02887902243526777,735,1.0,25413,0.9985069348945032,1,82,0.9616916947594238,0.9746476685949451,0.9863659581155947,L1N
426,36727,29.140000343322754,True,detected,36162,0.9846162223976911,786,0.021401149018433305,786,1.0,36162,0.9846162223976911,2,137,0.7702775730778678,0.8872980391047226,0.8538132708906254,L1N
427,1307,9.730000019073486,True,detected,1302,0.9961744452945677,285,0.2180566182096404,285,1.0,1302,0.9961744452945677,1,377,0.7736185383244206,0.7759237187127532,0.9961744452945677,L1N
428,29194,33.44000053405762,True,detected,29152,0.9985613482222374,837,0.028670274713982324,837,1.0,29152,0.9985613482222374,2,259,0.8935028616024974,0.9463406233855691,0.9411865451805166,L1N
429,18316,17.81999969482422,True,detected,18199,0.993612142389168,598,0.03264905001091942,598,1.0,18199,0.993612142389168,1,322,0.914008739765935,0.9195048004042445,0.9935029482419743,L1N
430,7364,26.460000038146973,True,detected,7334,0.9959261271048343,848,0.11515480717001629,848,1.0,7334,0.9959261271048343,2,256,0.7359535386277688,0.9927126981235198,0.739951113525258,L1N
431,34609,32.69999980926514,True,detected,34500,0.9968505302089052,944,0.027276142043977,944,1.0,34500,0.9968505302089052,2,185,0.8291594623236098,0.95968496820632,0.8590828975122078,L1N
432,106117,31.800000190734863,True,detected,105749,0.9965321296305022,848,0.007991179547103669,848,1.0,105749,0.9965321296305022,1,309,0.897817032255792,0.9319567462820266,0.9607979871274159,L1N
433,75014,34.19999980926514,True,detected,74904,0.9985336070600155,1773,0.023635588023568934,1772,0.9994359842075579,74904,0.9985336070600155,1,423,0.7724756546691068,0.8350797489069637,0.9115365131842056,L1N
434,34073,34.77000045776367,True,detected,33819,0.9925454171924984,1202,0.035277198955184455,1202,1.0,33819,0.9925454171924984,1,95,0.9626102499487209,0.9983589120194499,0.9641358260206028,L1N
435,41025,36.329999923706055,True,detected,40797,0.9944424131627057,1017,0.024789762340036565,1017,1.0,40797,0.9944424131627057,1,242,0.9278892767112662,0.9940018695471541,0.9331139549055454,L1N
436,29248,35.239999771118164,True,detected,29150,0.9966493435448578,1183,0.040447210065645514,1183,1.0,29150,0.9966493435448578,1,127,0.9875182308448937,0.9919931856899489,0.9954526805251641,L1N
437,27260,32.6200008392334,True,detected,27084,0.9935436537050624,654,0.023991195891415993,654,1.0,27084,0.9935436537050624,1,323,0.9220926406609878,0.9963262887616038,0.9252384446074835,L1N
438,15353,21.739999771118164,True,detected,15240,0.9926398749430079,1339,0.08721422523285352,1280,0.9559372666168783,15240,0.9926398749430079,3,549,0.8401590206348205,0.9642236384704519,0.8671920797238325,L1N
439,14570,15.709999561309814,True,detected,14482,0.9939601921757035,714,0.04900480439258751,714,1.0,14482,0.9939601921757035,1,112,0.9472884602681815,0.9618376928236083,0.9842827728208647,L1N
440,2204,14.62999963760376,True,detected,2103,0.9541742286751361,702,0.31851179673321234,702,1.0,2103,0.9541742286751361,1,110,0.9375835934016942,0.9817927170868347,0.9541742286751361,L1N
441,4767,18.109999656677246,True,detected,4538,0.9519614013006084,427,0.08957415565345081,427,1.0,4538,0.9519614013006084,1,301,0.932217400289316,0.9842897665284748,0.946297461715964,L1N
442,15266,22.949999809265137,True,detected,15158,0.992925455260055,433,0.02836368400366828,433,1.0,15158,0.992925455260055,3,350,0.7300709880134993,0.8672841639593558,0.8218917856674964,L1N
443,39265,27.43000030517578,True,detected,39239,0.9993378326754107,489,0.012453839297083918,466,0.9529652351738241,39239,0.9993378326754107,2,424,0.5770654754718499,0.7332532215176928,0.7303960269960524,L1N
444,1509,13.269999504089355,False,undersegmentation,1480,0.9807819748177601,618,0.4095427435387674,618,1.0,1480,0.9807819748177601,1,136,0.07991792213402452,0.08004326663061113,0.9807819748177601,L1N
445,73251,34.880001068115234,True,detected,73030,0.9969829763416199,1712,0.023371694584374273,1693,0.9889018691588785,73030,0.9969829763416199,1,391,0.7489449070377552,0.7569907349180397,0.9860070169690516,L1N
446,79969,36.96000003814697,True,detected,79266,0.9912090935237404,1535,0.019194938038489914,1535,1.0,79266,0.9912090935237404,1,146,0.9717935071846727,0.9895646913518009,0.9818554689942353,L1N
447,4190,14.539999961853027,True,detected,4186,0.9990453460620525,1359,0.32434367541766107,1359,1.0,4186,0.9990453460620525,2,97,0.8019460774376647,0.8418812513300702,0.9441527446300716,L1N
448,25084,22.97000026702881,True,detected,24712,0.9851698293733057,556,0.022165523839897942,556,1.0,24712,0.9851698293733057,1,184,0.9123037169548798,0.9969157254561251,0.9148859830967948,L1N
449,23753,33.45000076293945,True,detected,23736,0.9992843009304088,784,0.03300635709173578,784,1.0,23736,0.9992843009304088,2,319,0.9167143207254309,0.968539616778871,0.9448490716962068,L1N
450,22778,27.5,True,detected,22737,0.9982000175608042,570,0.02502414610589165,570,1.0,22737,0.9982000175608042,2,226,0.8881351593498016,0.9692243225626223,0.9139081569935903,L1N
451,30781,30.93000030517578,True,detected,30761,0.9993502485299373,675,0.02192911211461616,673,0.997037037037037,30761,0.9993502485299373,2,287,0.7606535531156754,0.8753792298716453,0.8530262174718171,L1N
452,10689,13.479999780654907,True,detected,10322,0.9656656375713351,442,0.04135092150809243,442,1.0,10322,0.9656656375713351,1,138,0.9382783383328789,0.9706601466992665,0.9656656375713351,L1N
453,31061,26.339999198913574,True,detected,30917,0.9953639612375648,650,0.02092656385821448,650,1.0,30917,0.9953639612375648,1,305,0.823570315976858,0.858231884057971,0.9532532758121116,L1N
1,70248,41.619998931884766,True,detected,69894,0.9949607106252135,1521,0.02165186197471814,1521,1.0,69894,0.9949607106252135,1,18,0.9440927686864219,0.970118305378421,0.9723693201229928,O1N
2,39917,43.989999771118164,True,detected,39782,0.9966179823133001,1665,0.041711551469298794,1665,1.0,39782,0.9966179823133001,1,117,0.9686067883837765,0.9780263288132238,0.9901545707342736,O1N
3,60381,42.920000076293945,True,detected,60312,0.9988572564217221,1759,0.029131680495520115,1759,1.0,60312,0.9988572564217221,1,130,0.9928346183691327,0.9968834441257896,0.9959258707209221,O1N
4,43574,43.50000190734863,True,detected,43439,0.9969018221875431,1469,0.033712764492587324,1469,1.0,43439,0.9969018221875431,1,60,0.9594585628027337,0.963593149559075,0.9955478037361729,O1N
5,74087,44.269999504089355,True,detected,73951,0.9981643203261031,1848,0.0249436473335403,1848,1.0,73951,0.9981643203261031,1,48,0.9894023347140782,0.9963568400666333,0.9929947224209376,O1N
6,48327,44.05999946594238,True,detected,48251,0.9984273801394665,1534,0.031742090342872516,1534,1.0,48251,0.9984273801394665,1,76,0.9926466044614719,0.9954145495104721,0.9972065305108946,O1N
7,50271,42.790000915527344,True,detected,50165,0.9978914284577589,1519,0.030216228044001512,1519,1.0,50165,0.9978914284577589,1,26,0.9826283538580523,0.9968616090289094,0.9856776272602494,O1N
8,51165,42.54999923706055,True,detected,50687,0.9906576761458028,1388,0.027127919476204437,1388,1.0,50687,0.9906576761458028,1,37,0.9747320946727315,0.9859822194494268,0.9884295905404085,O1N
9,21402,16.30000066757202,True,detected,21259,0.9933183814596767,664,0.031025137837585273,664,1.0,21259,0.9933183814596767,1,31,0.860612930650581,0.8656594860935782,0.9932716568544996,O1N
10,56971,43.44000053405762,True,detected,56917,0.9990521493391374,1493,0.02620631549384775,1492,0.999330207635633,56917,0.9990521493391374,1,176,0.9337915874317416,0.9935402435402435,0.9394955328149409,O1N
11,32133,42.21000099182129,True,detected,31843,0.9909750101142129,1272,0.03958547287834936,1272,1.0,31843,0.9909750101142129,1,58,0.9839549002601908,0.9952689789140583,0.9885787196962624,O1N
12,22305,18.119999885559082,True,detected,22053,0.9887020847343645,836,0.03748038556377494,836,1.0,22053,0.9887020847343645,1,86,0.9683410907174849,0.9791759168812716,0.9887020847343645,O1N
13,41657,43.52999973297119,True,detected,41631,0.999375855198406,1469,0.035264181290059295,1469,1.0,41631,0.999375855198406,1,13,0.9962190102421747,0.9968631019372142,0.9993518496291139,O1N
14,62621,41.489999771118164,True,detected,62508,0.9981954935245365,1280,0.020440427332683923,1280,1.0,62508,0.9981954935245365,1,12,0.9825273256271133,0.98480406065765,0.997652544673512,O1N
15,1808,10.73000031709671,False,undersegmentation,1784,0.9867256637168141,829,0.45851769911504425,829,1.0,1784,0.9867256637168141,1,40,0.01833127825729552,0.018335800032889326,0.9867256637168141,O1N
16,32056,40.88000011444092,True,detected,31471,0.9817506862989768,1163,0.036280259545794856,1163,1.0,31471,0.9817506862989768,1,28,0.9525971667272067,0.9697996918335902,0.9817194908909409,O1N
17,16443,36.4399995803833,True,detected,16406,0.9977498023475035,1225,0.07449978714346531,1225,1.0,16406,0.9977498023475035,3,32,0.673939393939394,0.9949002415675047,0.6762756188043544,O1N
18,15295,25.949999809265137,True,detected,15167,0.9916312520431514,2493,0.1629944426283099,2396,0.9610910549538708,15167,0.9916312520431514,3,183,0.8115566782443954,0.9596744081846016,0.8402092186989212,O1N
19,48365,45.52000141143799,True,detected,48122,0.9949757055722113,1597,0.033019745683862296,1597,1.0,48122,0.9949757055722113,1,121,0.9905985196791951,0.9971360381861575,0.9934249974154864,O1N
20,6968,9.929999962449074,True,detected,6803,0.9763203214695751,699,0.10031572904707232,699,1.0,6803,0.9763203214695751,1,131,0.9595204513399154,0.9823826714801444,0.9763203214695751,O1N
21,10323,10.179999828338623,True,detected,10309,0.998643805095418,718,0.06955342439213406,718,1.0,10309,0.998643805095418,1,70,0.9764159878764918,0.9777124430955993,0.998643805095418,O1N
22,102099,42.51999855041504,True,detected,101979,0.9988246701730673,1858,0.01819802348700771,1858,1.0,101979,0.9988246701730673,1,45,0.9937414433796206,0.9984181723504387,0.9953084751074938,O1N
23,54180,43.49000072479248,True,detected,53965,0.996031746031746,1676,0.03093392395717977,1676,1.0,53965,0.996031746031746,1,41,0.9166194571767008,0.9291568780997129,0.9854928017718715,O1N
24,77845,45.15999984741211,True,detected,77169,0.9913160768193204,2017,0.025910463099749502,2017,1.0,77169,0.9913160768193204,1,21,0.965045008078373,0.9981299982758849,0.9667929860620463,O1N
25,121356,43.339999198913574,True,detected,120967,0.9967945548633772,1969,0.016224990935759253,1969,1.0,120967,0.9967945548633772,1,65,0.9774025530808421,0.9859750649606138,0.9911829658195722,O1N
26,69300,45.50999927520752,True,detected,69153,0.9978787878787879,1893,0.027316017316017314,1893,1.0,69153,0.9978787878787879,1,51,0.9969289329123232,0.9991763124810336,0.9977489177489177,O1N
27,63731,43.21000099182129,True,detected,63276,0.9928606172820135,1356,0.021276929594702735,1356,1.0,63276,0.9928606172820135,1,99,0.9657485983885298,0.9759895970401102,0.9892516985454488,O1N
28,61821,44.38999938964844,True,detected,61464,0.9942252632600572,1810,0.02927807702884133,1810,1.0,61464,0.9942252632600572,1,87,0.9847469937858123,0.9978084521784639,0.9868814804030993,O1N
29,59205,42.3700008392334,True,detected,59030,0.997044168566844,1422,0.024018241702558906,1422,1.0,59030,0.997044168566844,1,20,0.9876586920236711,0.9981597914430302,0.9894603496326324,O1N
30,25439,43.84000062942505,True,detected,25288,0.9940642320845945,1220,0.04795785997877275,1220,1.0,25288,0.9940642320845945,1,137,0.9806810611701086,0.9968135107145703,0.9837650851055466,O1N
31,92325,43.53000068664551,True,detected,92231,0.9989818575683725,1721,0.018640671540752777,1721,1.0,92231,0.9989818575683725,2,83,0.7143763782068521,0.9904551691224721,0.7193284592472244,O1N
32,95598,42.8199987411499,True,detected,95255,0.9964120588296826,2052,0.02146488420259838,2052,1.0,95255,0.9964120588296826,1,64,0.9802868678941336,0.9870959020910669,0.9930124061172828,O1N
33,48921,43.17000102996826,True,detected,48294,0.9871834181639787,1479,0.03023241552707426,1479,1.0,48294,0.9871834181639787,1,19,0.9624933643676753,0.9987923217085469,0.9636148075468612,O1N
34,74857,44.2400016784668,True,detected,74757,0.9986641195880145,1720,0.02297714308615093,1720,1.0,74757,0.9986641195880145,1,50,0.9971317271005096,0.9986505264283042,0.9984770963303365,O1N
35,43480,41.13000011444092,True,detected,43411,0.998413063477461,1151,0.026471941122355108,1151,1.0,43411,0.998413063477461,1,42,0.9890380364183322,0.9908897869717104,0.9981140754369825,O1N
36,41439,42.6899995803833,True,detected,41125,0.9924225970703926,1352,0.032626269938946406,1352,1.0,41125,0.9924225970703926,1,33,0.9552517537769052,0.9918460697061602,0.9628128091894109,O1N
37,82099,41.52000045776367,True,detected,81904,0.9976248188163072,1697,0.020670166506291186,1697,1.0,81904,0.9976248188163072,1,23,0.9830596788851863,0.9947764030753007,0.9881606353305156,O1N
38,76435,43.65000057220459,True,detected,75858,0.9924511022437366,1431,0.018721789756001833,1431,1.0,75858,0.9924511022437366,1,14,0.9917993120315994,0.9997099615039814,0.9920847779158762,O1N
39,128729,40.65999984741211,True,detected,128335,0.9969393066053492,1672,0.012988526283898733,1672,1.0,128335,0.9969393066053492,1,74,0.8276610029437587,0.8304541303122753,0.9959527379223019,O1N
40,16055,15.679999351501465,True,detected,15847,0.9870445344129555,814,0.05070071628776082,814,1.0,15847,0.9870445344129555,1,129,0.9633998054474708,0.9757990024016258,0.98698224852071,O1N
41,68969,45.3700008392334,True,detected,68475,0.9928373617132334,1672,0.02424277573982514,1672,1.0,68475,0.9928373617132334,1,101,0.9679429089261441,0.9763622080982647,0.9911699459177311,O1N
42,64728,43.55000019073486,True,detected,64575,0.9976362625139044,1932,0.029847979236188357,1932,1.0,64575,0.9976362625139044,1,103,0.9913684533865765,0.9941167411058063,0.9972191323692993,O1N
43,58740,45.13999938964844,True,detected,58360,0.9935308137555329,1926,0.03278855975485189,1926,1.0,58360,0.9935308137555329,1,123,0.9841105822167262,0.9949818455847091,0.9890194075587334,O1N
44,71422,41.96000003814697,True,detected,71157,0.9962896586485956,1550,0.021701996583685698,1550,1.0,71157,0.9962896586485956,1,125,0.9696613490064372,0.9994518967258041,0.9701772563075803,O1N
45,47814,42.86999988555908,True,detected,47600,0.9955243234199188,1303,0.027251432634793158,1303,1.0,47600,0.9955243234199188,1,102,0.84447096969589,0.8507304641229047,0.9913623624879743,O1N
46,17261,26.710000038146973,False,undersegmentation,16978,0.9836046578993106,1518,0.0879439198192457,1518,1.0,16978,0.9836046578993106,2,109,0.4678447121820616,0.8607033789774406,0.5061699785643937,O1N
47,29099,22.5,True,detected,28948,0.9948108182411767,1000,0.034365442111412764,995,0.995,28948,0.9948108182411767,1,181,0.8294830115941195,0.8359039777339673,0.9908244269562528,O1N
48,14765,39.269999504089355,True,detected,14701,0.995665424991534,1313,0.0889265154080596,1313,1.0,14701,0.995665424991534,1,25,0.9849054072185697,0.9904871137498313,0.9943108703013884,O1N
49,26559,41.170000076293945,True,detected,26492,0.9974773146579314,1285,0.048382845739673934,1285,1.0,26492,0.9974773146579314,1,144,0.9949286250939143,0.9977021020116025,0.9972137505177153,O1N
50,37474,43.3700008392334,True,detected,36832,0.9828681218978492,1462,0.03901371617654907,1462,1.0,36832,0.9828681218978492,1,73,0.9702311833632429,0.9887580011833683,0.9810535304477771,O1N
51,23502,44.309998512268066,True,detected,23141,0.984639605139988,1169,0.04974044762147902,1169,1.0,23141,0.984639605139988,1,107,0.9801271186440678,0.9957811356494037,0.9842141094374947,O1N
52,27835,41.46999931335449,False,undersegmentation,27776,0.997880366445123,826,0.029674869768277348,826,1.0,27776,0.997880366445123,1,29,0.4667349560748637,0.47457896409278677,0.9657984551823244,O1N
53,97755,43.29999923706055,True,detected,97630,0.9987212930284896,1946,0.019906910132474042,1946,1.0,97630,0.9987212930284896,1,100,0.9490401004296839,0.997596824375067,0.9512147716229349,O1N
54,40412,45.02000141143799,True,detected,40152,0.9935662674453133,1924,0.04760962090468178,1916,0.9958419958419958,40152,0.9935662674453133,1,175,0.8683583253878825,0.8747844310070073,0.991611402553697,O1N
55,30844,40.619998931884766,True,detected,30195,0.9789586305278174,1283,0.04159642069770458,1283,1.0,30195,0.9789586305278174,1,38,0.9459676641702291,0.9910091928477625,0.9541563999481261,O1N
56,19112,31.609999656677246,True,detected,18923,0.9901109250732524,997,0.052166178317287565,971,0.9739217652958877,18923,0.9901109250732524,2,180,0.7126366665102529,0.8735189232715979,0.7946316450397656,O1N
57,28452,44.5600004196167,False,undersegmentation,28253,0.9930057640939125,1704,0.059890341628005064,1704,1.0,28253,0.9930057640939125,1,154,0.3024503609141731,0.30313536489808185,0.9925840011247012,O1N
58,60835,41.339999198913574,True,detected,60760,0.9987671570641901,1676,0.027549930138900305,1676,1.0,60760,0.9987671570641901,1,57,0.9928853625350404,0.9972667248448125,0.9955946412427057,O1N
59,20717,26.269999504089355,True,detected,20661,0.9972969059226722,754,0.036395230969735,754,1.0,20661,0.9972969059226722,1,126,0.9038461538461539,0.9090748509604769,0.9936766906405368,O1N
60,16224,40.429999351501465,True,detected,15584,0.960552268244576,1002,0.0617603550295858,1002,1.0,15584,0.960552268244576,1,71,0.9497391837987113,0.9954332025471152,0.9538954635108481,O1N
61,78034,40.529998779296875,True,detected,77965,0.999115770048953,1540,0.01973498731322244,1540,1.0,77965,0.999115770048953,1,39,0.9840150863160027,0.987577324170869,0.9963477458543711,O1N
62,59470,43.83000087738037,True,detected,58432,0.982545821422566,1383,0.02325542290230368,1383,1.0,58432,0.982545821422566,1,162,0.6985095013299466,0.7084492836397662,0.9803093996973263,O1N
63,48803,44.41999912261963,True,detected,48592,0.9956764952974202,1649,0.03378890641968731,1649,1.0,48592,0.9956764952974202,1,140,0.9924004085801839,0.9969830682401232,0.9953896276868225,O1N
64,52848,43.769999504089355,True,detected,52666,0.9965561610656979,1301,0.024617771722676356,1301,1.0,52666,0.9965561610656979,1,118,0.9849249990648262,0.9884004654829386,0.9964426279140176,O1N
65,23924,42.39999866485596,True,detected,23741,0.9923507774619629,1863,0.07787159337903361,1863,1.0,23741,0.9923507774619629,1,84,0.9586923979447344,0.9676181142553799,0.9904698211001505,O1N
66,43620,45.46999931335449,True,detected,43580,0.9990829894543787,1487,0.03408986703347088,1487,1.0,43580,0.9990829894543787,1,106,0.9974137141810858,0.9983505532519301,0.9990600641907382,O1N
67,73679,43.73000144958496,True,detected,73592,0.9988192022150137,1539,0.02088790564475631,1539,1.0,73592,0.9988192022150137,1,67,0.9972745393157874,0.999049145589394,0.9982220171283541,O1N
68,2940,12.0600004196167,False,undersegmentation,2771,0.9425170068027211,820,0.2789115646258503,809,0.9865853658536585,2771,0.9425170068027211,2,98,0.036094946707460954,0.03693321329186446,0.6139455782312925,O1N
69,59979,44.730000495910645,True,detected,59966,0.9997832574734491,1553,0.02589239567181847,1553,1.0,59966,0.9997832574734491,1,152,0.9862325211073697,0.9948464820547143,0.9912969539338768,O1N
70,54234,41.329999923706055,True,detected,54188,0.9991518235793045,1413,0.02605376700962496,1413,1.0,54188,0.9991518235793045,1,96,0.9957346668627739,0.9970912036525645,0.9986355422797507,O1N
71,32184,43.289998054504395,True,detected,32126,0.9981978622918221,1325,0.041169525229927915,1275,0.9622641509433962,32126,0.9981978622918221,2,172,0.7501551638530288,0.9983479948787841,0.751087496892866,O1N
72,21951,28.180001258850098,True,detected,21927,0.998906655733224,1141,0.051979408682975715,1141,1.0,21927,0.998906655733224,1,158,0.9957765667574932,0.9968630660120021,0.998906655733224,O1N
73,48849,43.46999931335449,True,detected,48848,0.999979528751868,1251,0.025609531413130257,1251,1.0,48848,0.999979528751868,1,151,0.9819907126993741,0.9861919341430281,0.9956805666441483,O1N
74,39585,43.69999885559082,True,detected,39494,0.9977011494252873,1762,0.044511810029051406,1762,1.0,39494,0.9977011494252873,1,148,0.9716976381125044,0.9966683023838425,0.9748642162435266,O1N
75,59846,33.929999351501465,True,detected,59756,0.9984961400929051,898,0.015005179961902216,898,1.0,59756,0.9984961400929051,1,149,0.9670570154190541,0.9997409505388228,0.967299401797948,O1N
76,6613,13.779999732971191,True,detected,6057,0.9159231816119764,990,0.1497051262664449,990,1.0,6057,0.9159231816119764,1,161,0.7885691967191772,0.8501052631578947,0.9159231816119764,O1N
77,66325,44.0699987411499,True,detected,66219,0.9984018092725216,1712,0.025812287975876366,1712,1.0,66219,0.9984018092725216,1,114,0.9929465438064652,0.9953514960961594,0.9975725593667546,O1N
78,32646,44.060001373291016,True,detected,32286,0.9889726153280647,1295,0.03966795319487839,1295,1.0,32286,0.9889726153280647,1,134,0.9837539624481834,0.995005703363443,0.9886356674630888,O1N
79,91787,45.60000133514404,True,detected,90368,0.9845402943771994,2044,0.02226894876180723,2044,1.0,90368,0.9845402943771994,1,4,0.9842490523288746,0.9998118948824343,0.9844313464869753,O1N
80,32983,43.11000156402588,True,detected,32491,0.9850832246915078,995,0.030167055755995514,995,1.0,32491,0.9850832246915078,1,120,0.9259968866004071,0.9865722578381654,0.9378164508989479,O1N
81,84554,45.08999824523926,True,detected,84198,0.9957896728717742,2690,0.031813988693615916,2690,1.0,84198,0.9957896728717742,2,95,0.5314295131368302,0.99126119796241,0.533930979019325,O1N
82,34494,43.989999294281006,True,detected,34460,0.999014321331246,1479,0.0428770220907984,1479,1.0,34460,0.999014321331246,1,119,0.9004633285947454,0.9073666339496511,0.9916217313155912,O1N
83,52474,44.04999876022339,True,detected,52384,0.9982848648854671,1336,0.025460227922399666,1336,1.0,52384,0.9982848648854671,1,141,0.9611846574738814,0.9633957819573779,0.9976178678964821,O1N
84,54518,42.88999843597412,True,detected,52281,0.9589676803991343,1199,0.021992736343959794,1199,1.0,52281,0.9589676803991343,2,35,0.8219247651177132,0.9865888705042236,0.83121170989398,O1N
85,59013,44.239999771118164,True,detected,58835,0.9969837154525274,1608,0.027248233440089472,1608,1.0,58835,0.9969837154525274,1,135,0.9931961275472209,0.9987915510697326,0.9943910663752055,O1N
86,47254,45.10000133514404,True,detected,47214,0.9991535108138994,1444,0.03055825961823338,1444,1.0,47214,0.9991535108138994,1,66,0.9979917556283691,0.9989208861429085,0.9990688618952893,O1N
87,30677,43.69999980926514,True,detected,30606,0.9976855624735144,1316,0.04289858851908596,1316,1.0,30606,0.9976855624735144,1,112,0.994729479129388,0.9980414558511507,0.9966750334126544,O1N
88,33637,41.84999942779541,True,detected,33578,0.9982459791301246,1172,0.0348425840592205,1172,1.0,33578,0.9982459791301246,1,97,0.9931443834396795,0.9982697929717798,0.9948568540595178,O1N
89,46954,44.36999988555908,True,detected,44994,0.9582570175064957,1432,0.03049793414831537,1432,1.0,44994,0.9582570175064957,1,53,0.9564967787204185,0.9982912431760685,0.9580653405460664,O1N
90,66796,42.209999084472656,True,detected,65861,0.9860021558177137,2001,0.029956883645727288,1998,0.9985007496251874,65861,0.9860021558177137,1,173,0.86716465101573,0.8784247260886392,0.9854332594766154,O1N
91,47264,43.53000068664551,True,detected,47130,0.9971648612051456,1453,0.03074221394719025,1453,1.0,47130,0.9971648612051456,1,159,0.9921010391146405,0.9982149687619534,0.9938642518618822,O1N
92,45955,42.63999843597412,True,detected,45801,0.9966488956587967,1424,0.030986834947230986,1424,1.0,45801,0.9966488956587967,1,63,0.9661529816067608,0.993068669051163,0.9727124360787727,O1N
93,29907,43.94999837875366,True,detected,29887,0.9993312602400776,175,0.005851472899321229,175,1.0,29887,0.9993312602400776,1,133,0.9422688863665027,0.9429229507162239,0.9992643862640853,O1N
94,16999,44.90000104904175,True,detected,16844,0.9908818165774458,948,0.05576798635213836,948,1.0,16844,0.9908818165774458,1,156,0.9889038924440792,0.9979855433108188,0.9908818165774458,O1N
95,63627,44.64000129699707,True,detected,62683,0.985163531205306,1330,0.020903075738287206,1330,1.0,62683,0.985163531205306,1,94,0.8728551532033426,0.8846338433741743,0.9849749320257124,O1N
96,167645,38.97999954223633,True,detected,167452,0.9988487577917624,1665,0.00993170091562528,1644,0.9873873873873874,167452,0.9988487577917624,3,185,0.7756690186932569,0.9966593534281761,0.7776909540994363,O1N
97,46547,43.35000038146973,True,detected,46509,0.9991836208563387,680,0.014608889939201238,680,1.0,46509,0.9991836208563387,1,98,0.9497139354311401,0.9510353576690129,0.9985391110060798,O1N
98,74498,44.53999900817871,True,detected,74464,0.9995436119090445,1711,0.022967059518376333,1711,1.0,74464,0.9995436119090445,1,52,0.9956797966963151,0.9964261333975826,0.9992483019678381,O1N
99,41840,43.519999504089355,True,detected,41508,0.9920650095602295,1801,0.04304493307839388,1732,0.9616879511382566,41508,0.9920650095602295,2,190,0.7468285005723007,0.9969441349673722,0.7485420650095602,O1N
100,42698,42.13999938964844,True,detected,41764,0.9781254391306384,1060,0.024825518759660874,1060,1.0,41764,0.9781254391306384,1,68,0.9330674058549118,0.9611170435024838,0.9696707105719238,O1N
101,67437,41.6899995803833,True,detected,67347,0.9986654210596557,1609,0.023859305722377922,1609,1.0,67347,0.9986654210596557,1,82,0.9610118221273984,0.9851101757119104,0.9751768317095956,O1N
102,93654,42.170000076293945,True,detected,93652,0.9999786447989408,753,0.008040233198795566,753,1.0,93652,0.9999786447989408,1,40,0.9527934303508789,0.9575624897220851,0.9948000085420804,O1N
103,37522,23.380000114440918,True,detected,37520,0.9999466979372101,665,0.017722935877618463,665,1.0,37520,0.9999466979372101,1,1,0.865533230293663,0.8655731653863012,0.9999466979372101,O1N
104,77764,43.62999963760376,True,detected,75416,0.9698060799341598,1880,0.024175711125970886,1880,1.0,75416,0.9698060799341598,1,11,0.9676260377503754,0.9977639291337541,0.9697289234092896,O1N
105,22341,44.310001373291016,True,detected,22034,0.9862584485922743,1404,0.06284409829461528,1404,1.0,22034,0.9862584485922743,1,170,0.9545858909349701,0.9934728265901306,0.9606105366814377,O1N
106,11572,9.929999828338623,True,detected,11569,0.9997407535430349,611,0.05279986173522295,611,1.0,11569,0.9997407535430349,1,167,0.882824427480916,0.8832964179332468,0.9993950916004148,O1N
107,571,9.79999965429306,False,undersegmentation,571,1.0,333,0.5831873905429071,333,1.0,571,1.0,1,2,0.019653736275083468,0.019653736275083468,1.0,O1N
108,60508,43.910000801086426,True,detected,60431,0.9987274409995373,1837,0.03035962186818272,1837,1.0,60431,0.9987274409995373,1,92,0.9922086497193794,0.9988035892323031,0.9933893038937001,O1N
109,96518,42.86000061035156,True,detected,96290,0.99763774632711,2101,0.02176796038044717,2101,1.0,96290,0.99763774632711,1,8,0.9845084204563012,0.9941028414527603,0.9902919662653599,O1N
110,26569,43.400001525878906,True,detected,26396,0.9934886521886409,1361,0.05122511197259964,1361,1.0,26396,0.9934886521886409,1,77,0.9900213827512473,0.9966766116545187,0.9933004629455381,O1N
111,61102,42.5,True,detected,60788,0.9948610520113907,1533,0.025089195116362803,1533,1.0,60788,0.9948610520113907,1,81,0.9646397514533255,0.9782220345589191,0.9858106117639357,O1N
112,58565,42.15000057220459,True,detected,58551,0.9997609493724922,1394,0.023802612481857766,1394,1.0,58551,0.9997609493724922,1,69,0.9892191538566182,0.9958402519814438,0.9933236574746008,O1N
113,4319,13.569999694824219,True,detected,3841,0.889326232924288,1545,0.35772169483676775,1545,1.0,3841,0.889326232924288,1,16,0.8729545454545454,0.979347271800102,0.889326232924288,O1N
114,54868,41.829999923706055,True,detected,52706,0.9605963403076474,1331,0.02425821972734563,1331,1.0,52706,0.9605963403076474,1,15,0.9574371457636971,0.9965963883899026,0.9605781147481227,O1N
115,38577,43.310001373291016,True,detected,38554,0.9994037898229515,1696,0.043964020011924204,1696,1.0,38554,0.9994037898229515,1,89,0.975968126681216,0.9788994094889024,0.996941182569925,O1N
116,22997,41.80999946594238,True,detected,22623,0.9837370091751098,1289,0.056050789233378265,1289,1.0,22623,0.9837370091751098,1,9,0.9639809613652931,0.985792589344442,0.9775622907335739,O1N
117,30029,40.97999954223633,True,detected,30017,0.9996003862932499,729,0.024276532685071097,729,1.0,30017,0.9996003862932499,1,29,0.5209342317680915,0.5240793701232214,0.9886110093576209,O1N
118,35353,46.55000066757202,True,detected,35298,0.9984442621559698,1412,0.03994003337764829,1412,1.0,35298,0.9984442621559698,1,132,0.9914200517609992,0.9944974321349963,0.9968885243119395,O1N
119,6528,22.470000743865967,True,detected,6440,0.9865196078431373,1447,0.22166053921568626,1447,1.0,6440,0.9865196078431373,1,7,0.8386508659981768,0.8483730733763668,0.9865196078431373,O1N
120,53661,43.920000076293945,True,detected,53611,0.9990682245951436,1310,0.02441251560723803,1310,1.0,53611,0.9990682245951436,1,10,0.9680521091811415,0.9788392000590362,0.9887441531093345,O1N
121,55818,43.42000150680542,True,detected,55807,0.9998029309541725,1307,0.02341538571786879,1307,1.0,55807,0.9998029309541725,1,46,0.9607995443011755,0.9633937379926268,0.9972052026228099,O1N
122,33655,43.5799994468689,True,detected,33609,0.9986331897192097,1442,0.04284653097608082,1442,1.0,33609,0.9986331897192097,1,90,0.9951730877431965,0.9966192170818505,0.9985440499182885,O1N
123,19462,42.029998779296875,True,detected,19405,0.9970712157023944,1370,0.07039358750385366,1367,0.9978102189781022,19405,0.9970712157023944,1,128,0.9475492206726825,0.9977325487232089,0.949594080772788,O1N
124,30565,42.72999906539917,True,detected,30544,0.9993129396368395,1230,0.04024210698511369,1230,1.0,30544,0.9993129396368395,1,78,0.9960174968988705,0.9977436970668062,0.9982659905120236,O1N
125,1783,11.599999904632568,False,base_seed_support_failure,1771,0.9932697700504767,0,0.0,0,0.0,1771,0.9932697700504767,1,127,0.1874074074074074,0.18764568764568765,0.9932697700504767,O1N
126,16323,38.28999900817871,True,detected,16225,0.993996201678613,1114,0.06824725846964406,1114,1.0,16225,0.993996201678613,1,147,0.9806354009077156,0.9876881818735905,0.9927709367150647,O1N
127,14426,41.9399995803833,True,detected,14310,0.9919589629835021,1075,0.07451823097185636,1075,1.0,14310,0.9919589629835021,1,79,0.9850179508423088,0.9959511343804538,0.9889782337446278,O1N
128,9029,14.419999599456787,True,detected,9015,0.9984494406911064,416,0.04607376232140879,416,1.0,9015,0.9984494406911064,1,3,0.8759230470268169,0.8771161704611792,0.9984494406911064,O1N
129,29543,43.9399995803833,True,detected,29294,0.9915716074873913,1535,0.051958162678130186,1535,1.0,29294,0.9915716074873913,1,136,0.974572877736252,0.9856569133677567,0.9885928984869512,O1N
130,70056,43.510000705718994,True,detected,69896,0.9977161128240265,1916,0.027349548932282745,1916,1.0,69896,0.9977161128240265,1,85,0.9914056396050855,0.9951660511343382,0.996203037569944,O1N
131,40097,44.06999969482422,True,detected,39657,0.9890266104696112,1506,0.03755891961992169,1506,1.0,39657,0.9890266104696112,1,44,0.9722358481310703,0.9832568522882302,0.9886026386013916,O1N
132,61334,44.679999351501465,True,detected,60949,0.9937228943163662,1645,0.026820360648253824,1645,1.0,60949,0.9937228943163662,1,24,0.983560617169298,0.9992882091009916,0.9842501711937913,O1N
133,84841,45.519999504089355,True,detected,84639,0.9976190756827478,2179,0.02568333706580545,2179,1.0,84639,0.9976190756827478,1,43,0.9951622016102453,0.9986416253248287,0.9965111208024422,O1N
134,50516,43.149999141693115,True,detected,50277,0.9952688257185842,1398,0.0276744001900388,1398,1.0,50277,0.9952688257185842,1,150,0.9918039262155863,0.997655799908616,0.9941206746377386,O1N
135,47591,43.5600004196167,True,detected,47132,0.9903553192830578,1738,0.036519509991384924,1738,1.0,47132,0.9903553192830578,1,91,0.9839877442236259,0.9987219902871262,0.9852282994683869,O1N
136,48116,44.92000102996826,True,detected,47935,0.996238257544268,1826,0.03794995427716352,1826,1.0,47935,0.996238257544268,1,104,0.9858173623601894,0.994722129506008,0.9910009144567296,O1N
137,17644,42.38000011444092,True,detected,16804,0.9523917479029699,1601,0.0907390614373158,1601,1.0,16804,0.9523917479029699,1,30,0.9185840707964602,0.9744191504341704,0.9412831557469962,O1N
138,46318,42.70000171661377,True,detected,46201,0.9974739841962088,1705,0.036810743123623646,1705,1.0,46201,0.9974739841962088,1,59,0.9784500354510882,0.9950835791543756,0.9832030743987219,O1N
139,35511,43.739999771118164,True,detected,35232,0.9921432795471825,1402,0.039480724282616654,1402,1.0,35232,0.9921432795471825,1,80,0.9826999274513086,0.9908003938669292,0.9917490355101236,O1N
140,19754,42.51000118255615,True,detected,19722,0.9983800749215349,1244,0.06297458742533157,1244,1.0,19722,0.9983800749215349,1,146,0.9722936869186621,0.9772252610641472,0.9948364888123924,O1N
141,38594,44.030001163482666,True,detected,38593,0.9999740892366689,1482,0.03839975125667202,1482,1.0,38593,0.9999740892366689,1,5,0.8969286829776159,0.9117717804396979,0.9821733948282116,O1N
142,100741,42.54999828338623,True,detected,100376,0.9963768475595834,2142,0.021262445280471706,2142,1.0,100376,0.9963768475595834,1,138,0.993664485425342,0.9988140322902133,0.9948382485780367,O1N
143,35049,38.40999984741211,True,detected,34832,0.993808667864989,1009,0.02878826785357642,1009,1.0,34832,0.993808667864989,1,93,0.9929569432563444,0.9993973137412467,0.9935518845045508,O1N
144,36599,44.250000953674316,True,detected,36575,0.9993442443782617,1400,0.038252411268067436,1400,1.0,36575,0.9993442443782617,2,105,0.8861313868613139,0.9687762978439395,0.9121833929888795,O1N
145,41876,44.38000154495239,True,detected,41389,0.9883704269748782,1675,0.039999044798930176,1675,1.0,41389,0.9883704269748782,1,62,0.9709873321630214,0.9932539008469023,0.9774333747253797,O1N
146,39566,42.4300012588501,True,detected,39424,0.996411060001011,1444,0.036495981398170146,1444,1.0,39424,0.996411060001011,1,47,0.9468471193104491,0.9970276797324912,0.9495273719860486,O1N
147,1940,10.740000009536743,False,undersegmentation,1754,0.9041237113402062,958,0.49381443298969074,958,1.0,1754,0.9041237113402062,1,133,0.05501882057716437,0.05534170505458447,0.9041237113402062,O1N
148,48571,40.86999797821045,True,detected,48565,0.9998764694982603,1504,0.03096497910275679,1504,1.0,48565,0.9998764694982603,2,110,0.8776687469206766,0.9967128269688068,0.8802165901463836,O1N
149,18504,27.460000038146973,True,detected,18436,0.9963251188932123,608,0.03285776048421963,608,1.0,18436,0.9963251188932123,1,111,0.9925630523819788,0.997184623714131,0.9953523562472979,O1N
150,86188,46.2699990272522,True,detected,86043,0.9983176312247645,1849,0.0214531025200724,1849,1.0,86043,0.9983176312247645,1,6,0.9929256442510762,0.9946474607229974,0.9982596185083771,O1N
151,80145,42.760000228881836,True,detected,80024,0.9984902364464409,1690,0.021086780210867802,1690,1.0,80024,0.9984902364464409,1,139,0.9857213499814563,0.990743041749503,0.9948842722565351,O1N
152,82816,43.19999980926514,True,detected,82633,0.9977902820710973,1811,0.021867755023183926,1811,1.0,82633,0.9977902820710973,1,17,0.9862255978306517,0.9936292642827784,0.9925014489953632,O1N
153,203157,44.08999824523926,True,detected,202548,0.997002318403993,1857,0.009140713832159364,1857,1.0,202548,0.997002318403993,3,22,0.5162953093239708,0.9771298673808406,0.5226105918083059,O1N
154,51821,43.41999912261963,True,detected,51658,0.9968545570328631,1699,0.03278593620346964,1699,1.0,51658,0.9968545570328631,1,116,0.9775972097123474,0.9929922915206727,0.9843885683410201,O1N
155,112648,43.679999351501465,True,detected,112388,0.9976919252893971,1739,0.01543746892976351,1739,1.0,112388,0.9976919252893971,1,49,0.9923443619415548,0.9981284089693772,0.994194304381791,O1N
156,75589,45.380001068115234,True,detected,75349,0.9968249348450171,2171,0.028721110214449192,2171,1.0,75349,0.9968249348450171,1,34,0.9913023967902017,0.9976224630751248,0.9936498696900342,O1N
157,64401,45.2400016784668,True,detected,63789,0.990497041971398,2114,0.0328255772425894,2114,1.0,63789,0.990497041971398,1,108,0.964488289826787,0.9816412675750333,0.9822052452601667,O1N
158,82442,44.239999771118164,True,detected,82016,0.9948327308895951,1962,0.023798549283132384,1962,1.0,82016,0.9948327308895951,1,61,0.9709144395810351,0.9777690175840978,0.9928313238397904,O1N
159,46850,43.67000198364258,True,detected,46674,0.9962433297758805,1358,0.02898612593383138,1358,1.0,46674,0.9962433297758805,1,88,0.9552920655356438,0.972374289277335,0.9819423692636072,O1N
160,62191,44.040000915527344,True,detected,61645,0.9912205946198003,2008,0.03228763004293226,2008,1.0,61645,0.9912205946198003,1,75,0.9746328649196101,0.9840070298769772,0.9903201427859336,O1N
1,3450,9.85999958217144,True,detected,3406,0.9872463768115942,651,0.18869565217391304,578,0.8878648233486943,3406,0.9872463768115942,3,544,0.6596685082872928,0.9335418295543393,0.6921739130434783,O1W
2,2602,9.879999995231628,False,fragmentation,1891,0.7267486548808608,186,0.07148347425057648,169,0.9086021505376344,1891,0.7267486548808608,4,310,0.19057665260196907,0.6913265306122449,0.2083013066871637,O1W
3,62239,29.05000066757202,True,detected,62195,0.999293047767477,783,0.012580536319670946,783,1.0,62195,0.999293047767477,1,47,0.7781889477511167,0.802208539686789,0.9629492761773165,O1W
4,100164,34.63999891281128,True,detected,99972,0.9980831436444232,1206,0.012040253983467114,1206,1.0,99972,0.9980831436444232,1,42,0.8865479415552694,0.889328450633949,0.9964857633481091,O1W
5,41711,32.15999937057495,True,detected,41578,0.9968113926781904,1043,0.02500539426050682,1043,1.0,41578,0.9968113926781904,1,128,0.9693799377543691,0.9985450061652281,0.9707511208074608,O1W
6,10227,19.539999961853027,True,detected,10192,0.9965776865160849,1249,0.12212770118314266,1249,1.0,10192,0.9965776865160849,2,94,0.6351191019439628,0.9050591754454416,0.6804537009875818,O1W
7,4860,12.539999961853027,False,base_seed_support_failure,2280,0.4691358024691358,7,0.001440329218106996,7,1.0,2280,0.4691358024691358,1,270,0.020835427537490063,0.021338524459751613,0.4691358024691358,O1W
8,64395,36.69999980926514,True,detected,64385,0.9998447084400963,1151,0.017874058544918085,1150,0.9991311902693311,64385,0.9998447084400963,1,98,0.8191992307486845,0.8540439692020662,0.9525584284494137,O1W
9,6433,14.0600004196167,False,undersegmentation,6162,0.9578734649463703,291,0.04523550443028136,291,1.0,6162,0.9578734649463703,1,270,0.05752427184466019,0.05767017005306554,0.9578734649463703,O1W
10,98735,37.61999988555908,True,detected,98040,0.9929609560945967,750,0.007596090545399301,750,1.0,98040,0.9929609560945967,1,270,0.9111648229060146,0.9173132177184625,0.9926976249556895,O1W
11,148246,38.11000108718872,True,detected,148186,0.9995952673259312,1306,0.008809681205563726,1306,1.0,148186,0.9995952673259312,3,10,0.5913569715817119,0.9928168696436626,0.5938979803839564,O1W
12,75275,37.04999923706055,True,detected,63420,0.8425107937562272,1105,0.014679508468947194,1105,1.0,63420,0.8425107937562272,1,239,0.830978289577941,0.9929150755830467,0.8359349053470608,O1W
13,29646,36.46000003814697,True,detected,29166,0.9838089455575795,767,0.02587195574445119,767,1.0,29166,0.9838089455575795,1,178,0.9281769816149236,0.9981171017851324,0.9298050327194225,O1W
14,97340,37.459999084472656,True,detected,96811,0.9945654407232382,1120,0.011506061228682966,1097,0.9794642857142857,96811,0.9945654407232382,2,446,0.7374368641593328,0.996304293663317,0.7394596260530101,O1W
15,20129,11.859999895095825,True,detected,19235,0.9555864672860053,993,0.04933180982661831,911,0.9174219536757301,19235,0.9555864672860053,2,469,0.6949238184079602,0.761521424312122,0.8882209747131005,O1W
16,87259,36.02000045776367,True,detected,87067,0.9977996539038952,1079,0.012365486654671725,1079,1.0,87067,0.9977996539038952,1,20,0.9476177300647446,0.9651029103451385,0.981239757503524,O1W
17,96383,35.769999504089355,True,detected,95233,0.9880684353049811,1241,0.012875714596972496,1241,1.0,95233,0.9880684353049811,1,136,0.9310348243919354,0.9537989972190082,0.9750059657823476,O1W
18,115035,37.079999923706055,True,detected,115008,0.9997652888251402,693,0.006024253488068849,693,1.0,115008,0.9997652888251402,1,276,0.7494243276211847,0.7501534443356187,0.9987047420350328,O1W
19,84959,34.91000032424927,True,detected,84946,0.999846985016302,1014,0.011935168728445486,1014,1.0,84946,0.999846985016302,1,126,0.9322909179374329,0.9390510135887725,0.9923374804317376,O1W
20,1654,9.90999960899353,True,detected,1441,0.8712212817412334,613,0.37061668681983073,544,0.8874388254486134,1441,0.8712212817412334,1,485,0.6085183507023109,0.7083333333333334,0.8119709794437727,O1W
21,27935,17.75,True,detected,27873,0.9977805620189726,397,0.014211562555933416,397,1.0,27873,0.9977805620189726,1,133,0.7798763255826968,0.7812535037560264,0.9977447646321819,O1W
22,36955,25.130000114440918,True,detected,36189,0.9792720876741984,510,0.013800568258693005,510,1.0,36189,0.9792720876741984,1,236,0.9642523177215528,0.9870367838096541,0.9766202137735083,O1W
23,84241,36.33000040054321,True,detected,84229,0.9998575515485334,1735,0.02059567194121627,1735,1.0,84229,0.9998575515485334,1,139,0.8218978998649036,0.8563872329988376,0.9532887786232357,O1W
24,50895,22.97999906539917,True,detected,50553,0.9932802829354553,983,0.01931427448668828,983,1.0,50553,0.9932802829354553,1,38,0.7908166507785193,0.8051569905692425,0.9779742607328814,O1W
25,49888,17.59000015258789,False,undersegmentation,47394,0.9500080179602309,791,0.01585551635663887,765,0.9671302149178256,47394,0.9500080179602309,2,346,0.4864800628919319,0.8469348780953594,0.5333747594611931,O1W
26,32718,35.980000495910645,True,detected,32705,0.9996026651995843,946,0.028913747784094383,945,0.9989429175475687,32705,0.9996026651995843,3,131,0.7401458560925921,0.9561005377779472,0.7661837520630845,O1W
27,113962,32.94999980926514,True,detected,112445,0.9866885453045752,651,0.005712430459275899,651,1.0,112445,0.9866885453045752,1,331,0.9531983580807248,0.9885785774073641,0.9638124989031431,O1W
28,22262,22.910000324249268,True,detected,22211,0.9977091007097296,1471,0.0660767226664271,1471,1.0,22211,0.9977091007097296,1,127,0.9005835498573072,0.9456570355130155,0.9497349743958314,O1W
29,99233,39.20000076293945,True,detected,98889,0.996533411264398,1339,0.013493495107474327,1295,0.9671396564600448,98889,0.996533411264398,1,639,0.9392427884615384,0.9935686208029159,0.9449880584079893,O1W
30,37320,32.46000099182129,True,detected,37293,0.9992765273311897,738,0.01977491961414791,738,1.0,37293,0.9992765273311897,2,44,0.8858246001103144,0.9781606195075263,0.9036977491961414,O1W
31,14537,9.749999642372131,True,detected,14501,0.997523560569581,1112,0.07649446240627365,1104,0.9928057553956835,14501,0.997523560569581,1,429,0.7279766177827915,0.7408934349232856,0.9766114053793767,O1W
32,43265,38.130001068115234,True,detected,41608,0.9617011441118687,874,0.020201086328441004,874,1.0,41608,0.9617011441118687,1,498,0.9469270534175761,0.9937311633514165,0.9526175892753959,O1W
33,29614,36.10000038146973,True,detected,29534,0.9972985749983116,755,0.025494698453434186,734,0.9721854304635762,29534,0.9972985749983116,3,590,0.5161215186503844,0.9724764890282132,0.5237725400148578,O1W
34,15524,11.450000286102295,True,detected,15359,0.9893712960577171,1576,0.1015202267456841,1568,0.9949238578680203,15359,0.9893712960577171,2,424,0.8296182266009853,0.9495383747973782,0.8678819891780469,O1W
35,38484,23.57999897003174,True,detected,38431,0.9986228042822991,631,0.01639642448809895,630,0.9984152139461173,38431,0.9986228042822991,2,72,0.8324886320575976,0.9038337918798693,0.9133925787340194,O1W
36,30190,29.119998931884766,True,detected,29962,0.9924478304074197,1050,0.03477972838688308,1050,1.0,29962,0.9924478304074197,3,159,0.7037518632456947,0.9430113467340955,0.7350115932427956,O1W
37,41665,36.46000003814697,False,undersegmentation,41634,0.9992559702388095,460,0.011040441617664707,460,1.0,41634,0.9992559702388095,2,315,0.3771412582774594,0.3989366949849274,0.8734669386775471,O1W
38,67302,32.77999973297119,True,detected,67280,0.9996731152120294,1035,0.015378443434073281,1034,0.9990338164251208,67280,0.9996731152120294,1,65,0.8016848673946958,0.8335928780918269,0.9544292888770022,O1W
39,6822,31.109999656677246,True,detected,6788,0.9950161243037232,716,0.1049545587804163,716,1.0,6788,0.9950161243037232,1,55,0.9848352289297171,0.9946980854197349,0.9900322486074465,O1W
40,4159,27.869999885559082,False,fragmentation,3999,0.9615292137533061,1627,0.39119980764606876,1573,0.9668100799016595,3999,0.9615292137533061,2,605,0.39704094041345767,0.716532553035845,0.47102668910795864,O1W
41,3938,34.1800012588501,False,fragmentation,3647,0.9261046216353479,594,0.15083798882681565,474,0.797979797979798,3647,0.9261046216353479,2,663,0.40286440286440284,0.8168618266978923,0.44286439817166073,O1W
42,49614,30.459999561309814,True,detected,49522,0.9981456846857741,860,0.01733381706776313,860,1.0,49522,0.9981456846857741,2,29,0.9134156050955414,0.9865422650270874,0.9249405409763374,O1W
43,9931,13.250000476837158,False,undersegmentation,9888,0.9956701238545967,901,0.09072600946531065,878,0.974472807991121,9888,0.9956701238545967,1,423,0.30749264030894874,0.30961943010135784,0.9781492296848253,O1W
44,39250,33.56999969482422,True,detected,38824,0.9891464968152867,2355,0.06,2058,0.8738853503184714,38824,0.9891464968152867,2,421,0.6661029905719382,0.880057538103691,0.7326114649681529,O1W
45,1539,27.760000228881836,True,detected,1459,0.9480181936322287,621,0.40350877192982454,575,0.9259259259259259,1459,0.9480181936322287,1,601,0.5843400447427293,0.6523476523476524,0.8486029889538661,O1W
46,8919,9.820000156760216,False,undersegmentation,8913,0.9993272788429196,928,0.10404753896176701,868,0.9353448275862069,8913,0.9993272788429196,2,433,0.46538860103626944,0.8600153198008426,0.5035317860746721,O1W
47,2611,33.50999927520752,False,fragmentation,2522,0.9659134431252394,383,0.14668709306779013,297,0.7754569190600522,2522,0.9659134431252394,2,629,0.44098303911388026,0.8208762886597938,0.4879356568364611,O1W
48,3638,9.699999690055847,False,undersegmentation,3037,0.8347993402968664,846,0.2325453545904343,774,0.9148936170212766,3037,0.8347993402968664,2,627,0.4528992878942014,0.6354553240079931,0.6118746564046179,O1W
49,1952,9.92000037431717,True,detected,1895,0.9707991803278688,677,0.3468237704918033,655,0.9675036927621861,1895,0.9707991803278688,1,660,0.7936802973977695,0.8951781970649895,0.875,O1W
50,85324,28.639999389648438,True,detected,85322,0.999976559936243,847,0.009926867001078242,847,1.0,85322,0.999976559936243,1,7,0.9249584832549128,0.9829887367788903,0.9400051568140265,O1W
51,20714,31.150001049041748,True,detected,20708,0.9997103408322874,604,0.02915902288307425,604,1.0,20708,0.9997103408322874,2,64,0.5531106315098058,0.9515699410767616,0.569131988027421,O1W
52,47107,36.910000801086426,True,detected,42935,0.9114356677351562,670,0.014222939265926507,670,1.0,42935,0.9114356677351562,1,250,0.8572398370737162,0.9351571518808128,0.911414439467595,O1W
53,2155,9.839999616146088,True,detected,2095,0.9721577726218097,620,0.2877030162412993,599,0.9661290322580646,2095,0.9721577726218097,1,635,0.7195729537366548,0.7553231228987672,0.9382830626450116,O1W
54,23101,28.519999027252197,True,detected,23008,0.9959742002510714,1304,0.056447772823687285,1304,1.0,23008,0.9959742002510714,3,41,0.6273888079526951,0.9840715101821359,0.6338253755248691,O1W
55,1954,30.570000648498535,False,undersegmentation,1890,0.9672466734902764,193,0.09877175025588536,145,0.7512953367875648,1890,0.9672466734902764,2,604,0.46696230598669625,0.7776957163958641,0.5388945752302968,O1W
56,2240,33.070000648498535,False,undersegmentation,2214,0.9883928571428572,390,0.17410714285714285,390,1.0,2214,0.9883928571428572,1,569,0.45279210585333035,0.47640396413402547,0.9013392857142857,O1W
57,1358,30.74000072479248,True,detected,1304,0.9602356406480118,136,0.10014727540500737,125,0.9191176470588235,1304,0.9602356406480118,3,538,0.5502990755845568,0.6778298727394507,0.7452135493372607,O1W
58,2451,35.109999656677246,False,undersegmentation,2103,0.8580171358629131,447,0.18237454100367198,421,0.941834451901566,2103,0.8580171358629131,3,566,0.4448353054045411,0.6729559748427673,0.5675234598123216,O1W
59,34545,34.119999408721924,True,detected,34506,0.9988710377768129,441,0.01276595744680851,419,0.9501133786848073,34506,0.9988710377768129,3,77,0.7603993344425957,0.9294502050478445,0.8069764075843103,O1W
60,9689,9.920000314712524,True,detected,9613,0.99215605325627,665,0.06863453400763753,574,0.8631578947368421,9613,0.99215605325627,2,432,0.7086730268863833,0.8161206552137436,0.8433274847765507,O1W
61,11251,21.520000219345093,True,detected,11244,0.9993778330815039,986,0.08763665451959826,986,1.0,11244,0.9993778330815039,1,153,0.6065564768546483,0.6134621792735755,0.9817793973868989,O1W
62,907,10.649999856948853,True,detected,814,0.8974641675854466,225,0.24807056229327454,194,0.8622222222222222,814,0.8974641675854466,3,636,0.5364055299539171,0.7657894736842106,0.6416758544652701,O1W
63,4047,9.709999680519104,False,fragmentation,3088,0.7630343464294539,462,0.11415863602668644,421,0.9112554112554112,3088,0.7630343464294539,2,680,0.27216991460477336,0.7050482132728304,0.30714109216703733,O1W
64,48101,22.55000066757202,True,detected,47937,0.9965905074738571,824,0.017130620985010708,791,0.9599514563106796,47937,0.9965905074738571,3,140,0.7411932875129726,0.9272905438510534,0.7869275067046423,O1W
65,1146,27.549999237060547,False,undersegmentation,1097,0.9572425828970331,160,0.13961605584642234,154,0.9625,1097,0.9572425828970331,4,625,0.4016927083333333,0.6127110228401191,0.5383944153577661,O1W
66,910,9.880000114440918,True,detected,890,0.978021978021978,178,0.1956043956043956,111,0.6235955056179775,890,0.978021978021978,3,585,0.5936739659367397,0.6938388625592417,0.8043956043956044,O1W
67,2691,9.93000042438507,False,undersegmentation,2436,0.9052396878483835,554,0.20587142326272762,337,0.6083032490974729,2436,0.9052396878483835,3,688,0.46586931155192535,0.6842330762639246,0.5934596804162021,O1W
68,21932,20.160000324249268,True,detected,21901,0.9985865402152106,782,0.035655662958234545,781,0.9987212276214834,21901,0.9985865402152106,2,73,0.7577780209359156,0.7911351433684932,0.9472916286704359,O1W
69,25873,30.010000228881836,True,detected,25846,0.9989564410775712,555,0.021450933405480616,555,1.0,25846,0.9989564410775712,1,53,0.862817938420348,0.8654827447294212,0.99644416959765,O1W
70,52115,39.040000438690186,True,detected,50846,0.9756500047970834,1123,0.021548498512904156,1123,1.0,50846,0.9756500047970834,1,123,0.967605633802817,0.9917094200495484,0.9754964981291375,O1W
71,9538,12.37000036239624,False,fragmentation,9136,0.9578527993289998,740,0.07758439924512477,590,0.7972972972972973,9136,0.9578527993289998,3,535,0.22970993261060652,0.7703897805437275,0.24659257706018034,O1W
72,1556,9.659999787807465,False,undersegmentation,1541,0.9903598971722365,403,0.2589974293059126,327,0.8114143920595533,1541,0.9903598971722365,3,698,0.46883468834688347,0.6120283018867925,0.6670951156812339,O1W
73,21227,30.21000051498413,True,detected,21223,0.9998115607481038,1030,0.04852310736326377,1028,0.9980582524271845,21223,0.9998115607481038,2,169,0.7348172574883209,0.9635457329890097,0.7558298393555377,O1W
74,33390,33.78999900817871,False,fragmentation,33255,0.9959568733153639,1147,0.03435160227613058,1003,0.8744551002615518,33255,0.9959568733153639,4,500,0.4602241935023817,0.906257020894181,0.4832285115303983,O1W
75,45310,36.35000038146973,True,detected,43022,0.9495034208783933,575,0.012690355329949238,575,1.0,43022,0.9495034208783933,1,341,0.9227350575584798,0.9811664361456892,0.9393732067976164,O1W
76,32102,27.65000057220459,False,fragmentation,31925,0.9944863248395739,467,0.01454738022553112,467,1.0,31925,0.9944863248395739,4,423,0.3298973391996648,0.5018805380251163,0.49049903432807923,O1W
77,22184,35.5,True,detected,22099,0.9961684096646232,2681,0.12085286693112153,2440,0.9101081685938083,22099,0.9961684096646232,3,592,0.6391302590631693,0.8607195340989495,0.7128561125135232,O1W
78,32355,37.20000076293945,False,fragmentation,32323,0.9990109720290526,799,0.02469479214959048,560,0.7008760951188986,32323,0.9990109720290526,5,456,0.28213866039952995,0.8507396580742316,0.2968320197805594,O1W
79,6497,10.21999979019165,False,partial_or_localization,2928,0.4506695397875943,448,0.06895490226258273,448,1.0,2928,0.4506695397875943,1,191,0.4337135239223819,0.9201759899434317,0.4506695397875943,O1W
80,9807,12.420000076293945,True,detected,9738,0.9929642092382992,503,0.051289894972978485,503,1.0,9738,0.9929642092382992,1,54,0.9500050499949501,0.9901052631578947,0.9591108391964923,O1W
81,24276,23.44000005722046,True,detected,24215,0.9974872301861921,671,0.027640467951886637,669,0.9970193740685543,24215,0.9974872301861921,1,33,0.7891198463332647,0.825060966862717,0.9476849563354753,O1W
82,28831,37.1200008392334,True,detected,28826,0.999826575561028,843,0.02923936041066907,843,1.0,28826,0.999826575561028,2,96,0.9156680750848514,0.998376255569821,0.917033748395824,O1W
83,35058,21.489999294281006,True,detected,35023,0.9990016544012779,352,0.010040504307148155,352,1.0,35023,0.9990016544012779,1,15,0.9180555162559068,0.9913529699340015,0.925466370015403,O1W
84,18704,21.969999313354492,True,detected,18702,0.9998930710008554,565,0.03020744225834046,565,1.0,18702,0.9998930710008554,1,167,0.6111952108993326,0.6315995307000392,0.9497968349016254,O1W
85,2625,10.269999980926514,True,detected,1450,0.5523809523809524,125,0.047619047619047616,125,1.0,1450,0.5523809523809524,1,179,0.5038220986796387,0.8514386376981797,0.5523809523809524,O1W
86,2617,13.089999675750732,False,undersegmentation,2495,0.9533817348108521,1028,0.39281620175773785,1028,1.0,2495,0.9533817348108521,1,3,0.44954954954954957,0.459653647752395,0.9533817348108521,O1W
87,22761,27.089999198913574,True,detected,22757,0.9998242607969773,548,0.024076270814111858,527,0.9616788321167883,22757,0.9998242607969773,2,99,0.6441126982422225,0.7767225004317043,0.7904749351961688,O1W
88,30325,29.90999984741211,False,undersegmentation,30237,0.9970981038746909,609,0.020082440230832645,609,1.0,30237,0.9970981038746909,2,68,0.4834568843344598,0.7358748859205178,0.5849629018961253,O1W
89,20748,17.97000026702881,True,detected,20714,0.998361287834972,429,0.020676691729323307,429,1.0,20714,0.998361287834972,2,46,0.8586986364052347,0.9443438003220612,0.9044727202621939,O1W
90,19389,12.869999885559082,False,undersegmentation,19389,1.0,500,0.025787817834854815,491,0.982,19389,1.0,3,150,0.40358691367757193,0.6312577065351418,0.5280829336221569,O1W
91,10760,13.600000381469727,True,detected,10739,0.9980483271375464,779,0.07239776951672862,779,1.0,10739,0.9980483271375464,1,130,0.6491950127103256,0.6505337214944202,0.9968401486988847,O1W
92,11772,15.610000610351562,True,detected,11699,0.9937988447162759,546,0.046381243628950054,546,1.0,11699,0.9937988447162759,1,50,0.919543084181773,0.9729374671571204,0.9436799184505607,O1W
93,66309,29.240000247955322,True,detected,66298,0.9998341100001508,678,0.01022485635434104,678,1.0,66298,0.9998341100001508,2,21,0.843151191633183,0.9567120942787544,0.8765929210212792,O1W
94,77461,36.269999980926514,True,detected,77449,0.9998450833322575,1673,0.021597965427763648,1567,0.9366407650926479,77449,0.9998450833322575,3,245,0.7827074213773006,0.9716549736908043,0.8009966305624766,O1W
95,25215,21.5600004196167,False,undersegmentation,25211,0.9998413642673012,577,0.022883204441800517,566,0.9809358752166378,25211,0.9998413642673012,3,75,0.4612071935506098,0.778404465635539,0.5309141384096768,O1W
96,15241,10.949999809265137,True,detected,15232,0.9994094875664327,696,0.045666294862541826,696,1.0,15232,0.9994094875664327,1,27,0.9967934035730646,0.9973808276584599,0.9994094875664327,O1W
97,38967,35.610000133514404,True,detected,38636,0.9915056329714887,989,0.025380450124464292,989,1.0,38636,0.9915056329714887,2,158,0.827544526123637,0.9552651062133379,0.8609079477506608,O1W
98,16273,29.570001125335693,True,detected,16021,0.9845142260185583,1075,0.06606034535734039,1075,1.0,16021,0.9845142260185583,2,161,0.8365512248099433,0.9787519412678244,0.8520248263995576,O1W
99,23264,33.36000061035156,True,detected,23180,0.9963892709766162,1538,0.06611072902338377,1468,0.9544863459037711,23180,0.9963892709766162,1,237,0.8956227514133973,0.9959990473922362,0.8988566024759285,O1W
100,71127,33.65999937057495,True,detected,71081,0.9993532695038453,1065,0.014973216921844026,1065,1.0,71081,0.9993532695038453,1,11,0.9787389514213847,0.999483396952042,0.9792343273299872,O1W
101,38163,27.34999942779541,True,detected,38090,0.9980871524775305,742,0.019442915913319182,741,0.9986522911051213,38090,0.9980871524775305,2,102,0.7141963987995998,0.7772561293688054,0.8979901999318712,O1W
102,15826,13.230000019073486,True,detected,15793,0.9979148237078226,746,0.04713762163528371,746,1.0,15793,0.9979148237078226,2,142,0.5699546428749439,0.7296452271567127,0.7225451788196638,O1W
103,71586,19.15000009536743,True,detected,71563,0.9996787081272874,712,0.00994607884223172,712,1.0,71563,0.9996787081272874,1,49,0.977378408948096,0.9996143958868895,0.9777470455116922,O1W
104,59446,19.53000020980835,True,detected,59288,0.9973421256266192,976,0.016418261952023686,976,1.0,59288,0.9973421256266192,1,36,0.9086580015981995,0.9674775572572103,0.9372876223799751,O1W
105,37154,22.739999771118164,True,detected,37138,0.9995693599612424,794,0.02137051192334607,794,1.0,37138,0.9995693599612424,2,56,0.710812789846229,0.8841459712186532,0.7838187005436831,O1W
106,40001,26.30000114440918,True,detected,39999,0.9999500012499688,448,0.011199720006999824,448,1.0,39999,0.9999500012499688,1,43,0.8080020130850528,0.8336831173326986,0.9632759181020475,O1W
107,61245,34.299999713897705,True,detected,61170,0.9987754102375704,979,0.015984978365580865,979,1.0,61170,0.9987754102375704,1,146,0.8927882406982085,0.9348275696214708,0.9520450649032574,O1W
108,3255,9.5,True,detected,2794,0.8583717357910906,401,0.12319508448540707,401,1.0,2794,0.8583717357910906,1,160,0.8413128575730202,0.9769230769230769,0.8583717357910906,O1W
109,15361,18.700000286102295,True,detected,15314,0.9969403033656663,269,0.01751188073693119,269,1.0,15314,0.9969403033656663,5,51,0.5663943421533959,0.8992353111993031,0.6047783347438318,O1W
110,40232,37.970001220703125,True,detected,39752,0.9880691986478425,644,0.016007158480811294,644,1.0,39752,0.9880691986478425,1,106,0.6503992165064821,0.6619363776122177,0.9739013720421555,O1W
111,40231,21.84000062942505,True,detected,40176,0.9986328950311949,520,0.012925356068703238,517,0.9942307692307693,40176,0.9986328950311949,1,48,0.8452304851196818,0.9467989179440938,0.8873754070244338,O1W
112,79126,35.41000032424927,True,detected,78086,0.9868564062381519,1148,0.014508505421732426,1148,1.0,78086,0.9868564062381519,1,120,0.9298515228887088,0.9562815008400224,0.9711346460076334,O1W
113,23262,38.559998989105225,True,detected,21594,0.9282950735104463,1062,0.04565385607428424,1052,0.9905838041431262,21594,0.9282950735104463,1,176,0.848851172844448,0.9249760097705662,0.911615510274267,O1W
114,37068,28.640000343322754,True,detected,37053,0.9995953382971835,650,0.017535340455379304,645,0.9923076923076923,37053,0.9995953382971835,2,116,0.863136650910829,0.9821719949235511,0.8768749325563828,O1W
115,99854,32.1299991607666,True,detected,99854,1.0,865,0.008662647465299336,865,1.0,99854,1.0,1,121,0.8345664121229625,0.8460869415452448,0.9839465619804915,O1W
116,20986,21.59000015258789,True,detected,20968,0.9991422853330792,644,0.030687124749833223,644,1.0,20968,0.9991422853330792,3,23,0.750690177219699,0.9196988707653702,0.8033450872009912,O1W
117,31656,14.87999963760376,True,detected,31654,0.9999368208238565,1048,0.033105888299216575,1043,0.9952290076335878,31654,0.9999368208238565,1,328,0.7624406984960129,0.7912323888336039,0.9544478140005054,O1W
118,18708,20.480000495910645,True,detected,18641,0.9964186444301903,69,0.0036882617062219372,53,0.7681159420289855,18641,0.9964186444301903,3,66,0.7123123676213279,0.8371212121212122,0.8269189651485995,O1W
119,36079,24.46000051498413,True,detected,36036,0.9988081709581751,802,0.022228997477757143,800,0.9975062344139651,36036,0.9988081709581751,1,71,0.8473591233774547,0.917398896804058,0.9173480417971673,O1W
120,35579,18.960000038146973,True,detected,35553,0.9992692318502487,521,0.014643469462323281,521,1.0,35553,0.9992692318502487,1,122,0.7442345332312144,0.7538086926541254,0.9832204390230191,O1W
121,28730,37.62999963760376,True,detected,27047,0.9414201183431953,848,0.02951618517229377,848,1.0,27047,0.9414201183431953,1,234,0.8987206823027718,0.9868585023224199,0.9096066829098504,O1W
122,40393,25.519999980926514,True,detected,40205,0.9953457282202361,1299,0.03215903745698512,1299,1.0,40205,0.9953457282202361,2,67,0.7835234849607349,0.9968267931760344,0.7854826331295026,O1W
123,27646,16.87000036239624,False,undersegmentation,27520,0.9954423786442885,600,0.021702958836721405,555,0.925,27520,0.9954423786442885,2,148,0.34548802946593,0.3567796013242234,0.9160818924980105,O1W
124,67721,38.36000061035156,True,detected,67009,0.9894862745677117,1052,0.015534324655572126,1052,1.0,67009,0.9894862745677117,1,233,0.8652479421802851,0.9023743387166566,0.9546078764341932,O1W
125,18679,19.670000076293945,False,undersegmentation,18679,1.0,646,0.0345842925210129,557,0.8622291021671826,18679,1.0,2,321,0.45029734141791045,0.4971356848609681,0.8269714652818674,O1W
126,110564,34.839999198913574,False,fragmentation,110553,0.9999005101117905,1595,0.01442603379038385,1570,0.9843260188087775,110553,0.9999005101117905,2,163,0.4875794441812445,0.9765992874151791,0.4933432220252523,O1W
127,59359,34.78000068664551,True,detected,59315,0.9992587476204114,1102,0.018565002779696423,1102,1.0,59315,0.9992587476204114,1,119,0.9135821831869511,0.9297537150245008,0.981317070705369,O1W
128,79579,36.139999866485596,True,detected,79565,0.9998240741904271,1354,0.01701453901154827,1351,0.9977843426883308,79565,0.9998240741904271,1,186,0.8898433020093387,0.928311561469906,0.9555033363073172,O1W
129,52452,36.8100004196167,True,detected,52238,0.9959200793106078,1027,0.019579806299092502,1027,1.0,52238,0.9959200793106078,1,198,0.9746986602977945,0.9786062195578868,0.9959200793106078,O1W
130,80978,35.03000068664551,True,detected,80964,0.99982711353701,1261,0.01557213070216602,1261,1.0,80964,0.99982711353701,1,183,0.9251454686800631,0.9524635290978984,0.9699301044728198,O1W
131,83709,36.649999141693115,True,detected,83580,0.9984589470666236,1380,0.016485682543095726,1380,1.0,83580,0.9984589470666236,1,95,0.9567440542264,0.9881329885842521,0.9678648651877337,O1W
132,94628,33.60000038146973,True,detected,94600,0.9997041044933846,943,0.00996533795493934,943,1.0,94600,0.9997041044933846,1,112,0.9658593733800568,0.9807763167591355,0.9844971889926871,O1W
133,35687,35.88999938964844,True,detected,35679,0.9997758287331522,1084,0.030375206657886625,1084,1.0,35679,0.9997758287331522,1,4,0.9904446177847114,0.9941558078407248,0.9962451312802981,O1W
134,131862,31.979999542236328,True,detected,131512,0.9973457099088441,1990,0.015091535089715006,1990,1.0,131512,0.9973457099088441,1,6,0.9594677599591496,0.9754354286574126,0.9832248866238946,O1W
135,80461,32.04999923706055,True,detected,80290,0.9978747467717279,1091,0.013559364164004922,1091,1.0,80290,0.9978747467717279,1,199,0.8582970376034844,0.8879779854382847,0.9625160015411193,O1W
136,66411,36.179999351501465,True,detected,66376,0.9994729788739817,1197,0.01802412250982518,1197,1.0,66376,0.9994729788739817,1,13,0.9852101595864239,0.9950962586269524,0.9900167140985681,O1W
137,61594,38.08000040054321,True,detected,61593,0.9999837646524012,1296,0.02104101048803455,1296,1.0,61593,0.9999837646524012,1,221,0.9504106892155755,0.9936731285114137,0.956197032178459,O1W
138,72760,35.22000026702881,True,detected,72700,0.9991753710830127,1037,0.01425233644859813,1037,1.0,72700,0.9991753710830127,1,93,0.9560383963244544,0.9947075644837742,0.9609263331500825,O1W
139,57238,38.089999198913574,True,detected,57226,0.9997903490688005,1277,0.02231035326181907,1269,0.9937353171495693,57226,0.9997903490688005,2,203,0.8755783702617289,0.9993025387589175,0.8761137705719976,O1W
140,85312,35.75,True,detected,85116,0.9977025506376594,814,0.009541447861965492,814,1.0,85116,0.9977025506376594,1,229,0.9329339728994894,0.9423283022238099,0.9894270442610653,O1W
141,22732,32.53000068664551,True,detected,22701,0.9986362836530002,797,0.03506070737286644,797,1.0,22701,0.9986362836530002,2,22,0.8194560393690408,0.9985543716871018,0.8204293506950554,O1W
142,30217,28.580000400543213,True,detected,30207,0.9996690604626535,962,0.031836383492735876,923,0.9594594594594594,30207,0.9996690604626535,3,212,0.5002605184316791,0.9690279442376837,0.5083893172717344,O1W
143,58378,27.69000005722046,True,detected,58028,0.9940045907704957,885,0.015159820480317929,885,1.0,58028,0.9940045907704957,1,83,0.9848254152909175,0.9986988428375635,0.9860906505875501,O1W
144,22409,32.61999988555908,True,detected,22392,0.9992413762327637,766,0.03418269445312151,766,1.0,22392,0.9992413762327637,1,9,0.9819716823498373,0.985307743216413,0.996563880583694,O1W
145,36416,19.81999969482422,True,detected,36397,0.999478251318102,693,0.019030096660808436,691,0.9971139971139971,36397,0.999478251318102,1,194,0.8738645148821028,0.8790677327630204,0.9932721880492091,O1W
146,42646,28.179999351501465,True,detected,42616,0.9992965342587816,472,0.011067860995169536,461,0.9766949152542372,42616,0.9992965342587816,2,111,0.8502178272595257,0.9804103981712827,0.8649111288280261,O1W
147,26559,19.96999979019165,True,detected,26440,0.9955194096163259,598,0.022515907978463045,597,0.9983277591973244,26440,0.9955194096163259,2,201,0.7909725770737523,0.8925235441091678,0.8742422530968786,O1W
148,40228,17.989999771118164,True,detected,40182,0.9988565178482649,502,0.012478870438500546,490,0.9760956175298805,40182,0.9988565178482649,1,110,0.8219960278053625,0.8305183946488295,0.987670279407378,O1W
149,60184,22.830000400543213,True,detected,60140,0.9992689086800478,1000,0.016615711817094245,1000,1.0,60140,0.9992689086800478,1,113,0.9434389506202792,0.9726043386190453,0.9691944702911073,O1W
150,26690,16.079999923706055,True,detected,26689,0.9999625327838142,582,0.021805919820157362,582,1.0,26689,0.9999625327838142,1,35,0.7953096132069849,0.7953333134666388,0.9999625327838142,O1W
151,38916,25.46000051498413,True,detected,38909,0.9998201253982938,578,0.014852502826600883,576,0.9965397923875432,38909,0.9998201253982938,3,302,0.6862740697517842,0.8442340078959719,0.7857693493678692,O1W
152,38857,19.059999465942383,True,detected,38857,1.0,437,0.011246364876341458,437,1.0,38857,1.0,1,202,0.812889159101868,0.8143061155913979,0.9978639627351571,O1W
153,30585,20.600000381469727,True,detected,30402,0.9940166748406082,492,0.016086316821971553,492,1.0,30402,0.9940166748406082,1,224,0.7959920710348386,0.8244459444256946,0.9584436815432401,O1W
154,34062,15.760000228881836,True,detected,33921,0.9958604896952615,420,0.012330456226880395,420,1.0,33921,0.9958604896952615,1,218,0.9622994191062287,0.9791660570592539,0.9824144207621396,O1W
155,35845,18.339999675750732,True,detected,35834,0.9996931231692007,748,0.020867624494350676,748,1.0,35834,0.9996931231692007,1,117,0.9056980922018116,0.906845358735306,0.9986051053145487,O1W
156,12455,12.980000019073486,True,detected,12454,0.9999197109594541,462,0.03709353673223605,448,0.9696969696969697,12454,0.9999197109594541,1,79,0.8489323349972269,0.861474602504573,0.9831393014853472,O1W
157,48225,32.38999938964844,True,detected,48225,1.0,1113,0.023079315707620528,1113,1.0,48225,1.0,1,62,0.9926943852314825,0.9980441115272576,0.9946293416277864,O1W
158,10501,9.96999979019165,False,undersegmentation,10497,0.9996190838967718,321,0.030568517284068186,320,0.9968847352024922,10497,0.9996190838967718,2,57,0.48758620689655174,0.6387207516487488,0.6732692124559566,O1W
159,18042,30.859999656677246,True,detected,17652,0.9783837712005321,927,0.05138011306950449,927,1.0,17652,0.9783837712005321,1,19,0.9421596657136574,0.9915519037148478,0.9497838377120054,O1W
160,76470,35.19999980926514,True,detected,76467,0.9999607689289918,1219,0.015940891853014255,1211,0.9934372436423298,76467,0.9999607689289918,1,195,0.9473444237458151,0.9959870709726901,0.9509742382633712,O1W
161,61209,35.429999351501465,True,detected,61177,0.9994772010652029,1251,0.02043817085722688,1251,1.0,61177,0.9994772010652029,1,30,0.9505145010386641,0.9851458708859069,0.9643353101668055,O1W
162,35870,32.709999084472656,True,detected,34507,0.9620016727069975,1041,0.0290214664064678,1041,1.0,34507,0.9620016727069975,2,182,0.9001832518880497,0.9955169343200172,0.9038472260942292,O1W
163,23620,18.230000019073486,True,detected,23551,0.9970787468247249,387,0.0163844199830652,387,1.0,23551,0.9970787468247249,2,101,0.8406553978631797,0.9350804842357323,0.8927603725656224,O1W
164,36169,27.390000343322754,False,fragmentation,36152,0.9995299842406481,1320,0.03649534131438525,1205,0.9128787878787878,36152,0.9995299842406481,3,209,0.45213865479408494,0.9159776656286911,0.4717022864884293,O1W
165,112896,34.46999979019165,True,detected,112872,0.9997874149659864,1089,0.009646045918367346,1088,0.9990817263544536,112872,0.9997874149659864,1,58,0.9179018141578082,0.9448735318737649,0.9698394982993197,O1W
166,67978,29.37999963760376,True,detected,67839,0.9979552208067316,1249,0.018373591456059313,1249,1.0,67839,0.9979552208067316,1,16,0.9892095247816387,0.991218585622443,0.9979552208067316,O1W
167,36322,32.07000017166138,True,detected,36285,0.9989813336270029,653,0.017978084907218767,653,1.0,36285,0.9989813336270029,1,31,0.8788673828028315,0.8969384662018793,0.9775893397940641,O1W
168,22660,23.800000190734863,True,detected,22653,0.9996910856134157,592,0.02612533097969991,589,0.9949324324324325,22653,0.9996910856134157,2,78,0.8762578417750831,0.9501894717618591,0.9184466019417475,O1W
169,5888,10.160000324249268,True,detected,5869,0.9967730978260869,402,0.06827445652173914,393,0.9776119402985075,5869,0.9967730978260869,1,268,0.7883530738860688,0.8228108903605592,0.9495584239130435,O1W
170,106720,35.799999713897705,True,detected,106564,0.9985382308845577,1190,0.011150674662668666,1190,1.0,106564,0.9985382308845577,1,82,0.960358681513326,0.9841458918290366,0.9754497751124438,O1W
171,56935,34.06999969482422,True,detected,56868,0.9988232194607887,1091,0.019162202511636077,1091,1.0,56868,0.9988232194607887,2,28,0.8904642803902407,0.939893003251862,0.9442346535522965,O1W
172,45137,38.47999954223633,True,detected,44615,0.9884352083656424,1275,0.028247335888517182,1275,1.0,44615,0.9884352083656424,2,222,0.8553241251489343,0.9952503209242619,0.8588297848771518,O1W
173,19406,24.41999912261963,True,detected,19094,0.9839224981964341,615,0.03169122951664434,615,1.0,19094,0.9839224981964341,3,226,0.8376683458414722,0.9970631424375918,0.839740286509327,O1W
174,57689,33.75,True,detected,56308,0.9760612941808664,1049,0.01818370919932743,1041,0.9923736892278361,56308,0.9760612941808664,2,200,0.7846936745789683,0.947196766577294,0.8205897138102585,O1W
175,32967,33.86000061035156,True,detected,32421,0.9834379834379834,520,0.01577334910668244,518,0.9961538461538462,32421,0.9834379834379834,2,32,0.8744843842074249,0.9682575930577757,0.900294233627567,O1W
176,60693,37.72000026702881,True,detected,60344,0.994249748735439,990,0.016311601008353518,990,1.0,60344,0.994249748735439,2,217,0.8786511673856489,0.999232281621571,0.8792447234442192,O1W
177,33876,39.58999967575073,True,detected,33731,0.9957196835517771,938,0.027689219506435235,938,1.0,33731,0.9957196835517771,1,253,0.9665082860122841,0.9811764705882353,0.9847679773290825,O1W
178,71425,36.53000020980835,True,detected,71002,0.9940777038851942,956,0.013384669233461674,956,1.0,71002,0.9940777038851942,1,172,0.9796662753647493,0.9981347533887687,0.9814630731536577,O1W
179,92419,37.91999959945679,True,detected,92303,0.9987448468388535,1257,0.01360109934104459,1257,1.0,92303,0.9987448468388535,2,87,0.8985856027021322,0.9734600299589494,0.9211525768510804,O1W
180,72321,38.55000114440918,True,detected,71637,0.9905421661757996,1181,0.016329973313422105,1181,1.0,71637,0.9905421661757996,1,143,0.8693879574209697,0.8933441992538169,0.970077847374898,O1W
181,50468,36.760000228881836,True,detected,48090,0.9528810335261948,632,0.012522786716335103,632,1.0,48090,0.9528810335261948,1,196,0.9146355868803402,0.993031805745554,0.9205437108662915,O1W
182,70092,29.079999923706055,True,detected,70070,0.9996861268047709,704,0.010043942247332079,704,1.0,70070,0.9996861268047709,1,281,0.8965589264268184,0.9133950420257474,0.9798550476516579,O1W
183,46971,33.75,True,detected,46962,0.9998083924123395,495,0.010538417321325924,495,1.0,46962,0.9998083924123395,2,225,0.8680783110041893,0.9710699703043801,0.8911243107449277,O1W
184,67705,37.70000123977661,True,detected,67240,0.9931319695738867,1435,0.021194889594564656,1435,1.0,67240,0.9931319695738867,1,115,0.910979106361379,0.927533802659515,0.9807842847647884,O1W
185,54351,38.82000017166138,True,detected,50153,0.9227613107394528,1143,0.02102997184964398,1143,1.0,50153,0.9227613107394528,1,306,0.8951408022327978,0.9700829843337987,0.9205534396791227,O1W
186,121930,37.75999927520752,True,detected,118842,0.9746739932748298,2121,0.017395226769457886,2121,1.0,118842,0.9746739932748298,1,266,0.9591066810697568,0.9977354956795641,0.9611990486344624,O1W
187,86365,32.940001010894775,True,detected,86192,0.9979968737335726,1263,0.014623979621374399,1256,0.9944576405384006,86192,0.9979968737335726,2,103,0.7658193507437475,0.8686050022061726,0.8661610606148324,O1W
188,20343,38.119998931884766,False,undersegmentation,20343,1.0,566,0.02782283832276459,566,1.0,20343,1.0,1,106,0.32703762409276715,0.3311371277009106,0.963525537039768,O1W
189,98444,28.329999923706055,True,detected,98033,0.9958250375848198,1280,0.013002316037544188,1280,1.0,98033,0.9958250375848198,1,8,0.9546536538919305,0.9758699002352178,0.9777335337857056,O1W
190,99445,29.830000400543213,True,detected,98737,0.9928804867011917,2732,0.02747247222082558,2732,1.0,98737,0.9928804867011917,2,61,0.8116360002454482,0.8635341957265834,0.93105736839459,O1W
191,131040,37.84999895095825,True,detected,130410,0.9951923076923077,1443,0.011011904761904763,1443,1.0,130410,0.9951923076923077,1,100,0.9852669513339996,0.9920415910719459,0.9931166056166056,O1W
192,1671,10.919999599456787,False,base_seed_support_failure,1613,0.9652902453620587,22,0.013165769000598444,22,1.0,1613,0.9652902453620587,3,125,0.29985479186834463,0.3348648648648649,0.7414721723518851,O1W
193,49092,36.56000089645386,True,detected,49089,0.9999388902468834,1094,0.02228468996985252,1094,1.0,49089,0.9999388902468834,1,90,0.9951153987055806,0.9991417361451692,0.9959667562943045,O1W
194,191196,40.45000171661377,True,detected,152220,0.7961463628946213,1588,0.008305613088139919,1588,1.0,152220,0.7961463628946213,1,157,0.7665226694658646,0.9562086071869256,0.7944099248938262,O1W
195,44001,29.669999599456787,True,detected,43977,0.9994545578509579,859,0.01952228358446399,858,0.9988358556461001,43977,0.9994545578509579,3,74,0.6103833371976196,0.8029024551415646,0.7179609554328311,O1W
196,112581,39.750000953674316,True,detected,112533,0.9995736403123084,1673,0.014860411614748492,1673,1.0,112533,0.9995736403123084,1,216,0.9075441101725682,0.9082035507544748,0.9992005755855784,O1W
197,47245,32.71999979019165,True,detected,47196,0.9989628532119801,834,0.017652661657318235,834,1.0,47196,0.9989628532119801,2,37,0.7305968629048686,0.951073985680191,0.7591279500476241,O1W
198,88782,39.05000019073486,True,detected,88771,0.9998761010114663,991,0.011162172512446217,991,1.0,88771,0.9998761010114663,1,92,0.981580250247547,0.9989693673060407,0.9825752967943953,O1W
199,35650,39.02000141143799,True,detected,35461,0.9946984572230014,1134,0.03180925666199159,1134,1.0,35461,0.9946984572230014,1,134,0.9818445896877269,0.9956945388624519,0.9860308555399719,O1W
200,29089,33.24000072479248,True,detected,29076,0.9995530956719034,932,0.03203960259892055,787,0.8444206008583691,29076,0.9995530956719034,3,220,0.7839882529447442,0.9164863049481304,0.8443054075423699,O1W
201,73895,36.77999925613403,True,detected,73734,0.9978212328303674,1078,0.014588267135800798,1078,1.0,73734,0.9978212328303674,1,105,0.9562177437543948,0.9799050998626803,0.9753433926517355,O1W
202,81564,38.679999351501465,True,detected,81464,0.9987739689078515,1188,0.014565249374724143,1188,1.0,81464,0.9987739689078515,2,261,0.9365975530598998,0.9988375889766865,0.9376195380314845,O1W
203,61556,38.15000057220459,True,detected,61539,0.999723828708818,1122,0.018227305218012867,1122,1.0,61539,0.999723828708818,1,132,0.9810373765412175,0.9933330065199274,0.9875398011566704,O1W
204,47755,32.60000038146973,True,detected,46984,0.9838550937074652,919,0.0192440582137996,919,1.0,46984,0.9838550937074652,2,39,0.8298609670056029,0.9892395982783357,0.8374201654277039,O1W
205,3349,15.309999465942383,True,detected,2772,0.8277097641086891,827,0.24693938489101225,827,1.0,2772,0.8277097641086891,1,45,0.6584323040380048,0.7630057803468208,0.8277097641086891,O1W
206,106977,39.21000099182129,True,detected,105559,0.9867448143058788,1076,0.010058236817259784,1076,1.0,105559,0.9867448143058788,1,165,0.9074300895337002,0.9215392566508116,0.9834076483730148,O1W
207,70597,28.090001106262207,True,detected,70383,0.9969687097185432,1203,0.01704038415230109,1203,1.0,70383,0.9969687097185432,1,59,0.928909625498668,0.9733001634388695,0.9531991444395654,O1W
208,114168,35.55000019073486,True,detected,114132,0.9996846752154719,1146,0.010037838974143367,1146,1.0,114132,0.9996846752154719,2,86,0.9166172860408025,0.9647012704691649,0.9484268796860766,O1W
209,76320,37.8299994468689,True,detected,76149,0.9977594339622642,1259,0.016496331236897276,1259,1.0,76149,0.9977594339622642,1,144,0.9611474495487273,0.967241137375464,0.9934879454926625,O1W
210,87435,40.19000005722046,True,detected,87057,0.9956767884714359,1186,0.013564362097558185,1186,1.0,87057,0.9956767884714359,2,164,0.8958750911078717,0.9952807510311495,0.899696917710299,O1W
211,41525,31.40999984741211,True,detected,41456,0.9983383503913306,839,0.02020469596628537,828,0.9868891537544696,41456,0.9983383503913306,3,17,0.8609512850019179,0.9948198011025237,0.8648284166164961,O1W
212,61250,35.24000024795532,True,detected,61226,0.9996081632653061,1079,0.017616326530612243,1079,1.0,61226,0.9996081632653061,2,69,0.6790768328758362,0.7869606843942061,0.8320326530612245,O1W
213,53371,38.839998722076416,True,detected,52627,0.9860598452343032,1009,0.018905398062618275,1009,1.0,52627,0.9860598452343032,1,145,0.9492798067094136,0.9915744515628033,0.9569991193719436,O1W
214,42271,35.5799994468689,True,detected,41952,0.9924534550874122,617,0.014596295332497457,617,1.0,41952,0.9924534550874122,1,88,0.9304559156871451,0.98705966930266,0.9419460149984623,O1W
215,44168,31.999999523162842,True,detected,44167,0.9999773591740627,1024,0.023184205759826118,1022,0.998046875,44167,0.9999773591740627,1,148,0.6090911631546587,0.6140593083045713,0.9868909617822859,O1W
216,48655,40.149999141693115,True,detected,47865,0.9837632309115198,650,0.013359366971534272,650,1.0,47865,0.9837632309115198,1,187,0.8346660520203543,0.8587063587610814,0.9675470146953037,O1W
217,117863,37.86999988555908,True,detected,116129,0.9852880038688986,1120,0.009502558054690616,1120,1.0,116129,0.9852880038688986,1,138,0.9755777866100649,0.9966308150835818,0.9788059017673061,O1W
218,35038,14.239999771118164,True,detected,34947,0.9974028197956505,672,0.019179176893658313,668,0.9940476190476191,34947,0.9974028197956505,1,80,0.9116501463991189,0.9394081988540427,0.9686055140133569,O1W
219,66256,39.20000123977661,True,detected,64921,0.9798508814296064,1072,0.01617966674716252,1072,1.0,64921,0.9798508814296064,1,177,0.9381449275362319,0.9593336890153537,0.9769983095870562,O1W
220,72244,38.6499981880188,True,detected,72087,0.9978268091467803,1259,0.017427052765627594,1259,1.0,72087,0.9978268091467803,1,152,0.9844872834196677,0.9925884879130014,0.991777863905653,O1W
221,85044,38.94999885559082,True,detected,84979,0.9992356897605945,993,0.011676308734302244,993,1.0,84979,0.9992356897605945,1,180,0.9897045919859608,0.9949309622938866,0.9947203800385682,O1W
222,42587,37.97000074386597,True,detected,41949,0.9850189024819781,864,0.02028788127832437,864,1.0,41949,0.9850189024819781,1,244,0.873178391959799,0.8896450209062207,0.9792424918402329,O1W
223,37567,39.60999822616577,True,detected,37403,0.9956344664199963,1047,0.027870205233316476,1046,0.9990448901623686,37403,0.9956344664199963,1,247,0.9729374671571204,0.9868613916797697,0.9857055394362073,O1W
224,42743,38.75999927520752,True,detected,42585,0.9963034882904803,1002,0.023442435018599536,1002,1.0,42585,0.9963034882904803,1,263,0.9527564361773824,0.9599158028156263,0.9922326462812624,O1W
225,16706,22.08000087738037,True,detected,10480,0.6273195259188316,728,0.04357715790733868,728,1.0,10480,0.6273195259188316,1,114,0.5745859383569156,0.8727197001249479,0.6271399497186639,O1W
226,3334,10.700000286102295,False,undersegmentation,2106,0.6316736652669466,814,0.24415116976604678,814,1.0,2106,0.6316736652669466,1,242,0.3478117258464079,0.4362958359229335,0.6316736652669466,O1W
227,98314,28.880000114440918,True,detected,98312,0.9999796570173118,779,0.007923591757023415,774,0.993581514762516,98312,0.9999796570173118,1,282,0.9451838304724229,0.9764347102855558,0.967247797872124,O1W
228,68944,36.02000045776367,True,detected,68175,0.988846019958227,402,0.005830819215595266,402,1.0,68175,0.988846019958227,1,297,0.8081562251224278,0.8275508565641095,0.9718177071246229,O1W
229,44663,15.150000095367432,True,detected,44376,0.9935740993663659,1278,0.028614289232698206,1120,0.8763693270735524,44376,0.9935740993663659,1,370,0.8697944891408562,0.926408560138525,0.9343528200076126,O1W
230,80955,37.230000495910645,True,detected,78148,0.9653264159100735,1277,0.015774195540732505,1277,1.0,78148,0.9653264159100735,1,155,0.9439103552961212,0.999007340456101,0.9447964918782039,O1W
231,70553,37.139999866485596,True,detected,70410,0.9979731549331708,1316,0.018652644111519,1316,1.0,70410,0.9979731549331708,1,2,0.5977787400973075,0.5985512544741921,0.997845591257636,O1W
232,3422,9.769999980926514,True,detected,3414,0.9976621858562245,377,0.11016949152542373,359,0.9522546419098143,3414,0.9976621858562245,2,350,0.6202453987730061,0.6738502554987781,0.8863237872589129,O1W
233,7731,9.920000076293945,False,base_seed_support_failure,809,0.10464364247833398,0,0.0,0,0.0,809,0.10464364247833398,1,242,0.06794795475805766,0.16552724259374352,0.10335014875177856,O1W
234,37603,31.219999313354492,True,detected,37598,0.9998670318857538,1437,0.03821503603435896,1437,1.0,37598,0.9998670318857538,1,24,0.9213719914694831,0.9531200756381973,0.9651091668217961,O1W
235,81520,36.28000068664551,True,detected,81518,0.9999754661432777,1172,0.014376840039254171,1172,1.0,81518,0.9999754661432777,1,52,0.9003903874014355,0.9014271637197045,0.9987242394504416,O1W
236,107150,35.290000438690186,True,detected,106029,0.9895380307979468,1220,0.01138590760615959,1220,1.0,106029,0.9895380307979468,2,40,0.8822170900692841,0.9757786864556515,0.9019692020531964,O1W
237,91428,37.920000076293945,True,detected,89855,0.982795204970031,1053,0.011517259482871769,1048,0.9952516619183286,89855,0.982795204970031,1,301,0.9254915042666982,0.9828468904989373,0.9406855667847924,O1W
238,26603,37.239999771118164,True,detected,26520,0.9968800511220539,913,0.03431943765740706,842,0.9222343921139102,26520,0.9968800511220539,2,417,0.8610709117221418,0.9853084794700862,0.8722700447317971,O1W
239,8874,9.890000104904175,False,fragmentation,7680,0.8654496281271129,614,0.06919089474870407,550,0.8957654723127035,7680,0.8654496281271129,3,329,0.40103492884864167,0.9024745269286754,0.4192021636240703,O1W
240,48818,38.84999895095825,True,detected,48292,0.9892252857552543,834,0.017083862509730017,822,0.9856115107913669,48292,0.9892252857552543,2,280,0.847915945511189,0.9930129963038035,0.853005039124913,O1W
241,54707,41.319998264312744,True,detected,54695,0.9997806496426417,1046,0.019120039483064323,1046,1.0,54695,0.9997806496426417,1,340,0.9739945844767114,0.9940648416054604,0.9796918127479116,O1W
242,64699,39.739999294281006,True,detected,60280,0.9316990989041561,915,0.014142413329417765,915,1.0,60280,0.9316990989041561,1,108,0.9200647793072892,0.9876342763427635,0.9307871837277237,O1W
243,73583,37.47000169754028,True,detected,73571,0.9998369188535395,1434,0.019488197002024924,1434,1.0,73571,0.9998369188535395,1,18,0.7953753675732489,0.8585742695426036,0.9152929345093296,O1W
244,2219,10.40999984741211,False,undersegmentation,2218,0.9995493465525012,149,0.06714736367733214,149,1.0,2218,0.9995493465525012,2,125,0.3535330436771095,0.41783783783783784,0.6967102298332583,O1W
245,59272,18.1899995803833,True,detected,59143,0.9978235929275205,2089,0.03524429747604265,2089,1.0,59143,0.9978235929275205,1,76,0.9095984374279079,0.9114066448868889,0.9978235929275205,O1W
246,100573,37.13999938964844,True,detected,100548,0.9997514243385401,1263,0.012558042416950872,1136,0.89944576405384,100548,0.9997514243385401,2,323,0.79614262221842,0.9476369890137244,0.8327781810227397,O1W
247,74255,34.90000057220459,True,detected,73954,0.9959464009157633,811,0.010921823446232578,684,0.843403205918619,73954,0.9959464009157633,3,512,0.7229348253593677,0.9258428791940856,0.7673692007272238,O1W
248,25119,29.49000072479248,True,detected,21957,0.8741191926430192,618,0.024602890242445958,618,1.0,21957,0.8741191926430192,2,275,0.6407088084548452,0.9969090009891197,0.6419841554201998,O1W
249,8531,11.8100004196167,False,base_seed_support_failure,4835,0.5667565349900363,0,0.0,0,0.0,4835,0.5667565349900363,1,276,0.03007116417454017,0.03081945804766569,0.5532762864845856,O1W
250,75750,36.04999923706055,True,detected,75716,0.9995511551155115,1072,0.014151815181518151,1052,0.9813432835820896,75716,0.9995511551155115,2,173,0.879505407145579,0.9947537377760604,0.8836039603960396,O1W
251,5906,10.12000048160553,False,fragmentation,5650,0.9566542499153403,397,0.06721977649847613,301,0.7581863979848866,5650,0.9566542499153403,3,457,0.2893460883239418,0.5614035087719298,0.3738570944801896,O1W
252,105289,37.60000038146973,True,detected,104650,0.9939309899419693,1184,0.011245239293753383,1177,0.9940878378378378,104650,0.9939309899419693,1,470,0.9279969034986689,0.993561494299345,0.9336112984262364,O1W
253,55083,35.78999996185303,True,detected,54867,0.9960786449539786,799,0.014505382785977525,799,1.0,54867,0.9960786449539786,1,181,0.9889207672458904,0.993906530530821,0.9949530708203983,O1W
254,8944,14.0600004196167,False,fragmentation,8637,0.965675313059034,817,0.09134615384615384,669,0.8188494492044064,8637,0.965675313059034,3,560,0.4564404061998931,0.9121982482375561,0.47741502683363146,O1W
255,39761,29.210000038146973,True,detected,39468,0.992630970046025,619,0.015568018913005206,619,1.0,39468,0.992630970046025,2,129,0.8200975658073942,0.9815649081209247,0.8329267372550992,O1W
256,78537,30.059999465942383,True,detected,78521,0.9997962743674956,1606,0.020448960362631625,1606,1.0,78521,0.9997962743674956,1,97,0.9650016145458158,0.9751383642273566,0.9893426028496123,O1W
257,3049,9.869999691843987,True,detected,2661,0.8727451623483109,582,0.19088225647753362,554,0.9518900343642611,2661,0.8727451623483109,1,529,0.6885598923283984,0.793424317617866,0.8389635946211873,O1W
258,56551,33.65000009536743,True,detected,55621,0.983554667468303,751,0.013280048098176867,751,1.0,55621,0.983554667468303,2,1,0.7979176454541321,0.8480694576440457,0.9310003359799119,O1W
259,20508,12.180000305175781,True,detected,20494,0.9993173395748001,649,0.03164618685391067,597,0.9198767334360555,20494,0.9993173395748001,1,434,0.7552726287682365,0.7853923541247485,0.9516773941876341,O1W
260,13393,12.960000038146973,True,detected,13370,0.9982826849846935,1002,0.07481520197117897,951,0.9491017964071856,13370,0.9982826849846935,1,536,0.5759654358380473,0.5880667606530539,0.9655043679534085,O1W
261,34019,16.980000019073486,True,detected,33876,0.9957964666803845,672,0.019753667068402953,609,0.90625,33876,0.9957964666803845,1,326,0.621415579892419,0.6451716587315937,0.9440606719774244,O1W
262,10368,12.71999979019165,True,detected,10094,0.9735725308641975,574,0.05536265432098766,558,0.9721254355400697,10094,0.9735725308641975,3,513,0.5058866147437059,0.5749279538904899,0.8081597222222222,O1W
263,73544,37.09000015258789,True,detected,68721,0.9344202110301316,570,0.007750462308278037,518,0.9087719298245615,68721,0.9344202110301316,1,271,0.9125061591935119,0.9779214477364846,0.9317007505710867,O1W
264,36828,19.079999923706055,True,detected,36828,1.0,653,0.017731074182687087,629,0.9632465543644717,36828,1.0,2,385,0.6578734259221768,0.7211335744879164,0.8823449549256001,O1W
265,3496,10.459999740123749,False,fragmentation,3454,0.9879862700228833,518,0.14816933638443935,368,0.7104247104247104,3454,0.9879862700228833,4,562,0.35260740340448526,0.8642384105960265,0.3732837528604119,O1W
266,7131,11.370000123977661,False,undersegmentation,7068,0.9911653344551956,809,0.11344832421820221,749,0.9258343634116193,7068,0.9911653344551956,3,460,0.4819277108433735,0.8485669149176258,0.5272752769597532,O1W
