replicate,commission_area,f1_area
0,0.18594542473675926,0.6004434287933639
1,0.18784300840953988,0.5984108908349307
2,0.19278647552081402,0.59735589743481
3,0.1833384507992457,0.6054698426626648
4,0.1812020423933441,0.6066924048243388
5,0.19282018796262873,0.597519902274374
6,0.18198945965193958,0.6117252123512571
7,0.18680683434413253,0.601871699289
8,0.18447575556005183,0.5994380913064663
9,0.19512269622407186,0.5971783577088067
10,0.18094836569308045,0.6077922663760867
11,0.18598965649130075,0.6042740250875173
12,0.19174025366152792,0.6083099812520332
13,0.18764152676026188,0.611084918481907
14,0.1785072032907166,0.6146211187274947
15,0.19264922695400014,0.5991768965590029
16,0.19039530146228706,0.5992617392835594
17,0.18782582408765064,0.6000632944679157
18,0.1964250788817908,0.5858949317894885
19,0.17655649766685397,0.6113453784385384
20,0.1895785219914359,0.6119745520481381
21,0.18994315175096388,0.5979838117248806
22,0.18553342189130112,0.6132233722628345
23,0.19232168511780381,0.5987578466061979
24,0.19347184142266446,0.6008977304408015
25,0.20131549266216978,0.5923496761919033
26,0.18036346984727678,0.6091407027427518
27,0.1764703456457426,0.6005595547453222
28,0.18484438525353789,0.5990999914715032
29,0.18460802826563172,0.5977996409017807
30,0.18361911403202388,0.6060375036767164
31,0.18782681106031462,0.6092435999855794
32,0.19670656018687785,0.5913216413011054
33,0.18174479197075188,0.5994222274536128
34,0.18882405489768458,0.604525424469114
35,0.19224647734172104,0.6026541650851297
36,0.1785279274929592,0.5953762999772806
37,0.18584047434533668,0.60118450566581
38,0.18519675080321885,0.6029589300602338
39,0.1931836825714508,0.6031417131789162
40,0.1889776549437117,0.5978953421659887
41,0.18688428929885748,0.6127794731463578
42,0.17892151406878176,0.616002356821654
43,0.20159977013945496,0.5921686683599402
44,0.1874497383215415,0.6082335115812602
45,0.2023532494187493,0.5899686379255794
46,0.19911962462203417,0.59019049624097
47,0.17603623253077236,0.6096347987097209
48,0.19108786635771285,0.592668806315749
49,0.19674032815624104,0.592168350629159
50,0.1942938687054663,0.6023688859699066
51,0.20478298094214512,0.5837710095400787
52,0.1858038323046461,0.6027815844146917
53,0.17716849371358875,0.6031103544953229
54,0.18596812773682694,0.5971769829530065
55,0.19228084375431395,0.6075774253908224
56,0.1899784737354847,0.6067994828630005
57,0.1807807534767228,0.6090770690615755
58,0.1796812352824433,0.6063410958439996
59,0.1882935272023066,0.6062874371527895
60,0.179153379267902,0.612434446351037
61,0.19718812414240455,0.5960826371466098
62,0.19265083647273618,0.589744288401744
63,0.20842901224293478,0.59305216176847
64,0.19418518789783654,0.5953111434780668
65,0.1937124183670057,0.6032670362983193
66,0.18620184113200858,0.6144030999173893
67,0.17413296151643717,0.617886406026834
68,0.18223231331392845,0.6052577143705098
69,0.1825377654974503,0.6059437269549239
70,0.19463734073015163,0.5966790586408159
71,0.192952898079009,0.6076170633006502
72,0.18751383653167203,0.6060015798089385
73,0.18826188224353826,0.5991960100282286
74,0.1873047216830594,0.6063733241211555
75,0.1830879490102991,0.604862128558677
76,0.19449239026368487,0.6003737244767424
77,0.19825033523900124,0.599968312226454
78,0.18456438107183362,0.6042188128074466
79,0.1951194432122648,0.597591060131057
80,0.1773056703015425,0.6111074873489786
81,0.18469503560425024,0.6028096313460924
82,0.1720368665513456,0.6055087349434172
83,0.18663405389081544,0.6039850050989019
84,0.1871521657549365,0.5984138448175491
85,0.1811777666253208,0.6194895494983105
86,0.19070810952423117,0.5947683669075376
87,0.1795358328610107,0.5965935155948292
88,0.19076081050090637,0.5909947278737867
89,0.17914443923292783,0.5970743860286319
90,0.1819179530628022,0.6051286176294896
91,0.1934714802502276,0.5967356122215574
92,0.18400076578898797,0.5991534435268254
93,0.20267289384924544,0.5886301528041811
94,0.19527270862016777,0.6050883177091814
95,0.17435497212267698,0.6229272894224449
96,0.1891781189927573,0.5936425790434293
97,0.17927939050707029,0.6129210553750617
98,0.178885427269763,0.6217599525775741
99,0.1894792566152394,0.6001293994537594
100,0.19006067322757839,0.6081245316958146
101,0.18414105928572438,0.5991678365879912
102,0.18149389344537253,0.6077497271629658
103,0.18995412789420282,0.602108993356976
104,0.1913298010597178,0.5893478741780646
105,0.18514292094723434,0.5943336585407303
106,0.19210037422200443,0.6016627667263311
107,0.18720816927327813,0.6026747494720244
108,0.1945439684850086,0.5910908211728161
109,0.1930786440743696,0.6049221356593747
110,0.16164976542506407,0.6152139344204384
111,0.19028399037053695,0.6018058323400053
112,0.1879770085898998,0.5983008280356826
113,0.18370964540666104,0.5929799597846687
114,0.17730683476002498,0.6081609805814028
115,0.18788724294975132,0.6048849071088019
116,0.18844195144786838,0.6059224227849784
117,0.18112526602419152,0.6089907653813348
118,0.189523589722936,0.6072855626624248
119,0.18097540368501167,0.6132759878574527
120,0.1857356201901736,0.6050883486372968
121,0.19276092147841442,0.5895264874456791
122,0.19059173255981884,0.6057704284050075
123,0.19655988458001683,0.5972657634119981
124,0.18779514768383251,0.6026666361743783
125,0.1870904723937456,0.6033828721788503
126,0.16649530891394626,0.6079637296460705
127,0.1903868407734826,0.6054034338506494
128,0.1755439185385232,0.6062003714047232
129,0.17493419086815964,0.6098938179356813
130,0.17951644998594923,0.6112820331791583
131,0.18944140032578446,0.608827764599025
132,0.16904311186939314,0.6095388923012459
133,0.19106760018805152,0.5981814105845562
134,0.1921441208930905,0.6020957320491528
135,0.17696529601661065,0.6085454375189365
136,0.1887579688944229,0.6046816775976491
137,0.18970616268410492,0.6026996054415226
138,0.18066093351943552,0.5982765901413082
139,0.19725237338328014,0.5973902261430275
140,0.1957637212265498,0.608046759421896
141,0.18519462585404173,0.6016416282035711
142,0.1676776091756322,0.6156635025792917
143,0.191827422147584,0.5951182613942704
144,0.19812731323465838,0.5894024658514692
145,0.18769840888829578,0.6110692839105012
146,0.18573934674441525,0.6037274847887837
147,0.19185288108667675,0.6061605007803709
148,0.2030327775914879,0.594253398335374
149,0.18682138658117659,0.5926867482219822
150,0.1950816226102187,0.5994369975862266
151,0.19103159639265888,0.5940103054192939
152,0.19124801216374798,0.5948015194211803
153,0.1852295358025365,0.5952638087330723
154,0.19689749011670543,0.594069381218165
155,0.18814317058885888,0.5983124931937316
156,0.191889636167824,0.602071420118929
157,0.18783137616505022,0.5983756650861736
158,0.19856486443284366,0.5965539133348849
159,0.19581486291621567,0.5853591954616877
160,0.18885375853583156,0.6029897072738085
161,0.180813173859952,0.6116536860988322
162,0.18212771088331925,0.610166113807704
163,0.18068584521523698,0.6091271830316047
164,0.19217785381594113,0.6049118402726283
165,0.17569871194202397,0.6084931869874233
166,0.1870006337811735,0.5944934650023529
167,0.19162921641713285,0.5992661640580114
168,0.18572594388640098,0.6098149810645127
169,0.1805146820498277,0.5995549906141017
170,0.17740044351470405,0.6053762790229573
171,0.1930824064196643,0.6014971339376971
172,0.18953469976443474,0.6001412386710542
173,0.19544038366993305,0.5909849310417927
174,0.19183728370134498,0.5989633159294607
175,0.18752863744800527,0.5982438286233366
176,0.1865259460544012,0.6043653654643155
177,0.18597260090885434,0.6038244772200396
178,0.1935858508586741,0.5923769987720681
179,0.18508270652055223,0.6159001669454832
180,0.19320350451123894,0.5978323033370957
181,0.19054119318765536,0.5999142292856013
182,0.18624261153761704,0.6071068104080274
183,0.19344898497648583,0.5951098440336205
184,0.18660430763258373,0.6029260716477644
185,0.186262780882661,0.5935433347705716
186,0.17514227597486454,0.6060072904249032
187,0.17749062612151834,0.6102655882040752
188,0.18840979305309466,0.5952887964347879
189,0.18255323521763459,0.6117411770383052
190,0.1883253714355261,0.600709522796585
191,0.19937787310185837,0.5947058294953235
192,0.18212036507194,0.6062773890210379
193,0.20390030561964406,0.5900658246053487
194,0.19256314248765827,0.5973185723823515
195,0.19149612197354085,0.5989070917475159
196,0.18348433796311828,0.602447496340271
197,0.18743401012712,0.604737252645246
198,0.19539254407309548,0.5944360428898592
199,0.18047128534156287,0.6098822603663304
200,0.18668941495438784,0.5917502427536957
201,0.18478632145369586,0.5984056748723525
202,0.17897466057119704,0.6169811656808003
203,0.19069773917269278,0.6026480259415207
204,0.1844401993478409,0.5965647206421731
205,0.19180119841334847,0.6030276865173201
206,0.19991177802664536,0.5924277868292991
207,0.19745367790794488,0.6029622007471571
208,0.19204782251644578,0.5968571959833052
209,0.18609597923814883,0.6017044751612891
210,0.1895853560396457,0.6009274815493761
211,0.1929737070566686,0.5960899972645721
212,0.17860825246329515,0.6116937618947913
213,0.18881764172027263,0.5959887746441278
214,0.18146143499672063,0.6090303957022716
215,0.19150723096123082,0.6054251558458951
216,0.19181146439163066,0.6037865596218701
217,0.19208997000315134,0.5996494160299727
218,0.20039981592272996,0.5939224686410298
219,0.18775260537837302,0.5951497610901102
220,0.18638149244902538,0.6105998953591993
221,0.18714484227166497,0.6034980216565248
222,0.1753592240388803,0.6169759085353956
223,0.18707233991208747,0.5972356546856762
224,0.19167527391933403,0.6016610513584679
225,0.19412947410450124,0.5986375558080357
226,0.19378472806475427,0.5939278954154507
227,0.1900117655124486,0.6028464383911809
228,0.18707002101712517,0.6004362805080148
229,0.1922134841389134,0.5989305460655008
230,0.1852868934247943,0.6111839458542535
231,0.176370097498674,0.6090672592549182
232,0.19720840835782377,0.6000206976401925
233,0.17757825869146998,0.6014866665320666
234,0.18774911124134266,0.5981752553928864
235,0.18495306676426693,0.5989145016607083
236,0.18566381579148705,0.6043576475194096
237,0.19103909355164042,0.6029363873764592
238,0.2011659878955079,0.5954968597120042
239,0.1753404827186326,0.6056234689711493
240,0.18947631017538522,0.5981311345541569
241,0.18797319736482998,0.6050435263630248
242,0.18842097220051537,0.601993358973098
243,0.18727349331513027,0.6025917290648726
244,0.18065221836307774,0.6103391483865663
245,0.18371382223786045,0.6061101357066799
246,0.19074851279486107,0.6008994507798344
247,0.1835044365908574,0.5951649862481198
248,0.18574239450603522,0.6016237433097091
249,0.1843574977011414,0.5986167089124886
250,0.17956261713705254,0.6152423594291287
251,0.19665726225801372,0.5984467903172694
252,0.17786713110879845,0.6017886807966601
253,0.19343741277593104,0.598016900108604
254,0.2004562597878094,0.5837871225121407
255,0.18379712451482394,0.6061883943527
256,0.18714282631441131,0.6051391254813944
257,0.18986932643036344,0.6102258734298318
258,0.1778769726517937,0.6056260688193554
259,0.17903773759599448,0.6093370836468683
260,0.19071652522115423,0.6058984124002926
261,0.17768840316441814,0.6120096587424776
262,0.17853138406848,0.6088780551570321
263,0.18525941565477763,0.6065910268951399
264,0.1902065702477082,0.6060510696084953
265,0.17496305989071814,0.6170504856482008
266,0.19045802668593542,0.6012896844548417
267,0.18766779231634195,0.6047552037125667
268,0.19032438564803186,0.6061407563631176
269,0.1940125285496493,0.5996866284292905
270,0.18979642550114478,0.5941838343819561
271,0.18250813544852126,0.6033056518499383
272,0.1901827912293375,0.604751991687197
273,0.18404656326340119,0.6114595061129992
274,0.19594795822640962,0.588352650548648
275,0.18344338558950501,0.6034765532260872
276,0.18784679180722186,0.5946360059659124
277,0.17252273210770427,0.6121750707766387
278,0.19093621658011842,0.5965338771993984
279,0.1824659535843314,0.6085914784469395
280,0.19800728073052729,0.5977484920182546
281,0.18860298060944794,0.603608244203776
282,0.18457833061071055,0.6116925167406082
283,0.18571907006540714,0.6097911178683284
284,0.19008836570417523,0.6050799218366117
285,0.19952038352553067,0.5954719905537128
286,0.19447917157720027,0.5993166386631164
287,0.1946188240882158,0.5963746978269376
288,0.18878767121194273,0.5925483722914375
289,0.18959492801963,0.5952612988743229
290,0.1939108167844666,0.6048655325647435
291,0.1763821140372011,0.6146692298147728
292,0.17110650547083425,0.6083565412764507
293,0.1884095317833573,0.6026130694536604
294,0.18111424167678725,0.606456186009474
295,0.1990857782430179,0.5983339419734705
296,0.1953456654414973,0.5938018133398685
297,0.18262901135337953,0.6064949111138713
298,0.18521729282067817,0.6032743016222897
299,0.18405636248405274,0.6053223435587568
300,0.18644550002924443,0.6032403492472487
301,0.1999065536778025,0.5938178076450507
302,0.1978661396614946,0.5929530285306062
303,0.19379907012331782,0.5982095944251438
304,0.19699260857839662,0.6011082745014129
305,0.19612283317542067,0.5996987236618505
306,0.2020143236221956,0.5901120743051372
307,0.18286016687474535,0.6090628477345104
308,0.18383251229453595,0.6092332337889815
309,0.19474661593482792,0.5893632046965677
310,0.1817444243135959,0.6070607674324909
311,0.18120014115542038,0.611058827199835
312,0.17742331454845708,0.60896934885274
313,0.198270631827182,0.6060041153584997
314,0.1883911990327905,0.605532346636321
315,0.1749328907119304,0.6107135873134447
316,0.17502392220747412,0.6132727674224921
317,0.189532831134345,0.6019329116283753
318,0.18659217637992825,0.6055083556982003
319,0.1823119430347266,0.6024859495272351
320,0.1869516971192499,0.6044041012636041
321,0.18189717260576185,0.6067266952175319
322,0.1884500061782445,0.6040786702970511
323,0.18907770400248938,0.6052193432476045
324,0.17878045329294284,0.6091824581621681
325,0.1882863198240718,0.6001022566041078
326,0.19234862997616692,0.5983811185867495
327,0.19116559089632365,0.6036335396205583
328,0.1826584850847954,0.6127442644290677
329,0.17672435049089708,0.620089612974634
330,0.1751079374740008,0.6150804550520801
331,0.18538085698564544,0.5973419620127204
332,0.18952204038484208,0.6088340866906232
333,0.17979012324781438,0.6149663810137834
334,0.18211053710977482,0.6195647777123687
335,0.176553137248096,0.6001483107722964
336,0.18824137083413806,0.5971212928867523
337,0.18264587658988166,0.5959008700311963
338,0.19232500567945388,0.6028867887025728
339,0.19093514044421375,0.6013747689246575
340,0.185048680322772,0.606906971108886
341,0.18839296971996292,0.6020785857379765
342,0.18480024294693162,0.597964967844468
343,0.19185128002354002,0.5916895568733297
344,0.19645733258150777,0.5847897112060139
345,0.1926189289317783,0.6038696471776531
346,0.18191200600202684,0.6058501421680635
347,0.1885376112634066,0.6039139130546495
348,0.187759139202618,0.6068090054844657
349,0.19522858767582058,0.6031474207865243
350,0.19184633140472523,0.599109321138499
351,0.19012372186304782,0.6034975127532063
352,0.1849276740312564,0.6019002963479504
353,0.198576589625303,0.5932421210951521
354,0.1855793040038635,0.6023504487839403
355,0.18709807030206832,0.6015584385395507
356,0.1769224787960197,0.6064667598771549
357,0.19380827308292486,0.6028965665110022
358,0.1772482966829451,0.6136437960706461
359,0.18751467442120148,0.5993660580155722
360,0.1812509231130448,0.6092749281592069
361,0.16989865346666122,0.6089167838705477
362,0.18007835459234925,0.6040022180792772
363,0.1968064217538772,0.5905458749464468
364,0.18386060801681922,0.5936335024001207
365,0.1825565751162336,0.6111061956240119
366,0.18185967280823864,0.6020132452232517
367,0.1898297848900025,0.601722320297278
368,0.19935448262663427,0.6001099151187181
369,0.19241707502580618,0.5987488696615788
370,0.19331978621040524,0.5957714959029206
371,0.17132694157455391,0.6033969247726989
372,0.19520404259603638,0.5967414049475267
373,0.1807862948976405,0.5928693393961603
374,0.18873416367244142,0.6004785322345264
375,0.18353522278348183,0.5988638040545997
376,0.1805157290986619,0.592770351840011
377,0.18533715286772356,0.5993055493622016
378,0.19131800386790374,0.598458125844518
379,0.19055915842295448,0.5966708859645795
380,0.1894839282174769,0.6092256153728262
381,0.1893595163042554,0.6021871535289491
382,0.18621662623210136,0.5982132039710403
383,0.19243868328841915,0.5948579786855792
384,0.18745409966107812,0.6021307518319167
385,0.17891492142831084,0.6076943267532056
386,0.1784591607999441,0.6070612713645737
387,0.1928771770911434,0.6016768835791528
388,0.18750979460868253,0.6012177307991113
389,0.19463892256490078,0.5968060902973531
390,0.1845743625911339,0.6190401777941148
391,0.1933278778179697,0.5961853730911097
392,0.19026566567612002,0.5983401923253276
393,0.19224020256981708,0.596066301848226
394,0.1808183293828964,0.6083610090018176
395,0.1780925288715272,0.6094573329895806
396,0.18779657604389013,0.6053431557184676
397,0.1927193816038447,0.5955821753921782
398,0.19134224056281887,0.6001717375600175
399,0.19322786973537512,0.6003181689935169
400,0.19042647854858497,0.6028049535130101
401,0.19163103139980528,0.5951709275774989
402,0.18939529699827296,0.6016547019629879
403,0.19067178333510565,0.6007998621173616
404,0.17658009489320972,0.6108664417815667
405,0.18370595928797,0.6107900661352642
406,0.19746658887263138,0.5970072110021982
407,0.19157552826912191,0.6062576885201815
408,0.1801347872824727,0.6112913626103063
409,0.18760605766050686,0.6005078814020829
410,0.19203234999045024,0.5920964326928126
411,0.18473578508283264,0.5937879914372007
412,0.19740152942322758,0.6039232406173911
413,0.18392153268220934,0.6094108021760011
414,0.1928649857672042,0.6003775664530564
415,0.17220524481077307,0.6170712001297192
416,0.18870181519294058,0.6076735058624405
417,0.18078569867607147,0.6032479112558526
418,0.18314244255849507,0.6027934345652126
419,0.19454292256193415,0.6049387275109749
420,0.19782660694871207,0.6023822863555118
421,0.1801822451570514,0.6113744155638394
422,0.19006192658748947,0.5925665239672036
423,0.17794989449114468,0.6097951448499264
424,0.18474327892105824,0.5969574704549858
425,0.19326283975726277,0.6068062236829777
426,0.1826426491221024,0.608163794862436
427,0.17452081852019663,0.6172545981965621
428,0.18388528462935488,0.604231884854375
429,0.19097964020442584,0.6030488131822749
430,0.18196831074968142,0.6166037694118999
431,0.18498619590695337,0.6050138005404868
432,0.1831379531053608,0.6120885748559621
433,0.18156903982763645,0.6140347034642248
434,0.1928499581741464,0.5980425408274147
435,0.1753759467946464,0.6141428566844187
436,0.18778506970963987,0.614360744044878
437,0.1969989574668441,0.6049915182243515
438,0.1875804155555452,0.6022111335329384
439,0.18892010169848933,0.5970582640745403
440,0.19818417320379675,0.5916509568802432
441,0.18643820087115284,0.5997037096359376
442,0.18550606229562006,0.6032789537417647
443,0.19702800009012583,0.5979159744110413
444,0.19051789745395498,0.6122661163929197
445,0.1842946093144534,0.608973169404675
446,0.18723269693344427,0.602700245060876
447,0.1687509762945201,0.6219143629324166
448,0.19201702454063252,0.5937171314733365
449,0.17649198620360257,0.6182328121633864
450,0.19793599480747257,0.5963952663559415
451,0.18696888841869394,0.6088053433059134
452,0.1893964231031454,0.5973619880270946
453,0.20132574351616514,0.5859442694631815
454,0.1917086714999287,0.6016642881478054
455,0.18544182370560094,0.6113438814283843
456,0.1790531954688823,0.6135200859664209
457,0.18015973252782752,0.6025868260888858
458,0.18063315324171073,0.6072549576920077
459,0.17927355436590273,0.6115328433266863
460,0.20019880968003193,0.5941333665711253
461,0.1942510690210559,0.605406456174902
462,0.18600056749941762,0.5974653959525958
463,0.17596211055826735,0.611820236571536
464,0.18663797970036305,0.6035341815130695
465,0.18640137789260336,0.6037597141399803
466,0.187936162278487,0.606718680520968
467,0.19128866468702133,0.6060297281420325
468,0.18137110843811538,0.603046244487568
469,0.1938154424488901,0.5950598045822197
470,0.17709533847550593,0.6017600779822408
471,0.1898244424070281,0.5934450437465759
472,0.17315230405683685,0.6178117727682466
473,0.17622335810988998,0.6144600885106948
474,0.19113908191668671,0.6040316778786701
475,0.18004912681899818,0.611494085893975
476,0.1881652733320459,0.5950650999352741
477,0.18538941782250237,0.6092530434139841
478,0.19438730932129977,0.5930958403641245
479,0.19373275620762137,0.594851809236943
480,0.1843802902508484,0.5972671024634868
481,0.18301010397298312,0.6029473502371023
482,0.2004431723387928,0.5959889742885924
483,0.18918432471928592,0.5938065816699504
484,0.18867843784765168,0.599253902166826
485,0.18819463281432858,0.6040255723157759
486,0.17788124438733127,0.6076528162785328
487,0.18308064236376997,0.599523251507879
488,0.18261724497400758,0.6093585866862881
489,0.18161518234352653,0.6078747966728031
490,0.18756574997085187,0.5949446685109699
491,0.18033551646510862,0.5960093673545783
492,0.18023412134439676,0.6139778728185381
493,0.1834442392380274,0.598243827882987
494,0.18180525475301276,0.6030644318003702
495,0.19061287114300154,0.6101101162318034
496,0.17524478728764256,0.6118028296140297
497,0.18689532462870134,0.5994159615607827
498,0.19514359112470886,0.6072111758652694
499,0.2039888174461876,0.5931466090219676
500,0.18927167762449917,0.6096081258457655
501,0.192801481722395,0.5895016847764919
502,0.18522370012232603,0.6075450141625125
503,0.18995471539760578,0.5984527755645791
504,0.1785882133211783,0.6188217440086432
505,0.17982700615644115,0.6005240389928309
506,0.19217149840712605,0.6035329213129392
507,0.20827563984059888,0.5884394550491113
508,0.19175917299132533,0.6012628495546954
509,0.18067387453215655,0.6111544109263177
510,0.19643428485977607,0.5940091924731334
511,0.1944161454526057,0.5962732318213597
512,0.1972147508724831,0.5979103182113924
513,0.17640894395910275,0.6078846458427365
514,0.17735912457410682,0.6144889176088466
515,0.1799667834599475,0.6009076998716897
516,0.180388389255042,0.6177389417260232
517,0.19619900356994563,0.6070601324287184
518,0.18966922245679863,0.611302569558612
519,0.1854936715893113,0.6059014988839397
520,0.18025897976419675,0.6086810778850639
521,0.18986424208435604,0.6018197977651341
522,0.19161397286378348,0.604443828771321
523,0.18629756255530586,0.6055021927879123
524,0.1798020273639479,0.6081035204746371
525,0.18014256553850408,0.6060982837246849
526,0.19090463878233158,0.6031194586951559
527,0.20205047552708003,0.6020384269032488
528,0.1812244502972106,0.6136597768247015
529,0.1959282291302751,0.5968551839620002
530,0.18155690610783307,0.6162252636803466
531,0.19971469116011922,0.5975883063280538
532,0.1819806638015972,0.6016652568996632
533,0.19969821208346666,0.5888145957607704
534,0.17433768961018806,0.6166917949597515
535,0.1915589306570539,0.5960041581567482
536,0.18276224362645196,0.6083020393955479
537,0.1841446012146048,0.607188412487161
538,0.19082057194444943,0.600234834553689
539,0.18660864543153813,0.6073797487621959
540,0.18009141562820347,0.6126381518002844
541,0.19171533887016076,0.601125807842114
542,0.1884659258974766,0.599768348169475
543,0.19526472579348209,0.5959659255244537
544,0.19711207508845144,0.5901380479065234
545,0.19358883996093113,0.5965982625801638
546,0.19053630566664073,0.6014831679456819
547,0.17743694907854224,0.6079786171462364
548,0.20351552245860155,0.5879862901087572
549,0.19725342716725117,0.5962281994774551
550,0.19448953943992534,0.6014273449763772
551,0.1844274819157496,0.6021011592033623
552,0.17221211868795228,0.61112222904802
553,0.1891714244499987,0.6011826956063357
554,0.17789032660526077,0.6083998140792469
555,0.19572910190201384,0.6039296248424899
556,0.209348569895367,0.592118657113214
557,0.19667885484278172,0.589786466852858
558,0.17921943668754742,0.597166869162078
559,0.18447330101078874,0.6105908117429627
560,0.18061069058105958,0.6094488809045998
561,0.1821928418636024,0.6115469905199749
562,0.19526412542238258,0.5973831613628267
563,0.19123461890004345,0.6038804488015654
564,0.19009804382480228,0.6002509529259441
565,0.18764739790215465,0.6067491455708524
566,0.18387769036012677,0.6004094843847263
567,0.1897594529072503,0.5970365925002263
568,0.18480318584926547,0.6034399449508315
569,0.18665268089241507,0.6008352181252224
570,0.18974323128031353,0.591180379160332
571,0.19541254198558458,0.6004100968632937
572,0.1900246873370827,0.5989170719137772
573,0.18067250499805007,0.6161628564418989
574,0.1817484033061316,0.6182168518573203
575,0.1963020729247973,0.5982936782226436
576,0.1940075075551884,0.5978761664044164
577,0.17372652352474927,0.6057454132739126
578,0.18353672414196692,0.6089488640328992
579,0.18676342780282817,0.5981145181002686
580,0.18700804540622906,0.5987880236982691
581,0.18291324798467287,0.6039878984105742
582,0.18040566566319874,0.6170848291333274
583,0.17721390009276416,0.6138835124254178
584,0.17577897300520592,0.6013805214007762
585,0.19369801549046822,0.59952085481331
586,0.18074892731794695,0.6029765277323621
587,0.17923847991240885,0.6089586416554925
588,0.19268043115528363,0.5967390011778083
589,0.19177378824998634,0.591999310391838
590,0.1803893830942261,0.6022559087022912
591,0.18160506758363898,0.6041610790363791
592,0.18892089712798157,0.5992803189343987
593,0.1845802733158788,0.5951623672171925
594,0.19156769831776696,0.6016530720619426
595,0.19643270699260632,0.6008363592386213
596,0.18323308694473925,0.611957915319496
597,0.1910833303273782,0.5947356881730106
598,0.19161310421294317,0.6109734859879047
599,0.1998958315090535,0.5971323658394976
600,0.1691671881305752,0.6216796341125139
601,0.18345453475108797,0.6088145032551252
602,0.18757743208275096,0.609018587062906
603,0.18709962209255726,0.6062138358177552
604,0.19343730765509407,0.6031073879993635
605,0.18278888707864296,0.6027594382708321
606,0.19503994714107292,0.5898545731700413
607,0.1933602946744826,0.5934868063498878
608,0.19361775323796143,0.5980607253930885
609,0.17848569300834818,0.6003709995815895
610,0.19077824640157293,0.5954846038529
611,0.18449132394310222,0.6050058963635414
612,0.18609120448020783,0.6003711605852174
613,0.19285118091541026,0.6052744779471214
614,0.19214426747791566,0.5947465463366657
615,0.19660107728029022,0.5956183300932645
616,0.19054144594253827,0.5931273989581515
617,0.19088172258657402,0.5897619250136361
618,0.1757603123166627,0.6258268006111602
619,0.1814101306839503,0.5998548306605596
620,0.1925502845616606,0.5962249890118874
621,0.1964136276277453,0.5917399876954454
622,0.19270253218757813,0.5964608101114377
623,0.19776531589121357,0.5904400893631825
624,0.19324110103874226,0.5962931775182013
625,0.1860399667550136,0.602037710160448
626,0.1994699269606123,0.60182976418812
627,0.18049665276344823,0.6022145923301364
628,0.19272968187053668,0.5888821794902186
629,0.18175567168011372,0.6070513985503008
630,0.17236556785810536,0.6114708164340921
631,0.18068050322683687,0.5977576953917249
632,0.19449178588216923,0.5911834887409733
633,0.19171490693029894,0.6059573020574952
634,0.18855112767280338,0.5976368338023237
635,0.17649718247676605,0.6050326546074012
636,0.18204012657612745,0.6025242166470699
637,0.1886530422672019,0.5975717825188243
638,0.19788813600147614,0.5909563397696993
639,0.17733897164632959,0.6042051771248704
640,0.18801683147319695,0.5900111578813005
641,0.18300246535675388,0.5953835655024425
642,0.17649567572210106,0.6063167066271367
643,0.18068951323320923,0.602616103680873
644,0.18259103735021634,0.597344397488235
645,0.17498509640217796,0.6064857549756794
646,0.18916516979114806,0.5987577020983311
647,0.19304802949007324,0.601303578142322
648,0.18843274147097436,0.5902177893602001
649,0.18698390327061915,0.6076128585792294
650,0.1851991202102465,0.6121495157596748
651,0.19709902020306036,0.5945957142067697
652,0.1848965302227883,0.6016941808375802
653,0.17248891302755454,0.6028544402306755
654,0.18935470587005246,0.6099731090338252
655,0.19989326623240167,0.5880039709270488
656,0.1955141233292048,0.595094698312021
657,0.19155411447215517,0.5964307530842063
658,0.1814785961299972,0.6034621399448092
659,0.1826097747852349,0.6046782152932144
660,0.19421605384649454,0.5983923928055017
661,0.17849888138564207,0.6068095235800786
662,0.18457022784078206,0.5979103783010726
663,0.1865813555307796,0.6072426522022694
664,0.1990716726395805,0.5892736287805421
665,0.1767733067012326,0.6115306365514125
666,0.18016791787108513,0.615727538874131
667,0.18478039534574786,0.5953562281184894
668,0.19026811430418478,0.6155743651393714
669,0.18185401633449488,0.5966735026850307
670,0.1830958809719936,0.604684082576611
671,0.1857713573323386,0.5941487740982414
672,0.17929092219380047,0.600400579597254
673,0.19015457851767645,0.602379072226113
674,0.18081567109365076,0.6047319461557638
675,0.16908327157568775,0.6136829228563635
676,0.19720358186465398,0.592007445049757
677,0.1920041351148174,0.5976278899208092
678,0.1884080214543858,0.5964143239811178
679,0.18094531209086165,0.6074060188901633
680,0.1894282487710416,0.5874642935217781
681,0.18998565521987507,0.6060487666201565
682,0.18514800007794635,0.6072103887604678
683,0.1868097908266806,0.5996670112559251
684,0.18479226439089472,0.6171299194604644
685,0.1846249100357109,0.6047073940254701
686,0.1868080666742189,0.6013050281911038
687,0.17765556040127606,0.6206075812046234
688,0.19144192297562102,0.6032958411787932
689,0.18284412503660255,0.6046415277073521
690,0.18787743334299362,0.6041388319079922
691,0.1887172648693213,0.5997216991439812
692,0.1767368506594343,0.6149892246839728
693,0.18671467915556694,0.6058478982757161
694,0.19662246531664385,0.6052056647173882
695,0.19721666174678165,0.599069432696656
696,0.18376032744333157,0.6054095889675765
697,0.18851911799892418,0.6110362360361847
698,0.17378159862111353,0.6160958507040356
699,0.18689499602285933,0.6009312168998467
700,0.18466088918421472,0.5955537680693824
701,0.19504559637644883,0.586364076103074
702,0.1884012019712286,0.6006338597019008
703,0.17887177714740324,0.6089466408473301
704,0.18476150747786454,0.6047318161621438
705,0.1859745276784076,0.6127382011898567
706,0.19925743957485956,0.5912856292776298
707,0.18355826057008381,0.6005471517595694
708,0.18581798415764686,0.5991185926816931
709,0.19353166833484653,0.5995310723717694
710,0.1891228835992238,0.5987726861960171
711,0.1897415532953672,0.6004988374143992
712,0.19330262262042539,0.6012184773071483
713,0.18758458176274548,0.6004810789442308
714,0.20211382431282343,0.5913848403556073
715,0.19129578684933823,0.5990336972595025
716,0.19121402259672943,0.5941360557535761
717,0.1747992056062845,0.6058947618854253
718,0.19056334768305092,0.5939408535389372
719,0.19373495755726874,0.5928615802948264
720,0.18675313961606776,0.5994797525432716
721,0.18268972638854367,0.601659868073994
722,0.18566823016867443,0.6053011543037125
723,0.1867355166337121,0.6063274041762727
724,0.17789774225265795,0.601209853974165
725,0.19579741770256714,0.5895316119305716
726,0.18257734835676787,0.6146747320986611
727,0.1842622981652673,0.606451763618799
728,0.19702161320523973,0.5842830863064956
729,0.19170275566102665,0.6004575600441869
730,0.18845583919188996,0.6065269402731115
731,0.19592668492630722,0.6012783796121548
732,0.19378527493615091,0.6009154636225705
733,0.17509201257473822,0.6151880613081951
734,0.19529561779238966,0.5945235597546525
735,0.17495618851309355,0.6122456288711579
736,0.18173068943339346,0.6069590842331885
737,0.18615626519912273,0.6042955045808626
738,0.18401754364512085,0.6004570720237472
739,0.1868204415013187,0.6072282734088531
740,0.1887030873839262,0.6015409646620827
741,0.18309837555448838,0.5997259590430378
742,0.17167938941091407,0.6109585807772558
743,0.1908213074698786,0.6043336329456739
744,0.19938268663013778,0.5998737316637477
745,0.19387940861983607,0.5903590327107409
746,0.18760142144748243,0.6072038274297489
747,0.1811914224516529,0.6067684197039152
748,0.19117879260741674,0.5992388358763839
749,0.19977794440556346,0.5976027531013193
750,0.17650841148253182,0.6095189713549748
751,0.17845945980177302,0.6079963287304574
752,0.1962282144292126,0.594705707968799
753,0.18992288884526354,0.5910203271523409
754,0.19257390524730258,0.5986309556589737
755,0.19691784290501932,0.6035182022458201
756,0.2062055340118452,0.5939972773774904
757,0.19557169024644247,0.5947298770817386
758,0.18988193809129827,0.606145188567003
759,0.19677285488877805,0.5942727700574402
760,0.19029056308595474,0.5996216383448609
761,0.18324727696070814,0.6105570942616837
762,0.18292074455356977,0.6089255776398764
763,0.1934133236757804,0.5952853226250395
764,0.18468529260720368,0.6044584701753074
765,0.1787015186670739,0.6087695437838634
766,0.17864280922825915,0.6062930889878243
767,0.19227191282914158,0.5997926817110475
768,0.20306368595036878,0.5910323521987304
769,0.17496148020185093,0.6090089421462215
770,0.20348752975267792,0.6011173041123716
771,0.1853858512306123,0.6020035482670915
772,0.18914903560738922,0.5968324079209266
773,0.19185116087575266,0.606540549782521
774,0.18651736926986276,0.5951535608185115
775,0.18420550468266478,0.5983437654744441
776,0.18545900541418955,0.6054736275510066
777,0.1856851195801378,0.6064645272891103
778,0.19586159208893672,0.5967921697204608
779,0.1858358123844871,0.5971678865574711
780,0.18948751860509866,0.6025321330712683
781,0.19233615731742806,0.598920284537242
782,0.19531399136081273,0.5895581022422639
783,0.20468474500354525,0.5958907307693343
784,0.19330866368685665,0.5979003050165044
785,0.19142959563413842,0.5996593645730862
786,0.18502389243759826,0.5989904766480052
787,0.17656592398431498,0.6127728267799775
788,0.18327504275598663,0.6113407915382847
789,0.19872759043694255,0.5934661960543762
790,0.1798735821579521,0.603886909661581
791,0.18908495395959682,0.6076998638745784
792,0.1966175826648577,0.601144263661046
793,0.1815120674338314,0.6058621995530236
794,0.1880594659689109,0.600074816136174
795,0.1775398370103995,0.6118590792460628
796,0.18014949040516867,0.6099324131248336
797,0.20564904065025105,0.5853221406951177
798,0.1906137687001946,0.6125476076362717
799,0.17696806785797253,0.6112098795726134
800,0.20097950534803696,0.5888054077188309
801,0.19149320865544164,0.5976691682680705
802,0.18273985937067996,0.6099846324797551
803,0.1847321854543282,0.6048238242754111
804,0.1839871513995438,0.6080636682423091
805,0.18732420670922156,0.6071548491794082
806,0.1861969993627553,0.6004118030853439
807,0.2014035322493175,0.591544090115063
808,0.2024501041824917,0.5923364824199541
809,0.1825168388204419,0.6096842556010077
810,0.17216535938955252,0.6154013287690343
811,0.18069391354688974,0.6093564982875652
812,0.19351442035646868,0.5969711606444355
813,0.17864980475933098,0.6070423527552923
814,0.19195919646393927,0.5967775932669942
815,0.18908541916955987,0.609177860779997
816,0.18134553108931345,0.6008474431373063
817,0.19459193138569655,0.5941529101174935
818,0.18583880317734822,0.6104053269955075
819,0.19032660452114974,0.6050622640887946
820,0.18528670825285098,0.6061040167017315
821,0.18511734735447138,0.6015906088826416
822,0.17684676434386593,0.6103877123411654
823,0.19260254054063172,0.5978195069146892
824,0.18498912631462341,0.5957701278924195
825,0.19245622094471676,0.5933469697670753
826,0.18270275919874643,0.6139564521106085
827,0.1847320447346258,0.6089015829883864
828,0.19608555845287218,0.6081632982934656
829,0.17821150245060782,0.6038474941310744
830,0.19450693152493995,0.6070846844839655
831,0.1849114452714788,0.6125306001795018
832,0.19923316445821382,0.6010072895367852
833,0.17993149076566486,0.6074759337578186
834,0.19532225760224936,0.5907995555948634
835,0.1925332924634637,0.6026913752296041
836,0.18813761384454553,0.6057832155933934
837,0.18307627242384675,0.6133637284592641
838,0.1867332900105276,0.6020169507329607
839,0.18516185634869609,0.6050207691882852
840,0.17417205765723703,0.6080119554162484
841,0.19886639616570118,0.5950910812493334
842,0.1879817351313406,0.5944715109934834
843,0.20571385043620663,0.5914493240346587
844,0.18257275378367663,0.6008283566956086
845,0.19085369799963023,0.5990946536250532
846,0.19263207032175622,0.6068081899977165
847,0.1975557924137682,0.5885029800651531
848,0.17668577902499466,0.5985884082327483
849,0.17085305548123658,0.618095763312191
850,0.18491760889156278,0.6034236339251543
851,0.1843849916480041,0.6032840790684862
852,0.18641515697445732,0.6044123698318055
853,0.20805434725883135,0.5862909615246477
854,0.18381828722121565,0.6037000120294782
855,0.18121331785981046,0.600388841527639
856,0.18024422680310243,0.6033108509572497
857,0.18919370754065476,0.5993081750414053
858,0.18744862226567713,0.6105280231577076
859,0.18446868952049233,0.616567651422101
860,0.1868262431642599,0.6006340970020674
861,0.20088439004064473,0.597169983719615
862,0.18616940937816717,0.5987441236585229
863,0.18613516369174918,0.6067028931405822
864,0.1875702563180457,0.606422436780882
865,0.19115638249989597,0.6007954831259684
866,0.18566904096214024,0.5976899114693109
867,0.18842786485919089,0.6007136006817105
868,0.18603915864116036,0.603797057032552
869,0.18889300167129536,0.6080345534049455
870,0.20080061809047195,0.5866698572847713
871,0.18768538559625514,0.6009134741755741
872,0.1983529679173826,0.598894273209933
873,0.17999502310761942,0.6067367484830358
874,0.1895225044852019,0.5961193030180947
875,0.18499161334129713,0.5917784475366923
876,0.18608247325505828,0.6039532864429665
877,0.18726717432564757,0.6030061868903439
878,0.202336133489738,0.596259937350965
879,0.1657336001340159,0.6077802703520923
880,0.17350890804995264,0.6136840437583414
881,0.17349003743610567,0.6122183209671797
882,0.19545231114009054,0.5948603832634659
883,0.19184964471912302,0.5988030861222887
884,0.1971024682039635,0.5993202984805258
885,0.18571839430701442,0.5930573491868921
886,0.18752803459236694,0.6103064570897834
887,0.18996552170603065,0.6066547905537315
888,0.19231390308657553,0.6000227379171497
889,0.17955184654421694,0.6079798655985245
890,0.19015476795901232,0.5971433310332622
891,0.1896894351760043,0.6082128216526389
892,0.19005559997737115,0.5970793241695884
893,0.19263731788148067,0.6046826623249739
894,0.1830574655942386,0.6042223721696636
895,0.19011184525297808,0.6036845569450415
896,0.18328791968852945,0.5946007887801564
897,0.17936429665002276,0.6186216932530237
898,0.17696761070262773,0.6107869448530423
899,0.18874638070953703,0.6010503156513298
900,0.18409420327766018,0.6027541103047953
901,0.1930817890913514,0.5953160124050415
902,0.18935273395900298,0.6028896801550594
903,0.18518520550866766,0.607866949153276
904,0.1954185683700684,0.5968697626968797
905,0.19570697866822592,0.5939777276043987
906,0.17624504607690755,0.6112146024513742
907,0.19084822051140657,0.6014548176034381
908,0.20116609888930473,0.5880131246595515
909,0.19071228753465472,0.5984314880490343
910,0.18975340464392357,0.6026441653705141
911,0.18348652795662526,0.6145982233330558
912,0.19359456304084696,0.6020283153304883
913,0.18718450946602708,0.608449458979143
914,0.2004355982445549,0.5949430352487334
915,0.1742347453567116,0.6073009716769617
916,0.191338547135803,0.6128063777284796
917,0.19308019331552206,0.6043941570667541
918,0.17870219428437867,0.5988158107007739
919,0.18891099132752362,0.5964492591689446
920,0.18449314750398665,0.6085123804422841
921,0.19209864521874395,0.6059509072854133
922,0.18233432611976275,0.6044095773493989
923,0.1798949734976131,0.6063691557028135
924,0.1892074103658668,0.602773171649049
925,0.18289920234152918,0.608634215831575
926,0.18526639106512305,0.601540641380089
927,0.17622703774346268,0.6155051601247925
928,0.1878169290361663,0.5975237704639124
929,0.2003429757957193,0.5876634754796064
930,0.1916882700650154,0.5940901185393639
931,0.1758142459971726,0.6024382946544904
932,0.18976217740638698,0.5976179059411666
933,0.20015816702061198,0.5957868023575081
934,0.1932674981226134,0.60398715404474
935,0.18644771865450543,0.6117577216122949
936,0.17192186543451832,0.6154746363081733
937,0.18504358723679945,0.6078441299230114
938,0.18448883502516952,0.619102290853877
939,0.1931557186088738,0.5974016566353668
940,0.1962150070732109,0.5949197066719644
941,0.18402046440593828,0.6113830125186015
942,0.2024126784185626,0.5956536305871339
943,0.19961973358198265,0.5947074739490821
944,0.1881129952844638,0.6031065321706751
945,0.19562874468433147,0.6001832099582225
946,0.18993007947669752,0.5991729041283065
947,0.19393987194634374,0.6014562760725346
948,0.18718143201294077,0.6043305691705131
949,0.18069423241250104,0.6074366616755831
950,0.18857008775170134,0.6079444074845197
951,0.1820453026944129,0.6134793134367325
952,0.18217383573905613,0.6059010390362257
953,0.18354709471157865,0.6023351887588925
954,0.19634010608588304,0.5971014874865523
955,0.18669494657209018,0.6199692544314923
956,0.186554748627217,0.6020317105847233
957,0.18800641308765903,0.602590458788357
958,0.1832612398746977,0.608674691769814
959,0.1920214057278211,0.6008952274454176
960,0.17556864154534732,0.6100679096004937
961,0.20099271931238835,0.6003060835154084
962,0.17330283892527445,0.619158270796911
963,0.1719022386329569,0.6089648085163375
964,0.1876148735133814,0.6004418038936044
965,0.18917031544639568,0.5926201253813457
966,0.18882186616351973,0.6089663620354399
967,0.17412356307916402,0.6120496442977836
968,0.18250130574714143,0.6037887130670458
969,0.18799662363375494,0.6066716128197411
970,0.1881116781034187,0.6075287132571454
971,0.19913579098835413,0.5975001051274376
972,0.18361654643006817,0.6017668665141108
973,0.1994677729799324,0.5913130249865257
974,0.18965562101794514,0.5934160023447407
975,0.1860135040361615,0.6032682091855386
976,0.18258487691286873,0.6013450737280371
977,0.1886581730383451,0.6102584798652314
978,0.1864986633543471,0.6062767263305199
979,0.19934935994413033,0.5946190942877261
980,0.18658377402027385,0.5999463538819221
981,0.18165124709047528,0.6060518949871424
982,0.1944082793675068,0.599039674546877
983,0.17968580087635794,0.6144678253526925
984,0.18894222125632826,0.601469075108922
985,0.17346461415541448,0.6126294452639092
986,0.183679284067636,0.6052497907801445
987,0.1835587134705564,0.6077833423355874
988,0.18923746378817308,0.6051156359126985
989,0.19092087583622738,0.6023974931579801
990,0.18488924882585253,0.6049024981609366
991,0.18618016355151756,0.6016488509156552
992,0.18194397718930944,0.6090859760934447
993,0.17532930127650892,0.6045726185030458
994,0.17968368870111984,0.6157859424763681
995,0.1867376130268957,0.6043171949287988
996,0.17525191878358942,0.6117199370238015
997,0.17947041253468776,0.6107856174128523
998,0.18163289896374188,0.6096630463534107
999,0.1968955630812823,0.6020716366334101
1000,0.18981034099793823,0.6041314288268936
1001,0.1869630974699325,0.6003000230096451
1002,0.17601025771401638,0.6173089581763465
1003,0.18757597070401996,0.5984797263707539
1004,0.1962823703229545,0.5904223527961714
1005,0.18787026876409624,0.5993707023494385
1006,0.18435218937425255,0.6014661673141889
1007,0.1792316010085403,0.6086492186587874
1008,0.21026985030442616,0.5898198039584006
1009,0.19532254302383867,0.5900283039130008
1010,0.1842724879482232,0.6092965285898547
1011,0.18669362663476177,0.6075974132986122
1012,0.19271445722422284,0.5975100007959275
1013,0.1862369847123478,0.6082052805263527
1014,0.18024436647643258,0.603212201859751
1015,0.18313656000743408,0.6021961935098131
1016,0.17812987673986513,0.6140322547527364
1017,0.18926152913243413,0.6143256802700561
1018,0.19515421735612884,0.6016243179372741
1019,0.19384728957995534,0.5970234932903334
1020,0.19459155805084544,0.5948413229268525
1021,0.19053321119145172,0.5960576482394428
1022,0.17271021499446942,0.6030406592157054
1023,0.1880747649707593,0.6025107098276957
1024,0.18906578612210906,0.5996473217056949
1025,0.1813052409594968,0.6045863056578071
1026,0.18865379804617252,0.5943050299561107
1027,0.18837055682360362,0.6085700609895618
1028,0.18799588305686005,0.6075836069114549
1029,0.1877907899695115,0.6066449747595266
1030,0.17827799095562014,0.6002183455733971
1031,0.19065469693759576,0.6107103039527759
1032,0.19023847877844782,0.603917533303512
1033,0.19798374033368618,0.6082049096520676
1034,0.18518886019421946,0.6050853991137652
1035,0.1870376082247937,0.6098805460619118
1036,0.17680624326469394,0.6017009263966685
1037,0.18987401513758867,0.5914749555302229
1038,0.17995991664889918,0.6059366744584476
1039,0.1924747794040108,0.6042501607788217
1040,0.1969632182358133,0.5914283941893139
1041,0.18776832707266414,0.6075116335298123
1042,0.19248011514442437,0.6029760839743878
1043,0.19563687521584194,0.6009094011469159
1044,0.19291830229897902,0.604631214138074
1045,0.18615974703439578,0.6098485501197032
1046,0.1867815345427525,0.601401468076838
1047,0.19663822432049344,0.5934722279155015
1048,0.189353669487435,0.599769903049887
1049,0.17867263571792769,0.6118957806401686
1050,0.18796657203519715,0.5984185191028175
1051,0.18357327550222302,0.6004334022064345
1052,0.1907648711547791,0.606749869669871
1053,0.19983216469507747,0.5843725807828931
1054,0.17883640701617823,0.6083357843077509
1055,0.17982076258795127,0.6064554364584976
1056,0.19692686667490533,0.5993458167969116
1057,0.19092060340374858,0.605088736363002
1058,0.18430612691706114,0.608746792613618
1059,0.19076545292238584,0.6074707725380029
1060,0.17800747422211824,0.6129161234754734
1061,0.18512240729751958,0.5934805981524792
1062,0.18425659692588225,0.6065790321685514
1063,0.20102662705111554,0.5915786593186676
1064,0.1859341222571805,0.6055800099864828
1065,0.19682098576322699,0.5952774830034827
1066,0.17909802865396046,0.6127315857149503
1067,0.17997261069884757,0.6049935491689222
1068,0.18599492437540968,0.5962874839944471
1069,0.17795977568036608,0.6117929355083169
1070,0.18119956229528122,0.6031243597442603
1071,0.18039236043891746,0.5973394988503493
1072,0.18734945025489702,0.6123004427736404
1073,0.1715405184682672,0.6169059614897138
1074,0.1883348792931787,0.60850755809078
1075,0.19180192021614173,0.5881171371294083
1076,0.18078159434395402,0.5985762196875931
1077,0.18314432413337917,0.60870456838042
1078,0.18019444051579156,0.6075335526165341
1079,0.18936241144464427,0.6028174411766799
1080,0.19178123343853698,0.6042499309710678
1081,0.18915851150533564,0.6007478740561413
1082,0.18480769188276214,0.6055630888085931
1083,0.18549975024521198,0.6035558589322871
1084,0.1788212008117091,0.6073245856610535
1085,0.18214088919666385,0.612580214930079
1086,0.18379513490533908,0.6088143251311909
1087,0.1851181251046327,0.6013579685565172
1088,0.1939777304456129,0.59802737581267
1089,0.17723163084542892,0.6151880830609279
1090,0.18169843972989225,0.6081876065337999
1091,0.18964543596567646,0.6071074367509339
1092,0.20530712331801465,0.5868945906495349
1093,0.1910172802667978,0.6048707731381389
1094,0.18849976113758504,0.6071742045260001
1095,0.18749101115295222,0.6034452559889267
1096,0.1969590296530926,0.6016230242250601
1097,0.18595467166880256,0.6026619008297687
1098,0.18399995253070717,0.6100221194797328
1099,0.18317350742746413,0.6175801467348815
1100,0.1914630885425141,0.5945353795319355
1101,0.17724680863746056,0.6079157359899906
1102,0.18811017254787696,0.6013964403150736
1103,0.20214843151412665,0.5881314975747323
1104,0.20248305240212153,0.5995265306817895
1105,0.1834132137332054,0.6113457370888722
1106,0.18726785274698202,0.6018130522433252
1107,0.19568937419540705,0.595612442003779
1108,0.1913185142871839,0.5926957846737528
1109,0.18361897783100903,0.6074157761046761
1110,0.1923763759592633,0.5943463134792927
1111,0.19145340430790297,0.5923284594221161
1112,0.17895284934645392,0.6087661837732641
1113,0.18834880187387132,0.6021056857584838
1114,0.1870279230760359,0.5938708211503181
1115,0.19117605164046264,0.5901152300226647
1116,0.1908992501080096,0.6012996821055916
1117,0.1852493409400225,0.604115166295506
1118,0.1837421560036674,0.608381750689655
1119,0.17796203390672624,0.614231213749505
1120,0.18194592686787198,0.5994970763798249
1121,0.17594486603691967,0.6079017969198207
1122,0.19424026838441324,0.5951982765568339
1123,0.16936453212645966,0.6186782843868628
1124,0.18642712134410983,0.6092505305981264
1125,0.1804548710681133,0.6067174329637862
1126,0.18717070148953063,0.5959715151197095
1127,0.1884905970992219,0.5999221604147956
1128,0.19430979887266314,0.5972814654347756
1129,0.18447396585785025,0.6068345095526274
1130,0.2051164532039619,0.5808243148814591
1131,0.16592031572981808,0.6199241888883753
1132,0.17508315941173883,0.6034255416816056
1133,0.18234800397610496,0.6080975922684533
1134,0.19179454908627763,0.6014951100594739
1135,0.18747927351954874,0.6101832831661202
1136,0.18693216411659883,0.6059641521665073
1137,0.18568245234586198,0.6071247309183504
1138,0.18258279758246393,0.6006076049684157
1139,0.17690087487238104,0.6137043417370245
1140,0.1674177494028484,0.6131568444466577
1141,0.19010349427114348,0.5997983642185041
1142,0.1949482505666184,0.5932111473900293
1143,0.1906322949163544,0.5993661050440117
1144,0.19768096017822903,0.5827060812713087
1145,0.18047400908861508,0.6046158572648593
1146,0.19891583319166256,0.5887933700733793
1147,0.19099071635545328,0.6014722418135875
1148,0.1921953851664564,0.5952223348074659
1149,0.18590705145816883,0.5937701844549612
1150,0.19373303879798406,0.5962831886754161
1151,0.1832870088702215,0.6041771922642842
1152,0.18318348461649597,0.5931461531770743
1153,0.19209247523047707,0.5901016828876262
1154,0.19776581618962702,0.5979487765788811
1155,0.1914216080631172,0.6042962742840966
1156,0.18795539028787078,0.6095841633956363
1157,0.17768617531747746,0.6094755054105693
1158,0.1901562037821523,0.5997926548814825
1159,0.17645351903357406,0.6116385429033863
1160,0.1735968768961613,0.6121205678515497
1161,0.18415246468611288,0.5943217192990966
1162,0.1923847989599326,0.6038459253285878
1163,0.18493721244748088,0.6068863551539917
1164,0.19420174353529912,0.5932799339436923
1165,0.19072667815117514,0.6020698478973561
1166,0.17273986959798718,0.614708930410355
1167,0.17352369225152325,0.5977489557426173
1168,0.17611784049129836,0.6091124796148742
1169,0.18690213508268402,0.5965308428890224
1170,0.1869192710406612,0.6077320951372227
1171,0.1954709841976236,0.5923344233965004
1172,0.19570096054767414,0.599568828339062
1173,0.19095248354846708,0.6073683039374863
1174,0.1870061087373739,0.6016624620197898
1175,0.18273609034825264,0.5955095289569795
1176,0.18418053071485654,0.5996213258894134
1177,0.1894909193677783,0.6027712152634136
1178,0.18862394811177594,0.6100688560304652
1179,0.18128176544645758,0.611246832127748
1180,0.18709804170252342,0.603551672606043
1181,0.20298921275456228,0.5882554440740966
1182,0.1749524612285562,0.6153798869721595
1183,0.19137767595499247,0.6029789865028008
1184,0.1928610227068647,0.6062691705385902
1185,0.19733874379402583,0.5987918038289196
1186,0.18671880900527604,0.6121139926420702
1187,0.19434484420252726,0.6028147102266095
1188,0.2093629044055159,0.5884191068728819
1189,0.19076907644141178,0.6020444469067373
1190,0.19559235302831884,0.59385237165444
1191,0.1822505291531567,0.6000586413789294
1192,0.1747472978237276,0.6171702641148753
1193,0.18716110389009358,0.6064775308897801
1194,0.1848617250853337,0.6101233490333198
1195,0.1868887030655663,0.6153731829468094
1196,0.18447409660953465,0.6038863154698993
1197,0.17957765298405534,0.6158315347112647
1198,0.1912591122717384,0.5918528650604614
1199,0.18603747612217378,0.6071103647432948
1200,0.18835442175319905,0.5942827503669968
1201,0.17596007484233953,0.6083498566855763
1202,0.18350783632603854,0.609989504074155
1203,0.18537333963091762,0.6085732179170564
1204,0.19815642790074103,0.597893609335818
1205,0.18045849338761927,0.6011101558980224
1206,0.17670886089670862,0.6093660154434385
1207,0.19697834220387084,0.6037947585543069
1208,0.1783814284766874,0.608217459565488
1209,0.17777319338185776,0.612988688601468
1210,0.20055322229264946,0.5840492139532598
1211,0.18788678945171716,0.6056652131272258
1212,0.1967396063264465,0.5925366920754287
1213,0.18104480766979947,0.6060433702369342
1214,0.18457075508419732,0.6095647670352166
1215,0.18975801287152538,0.5961101916069631
1216,0.185118723258646,0.6030402539114501
1217,0.18063758654961207,0.5960676969142682
1218,0.1871664869230042,0.6020589359082128
1219,0.19312632443840236,0.5926047911146868
1220,0.19378468115358913,0.5877306570721943
1221,0.18366901908591612,0.6033243083427003
1222,0.19357483613199167,0.594253160499279
1223,0.19311539803859087,0.6045487984483938
1224,0.18460725407738485,0.6087301429743514
1225,0.18624492879638402,0.6098776898505975
1226,0.18945866269002967,0.5970332784462941
1227,0.19115459455755765,0.6019932500714388
1228,0.18656285840993314,0.5962967444144796
1229,0.19451148514022176,0.5911826342145395
1230,0.1792212768819637,0.6041149634773514
1231,0.17613461001607034,0.603717600862358
1232,0.18069189732570384,0.6063879670217438
1233,0.19342675404627738,0.5882976427566975
1234,0.1811704758419386,0.6072054412091299
1235,0.19280478439594637,0.5993246215241789
1236,0.1875916751971876,0.6031896802670382
1237,0.1983763711590779,0.5944629793389092
1238,0.18862876467189216,0.5973566822625447
1239,0.1942169684365476,0.593189719187041
1240,0.2009168889162672,0.5960113947101231
1241,0.17591126386187608,0.5998311250425459
1242,0.18354478801591123,0.6120886566026298
1243,0.19797204655291126,0.5943767272550291
1244,0.1779055070982187,0.6075510539242568
1245,0.1793711211822944,0.6113819718251849
1246,0.19717066631106533,0.5892027992253346
1247,0.19488395326084174,0.5920636405501964
1248,0.1986717613244198,0.5987648602986236
1249,0.18638017164967174,0.602588980001969
1250,0.1877176398816634,0.6037543249451177
1251,0.18794506382079984,0.6036541213592868
1252,0.18503177660393844,0.6003439151404586
1253,0.18858726678319296,0.6008839297817871
1254,0.18300142098187833,0.6005050734277932
1255,0.18586451413809796,0.6048349062898346
1256,0.1895544979148964,0.6003882122630376
1257,0.18917150558169749,0.597839254375448
1258,0.18697697599038476,0.6020144838009888
1259,0.1836164848627295,0.6114806945236023
1260,0.19299822049033197,0.6020169101488101
1261,0.18392539417474707,0.6034817238927828
1262,0.18517698114571265,0.6050457779295026
1263,0.18651980983151334,0.592364143925775
1264,0.189703175927216,0.5976418886790684
1265,0.18683866797940915,0.6060657015417784
1266,0.19044273422725133,0.600500040922715
1267,0.18315886144212104,0.6094169500304294
1268,0.18935712058846726,0.6003335886409799
1269,0.18464338717647122,0.6050385062185983
1270,0.1916268564858554,0.5978820530363025
1271,0.19477737232781986,0.5901973073588849
1272,0.1793580189838972,0.6111070585067586
1273,0.18416942453048624,0.6038876489373857
1274,0.18986057957562186,0.589512173521418
1275,0.1910308286511498,0.5932780142246245
1276,0.1849380730297325,0.6018798920994367
1277,0.20135800725635106,0.5910360582605827
1278,0.17703940085416092,0.6142237474365082
1279,0.1860374611080802,0.6003447372162923
1280,0.19494948924808758,0.5945748045201971
1281,0.18033473383536971,0.6092300166873466
1282,0.18492641097905801,0.6088852030122445
1283,0.18017964754831095,0.6043017799796433
1284,0.1824318920218384,0.6098336391628003
1285,0.1778184151304965,0.6039272649139056
1286,0.19476052699185745,0.5977122071038246
1287,0.1861160476730486,0.6025013606403338
1288,0.18879622904710558,0.5990990559973165
1289,0.1834462795988777,0.5986122703092542
1290,0.176518588750911,0.6148660165183877
1291,0.20309914739963028,0.5978889150449265
1292,0.18835628338183805,0.6102340582760729
1293,0.187843729408853,0.6071420716242036
1294,0.19295315136570212,0.601400904557987
1295,0.18860886756868528,0.6073984345191367
1296,0.1830187311117294,0.6072297757949182
1297,0.19791003084676514,0.5972644486015959
1298,0.1890664951536159,0.6035378303863432
1299,0.1832479943744363,0.6049149330518094
1300,0.1982189498810316,0.5980718840995034
1301,0.18939571160712598,0.6002800108189715
1302,0.1856265926877455,0.6042901409893866
1303,0.1952368194555943,0.5986321589506591
1304,0.18822296150568119,0.610987238769911
1305,0.19747855728411645,0.5988897175652705
1306,0.1987284403136749,0.5925055882614061
1307,0.19202857801851841,0.5997075338190445
1308,0.19752762072067157,0.5909376227347839
1309,0.18484127635457218,0.603308699719297
1310,0.18720961810477174,0.6102684611719182
1311,0.19372835449484488,0.6017140283857589
1312,0.17289437920306147,0.6193385921958795
1313,0.19325374730073536,0.5910403832802289
1314,0.17437760190354232,0.5928558388547467
1315,0.19146008967824912,0.6083383598603003
1316,0.19597162584299146,0.5983062226003475
1317,0.19594744714014004,0.5924888184747064
1318,0.18194197911463153,0.6038936771907609
1319,0.18244640428977948,0.6090124430081806
1320,0.19572879096705,0.6018708267517117
1321,0.1805343553728204,0.6006134690978853
1322,0.18230516566958274,0.5991962775886625
1323,0.1901549507757398,0.6026200255755318
1324,0.18976520017057644,0.6022208485341273
1325,0.18838538965184498,0.5982937383682415
1326,0.19271450599546155,0.598793134720138
1327,0.19365016882438427,0.5989773567286739
1328,0.18940419806994527,0.60502901423222
1329,0.1756677316189933,0.6154585317903734
1330,0.19291137588767507,0.6018359498758357
1331,0.185138193285757,0.5999926510680548
1332,0.1696162261884385,0.6216381709970896
1333,0.18595857099860025,0.6036630380788257
1334,0.17294723459732755,0.610782394178703
1335,0.1872833895462004,0.6067579355321935
1336,0.19602360212997602,0.6008327237521953
1337,0.18682583173380898,0.6090511219606094
1338,0.18879665605630955,0.6014898792538235
1339,0.19095877533251496,0.5973727538560183
1340,0.18460919461071465,0.6077817608228991
1341,0.1833680042593986,0.590598055610277
1342,0.18920549138617515,0.6016161712879617
1343,0.18749035949439433,0.6019010980937173
1344,0.20320474994917542,0.5923353828028766
1345,0.18953838077122537,0.5945771489438052
1346,0.18899657358197278,0.6080850069814948
1347,0.17692779273947498,0.6083265388748512
1348,0.1845089457920716,0.6046803417045661
1349,0.19228589615587507,0.5941356757192228
1350,0.18932122994043968,0.6067488382296553
1351,0.19310217871029442,0.6037612662885506
1352,0.1853212658253479,0.5950174158962912
1353,0.1806519737032889,0.612001145609034
1354,0.1857227735329379,0.6028933227827215
1355,0.19190506681817646,0.5898729913001687
1356,0.18255280925033443,0.6083528763344083
1357,0.18759174619775568,0.5997454716857625
1358,0.1950144084882937,0.6015709042744725
1359,0.1939027705799636,0.5959922300444558
1360,0.1915048917600205,0.6039132279403432
1361,0.1966825384921058,0.5981923985796619
1362,0.18837423406304396,0.6016257631136726
1363,0.19428876496235575,0.5914147799367089
1364,0.18649337919463008,0.6015032641488761
1365,0.1855418219130272,0.60259594853814
1366,0.18424898327137876,0.6029698402073804
1367,0.1996738420842642,0.5989472198621232
1368,0.19077167786635646,0.5973654113950436
1369,0.1912339359854411,0.6006520314834801
1370,0.1750042612319232,0.6207921875064245
1371,0.19977716762159178,0.5912178712627932
1372,0.19117687058729918,0.5979120560882375
1373,0.19610300406137554,0.60505779915204
1374,0.18833406083184048,0.6004653795467725
1375,0.1828791788004229,0.5987405685189985
1376,0.18915075110730717,0.5938229076081799
1377,0.18738580726991225,0.5986465113453777
1378,0.1930874791453277,0.598320440732367
1379,0.19641668510302776,0.597760996534072
1380,0.18619084073220224,0.5996239383029164
1381,0.1852163027084294,0.595482175909153
1382,0.18555153890766016,0.6168252246134922
1383,0.1901822790330208,0.6008312725239063
1384,0.19166756941895371,0.6039478279819133
1385,0.18564327952992005,0.6049037334096462
1386,0.19319590791021007,0.5986002564352212
1387,0.18703676146974135,0.6020739697031354
1388,0.19463401095644328,0.6038041486398215
1389,0.18440312734169495,0.598614061267344
1390,0.1761892522759949,0.610307516098852
1391,0.18884713399412306,0.6081552795062459
1392,0.19190197371992684,0.6001294218142235
1393,0.18906784836957896,0.5989972989628312
1394,0.1748839664118083,0.6025176406446943
1395,0.18695485967340106,0.603414728915384
1396,0.1881733564245088,0.5982068457922072
1397,0.18492402368493954,0.6017219196247284
1398,0.18671238201345614,0.6071014322304565
1399,0.1962044708106498,0.6010711032347116
1400,0.18314423178345338,0.6109621486139195
1401,0.1907256651440164,0.6068594800832339
1402,0.17503319153435704,0.6153291581205685
1403,0.18471557208186448,0.6092984824340155
1404,0.18903430136857421,0.6097671686826688
1405,0.18795183075449728,0.5986944130424714
1406,0.19721925451009514,0.5939096618931499
1407,0.20314787533664128,0.6016901738124031
1408,0.18469031449641823,0.6107442387018007
1409,0.17701354812174666,0.603953522812635
1410,0.18232750138649845,0.6069856578286953
1411,0.1956971032466915,0.5919973511267815
1412,0.19497008841486732,0.6004930367640697
1413,0.18549853286243317,0.6001277312753163
1414,0.17816879997636254,0.6016968887871271
1415,0.18363438992063807,0.595878680233288
1416,0.19847013831834184,0.595778803732351
1417,0.18761441998197748,0.6020551041681876
1418,0.198501339034382,0.5919119898215359
1419,0.1872148041262155,0.5999485884394791
1420,0.18590396637579293,0.6091131663094576
1421,0.18297642012440632,0.6150558560066849
1422,0.1774751511953287,0.6107620577901511
1423,0.18742343578028434,0.6025195090653905
1424,0.18265841205971664,0.6133882530358558
1425,0.17393742395225123,0.6048052251007618
1426,0.18257427219792946,0.605477193210556
1427,0.18229902025137706,0.6179954571145247
1428,0.19453443566193607,0.6022150021833708
1429,0.17868605739329366,0.6140291445230094
1430,0.18550652832336875,0.6060496130540909
1431,0.18887214021522825,0.6012569384739521
1432,0.18058662366104453,0.615890429586398
1433,0.1902173678306854,0.6030652439133417
1434,0.18233494183186316,0.6139378994984124
1435,0.1830137328283749,0.6061098000230101
1436,0.193643196321151,0.6002388835692573
1437,0.1790880003106198,0.599125166014759
1438,0.1914193295233172,0.602652842310044
1439,0.18373467167054164,0.6008654459056326
1440,0.18009888729353882,0.6101293775077286
1441,0.18794324472051802,0.6096079150844143
1442,0.1855768832215792,0.6163312762622986
1443,0.18342550446534395,0.6022841029254958
1444,0.18179431923523443,0.6020471763624036
1445,0.19483157719340427,0.5902634939119424
1446,0.19120166292660315,0.6025644212373997
1447,0.18771746000295084,0.6008463572645458
1448,0.18691957173402732,0.6001266243143187
1449,0.19123839467071416,0.6023461978964263
1450,0.18160843636385204,0.6069264799096499
1451,0.17695334937059337,0.6090097336546245
1452,0.19505192775900684,0.5936067649194687
1453,0.18835386021150807,0.5973109720596225
1454,0.17872716431039884,0.6130294492338526
1455,0.1940506993881875,0.5958736637458059
1456,0.19455823575362508,0.5925053010934171
1457,0.16941622823755256,0.6135814311907406
1458,0.1891338388406403,0.59887629491972
1459,0.17228919546162957,0.6039381174378932
1460,0.1862661666592931,0.604265699973743
1461,0.18719743201831607,0.6069711105230602
1462,0.17613613308514495,0.6126899586645882
1463,0.18314431655601437,0.6072870415860266
1464,0.19620156099030256,0.5977059682020702
1465,0.195037199305559,0.5998637087322206
1466,0.19738787586122494,0.5876396072280451
1467,0.17509149193096726,0.6137418401825623
1468,0.17508380365722212,0.6166740274778965
1469,0.19414648756169856,0.5953116958521437
1470,0.18908301459946975,0.6057848073912356
1471,0.1843712474213937,0.6012058437779191
1472,0.19149372776587542,0.5960392887435455
1473,0.20328350790815145,0.5882789229341114
1474,0.1871366121119289,0.6034285145379177
1475,0.17606901242558193,0.6083622139764857
1476,0.18045681220796103,0.5989165966974697
1477,0.19286376350261158,0.5999278294634297
1478,0.18291059735654971,0.6006300789747857
1479,0.1876993880921021,0.5988387672187
1480,0.18783958239099166,0.6060666538088083
1481,0.1848721910221523,0.5913375666474928
1482,0.1854087507063261,0.5996765121330612
1483,0.1831220251244574,0.6051017596574362
1484,0.18381889499178575,0.5955456619295512
1485,0.1832369145483866,0.6086923783208158
1486,0.18652393919265417,0.6059415472483438
1487,0.19005190598061797,0.5951250902793653
1488,0.1635156174343841,0.6112405424846907
1489,0.194753455724676,0.6024700446374082
1490,0.19846568932361047,0.599753733577759
1491,0.18977164760107712,0.6015169518583112
1492,0.18948115303321475,0.6004149189085091
1493,0.1857828498316629,0.6042845112005721
1494,0.18854873862785998,0.5995934669269456
1495,0.19138579096037156,0.5992622969454859
1496,0.19147564115942983,0.5991335616701672
1497,0.19011765918590803,0.6014533874430458
1498,0.18237863402577492,0.6009549340244392
1499,0.19298503355926724,0.6004007233064399
1500,0.18276560769108155,0.6112459822244675
1501,0.1800705344820858,0.6101935971046932
1502,0.19323482378496257,0.5999907298750947
1503,0.18589184502179018,0.5998313357345674
1504,0.177292723615654,0.6102283848947274
1505,0.19561794229245663,0.5941192701077727
1506,0.18240089845611007,0.6064272122481861
1507,0.17682979795463039,0.6153277580375219
1508,0.17835719174230139,0.5997234530608012
1509,0.18427510358265084,0.6053240352679078
1510,0.1989992862992475,0.5933081450853411
1511,0.1818581037484145,0.6115229666590417
1512,0.1948095059633914,0.599820033803169
1513,0.18952245528616,0.6025551920341925
1514,0.17650710179169954,0.616754496377031
1515,0.18344855159234513,0.6005643837403444
1516,0.18535031383690886,0.6031808706410535
1517,0.18746467373798642,0.608908496519232
1518,0.18437375240399728,0.6069723575931121
1519,0.20189180313437305,0.5955822833171587
1520,0.1823451809966474,0.6066729480309407
1521,0.17695437032977532,0.5989057977949925
1522,0.18070911763527495,0.6023519575218222
1523,0.1835648286957504,0.6015103883228522
1524,0.19439107578330989,0.6011327919698722
1525,0.1726543932334098,0.617905079558402
1526,0.17913342552964523,0.6124571463032713
1527,0.19821859441046374,0.5972738853449219
1528,0.18317108863322562,0.6081399134321409
1529,0.1953837810841102,0.6042608114471005
1530,0.18004960101568807,0.6128702963847109
1531,0.1719372643712546,0.6208087597776648
1532,0.19035719773587484,0.5978650005592949
1533,0.18640062670844107,0.5997936414805222
1534,0.17838538751572575,0.6069575764357413
1535,0.18874816032508052,0.5979672355681763
1536,0.17902619942209938,0.6097534025714986
1537,0.19643962014860994,0.5980569889064419
1538,0.18608679424872815,0.6030736256520267
1539,0.18324351083519722,0.6082936620244608
1540,0.19497938721331098,0.5921824392653161
1541,0.19018322492853057,0.5980180219181128
1542,0.1857601129046523,0.6075379228683487
1543,0.1949918909883393,0.5960407076624723
1544,0.19110472543052706,0.5965427752889401
1545,0.1810890181770077,0.6146435677341159
1546,0.177758738870061,0.6018520977980559
1547,0.1790826199528334,0.5981904352561441
1548,0.19548333738565332,0.6064725371064527
1549,0.19183925456936315,0.6001635286618907
1550,0.17571920024867235,0.6150185699341026
1551,0.1672135884052893,0.6166653163825613
1552,0.18639931970892484,0.6161160645782936
1553,0.1894777287532698,0.5977687783067898
1554,0.1911298491845384,0.5922931148982409
1555,0.17962672481730002,0.6019309971681159
1556,0.17074620989297817,0.6123564113454989
1557,0.18020951847265684,0.6033501464585168
1558,0.18652580238382221,0.603007698122906
1559,0.20276793977381752,0.5988891229081847
1560,0.20275684687110226,0.587337026383189
1561,0.1800027003177256,0.6028580976761987
1562,0.1836212213175487,0.6081494530680542
1563,0.2009428649213206,0.5886088639539396
1564,0.1865600435369293,0.6187210963458057
1565,0.19106123490261623,0.5985786778055615
1566,0.18450506202576697,0.6044346669452287
1567,0.19085427848356157,0.6060343344990439
1568,0.18586241499114609,0.6032388305129653
1569,0.18203481494786808,0.6017338962488604
1570,0.19580567804844198,0.5948329166735326
1571,0.18659470835533412,0.591552196985147
1572,0.18908478539476045,0.6083948414309431
1573,0.16753433536342502,0.6177022268191751
1574,0.18897972484106115,0.6046234996411269
1575,0.19168515058567143,0.5976290242442223
1576,0.19238373424367347,0.6030970425216294
1577,0.18172871445621147,0.6129155920371714
1578,0.18712995637535984,0.6076993181157127
1579,0.18346188424570153,0.6024714573912873
1580,0.18636499676082463,0.5942028739494354
1581,0.18475661225859885,0.6067635399026341
1582,0.18071038671642262,0.6015492573123894
1583,0.1889011817106911,0.5895809457148716
1584,0.18324319392335925,0.6076610763289223
1585,0.1727717769318981,0.6126896104323682
1586,0.19562545310919197,0.6011832111588173
1587,0.19295703572163667,0.5923769628396248
1588,0.17024743219180255,0.6141243539208745
1589,0.18767969307676546,0.6065759356584248
1590,0.17631463319503,0.6124144480721763
1591,0.18207040350355577,0.6098614440550547
1592,0.1928571200554567,0.6048076019258448
1593,0.19382977626519216,0.5987259942067729
1594,0.19151000134147672,0.5970996916207656
1595,0.19298999336609754,0.5952919489682861
1596,0.1918166796572603,0.5977137734904562
1597,0.1753447208621286,0.6154952226731474
1598,0.19233575737926917,0.5917058584214878
1599,0.1869666632696659,0.6062322611551066
1600,0.18065552743231594,0.607721351892407
1601,0.18395153560164273,0.6045358047192481
1602,0.18551034568871494,0.6012295846886094
1603,0.1928781154228735,0.6004715022688487
1604,0.19577804973511842,0.5989233915405728
1605,0.18976637324641762,0.5990399845764457
1606,0.1990149667382013,0.6010441760684848
1607,0.18248930062791277,0.6009808802699287
1608,0.19300057542017549,0.5988808456573125
1609,0.19265739443087923,0.6045475982846608
1610,0.17924423635622055,0.6057216491363714
1611,0.19621210223662827,0.5993618182115046
1612,0.1907596425883727,0.5939985910720814
1613,0.18800469092729305,0.598909466276836
1614,0.19473069025046663,0.5880757585150407
1615,0.18528689365055867,0.6022440095830583
1616,0.18779056695284285,0.6083362017161097
1617,0.18606541474115554,0.6120065454857834
1618,0.18945608286052032,0.5961400247912988
1619,0.20026830546515387,0.596805521124853
1620,0.19934148914697472,0.6036340621593749
1621,0.20054219774525064,0.5845716401580593
1622,0.17727573667591567,0.6134367382627205
1623,0.18907917885873735,0.5942141455491775
1624,0.18352115652878245,0.6054209583572308
1625,0.19139800856279443,0.5953490479324745
1626,0.18412621567176404,0.6006908921584542
1627,0.1762789594861461,0.6089519090404114
1628,0.19868579024752814,0.5956522404117128
1629,0.18753480407404777,0.5985979083627015
1630,0.1745037977131036,0.6109390957148553
1631,0.17564230294431768,0.605466211361347
1632,0.18601494156999693,0.6154468410920853
1633,0.1901503776196182,0.6018978926530576
1634,0.18138490948721783,0.606761255530207
1635,0.18246083100750402,0.6036055243602018
1636,0.1866091736336957,0.6035619508693199
1637,0.1906117984942548,0.5996931429683477
1638,0.18917889415510675,0.595373489200637
1639,0.20270991658790943,0.5932685909603701
1640,0.1916447368376643,0.6052744277947263
1641,0.1873071317460341,0.6036862724973695
1642,0.18602477538963702,0.6063781556510617
1643,0.18795062718339164,0.6130093720849621
1644,0.168856702094423,0.6190941021085385
1645,0.1898699098963638,0.6044534756336424
1646,0.1864766511319413,0.5983738628359428
1647,0.19623225986694523,0.6018063353154196
1648,0.2011844120186871,0.5892937485481121
1649,0.2047859648249138,0.5883546465228038
1650,0.17021173750030963,0.613772072267431
1651,0.18765244859213684,0.5995910222144332
1652,0.19226881281142397,0.6016812901770136
1653,0.19242460597374422,0.5967772423546682
1654,0.1842031490188219,0.6069939169608837
1655,0.18018428428097175,0.6131735592349544
1656,0.17851803244442233,0.597515991419591
1657,0.19368301649719316,0.5943377724409322
1658,0.2060716358994695,0.5897168339184556
1659,0.19223192439040337,0.5991220718997537
1660,0.1976748736898647,0.6015254377596809
1661,0.19110676535100285,0.59054659369825
1662,0.18234128874661026,0.599476382878057
1663,0.1851841260681345,0.6026819303724713
1664,0.19350710046164624,0.5936486135548689
1665,0.18060380130481327,0.6090114500415095
1666,0.19827046552066005,0.5952342052765051
1667,0.20013448391379723,0.5910314421532671
1668,0.1855767998788267,0.596357567613789
1669,0.19101923931975193,0.5986469759161934
1670,0.1804657965423692,0.6116127465798343
1671,0.1785421871747847,0.6121941983886418
1672,0.19112047396663723,0.6053261870198734
1673,0.19497072504582974,0.5916916459638232
1674,0.18124949863501702,0.6124479870532294
1675,0.1796516203860881,0.6066918554605331
1676,0.18263598215071605,0.60824324654543
1677,0.18611081234288146,0.6011005989294472
1678,0.19691344827254267,0.5854921707613833
1679,0.18990078901571913,0.601293874386664
1680,0.19752788087795617,0.5928350086641471
1681,0.18727132498060492,0.5981634320669019
1682,0.18624579722621173,0.6019607311737244
1683,0.18991719155924597,0.6013255967034921
1684,0.17771214683904418,0.6124501523033234
1685,0.19021952091045166,0.5977923107666083
1686,0.1881618053833683,0.5966738047846861
1687,0.18206881227738117,0.607287897439666
1688,0.19072402283457107,0.5993043696303973
1689,0.19528564442013682,0.595442057863662
1690,0.19503608671188105,0.6021429738817845
1691,0.19226232667931192,0.6102191568154087
1692,0.1931016780260005,0.6004054556644384
1693,0.19084314593271356,0.6012017941863044
1694,0.17974218783088797,0.6142888889801956
1695,0.19152112315835534,0.5982297182947043
1696,0.18075133019730769,0.6052207305891671
1697,0.1834889632679182,0.6024355432161997
1698,0.19118500111857428,0.5948902835994241
1699,0.17933869882732334,0.6056981544088745
1700,0.17944601093874135,0.6056230579126914
1701,0.19067475938002323,0.5979391273014365
1702,0.17971296350624913,0.6139689824513384
1703,0.17030490337382848,0.6250203629214738
1704,0.19139597964601712,0.5963504369671289
1705,0.1791493854976974,0.6057147171340619
1706,0.18400362619888785,0.6018901252201148
1707,0.19147954501610662,0.599343139910802
1708,0.19087432267617507,0.5967887056968729
1709,0.19159220191079074,0.6020293593240028
1710,0.188549724673233,0.5974374403411673
1711,0.18267191240669406,0.6034290432130872
1712,0.18598845826525684,0.5964338084388657
1713,0.18969778603913753,0.6058253394928526
1714,0.18835599944562453,0.600945629418388
1715,0.20083377203286873,0.5878168657024124
1716,0.1895161795811537,0.5955560242123007
1717,0.1897485389601475,0.6031286081020663
1718,0.18759490418083843,0.6064392061289654
1719,0.19289143820279173,0.6020888749408004
1720,0.19605698827338722,0.5999909632355285
1721,0.1970537475498056,0.604159962840924
1722,0.19013960321494125,0.5960090064051602
1723,0.18585269003394692,0.6000600686513845
1724,0.1838746971504306,0.6003271410549874
1725,0.17737634869676167,0.6075732278186344
1726,0.18346889890070872,0.60298435211781
1727,0.17857545644927464,0.6053805776715695
1728,0.1881211340670621,0.5930277622015289
1729,0.19222945337656605,0.6051803875541606
1730,0.19949909619742578,0.5865265408998137
1731,0.18909824120838709,0.6084952652992027
1732,0.17835187633365354,0.6060018728047168
1733,0.1935769207236035,0.6035506417321662
1734,0.18167461342335164,0.6117589020799005
1735,0.1899421027231207,0.6043294153060982
1736,0.19036106739202993,0.5975242755983785
1737,0.18544977123498585,0.6048877749348824
1738,0.195399150418686,0.5929467915217216
1739,0.17928344362743381,0.6128537286237573
1740,0.18861166170708887,0.5985304831308127
1741,0.19268152921444498,0.5976527012740093
1742,0.1975527701221191,0.5907084662558275
1743,0.18690473573540395,0.5995858823073651
1744,0.1971520971882439,0.5941040767816986
1745,0.1942393119609685,0.5930878465032036
1746,0.18979109649612483,0.597294638709911
1747,0.19984757268882808,0.5947636796383577
1748,0.19512625498203703,0.5994802087708304
1749,0.19278502012784254,0.6022464033485083
1750,0.19204510838080738,0.6051567645371481
1751,0.19344869507232162,0.6003981568667424
1752,0.17277451539580974,0.6173759923758465
1753,0.18503003364965626,0.6023631847599
1754,0.18923078541722635,0.6031478352398448
1755,0.18885404044970444,0.6064459339468375
1756,0.19374788882106667,0.6002484776890576
1757,0.18393036707099175,0.6044330927793746
1758,0.1854258529349162,0.6019571310693441
1759,0.18260888818918253,0.6036874178466668
1760,0.19507618844685987,0.5991144656351733
1761,0.18306769368060322,0.6087719135986612
1762,0.20216670371327394,0.592517304577612
1763,0.1903116880435105,0.6074315393746477
1764,0.18248319623352582,0.609647471436028
1765,0.19318829219656025,0.6062111284707233
1766,0.1856128786329555,0.5933116326967384
1767,0.19158626913199384,0.6062094478495529
1768,0.17597786184724495,0.6126724269806314
1769,0.193485224989981,0.6075168366521196
1770,0.1844724555075211,0.6112470954335139
1771,0.18442920598023751,0.5976415139447817
1772,0.19707908052326986,0.5921177659385022
1773,0.18136713053905487,0.5994387457078735
1774,0.17975291868083595,0.5967178338447287
1775,0.19631298840980105,0.594589399617696
1776,0.17737058619743867,0.6097133875646279
1777,0.1908569415185127,0.6009951984115842
1778,0.19305970938353625,0.6004698120304485
1779,0.1855339311741016,0.6068000038983326
1780,0.190003937326441,0.5944917944541706
1781,0.18705477167198764,0.6027161859840073
1782,0.19608555138002498,0.6029437256051174
1783,0.20232238344667597,0.5878728821825504
1784,0.1793626475595939,0.6193037558964725
1785,0.1889640748376583,0.6049600107010106
1786,0.19229417035912225,0.5922867367154607
1787,0.19414003668371105,0.5946184684439855
1788,0.18819104595422154,0.6023386436348439
1789,0.18902505604049483,0.5968538593384607
1790,0.19184639754700955,0.606557321993199
1791,0.18704546013006654,0.6088464702365016
1792,0.1826627866502539,0.6052604519009535
1793,0.1888720254081404,0.6066881062133236
1794,0.19069950214194495,0.5977525861043053
1795,0.1880875808497118,0.6038376961703747
1796,0.18977212324589626,0.6044877617745696
1797,0.19168374311895475,0.6061162377863644
1798,0.185709584992149,0.6019177462293319
1799,0.19989863592509782,0.5981373043271107
1800,0.17601346287447148,0.6040486146890978
1801,0.19701069918251735,0.5989852445446425
1802,0.19738619495237608,0.6030852627591387
1803,0.1887675021599226,0.607489456317424
1804,0.18579774596478854,0.6075786392847495
1805,0.19509546011678278,0.5942890749150255
1806,0.18716658286927787,0.6083216216115058
1807,0.19097326330955802,0.5944973412235146
1808,0.18680809434220916,0.6101132565369127
1809,0.18650973179266034,0.5992988470070895
1810,0.19938277970179138,0.5917684868395601
1811,0.177388424098918,0.6121021157933109
1812,0.18561257756390054,0.5959307302046303
1813,0.18470497054616067,0.6002465343028945
1814,0.186692768784966,0.6062915241660605
1815,0.17897143209390162,0.6110614076414819
1816,0.18348574424799083,0.6131239443476664
1817,0.18036432134370153,0.6099487171860104
1818,0.19495983622726154,0.5910047099509891
1819,0.1652847835447407,0.6174740515971412
1820,0.1831464962337095,0.5999985579010113
1821,0.19388101326751714,0.5944175739596411
1822,0.18905985710753095,0.6055113971585521
1823,0.18706860789850507,0.6019398875517143
1824,0.17360060347791834,0.6029427918508629
1825,0.18373142862988698,0.6053633853336406
1826,0.19192100091679998,0.5932229165478302
1827,0.19714647584410352,0.5859702480073411
1828,0.20553106223872145,0.5914933131335581
1829,0.18799497001994808,0.6022117629023709
1830,0.20007687817873826,0.5907691957562399
1831,0.18676658517140632,0.6030973148690644
1832,0.17421248831277536,0.6036951043979234
1833,0.18256789204043752,0.5975089472340783
1834,0.17519856076178206,0.6182124229133906
1835,0.18702125683275558,0.602070037725258
1836,0.17923283187796468,0.6097908462280421
1837,0.18609408670116295,0.6077869920001969
1838,0.18116377734847566,0.6094073321877833
1839,0.1896386415506618,0.5973669140503721
1840,0.1911151534173539,0.5976670437203396
1841,0.19893503447823968,0.5846042868498667
1842,0.20192831204695483,0.5946893203792214
1843,0.1958027021591011,0.5897291135305153
1844,0.19115188217042473,0.6084896175096262
1845,0.1728892791600299,0.6185767218130902
1846,0.1862479730353306,0.6121373835774364
1847,0.19161178253381728,0.5978780491758403
1848,0.18516602749405092,0.6034621275307834
1849,0.1910759196791324,0.6004429333588986
1850,0.19307910727029368,0.6098825397510881
1851,0.1938158634276991,0.5973049005816146
1852,0.18660757294215932,0.6062393189311489
1853,0.18454316323884812,0.6036980719260332
1854,0.18911139003207827,0.595610011471327
1855,0.17975437102001735,0.6006021447317298
1856,0.18974291339536664,0.6006747142432491
1857,0.19418248021815457,0.603796773424717
1858,0.19776917405870018,0.5956548212103037
1859,0.1950394795935324,0.5861027392702248
1860,0.19186478069644688,0.6045804262534668
1861,0.19505090160781946,0.5959298829726667
1862,0.18646869578308392,0.5996681758361926
1863,0.18012387950918318,0.6015963731527839
1864,0.19289534258740182,0.5866515789856215
1865,0.18951251518473805,0.6037999212107753
1866,0.18363777877681572,0.6056554123628861
1867,0.1875306436266157,0.603982895324387
1868,0.18344203815629284,0.6073708333926944
1869,0.1818907324650937,0.6147640772657958
1870,0.1762906198540159,0.6061907556557579
1871,0.19404616957653467,0.5992800916427083
1872,0.19343848928812535,0.6037808143554574
1873,0.17502746969220934,0.604263527286176
1874,0.19241754681626766,0.5973353065342856
1875,0.18856095632825762,0.6093961321578275
1876,0.19196164051990752,0.6032136644896856
1877,0.20236493996057597,0.5964902366496727
1878,0.18552962244823354,0.6045935891858736
1879,0.18796972284267516,0.6039246412171734
1880,0.19194430959123548,0.5955480727948671
1881,0.19632803574425234,0.5969481513443471
1882,0.17619267206001485,0.6059916414702438
1883,0.20162375676755703,0.5823676267930149
1884,0.19171657127736239,0.5976935279213034
1885,0.1854637468825901,0.612761486311547
1886,0.18606720023374437,0.6027942638182332
1887,0.18685102600941214,0.6066494816159063
1888,0.1952715811304155,0.5894330389701676
1889,0.1957692763298555,0.6016031635218103
1890,0.19242042629933961,0.5961381107696845
1891,0.19858427166940565,0.5987936741761146
1892,0.18734922483452535,0.6042955466818715
1893,0.18569888688844938,0.6044991077543985
1894,0.18275649545170922,0.6165079342342211
1895,0.17293889037527926,0.6220919986286088
1896,0.17710219840408942,0.6086515032044038
1897,0.19924461626792708,0.5937432733507493
1898,0.18390459971786993,0.6122475714944923
1899,0.18426419275665948,0.6018498862127798
1900,0.18971737516198547,0.601536729450825
1901,0.19455580701976416,0.5956287959467826
1902,0.17661732707324776,0.6174579082996688
1903,0.19400480118209362,0.6003590951479048
1904,0.18442657938765417,0.603439228834267
1905,0.20191413645719575,0.5854822438936848
1906,0.1851716252373092,0.5997184342611912
1907,0.18941538589656015,0.60863409875672
1908,0.1720435503297285,0.6055519189267228
1909,0.1870964423141082,0.5977157093118125
1910,0.20211550631220812,0.5972243643895977
1911,0.19485725606823634,0.5965717819705896
1912,0.18953005883402427,0.6104039226453509
1913,0.18911612223790492,0.6032977383420242
1914,0.18435298166117012,0.6005025369362263
1915,0.1901124307095776,0.5924667965461291
1916,0.19242022033668785,0.6109164261726906
1917,0.1846342065090324,0.6006254370854097
1918,0.19575966190208416,0.6006102077941068
1919,0.19533048044326795,0.5962400726880281
1920,0.20082914531505539,0.5850508179819086
1921,0.19218920895369332,0.6044529195665331
1922,0.19238876562637428,0.6095267637280495
1923,0.18264491525307844,0.5945920813512621
1924,0.18454974715684905,0.6038681658560064
1925,0.18228618081208747,0.6077260033354723
1926,0.1922423098426167,0.6068754083805187
1927,0.1839313386663298,0.6129986514108285
1928,0.18521592629590786,0.6018926086465043
1929,0.19035256865965397,0.5988668842555187
1930,0.19501067115198462,0.6018640504569396
1931,0.182229548204814,0.6056951823678258
1932,0.1816305000803078,0.6106416020652559
1933,0.1871600146764344,0.5981382533899073
1934,0.18592411605328718,0.6035358504417443
1935,0.19027601881545622,0.598601928699412
1936,0.1882278310237947,0.6082104522076343
1937,0.18012153011585746,0.6047077799132561
1938,0.19128210252856478,0.5994396397992545
1939,0.1907160047515955,0.6049714165381969
1940,0.19356640427012775,0.6001539172331691
1941,0.18466692182817154,0.5945427486083149
1942,0.19128900053472303,0.59241117899777
1943,0.1801813996472951,0.6047052014187143
1944,0.18850924800586139,0.6072804220749782
1945,0.18117759955464252,0.6049474809349003
1946,0.18682746816843138,0.6039902759661674
1947,0.1817974798421568,0.6161691172297968
1948,0.20630674292604181,0.5852378715631656
1949,0.18519693199499226,0.6019410335153247
1950,0.1839860463401991,0.6092086924043522
1951,0.1923331812626932,0.5965592468361364
1952,0.1810536915251802,0.6126320748127466
1953,0.194091414301531,0.5971917384698664
1954,0.18275510267693035,0.6039352750675331
1955,0.20311110335505578,0.6001080708433271
1956,0.19622986041893753,0.5941025989633464
1957,0.18487337442866889,0.5968643770410593
1958,0.18854981681023142,0.5997382909702447
1959,0.18410201959170133,0.6124841360699866
1960,0.19002965052145948,0.5964648672768248
1961,0.1881490308838854,0.5931739917193423
1962,0.20050210031730176,0.6000641851207509
1963,0.189243724170986,0.599468379856067
1964,0.18287826595985188,0.6080465376271436
1965,0.18299842507524902,0.6170599161696622
1966,0.19515975126042295,0.5880836542989032
1967,0.19591834207770675,0.5920109062034107
1968,0.19395390516553626,0.5968674750012936
1969,0.17214178555262816,0.6149616327666774
1970,0.19011316824494412,0.6034918334830421
1971,0.1836280416459886,0.6120988940499265
1972,0.19230622541674147,0.59063618930174
1973,0.17989675390978718,0.6111268666942523
1974,0.1995594553108968,0.5864673778839661
1975,0.194488080859698,0.6002455807710662
1976,0.18176337838640963,0.6087310306413418
1977,0.1992753391263482,0.5889154771191564
1978,0.17278761844051005,0.6131099482316693
1979,0.18332319390047594,0.6053592791859198
1980,0.19173354713091237,0.5954605669323798
1981,0.1838331699186335,0.5963778140392305
1982,0.1938124824553621,0.5992326712261427
1983,0.18218485454276354,0.6127472894167283
1984,0.18723507016014607,0.5935433815869892
1985,0.19877064284437532,0.5948474491141582
1986,0.17083964507827004,0.616074306578333
1987,0.2003591582044189,0.5981473872062711
1988,0.1900995406186383,0.5922271041182107
1989,0.18450206403520383,0.6062790701882852
1990,0.19496868366840175,0.6045558222571387
1991,0.18991667153870878,0.5976758684659835
1992,0.19426807640716307,0.5966474899262805
1993,0.18030886405560576,0.6095028782996359
1994,0.17985150294998653,0.6099723190716999
1995,0.1776409438746886,0.6158730539063613
1996,0.19130385783416007,0.5929896281843237
1997,0.18346485513866254,0.609828970297601
1998,0.18548047665745973,0.5962429135765982
1999,0.1943500864164468,0.5930878957127659
2000,0.19946306169603667,0.5923471709176886
2001,0.16172816163840392,0.617705377297052
2002,0.17758316440586805,0.6112443665056888
2003,0.18791357175178958,0.6042235271496027
2004,0.18214946358767403,0.6084398186311347
2005,0.18406647578031765,0.6116864049172881
2006,0.1837338837019069,0.6135014092364061
2007,0.20216882217927754,0.5965480387421725
2008,0.18585723014459682,0.5966353017322605
2009,0.19441190543061754,0.603604184710617
2010,0.17218989161350615,0.6108030591978837
2011,0.1902041568129896,0.6005964452058781
2012,0.19924157480586926,0.5929595805763169
2013,0.18279762447680126,0.6094805156340711
2014,0.1922454213141399,0.596407425851449
2015,0.1887306840085953,0.6073120670150456
2016,0.19208910697654355,0.6027923586382686
2017,0.17954846254276466,0.6108874672588096
2018,0.17570566570600532,0.6034820680728269
2019,0.1848875933016114,0.5990495605147508
2020,0.17948913450843573,0.6072557354620498
2021,0.1736556945589932,0.6011474998348049
2022,0.17879955460849165,0.6118749328948216
2023,0.18283169541552446,0.6028470362990278
2024,0.18295810876025026,0.6063818781678755
2025,0.17229250333629786,0.6114855075769301
2026,0.19393626667712197,0.6042453101209223
2027,0.18206488874210058,0.6109616603982434
2028,0.1967270201134839,0.5989454248614472
2029,0.19814311271496277,0.5982137886569218
2030,0.1977296760122819,0.5959413964474244
2031,0.194541471687828,0.5956132903104011
2032,0.1944242954158859,0.6031253268573996
2033,0.19174116135307964,0.597349270824334
2034,0.20094140427075893,0.5941870739965321
2035,0.19291570499870583,0.6055479648663499
2036,0.1797611528066779,0.5954936608882572
2037,0.18874697943503702,0.6136350107394181
2038,0.18973366521019813,0.6005468447265128
2039,0.19474898347632483,0.6033640201926267
2040,0.18365997283946991,0.6027908297739576
2041,0.18880086184193484,0.6036728084829606
2042,0.18278616864050562,0.608620147393679
2043,0.18861836837368426,0.6005258975885114
2044,0.19065885027300705,0.5965120020085516
2045,0.20079145147606534,0.5921903722635047
2046,0.19097987961935536,0.6009871204877506
2047,0.18278313289376133,0.6063265795700741
2048,0.18404657062356486,0.6062190372594407
2049,0.17074147759883962,0.6119551581418563
2050,0.18809937991545492,0.5946147314198763
2051,0.17624693996296728,0.6136081653318947
2052,0.18389050008753619,0.6002550318238099
2053,0.17295584419128632,0.6040679299665396
2054,0.19844168474139234,0.5923535533797236
2055,0.18504243646250296,0.5996827762662756
2056,0.1863276817980673,0.6027037035209661
2057,0.2053011305075933,0.5998545729878988
2058,0.19709141214369266,0.6013214971130445
2059,0.19072571474665492,0.601587175918939
2060,0.19325806625048714,0.5953992834836057
2061,0.1823566583408426,0.6018528991625312
2062,0.19935978875097213,0.6040243182984071
2063,0.18729122032274814,0.601328061715171
2064,0.19100553955101068,0.5979904005755428
2065,0.18681496994920077,0.6014515083703389
2066,0.17863689990471873,0.6097498036668777
2067,0.19121357654839977,0.594465267068217
2068,0.19606547730656876,0.6019292764599686
2069,0.19417700909075253,0.5943738704954102
2070,0.19898396864798812,0.5871953022566325
2071,0.19047179140645604,0.6003185465888714
2072,0.18077955089335881,0.5983251588398346
2073,0.1929174067217146,0.6030151290999488
2074,0.18416852433216782,0.6098484911188811
2075,0.18713608204444002,0.6007933502818116
2076,0.19400997742120424,0.5948545728804374
2077,0.19198803613932297,0.6033937788666187
2078,0.19427067976061882,0.6038607818610399
2079,0.18977313578879437,0.606127198315281
2080,0.19202055503110324,0.6036805694282207
2081,0.18698401929268202,0.605908653001492
2082,0.17953992852646553,0.6098794212182095
2083,0.1765353246784342,0.6148267590205126
2084,0.17750694130729777,0.6151443054500941
2085,0.19111707678109857,0.5979105950934225
2086,0.18992180467566605,0.6011136698207558
2087,0.19174700388368673,0.5911233126635165
2088,0.18847848552014035,0.6009977072045828
2089,0.1888784318469507,0.5910765644912813
2090,0.1811694676924612,0.611548806902071
2091,0.18334025270759308,0.6036493179018724
2092,0.18128335636374707,0.6149752271660704
2093,0.18492334826391663,0.6014942823757405
2094,0.1850131236649854,0.6033984701453908
2095,0.19560989510716573,0.5974325149334861
2096,0.185874846968993,0.6094274034925692
2097,0.18986244220495457,0.602836026003676
2098,0.19686743807368073,0.6010082132300226
2099,0.18277770812254177,0.6029592143279471
2100,0.18126739951819726,0.6105131541786891
2101,0.18498368310037352,0.6061980598785842
2102,0.1897959686270181,0.6005438301343567
2103,0.1888471646230579,0.5958895441139602
2104,0.19042507656917076,0.600688156618846
2105,0.18118622748271146,0.6008517486623247
2106,0.17423355397467127,0.6094414883039205
2107,0.18689226699038142,0.6070354104160555
2108,0.19752819834562602,0.5947945515756814
2109,0.19804777878469135,0.5968093962978909
2110,0.18765137213401353,0.6022480561406127
2111,0.18863942015104215,0.5960492041628139
2112,0.18877543469849664,0.6030777035279538
2113,0.1918601159112505,0.5996789159960102
2114,0.19350890140328358,0.5994198692012016
2115,0.19365146442245929,0.6077119322917004
2116,0.19376825411385776,0.6013741811391705
2117,0.18797917691376498,0.5995518064190821
2118,0.1875611585007815,0.6025591108537401
2119,0.1798464022419626,0.607562163923642
2120,0.18955665450576792,0.6060631874764834
2121,0.17796214594360316,0.6126757253390896
2122,0.1848810547386381,0.5974351092380553
2123,0.17807451486372597,0.6081814775307521
2124,0.19187390120401682,0.6013055949154944
2125,0.18920783489999501,0.6037233225857852
2126,0.19401282496020208,0.5871496178186529
2127,0.1847483015234958,0.6006474013538676
2128,0.19595064179259725,0.5901457777156938
2129,0.1931898139133603,0.6020050483071121
2130,0.17361647025264912,0.6071797474860271
2131,0.18412279342678192,0.5922226364351956
2132,0.18708357434187528,0.6046779961240284
2133,0.1857506091885086,0.6023193619383662
2134,0.18299901374234637,0.6104473283673725
2135,0.1889481272286439,0.6048210721865104
2136,0.18040298041573471,0.6012271283748236
2137,0.1801820730870629,0.6123538435687085
2138,0.18575780411811654,0.6018580993601557
2139,0.1924088603253148,0.5981807392788514
2140,0.19580290768865252,0.595548027285535
2141,0.19009551185953902,0.6030618213423831
2142,0.18866663577332443,0.6085645905511894
2143,0.19124131101655428,0.6026231848247363
2144,0.18490698271614273,0.6033997416349619
2145,0.19332721036166492,0.6037859954646414
2146,0.1973732880784624,0.5933899085365268
2147,0.18999837423289428,0.5903794143706342
2148,0.18230142602628835,0.6070396063847533
2149,0.1774056665962383,0.6082009223610614
2150,0.1815003989545525,0.6014787098877137
2151,0.18607497075017784,0.6074367970504723
2152,0.19497193679472416,0.5989841978861636
2153,0.17797123504394807,0.6159882399494401
2154,0.18735010167431349,0.6041374958301349
2155,0.18110398444780648,0.6025988961959161
2156,0.18204044268351882,0.603241179224741
2157,0.1691617328693872,0.6069900835701071
2158,0.19222301801035205,0.5978098824069265
2159,0.19408268969077327,0.6127113027762299
2160,0.18625468610617782,0.6102909473717337
2161,0.18260328415725127,0.6059195077287645
2162,0.1860950425279836,0.6082268594864918
2163,0.18061308030115428,0.6056954083822361
2164,0.20101588796194528,0.593265764664914
2165,0.18068165996160301,0.6146223011780415
2166,0.196208710952341,0.5871775064655456
2167,0.18340778748800407,0.6119813522712918
2168,0.1766525279027772,0.6156262550737669
2169,0.18395568538933918,0.60922815036165
2170,0.19568796890828555,0.5990001022744202
2171,0.1823249358808985,0.6000701797552606
2172,0.19648379130813248,0.5957601944497809
2173,0.18455561187523323,0.6064879488029595
2174,0.17297282271659073,0.6162367143377087
2175,0.18351264366398118,0.6053866190928961
2176,0.17735569340638435,0.6106237006461938
2177,0.1895735077789306,0.599729926512953
2178,0.183442474124389,0.5982779571823548
2179,0.18110109472978053,0.6071038857269815
2180,0.18201791757952152,0.6043741557821651
2181,0.18570387259279497,0.6111395912517634
2182,0.1879218381116645,0.6013157698629642
2183,0.1919971971103262,0.6088491567250305
2184,0.18335492270962742,0.6112305107234479
2185,0.1766859597842209,0.6189875209410574
2186,0.1798696701333541,0.6041455199281779
2187,0.1856857322341104,0.6024933012105136
2188,0.1755307066656764,0.6163531786149625
2189,0.1937150033177619,0.5995818421502936
2190,0.18976145036938513,0.5980154772359855
2191,0.1812768350361259,0.6027943703772347
2192,0.18562202142054005,0.6057844301891213
2193,0.20240488113522292,0.5972669874503757
2194,0.1816967247325784,0.6014304159901311
2195,0.19894369568400844,0.5932212297829056
2196,0.1982705584795136,0.5953435112763367
2197,0.18641656240367135,0.5997068270264837
2198,0.1901238352177257,0.5935775569499339
2199,0.18939279822549976,0.6068918976180088
2200,0.19749921304291546,0.5945188258837989
2201,0.19229658210083253,0.6004549319842054
2202,0.19166009053630845,0.5974186746827381
2203,0.1704334245935793,0.6081898364176747
2204,0.1857177080071701,0.6057701889335478
2205,0.18595241002110013,0.595875312843852
2206,0.1931694821474101,0.6086607000885759
2207,0.17790522998625247,0.6128207119523332
2208,0.18955730531040227,0.6046102531053237
2209,0.17940101276521606,0.6047784762174785
2210,0.1886057394140066,0.5909226499734747
2211,0.19082239863807174,0.6056877844703495
2212,0.19637898550949215,0.6026549655593787
2213,0.18330157460046045,0.6034188691080244
2214,0.16898207644518304,0.6137941082495433
2215,0.17285256024037254,0.6189646671917028
2216,0.1793615400463367,0.6083749752152833
2217,0.18668206903101806,0.5968975475682303
2218,0.17043259292903412,0.6160021233130984
2219,0.1856868523271239,0.6070469974338938
2220,0.18460949628387996,0.602977522420937
2221,0.1942009343522858,0.5998569471723052
2222,0.19007814204583634,0.5962991668017842
2223,0.19079566310643192,0.6050705493604291
2224,0.17885555300822134,0.6073696661896593
2225,0.18922141861538017,0.6041734223539073
2226,0.18985779593593163,0.6150256687238569
2227,0.19533376867207958,0.596332173295643
2228,0.18981587960708965,0.6015335036301586
2229,0.18762564903216483,0.606738553991372
2230,0.1746973189194728,0.6096010753619409
2231,0.19317661428883046,0.5929146903630977
2232,0.1888235426921933,0.5965382350920883
2233,0.18684711666444925,0.6019459142326455
2234,0.18410775757745765,0.6148329189532783
2235,0.1804614282432228,0.6066551837928028
2236,0.18051798591421508,0.6023890194897684
2237,0.19015954128096893,0.5966558904750556
2238,0.1914897783132366,0.5958813144293017
2239,0.19706971884511157,0.5951594625631565
2240,0.20280634549032767,0.5960417483615957
2241,0.19687102529755188,0.6007771388457115
2242,0.1927383610930954,0.5931014260690047
2243,0.19073819712183226,0.6037015545484345
2244,0.19067642910751367,0.5982208612789164
2245,0.1784503790920433,0.6093547689612364
2246,0.1839358812280611,0.6107738032760315
2247,0.1882361860354264,0.6113234010864927
2248,0.18918785010577163,0.6070519413169813
2249,0.18973726569140673,0.5935566489618181
2250,0.1847550273283428,0.6023660042069766
2251,0.18910511058401508,0.6001056544220876
2252,0.19266595950986404,0.5993543534417907
2253,0.18987487886948146,0.5943651977554876
2254,0.18364978883806984,0.6025293888592762
2255,0.20229311166525937,0.5880073174509128
2256,0.17303874350001125,0.610071574367365
2257,0.19094478374472032,0.6054188759556348
2258,0.1823925204065087,0.6051187505780474
2259,0.19302540351546962,0.609910468031143
2260,0.18446691364496928,0.6010692449279956
2261,0.1964056626960893,0.5862409464458577
2262,0.18850122038205666,0.5981489686703814
2263,0.19293137866648366,0.5973943306518104
2264,0.1829042801228689,0.6059054318436927
2265,0.18940280398105483,0.5884202074496144
2266,0.18601460740410744,0.6049411674799575
2267,0.19392115556842274,0.5971800656064546
2268,0.19193487679795662,0.5999686144427678
2269,0.18420753906472032,0.6032077238905832
2270,0.19230978024324694,0.5971611227605422
2271,0.19262405122395834,0.5999065417980853
2272,0.19129385383306666,0.6059168603518514
2273,0.1877324121894634,0.6074907080015068
2274,0.18668162244928535,0.6094493001738441
2275,0.18344379250974605,0.6011355472171498
2276,0.20111541002769637,0.6008807886532194
2277,0.18269545555282637,0.6119879609077732
2278,0.18000813212084057,0.6108445126463433
2279,0.18512078589601924,0.6124794260107711
2280,0.20409162208668055,0.586139542430132
2281,0.18467472384964417,0.6018801495298639
2282,0.17692012418880348,0.6141396602910352
2283,0.17956221487945503,0.6090780586799329
2284,0.17891652509924166,0.608148233651561
2285,0.1764447977818713,0.6059862466717671
2286,0.18265399960098527,0.6030587019841807
2287,0.18589675881670525,0.6024107011732674
2288,0.18785195464761567,0.598041470682724
2289,0.1935797614653974,0.6004015870903482
2290,0.19166227148240955,0.5986183412883557
2291,0.19089628600131095,0.5950519743179096
2292,0.1817623285954178,0.6099283019247743
2293,0.18655650208114424,0.6025666561411401
2294,0.1780375595561533,0.6111921131099585
2295,0.18929205779095656,0.6024939365343447
2296,0.18614851474027577,0.6063659735764898
2297,0.18531524816012826,0.6054993736091778
2298,0.19816120833295375,0.5849696499326607
2299,0.18602494103265424,0.6107475293654673
2300,0.20103355237593826,0.5952707588508575
2301,0.1900052322874993,0.5956154837454588
2302,0.19579289562072089,0.6008311276966876
2303,0.18977803202702598,0.5933730157976955
2304,0.17532913733583222,0.6111970979069693
2305,0.18522269057525886,0.6084683724231807
2306,0.19236763495595033,0.5990854510068196
2307,0.191148721227835,0.6038602463195757
2308,0.18596534434360382,0.6064036526299346
2309,0.17787743952605176,0.6046292081171829
2310,0.18754675773402255,0.6066950731906539
2311,0.20621394616416336,0.5845295864403715
2312,0.18398869846903715,0.6043809775311915
2313,0.19552243580504114,0.5951374590546553
2314,0.17816755910328058,0.612573946228942
2315,0.1748917585645455,0.6221864340342521
2316,0.18294201300728974,0.6100462893128443
2317,0.1842168284083843,0.6019093303544981
2318,0.18776525830492866,0.6119778843000965
2319,0.20132743552935095,0.5858102454328807
2320,0.1895159156640211,0.5985599393517994
2321,0.19773130150745585,0.6002662647098653
2322,0.19021488561974684,0.5937686045632389
2323,0.18799042986463535,0.5964278540558309
2324,0.19479150458304118,0.6020071124401986
2325,0.1909960548303622,0.588367791790599
2326,0.17975177673434048,0.6076272380999144
2327,0.18831260386239254,0.597710070775563
2328,0.19957366704583215,0.5963199387181005
2329,0.18554428784901408,0.6065468289700638
2330,0.18537316377655338,0.6024247088791179
2331,0.18200624729487527,0.5979005914749826
2332,0.19458018465570984,0.6019862345449858
2333,0.1940573028184086,0.5985911952960429
2334,0.1799208108150632,0.6069454075726401
2335,0.18967055727157933,0.5939361444468984
2336,0.19449010039944511,0.6021129512561874
2337,0.19120442039228353,0.595501121946761
2338,0.17991778128774988,0.6088351866844658
2339,0.17778685683110318,0.6051446369367519
2340,0.193093224266511,0.598896440910019
2341,0.1785802718377287,0.6188208044809324
2342,0.1893437278283788,0.5953883939702819
2343,0.19387048578540272,0.60533639148345
2344,0.19667732382016725,0.6005373615750045
2345,0.1890670587068494,0.6140663604813243
2346,0.19655862919940284,0.594687418824791
2347,0.19065929864045283,0.5994878082444559
2348,0.1774408001529153,0.6077972895229172
2349,0.1806228862634294,0.6085848674846723
2350,0.1955526516847316,0.604737412332929
2351,0.18784825630156046,0.5951658531089203
2352,0.19049892576423055,0.6040112810339697
2353,0.18821609680773743,0.5991312677310967
2354,0.18049253564656484,0.6047649873950405
2355,0.1788561086772649,0.6133230736667736
2356,0.18469187911273896,0.5974222297115915
2357,0.19088672457313333,0.6054364320680414
2358,0.19391013116150005,0.5939089426053571
2359,0.18526801674406304,0.5955054125030683
2360,0.18441734138495158,0.60685376613324
2361,0.1854772987408858,0.5931118667041746
2362,0.1923813771307544,0.5990797409059422
2363,0.20619816307579655,0.5879045031092434
2364,0.18907183857320167,0.5965183138012173
2365,0.18939103022345638,0.5847607056574355
2366,0.18598395287605218,0.5990590859111486
2367,0.18830404933799041,0.6012048613723966
2368,0.17452416481323713,0.6062444567612599
2369,0.19350292299748068,0.5936916495610025
2370,0.18452868598299915,0.6056766908401677
2371,0.18677250548748348,0.6008971510986336
2372,0.19003375153463714,0.6022485371865757
2373,0.1908162887341663,0.6045603133810876
2374,0.19792430115889312,0.6046253352921724
2375,0.18431601781995285,0.607211271204494
2376,0.19173990775162017,0.6042877555821493
2377,0.18432118140885068,0.6118762424408176
2378,0.17528883783357027,0.6105333261496898
2379,0.1808375105515215,0.5935257042325809
2380,0.18759395186787056,0.5983029869169448
2381,0.18934173763591178,0.5952766997337835
2382,0.18086409336929446,0.6125824464769882
2383,0.1842642509705787,0.6020789648883843
2384,0.18992932702694437,0.5984230842431617
2385,0.1892982845211277,0.5970189143643326
2386,0.1885053132508347,0.6025755355602003
2387,0.17531966401446514,0.6090149703195527
2388,0.1984491875875653,0.5920827560425405
2389,0.17762707798787095,0.6062433458908536
2390,0.18662420653394945,0.6049339401958395
2391,0.18924014425339675,0.6037697329823575
2392,0.18610195211815445,0.6060508634412052
2393,0.17475575112955408,0.6088351339624617
2394,0.17990732767399178,0.61721748762338
2395,0.1846458638709444,0.6090296022901338
2396,0.18648331638956658,0.6060123714615805
2397,0.181933615471631,0.6085671666371641
2398,0.18534511053185324,0.5948242122930183
2399,0.19911217027641562,0.5952005682538135
2400,0.198357356826126,0.5952628526377889
2401,0.18637732575778596,0.6001006996491786
2402,0.18036128866993048,0.6061782869947414
2403,0.1770626877369296,0.6079016704423271
2404,0.18996187163419231,0.6005636612557073
2405,0.1860852352998012,0.6006389909870736
2406,0.18469805952561374,0.6089823557239467
2407,0.21005077102356617,0.5837529560334134
2408,0.1876977962085931,0.5991659710671826
2409,0.19289430276288586,0.6011636959151291
2410,0.19539978543554162,0.5934770997979297
2411,0.1859179256640615,0.6055291848927971
2412,0.19095165197285005,0.5959755740526668
2413,0.172212425101281,0.6075347106607344
2414,0.17363592952874846,0.6023122746240525
2415,0.1897772125100635,0.6010961169005906
2416,0.19818389275501552,0.5913085535422307
2417,0.18230226591197157,0.5961967879166371
2418,0.19789807760806302,0.5879544766189748
2419,0.19664233933047415,0.5975690828407925
2420,0.19239526972175702,0.6011890905445566
2421,0.1782027261179488,0.6107371759792908
2422,0.18204757339475774,0.6036879003279432
2423,0.17371299949388522,0.6027506517750681
2424,0.19065532963892384,0.6026461938673867
2425,0.18516439298527415,0.602585283544272
2426,0.18134683017002012,0.6073465425420084
2427,0.18700856487257614,0.5987125120288317
2428,0.1846998033385058,0.6019268479830168
2429,0.18677594801802255,0.5974777898311886
2430,0.1886125103515494,0.6019362825716734
2431,0.19950613180791668,0.6011132644119241
2432,0.19163668473930257,0.5921597565786113
2433,0.18114483248360846,0.6099313555457918
2434,0.1903550307857693,0.6063709360996827
2435,0.18460694459735058,0.6049871822598453
2436,0.18302697606676788,0.5981839664871017
2437,0.18574108576779166,0.6084693861741117
2438,0.1759845239811882,0.6036963258124054
2439,0.1740322608141725,0.6133927369447212
2440,0.17510981189372674,0.6122037876542791
2441,0.17744986647902602,0.6066955315991318
2442,0.19214693621238535,0.5985386448633981
2443,0.19208001787075898,0.6016052967583962
2444,0.18623312229932118,0.5993359824082962
2445,0.19161991178864649,0.5976270397777701
2446,0.1885792251284297,0.6062601573167532
2447,0.18823057080511635,0.5982668418700126
2448,0.18798535440103925,0.6064056863996641
2449,0.1825379794319669,0.593998586044967
2450,0.18473307973508524,0.6111958993117249
2451,0.18746976723874065,0.594641566410613
2452,0.19246552311899792,0.6065122120085397
2453,0.18458338683437717,0.5988575130006788
2454,0.17535612933186384,0.6233186416139789
2455,0.18137340707473407,0.6036712722787168
2456,0.18328886554411156,0.6004674794341844
2457,0.1888960737032448,0.5969913091352542
2458,0.17800419889143873,0.6073696653990397
2459,0.1999507860590758,0.5975077047496671
2460,0.19537359433377224,0.6006405372558888
2461,0.17064632118410317,0.6177169555630101
2462,0.18590724345113016,0.6053273852039728
2463,0.1759879670268518,0.6107441220645069
2464,0.17848888719852923,0.5980546907856568
2465,0.19065629862973427,0.6085975676534058
2466,0.18314567345782176,0.6051343099167221
2467,0.1909293688988239,0.5972407601434291
2468,0.19994477464646,0.591968863208613
2469,0.18034638841972875,0.6127530983335319
2470,0.19435921722361194,0.5947463324239081
2471,0.18964792837941283,0.5976233554124766
2472,0.1814259519700214,0.621633741128777
2473,0.1905674735896799,0.6005841862854944
2474,0.1738786913845189,0.6139377952679952
2475,0.19510855954361184,0.5987770241230278
2476,0.19729606556463816,0.584644688047521
2477,0.1915075215272523,0.5936067013029955
2478,0.1833716078789217,0.6012603043372895
2479,0.20083636648636685,0.5997169582598666
2480,0.18584207915333825,0.5976329079544301
2481,0.1909548803728197,0.6025112802587709
2482,0.19136539756997425,0.5926233577703839
2483,0.19086128565937394,0.5983277403701904
2484,0.19367327953017063,0.6036762031557362
2485,0.1860497235531042,0.6148891101124081
2486,0.17898855997008298,0.6059668666320827
2487,0.18847565520811083,0.6059233033553793
2488,0.1915531985395443,0.5915990744272208
2489,0.1814684770362866,0.6044990628644257
2490,0.18757657897522806,0.6038011111158011
2491,0.18026915752552153,0.6075769213082987
2492,0.1858995557111036,0.6086455746352281
2493,0.1820391761614114,0.6022368839947512
2494,0.1883555399374229,0.6053857627004511
2495,0.19621233839984334,0.5921948182847467
2496,0.17915708986805862,0.6009413951005972
2497,0.19347205452240762,0.5970647791795529
2498,0.19057613284139116,0.6030962135775086
2499,0.2031815265474044,0.5876823416508258
2500,0.19183258912879916,0.5922361281244338
2501,0.17746909921716236,0.6079551659563872
2502,0.19985218234176025,0.5896859602187963
2503,0.1902437161475211,0.5923785968857466
2504,0.19205817651041443,0.6072230063484774
2505,0.18058878641028675,0.6140587619154901
2506,0.18457649243151722,0.5993583515608508
2507,0.18901280593678751,0.5958970086882973
2508,0.18129188262984608,0.6153737068275102
2509,0.19663615536128984,0.6040464244163969
2510,0.1909612297060328,0.5902545795662398
2511,0.18396659489819864,0.604906982438436
2512,0.18770909511783562,0.6134265434443088
2513,0.19386826174809904,0.5955875263466182
2514,0.19592948254535977,0.6050679457132866
2515,0.18234579474627796,0.6068754312801099
2516,0.1896445763993936,0.5987805999096174
2517,0.18863332167319502,0.595637567395974
2518,0.18772870279402168,0.6043544868537982
2519,0.18996708506577625,0.6018672546796799
2520,0.19530738214748514,0.6000293263614305
2521,0.1858376865416185,0.6035996855588746
2522,0.19739902365524786,0.5950089630263595
2523,0.1901017369557051,0.6077199904683344
2524,0.19545130840228864,0.6012997562173067
2525,0.1901551474952146,0.5954104587455944
2526,0.19368525010262413,0.603424791007451
2527,0.16836714977521858,0.6174363002974275
2528,0.18401078673991783,0.6144015414648777
2529,0.18644478829246114,0.6030431892014905
2530,0.18395527138153292,0.5984656250228259
2531,0.18974837326987365,0.6040802013790979
2532,0.19363242014625262,0.5964059158075737
2533,0.1783248063129521,0.6140503955493487
2534,0.18111970369998276,0.6161013462347463
2535,0.21349740944285528,0.5821588975935834
2536,0.19327935421450415,0.6014055991163378
2537,0.18033311097624413,0.6169637422690024
2538,0.1990102392978536,0.587099526633163
2539,0.18225075822370018,0.6067291175422868
2540,0.18531429750662515,0.603904261059147
2541,0.20908209629236776,0.5852196441965285
2542,0.18847857464941883,0.6014112132807363
2543,0.18645345093852242,0.6006963983290086
2544,0.18394968784300844,0.6046466984289435
2545,0.19160150915033267,0.601797250242909
2546,0.19679964092837518,0.5991284030480921
2547,0.19209201576258966,0.6020234003368045
2548,0.1889519915913983,0.5958979204686006
2549,0.18829168177308633,0.6001667347321124
2550,0.1901379036579511,0.595208888771916
2551,0.18112447554689767,0.6025596030272217
2552,0.18097243956934675,0.6038547913227634
2553,0.1856923953193463,0.6051903097831395
2554,0.1845788408014011,0.6049343046562088
2555,0.18199647221375181,0.6129733290948122
2556,0.18609052508863638,0.5942162505806602
2557,0.19059942026862625,0.6004022964728138
2558,0.1890063230679044,0.5941997220749956
2559,0.1881486969620823,0.6073489573244039
2560,0.1837978890171449,0.6038401454578334
2561,0.18843895144520661,0.6064500206854538
2562,0.17633480597833098,0.6096752331148075
2563,0.18726473554378076,0.6125375895637649
2564,0.17846047582685876,0.6059027283053531
2565,0.1921199045287115,0.6022679466539645
2566,0.19138119209460577,0.6044323677425281
2567,0.1909361542966008,0.6032372310958366
2568,0.16886403102825007,0.6100002383713639
2569,0.18392412920302115,0.6021347025769966
2570,0.1915789223952803,0.5983129603323655
2571,0.18913037397764182,0.5956323907061393
2572,0.19682758099632813,0.595151769055643
2573,0.1875748458875453,0.6007996615381092
2574,0.19830157776502372,0.6017427000695713
2575,0.19086843322763125,0.592172966500587
2576,0.17844487900827877,0.6170301122603431
2577,0.19357650799664353,0.5969314490520033
2578,0.18591559917321251,0.6045903605117695
2579,0.18689542914480983,0.5982585158598737
2580,0.18073569555752844,0.6071471099755991
2581,0.19276058761332845,0.5958013224614176
2582,0.18394457243309184,0.6069401767108848
2583,0.20680415028328852,0.5796429987250056
2584,0.17046062181779784,0.6058983343436184
2585,0.1935825688273028,0.6021155520939833
2586,0.1882795121151883,0.6031984014852692
2587,0.18850806401095474,0.6072381177457967
2588,0.17858529315162824,0.6130379478768662
2589,0.19579033275603017,0.5985312737247613
2590,0.19337808144304963,0.5984535183000241
2591,0.19726970391563034,0.5953357973840342
2592,0.1869035444688433,0.6049705583291541
2593,0.18431713911586117,0.6089259647351226
2594,0.19135574160925387,0.5945843130477529
2595,0.17837706337178436,0.6112024773379177
2596,0.19090369536953744,0.5910689701880667
2597,0.1905857565412799,0.6025896019187883
2598,0.18044210535388713,0.6040437271307204
2599,0.18754390485792846,0.6017189426888986
2600,0.19376355136127,0.5945927635785482
2601,0.1913354380149438,0.6021393298210997
2602,0.18049770354832403,0.6089920907261421
2603,0.16642213681971266,0.6134639662007513
2604,0.18515265123888963,0.608995740157106
2605,0.18917712922495108,0.6072302939487159
2606,0.18700348675854467,0.6007376496249706
2607,0.20598522898856647,0.5866448288073246
2608,0.18777191166116322,0.6092915124320103
2609,0.19256863779726138,0.602171152506321
2610,0.17230970381587282,0.6081925481751485
2611,0.1909051359078737,0.6004260424319823
2612,0.18157804170972547,0.6094458278615369
2613,0.1932192500998379,0.5966636511724248
2614,0.18350762952138128,0.6030347998738976
2615,0.1830075952887314,0.5952639449881086
2616,0.19049876509515404,0.599089499218448
2617,0.19214884864901868,0.6005412089612049
2618,0.18414642700435271,0.6054079444619712
2619,0.1927363565022784,0.5925762790040161
2620,0.18698212866561484,0.6085684359220838
2621,0.1986570739807965,0.5876079858810745
2622,0.1932778535687524,0.5937464610496719
2623,0.1835324028180056,0.6077634886290771
2624,0.17718340075477115,0.6140682874911183
2625,0.19034127759057065,0.5986997820981569
2626,0.1849894305015022,0.5971883509268692
2627,0.19973687216344913,0.5935008160767444
2628,0.17244291984503665,0.6032847390975435
2629,0.17676012122950227,0.6092616838106936
2630,0.17620849750412027,0.6084892744529578
2631,0.19578524535680505,0.5912606395289389
2632,0.1797251016633892,0.6057545009164776
2633,0.18686538758847288,0.6024993695121931
2634,0.18665807460517758,0.6091659373274562
2635,0.19135245518466673,0.5952856398042443
2636,0.19035478152160665,0.6057537499099653
2637,0.1874339125832814,0.6001592271671835
2638,0.18705840118970363,0.601094062123982
2639,0.19990383984889204,0.5858709409269436
2640,0.19766625393843745,0.600228299067154
2641,0.1835008149220238,0.6092091839972557
2642,0.18524317278261115,0.6084913664242936
2643,0.1902580125294209,0.5984170457511084
2644,0.1915018020922249,0.6019482972129071
2645,0.1900070443978073,0.5977818449964833
2646,0.18549890427489374,0.6103750744424189
2647,0.18175556805022397,0.603309699467184
2648,0.18101139156577467,0.6102411241794048
2649,0.18191167694307664,0.6041081441041647
2650,0.18698995182887465,0.5971045464668627
2651,0.19200002013916853,0.6021488450118299
2652,0.18944430794780384,0.5982915435863797
2653,0.20929756289748513,0.5872323720197541
2654,0.1871943361953201,0.5995593713266125
2655,0.17937490845520762,0.6113271838032512
2656,0.20410698028554636,0.58444667490036
2657,0.1884355645270312,0.6048718243792458
2658,0.17866435317742702,0.6018225190988573
2659,0.18619546685824218,0.6090237667128479
2660,0.1957078874206138,0.5944460515566622
2661,0.17910851238261916,0.6083393917927832
2662,0.18180052260835627,0.6015942405576062
2663,0.187023244365307,0.5987633172737596
2664,0.190974022893041,0.6035735674647479
2665,0.18474538048338418,0.6065509959147133
2666,0.18152876821505493,0.60299059868437
2667,0.1835872547471407,0.6081761536263193
2668,0.1880121400328751,0.5965318713282914
2669,0.19772265996022556,0.5993101653245372
2670,0.20509319117621352,0.5870428305766412
2671,0.1849724903980072,0.6008270808554708
2672,0.1806207472608075,0.6012337882033028
2673,0.1824937642117749,0.6101752325751802
2674,0.18140416652647576,0.6168721938716502
2675,0.18131782183827494,0.6006026157020004
2676,0.18112220251501224,0.6102604959229607
2677,0.19024768321870442,0.6051883478779084
2678,0.19672391496777822,0.5999548768173391
2679,0.1847175178470985,0.598739549476564
2680,0.1917050376296375,0.6058010308836019
2681,0.19753512262740347,0.6006920355690726
2682,0.184508307823128,0.6055011315652786
2683,0.189540461592992,0.610084929704203
2684,0.19926154734857895,0.5886835288452588
2685,0.18139201583844405,0.6107971712567541
2686,0.2023426021812885,0.5907034834491564
2687,0.1947226964005298,0.5892984943449652
2688,0.18234114136814114,0.6049763836348331
2689,0.19966851136467462,0.5895003550454263
2690,0.18865535253456908,0.609240598284396
2691,0.1849218362350724,0.6068064617170542
2692,0.1957019042428977,0.598054505831927
2693,0.18971634044197336,0.6035598377401283
2694,0.19133208368996923,0.5943051856483791
2695,0.19043054252646263,0.6054028764647549
2696,0.18768291063585812,0.5986307183021515
2697,0.18619761524024758,0.6073118556232673
2698,0.17324442738226012,0.6110054621848113
2699,0.1776310279773155,0.60522282388444
2700,0.18896165022408062,0.6078274308025363
2701,0.19361783853929881,0.5935522872747058
2702,0.19612925927266048,0.5956086398783853
2703,0.18457093744637654,0.6032905227081597
2704,0.1861539009096693,0.6119331388652534
2705,0.19040535903283223,0.6020368796307561
2706,0.19244858583817218,0.6132275802942718
2707,0.18854742043708875,0.6020588626876459
2708,0.18315543291405606,0.5969924687740134
2709,0.18233079829346416,0.6046909263739237
2710,0.18759155126982383,0.6076075487993391
2711,0.19250094050239502,0.6041409384318016
2712,0.18683843837557118,0.6090821812664394
2713,0.19655543467204817,0.6018970239894463
2714,0.17621886505940917,0.6095211310521569
2715,0.18408226299268868,0.6079222724037356
2716,0.17461630534737885,0.6193058892171489
2717,0.18771944079754785,0.6010765352071892
2718,0.19081282784434175,0.6058282721409506
2719,0.18275497180465497,0.6082539421117596
2720,0.18816536127257566,0.6044542120168642
2721,0.1813404856484629,0.6028187154470951
2722,0.18172748133091568,0.6096489912462809
2723,0.18617400289877228,0.6007568054538039
2724,0.18569239545752778,0.6063118579284463
2725,0.17218595437369144,0.6073973146920153
2726,0.18880009269535472,0.6080231147857975
2727,0.1799860380492812,0.6104483282811061
2728,0.18376346860209375,0.6089006812380018
2729,0.19071950107807828,0.6124544121470229
2730,0.1821160538096471,0.6064063681489034
2731,0.18218635221507148,0.5962648365419752
2732,0.17982003883557707,0.6104820711632857
2733,0.18556636084188663,0.6103726496345561
2734,0.19512644504471946,0.6043341336096676
2735,0.18689023269680852,0.6041459040150245
2736,0.18393874746626102,0.605519576978626
2737,0.18299144588480135,0.6108743183523769
2738,0.19108005517121018,0.5996644635511242
2739,0.19712850564608234,0.5971045828231014
2740,0.1869313961010694,0.6051266842602254
2741,0.18731944424935232,0.598360741735412
2742,0.1698039288430623,0.6128527608227302
2743,0.20329573293862047,0.5918212666993874
2744,0.18941553670563593,0.5969224270809756
2745,0.185587264335058,0.6080177867584152
2746,0.19132163837932797,0.5997007418769165
2747,0.1886634859036019,0.6064939936091586
2748,0.1874644990274252,0.5964854622775897
2749,0.18647744915775463,0.5957324340249944
2750,0.18063684818542777,0.6029339721881575
2751,0.1837451136539416,0.6042067842017756
2752,0.18536690218856655,0.6125436961503824
2753,0.18820933374121848,0.6020490408080265
2754,0.18988712734347665,0.6075210517030365
2755,0.19106981056125372,0.6008651830193933
2756,0.17813876107555127,0.6021687905990358
2757,0.1930282053766425,0.6051134971283905
2758,0.16915507775967448,0.6216220450497852
2759,0.18953438943236436,0.6069295268075519
2760,0.19690736370389675,0.5940372536330334
2761,0.18544620920510765,0.5951465652547281
2762,0.19152963195625775,0.6101555223295707
2763,0.18898370251879723,0.6033299279872725
2764,0.18463483919945153,0.6034020880922738
2765,0.1874781125504812,0.5968681136659212
2766,0.19468497191448536,0.6070257780458369
2767,0.18917653135190315,0.6165069889375823
2768,0.1928648610083334,0.6098498362869567
2769,0.19344387887007602,0.6022971047076653
2770,0.17985953110329925,0.6111470499023779
2771,0.1894272693962731,0.6045546203459908
2772,0.1884176831396343,0.6016031504273643
2773,0.18061208635127868,0.6054687829746478
2774,0.18210010118675146,0.612378987370071
2775,0.18458251697398706,0.5986126475226392
2776,0.18619218173691135,0.5933526630149927
2777,0.19945558469286262,0.585622888702004
2778,0.19463374350125734,0.5992290216553486
2779,0.1865727067733311,0.6136020076012696
2780,0.18551462605430932,0.6072499678979115
2781,0.18750164835377875,0.602339510249654
2782,0.1840849986950052,0.5986944814866223
2783,0.19264752511852576,0.599513608326776
2784,0.1689257850231976,0.6229791094971866
2785,0.19055039349625766,0.597923003855065
2786,0.18455179153802337,0.6012914192983471
2787,0.19604286203429402,0.5903886138259049
2788,0.1832692922455715,0.6142759515150344
2789,0.1867069441761888,0.5990226889897714
2790,0.19207546904846864,0.5901198251029591
2791,0.18376684694296647,0.6079000072513088
2792,0.1896005927171701,0.5943829821840284
2793,0.1977109160097757,0.6029849245517805
2794,0.1895157862177864,0.6028465613890366
2795,0.1875599872104438,0.6056485378942602
2796,0.19027382507600588,0.594734523631523
2797,0.18039050457720462,0.607412147022057
2798,0.18916483157329408,0.5937403176581163
2799,0.18931203956799278,0.6065786109748543
2800,0.1863069595591247,0.6007572139205487
2801,0.17948542480598406,0.6168769908630112
2802,0.18730130135015124,0.6058997680842609
2803,0.1911616080646244,0.6006944840919954
2804,0.18610196272189852,0.612622829923545
2805,0.17513168674133978,0.6085548734450436
2806,0.18426261695800755,0.6127694516276959
2807,0.19387379665320112,0.600667973246367
2808,0.1871638620033541,0.6030213861994852
2809,0.1890840924010548,0.605073828962836
2810,0.18447955226443705,0.6078896378026319
2811,0.1914380672155446,0.5941000275660767
2812,0.17705079402318577,0.6145746827182232
2813,0.19546119647420984,0.6012194327677033
2814,0.1811245966191107,0.5956604800805136
2815,0.1831809130880079,0.5987937573712642
2816,0.17966662531249938,0.6042306192973977
2817,0.1901162639652423,0.5923328742028939
2818,0.18539561009460792,0.5974631493859702
2819,0.19307552238505246,0.6029870830353002
2820,0.18492450309678962,0.6023451001145775
2821,0.16981734532661738,0.618946444182825
2822,0.18643991590721917,0.5995843783443487
2823,0.1985886130141261,0.5992868964126304
2824,0.1957941292099201,0.5923228186920095
2825,0.19081035601092025,0.6066805615499543
2826,0.1864234305994935,0.6071332910744396
2827,0.18821466737972847,0.5956580903765543
2828,0.20172956011487392,0.5879389824197042
2829,0.18195201363267482,0.6087192308740166
2830,0.18516270272652954,0.5991144319182874
2831,0.18371284390126794,0.6118434332701082
2832,0.17785793519547838,0.6072716837297677
2833,0.19470519243436563,0.6073150780704563
2834,0.18608387026462703,0.6075900837017989
2835,0.19124632006536418,0.6021475099260016
2836,0.19973453644594857,0.5865531901968191
2837,0.17634635078757255,0.6130892508594386
2838,0.18656518232098107,0.6041119260779877
2839,0.19995867390389058,0.586643462493251
2840,0.18715156893085808,0.6086708955030391
2841,0.1838372591203823,0.6056926223236372
2842,0.20224878904147026,0.5982576999915293
2843,0.1822738312713984,0.6006531356160476
2844,0.18243964256219325,0.6048496562431127
2845,0.1857678684195189,0.6084067206388519
2846,0.19365082747887094,0.5954921510216253
2847,0.17917510004243514,0.6117558046561963
2848,0.1799332510580901,0.6116355185662123
2849,0.18395878729124304,0.6079844211805469
2850,0.18390513058034647,0.6018956335278013
2851,0.18066418647109597,0.6078167979823799
2852,0.18113049303934384,0.6118897477170295
2853,0.1865719433191434,0.6039246393550951
2854,0.19097719396858204,0.5926762947825857
2855,0.19512982148244343,0.5968925194241479
2856,0.18672324428166295,0.6089074191329671
2857,0.17803138723274275,0.6035338458492671
2858,0.18730937180926,0.5994681575611532
2859,0.193084956405511,0.6048203948422575
2860,0.18387526027069628,0.6023270243091189
2861,0.19138617810093067,0.6053709103449426
2862,0.18905676775497962,0.6085558542698821
2863,0.18318772735919986,0.604538991864793
2864,0.1866449055582265,0.6009772666731988
2865,0.19166990973438336,0.5961041005498524
2866,0.18925860172550377,0.6076313970832815
2867,0.1933872937932655,0.5913631752843934
2868,0.18947018019008197,0.5975045160544792
2869,0.19109849134438245,0.6002045587439988
2870,0.1995084942038132,0.6116494730901193
2871,0.18671267860220814,0.61089823669866
2872,0.17733010998180096,0.6144663889970473
2873,0.18125811128515013,0.6054875556251169
2874,0.1848226017810728,0.5999379073819648
2875,0.1962669176932261,0.6026581831076606
2876,0.1975320335783465,0.6043446525103852
2877,0.1944173368112862,0.6052319716943643
2878,0.17935822344954774,0.613944968423668
2879,0.17889476052396297,0.6111054277437544
2880,0.18255045455821736,0.6080827095346145
2881,0.18935761305576157,0.594706227504513
2882,0.19429691070753163,0.5935980681476538
2883,0.1980278684955225,0.5879191308135823
2884,0.19149970826883625,0.602958721217466
2885,0.17944655315710442,0.6101858028519324
2886,0.1852774316358032,0.6067658275007702
2887,0.19411957480200576,0.5992291458762359
2888,0.18686941866013157,0.5993732422607801
2889,0.17562966922695125,0.6055691165934225
2890,0.17464163081856518,0.6082998647071531
2891,0.1950591324380593,0.5928168226414721
2892,0.1933173677233727,0.5985139127110544
2893,0.19266599514171148,0.6049160494787648
2894,0.17625171870309753,0.6047673704269475
2895,0.19280078911469994,0.5959043777833051
2896,0.19223224776437486,0.5945973250529516
2897,0.19074670581571768,0.605959011790229
2898,0.1800075233631906,0.6087866071156536
2899,0.189666250599575,0.5983872123152596
2900,0.1932129706047043,0.5954269805818099
2901,0.19299840998600903,0.5985464292306769
2902,0.19502129717640587,0.6012157202317132
2903,0.18250996855796658,0.606521341712015
2904,0.19457122635324892,0.5972848594761273
2905,0.16773572067862394,0.6092613606606361
2906,0.1813920226618072,0.6033306278035093
2907,0.18638098982184795,0.6010681033617599
2908,0.19636334367307842,0.6043026973760739
2909,0.19355622264468053,0.5987835471714451
2910,0.19564561014133824,0.6006176273169306
2911,0.17574197150420579,0.6119911485766404
2912,0.18870974129837065,0.5977828078686044
2913,0.17565854444264295,0.621173764494452
2914,0.17505342419048694,0.6039062492367445
2915,0.18358881897589963,0.606168447124474
2916,0.19072673792384964,0.6053263567652449
2917,0.18471410918331446,0.603088812320556
2918,0.1997758055460105,0.5846753696461292
2919,0.20522027496413575,0.5894555879368905
2920,0.1847606332938689,0.6144171300345151
2921,0.17445077070411735,0.606783367019785
2922,0.1897613610924197,0.6008386984275957
2923,0.17710795199359447,0.6094792591584276
2924,0.20263690390145783,0.5908861535714697
2925,0.18533740303807245,0.6062175163450899
2926,0.18328900565598655,0.6036942576178177
2927,0.1920968325572829,0.5952342854213144
2928,0.1854517119020109,0.6057365741619489
2929,0.19082142885550854,0.5920009168042952
2930,0.1756869120312384,0.611607504934873
2931,0.18696078256027546,0.5979488200479419
2932,0.17352741521231105,0.6215779584111037
2933,0.19682846576623883,0.5813387504549686
2934,0.18353015705551093,0.599108377734094
2935,0.17592563875257755,0.6128199036409364
2936,0.19366049347155706,0.5913396153602808
2937,0.19970524465307615,0.5892546574746422
2938,0.17516708453361896,0.6075926718195775
2939,0.18044558197126653,0.6056691019762332
2940,0.1857003277426835,0.5996456626130543
2941,0.19822122696259672,0.60358468610019
2942,0.19040183908778463,0.6052090075226223
2943,0.19684052070914226,0.5922034115220569
2944,0.18631184117630067,0.6098367892768763
2945,0.17633245193532565,0.619312213342794
2946,0.18077521351631598,0.6136058493315115
2947,0.19689050371273767,0.6024093441805064
2948,0.1781616062129642,0.6150293407318139
2949,0.18288890395653076,0.6029334540486596
2950,0.1920782992915576,0.5903261781373674
2951,0.18771428813827448,0.6006821008521867
2952,0.18938861367782614,0.6008954350424148
2953,0.1917173907898007,0.605199160494795
2954,0.19423465852961902,0.596955435371868
2955,0.18920857126792323,0.6050539687847971
2956,0.18771084367094462,0.6040252221512437
2957,0.19051310679435718,0.6016368848907963
2958,0.19074324995149672,0.6040705844364318
2959,0.19106963242444,0.6025012748025457
2960,0.1784135525759564,0.6140263422536542
2961,0.18226505828463554,0.6079316942002442
2962,0.1839955031061133,0.6053769329296764
2963,0.19011757394799553,0.5998856024418364
2964,0.1823465997089752,0.6096493190590139
2965,0.1792660601136897,0.5981245389912047
2966,0.18812190815290167,0.6066009402654384
2967,0.18971331167648356,0.6059373381119426
2968,0.19223629442276755,0.5995232429435494
2969,0.19636842289324705,0.5937219984895135
2970,0.17793165467537803,0.6246047513352103
2971,0.1826416133184712,0.606464721273898
2972,0.19742454579615681,0.597602547022317
2973,0.18130238547209296,0.6118928124798333
2974,0.200280142569978,0.5939320890900364
2975,0.18176601792358482,0.6089851589135584
2976,0.17989560305412478,0.6034334969214711
2977,0.18462685119833955,0.6016669284713086
2978,0.19448684597153787,0.6010391585437969
2979,0.19927586344573384,0.5922927963606106
2980,0.19107024808650502,0.6068578846635586
2981,0.18203306975616468,0.6098678685143873
2982,0.18966525990489425,0.6050214302100154
2983,0.19341677950960665,0.6005630102054372
2984,0.1902077746390391,0.6030921673876194
2985,0.18583903682555236,0.5959320348918072
2986,0.17206111804402507,0.6077592267679974
2987,0.19419171117848477,0.599951528988045
2988,0.19469219353387276,0.602042541310726
2989,0.18587891545895704,0.6081528444991906
2990,0.18465035269647245,0.6026599793047034
2991,0.1984117705141651,0.5922488393179366
2992,0.1806183693204923,0.6045010475215785
2993,0.19850905780970599,0.599439525848635
2994,0.1928014958573523,0.5907850951460036
2995,0.1856877894007962,0.6042770481598553
2996,0.19161451543767252,0.6052083988905563
2997,0.17653413606827256,0.6067439113877141
2998,0.1936898972128497,0.5955003014790918
2999,0.19349583725671407,0.6006076815259994
3000,0.18901506909505003,0.5983076946557275
3001,0.19965061820283778,0.5888746978647585
3002,0.19064171846455283,0.6027597224171264
3003,0.1942309045338229,0.5966434143408903
3004,0.17617022255331558,0.6127241006930292
3005,0.19579456138750576,0.5953792219105166
3006,0.19321210116389592,0.600275860645982
3007,0.19121481922694805,0.5988389312873679
3008,0.18520172430209428,0.6011387247885558
3009,0.1925338380259688,0.5865575460624626
3010,0.19821199783223922,0.5896231243154926
3011,0.17858859836229513,0.6093905100267017
3012,0.18418893650295548,0.6034830397426941
3013,0.1832590181113158,0.6025362553778437
3014,0.1848824382247841,0.610055160598453
3015,0.1948593750074946,0.6005763960829132
3016,0.18707627221699846,0.608357084190054
3017,0.19606491281410515,0.593378032682507
3018,0.19061632641492662,0.6021674218814261
3019,0.18210963407279485,0.6102084641969923
3020,0.19796217529017923,0.5974832474585331
3021,0.20065260954125574,0.6063730625374467
3022,0.18920380351058544,0.5987782357499916
3023,0.18801447606219993,0.6051585773644074
3024,0.19043069767619078,0.6063803189101086
3025,0.18799338732389648,0.5935954144605553
3026,0.19076381690198949,0.5938353770147513
3027,0.18665623743109713,0.6030558983164227
3028,0.1892746164643813,0.6047639758673152
3029,0.18880724501659163,0.5931664475489836
3030,0.2030121354199033,0.5958299519760895
3031,0.1925832638549221,0.5986454483965362
3032,0.18067498830242257,0.6152313265763394
3033,0.19481148011007915,0.5974432883432158
3034,0.20350194856691295,0.5890363323202921
3035,0.1813175578620974,0.600800877422498
3036,0.1983299567972057,0.5881725820826484
3037,0.18554613237600304,0.6014722628048043
3038,0.18517532768888784,0.6010014346495212
3039,0.18353620956697578,0.6089793196513542
3040,0.18792174586404808,0.5940814805377075
3041,0.19027268247358162,0.608567365373019
3042,0.19278276801734365,0.6031788748424166
3043,0.1858200969146535,0.6011537574079073
3044,0.1768119868419272,0.6084345751510092
3045,0.1808418343468519,0.6078824879679845
3046,0.18510461750762225,0.6152608324758061
3047,0.1867245706136254,0.6049405291745644
3048,0.1818635279733048,0.6078597760547964
3049,0.20150559962821818,0.5918761830104515
3050,0.18505968759496302,0.6085034480917284
3051,0.1826788112660479,0.6027790397001175
3052,0.1908045965302338,0.6000994785023807
3053,0.18105098641615264,0.6032452429825051
3054,0.1895465860708501,0.5960532720318532
3055,0.18567186048651427,0.6045197373667884
3056,0.18416668219111776,0.60787942727698
3057,0.19597558497079634,0.5802309787967553
3058,0.18641483656290234,0.6049850939504321
3059,0.1699417147737638,0.6084900076265127
3060,0.19950355751128301,0.5951164574293273
3061,0.19517214841479782,0.606338682579452
3062,0.18442903558393792,0.6128984158508287
3063,0.19412241096351662,0.5910663124850921
3064,0.18111781287828532,0.6064253869394424
3065,0.19293205098964386,0.6043265067390434
3066,0.17707206902749234,0.6223363641587982
3067,0.18636302329730262,0.6060856919261008
3068,0.18132865667940534,0.6124651506338732
3069,0.17943575858648905,0.6189820545091574
3070,0.17573397388339732,0.6161516429325886
3071,0.1985228974859995,0.5989885737403009
3072,0.1932685259287374,0.6028369296190175
3073,0.185476280158572,0.6066000427922924
3074,0.19020199450424657,0.6036778245665211
3075,0.187143196896569,0.6004206518918604
3076,0.18834028511321022,0.5845839534388545
3077,0.19354657533429034,0.5994198593645265
3078,0.18368521290927234,0.6100901738089698
3079,0.18525163527608618,0.6051037100851033
3080,0.18284252301911003,0.6034568365070523
3081,0.18822705414829133,0.605114394637697
3082,0.19979267386271268,0.5925978349904661
3083,0.18065167610942492,0.615927984800842
3084,0.18760915752251142,0.5987585094606459
3085,0.18040740687830603,0.60091821138374
3086,0.18572696144020917,0.5958600581699671
3087,0.1884258466873298,0.5998448216767642
3088,0.19508873501011448,0.5939288129798735
3089,0.18643914730790526,0.6091096982667507
3090,0.1818305019531622,0.6015053343926534
3091,0.18960290909593233,0.5888693201095785
3092,0.17886052047924275,0.6020617417992207
3093,0.20137231027344085,0.5890810820884711
3094,0.18059319401783946,0.6057677472720083
3095,0.19221359933955992,0.5982818809240192
3096,0.1896959214644364,0.599240739527409
3097,0.19252277047236735,0.5973058108203513
3098,0.18442131061369246,0.6195019080204245
3099,0.1752824043100564,0.602723310461238
3100,0.18982689126108385,0.6004009353696159
3101,0.18031902963086244,0.6028158718947637
3102,0.20097986842945806,0.5968538399556534
3103,0.18286477603227222,0.6047522041196306
3104,0.19069129257040407,0.6063652338361677
3105,0.19667583612965442,0.5943199775921748
3106,0.1862874135888734,0.6000130419553728
3107,0.19226882487805624,0.6018354073746863
3108,0.19239375297712288,0.5964139128559637
3109,0.18714933064781086,0.6185345558597956
3110,0.1849662634899777,0.6007041836049336
3111,0.18874612127690035,0.6047926559344149
3112,0.18919702367514662,0.6004502899214519
3113,0.18979386160434006,0.5932206858592827
3114,0.1936821061205388,0.5988405657462985
3115,0.19032407113566824,0.5990280732528661
3116,0.18219205493950902,0.6023294994175156
3117,0.18693571983374424,0.599288930217927
3118,0.18571474709091293,0.600840789793835
3119,0.18585739710958907,0.6059242464136523
3120,0.18933285674565836,0.6079294943510056
3121,0.1804721092301597,0.6042069644145064
3122,0.18562997862899475,0.6037290102880764
3123,0.1847935094859184,0.602425830595702
3124,0.19031301580820914,0.6037539778752824
3125,0.18432735822193877,0.5943175231194443
3126,0.17784154728796656,0.6115361404532667
3127,0.19476144196969167,0.5973925142988535
3128,0.19201798145468277,0.5943366514431458
3129,0.19123200146068214,0.6036333261461746
3130,0.17083691699012662,0.6079906214014139
3131,0.1886350089105771,0.5951540653870598
3132,0.18212841408855596,0.5976837381814476
3133,0.1761921196181815,0.616532887959181
3134,0.19669853884984084,0.5879721617156851
3135,0.18389859140185089,0.5984033152750947
3136,0.1973990390829078,0.5940617137425778
3137,0.17730810071389064,0.6216839854626472
3138,0.18917685620243907,0.6007501353120102
3139,0.19147355081410167,0.5975020583667444
3140,0.1851256884964953,0.5969281182627604
3141,0.17981939715342501,0.6018425162454414
3142,0.19498719497997916,0.5946789201800892
3143,0.1862991291586335,0.5986327948036188
3144,0.19625341276314243,0.5940634032761613
3145,0.17830019102470393,0.6081839081798673
3146,0.18815565604196316,0.5951718152956289
3147,0.18349507010209237,0.6040758746272856
3148,0.17921009804796706,0.5994813803880491
3149,0.19277162461241631,0.59673275426112
3150,0.19402547628198272,0.5964099796614674
3151,0.17968196341600168,0.6148682476950201
3152,0.18083957184655522,0.6079359145338884
3153,0.19392667007466385,0.5950778568931567
3154,0.1787032376665054,0.5959659065159348
3155,0.18555297655607697,0.5998136339770869
3156,0.19419104463349296,0.5979465632281236
3157,0.18892696092057867,0.5975612169143181
3158,0.1997169540076646,0.5918831616400186
3159,0.202464385607073,0.5918723627141222
3160,0.18560573552375512,0.6035219312380545
3161,0.1917959508188707,0.5957901979981268
3162,0.18923914349246354,0.5989951176234127
3163,0.19726162299037095,0.5915346490800858
3164,0.17738347389984344,0.6019884273060585
3165,0.18773522220035713,0.6044138854701021
3166,0.18114193366263848,0.6124662387507517
3167,0.19170606506351726,0.6055134300385324
3168,0.17503679524777058,0.6152871236212906
3169,0.1835125038878371,0.6074608218099895
3170,0.19818554994045773,0.5998085737225756
3171,0.19555801850913862,0.588646893699538
3172,0.1791906718098033,0.6029168177675669
3173,0.20024542670150108,0.5936324066815795
3174,0.1864039299086252,0.6065109995877163
3175,0.17235438285788995,0.6116457233913333
3176,0.18068649754479302,0.6047908400107797
3177,0.1875598845864333,0.6086121436838515
3178,0.1898212873141429,0.6025927676176493
3179,0.18310566066733377,0.6017372879357054
3180,0.1870270330811168,0.5999684663729894
3181,0.19151411540270294,0.5961677639445887
3182,0.1943923774582934,0.5976514405114393
3183,0.1991175055025776,0.5888412303896577
3184,0.19142270479444373,0.6007131575349403
3185,0.19365990820031187,0.5925286105117229
3186,0.202400538452736,0.598975751198184
3187,0.1895579378027602,0.5961257227798976
3188,0.1779609735714119,0.6026388401255829
3189,0.18671775339598512,0.6070815337352314
3190,0.18072577603020393,0.5987815128886639
3191,0.17512824234284088,0.6052553159719443
3192,0.1832198087673307,0.5966974768942719
3193,0.19274093669330014,0.6035312212338
3194,0.1870155227535051,0.6144095809309256
3195,0.18550155308534644,0.5999019314071053
3196,0.19762691110517253,0.5936958804023742
3197,0.18194152163070934,0.6045743828829082
3198,0.19681186436532097,0.5865513077396702
3199,0.196868245678764,0.5922152519368344
3200,0.18037225407779964,0.6112966843188087
3201,0.18067034202666543,0.6010963497644686
3202,0.1930938340568904,0.6069651983251638
3203,0.1848800555652058,0.6027984414382161
3204,0.1790111643830184,0.6045222722463177
3205,0.1746038472221817,0.6037438352355232
3206,0.18622101628517065,0.5935036533028397
3207,0.18426171927699647,0.6183692716927929
3208,0.20371066537207122,0.5828560866325373
3209,0.19329966628820383,0.6019891968637217
3210,0.18485509534628,0.6176063512776225
3211,0.19318459844147706,0.5987734543468708
3212,0.18127327812160185,0.5980010064706466
3213,0.19752202158762105,0.594079695954007
3214,0.17269696949463695,0.6069312309146861
3215,0.1887200114836053,0.6061421932534057
3216,0.1868822455696345,0.5985660809677621
3217,0.18364923071013217,0.6058607090879626
3218,0.18708427516149292,0.6071630641874833
3219,0.19172871705253466,0.5962081690856189
3220,0.18254672715670028,0.6020141735484568
3221,0.18800754264891353,0.6022198228237424
3222,0.18231939278255857,0.5932554444651351
3223,0.19860202651451467,0.5919491139580794
3224,0.17356949906879673,0.6135357203168637
3225,0.18936354996304972,0.5984558782100987
3226,0.17530627328477208,0.6062633989632763
3227,0.1898724317099864,0.6091421491720804
3228,0.19481625481938153,0.5941162350815294
3229,0.19191320184984628,0.6009820369162577
3230,0.18758460081220568,0.6027485029069174
3231,0.18503324648726366,0.6013972647916458
3232,0.1851151138164882,0.6037923881185481
3233,0.18911054687346326,0.6010821729465361
3234,0.18972304735843945,0.6006044062502633
3235,0.17870902033372296,0.613538969579532
3236,0.19201428014009567,0.5974606831814231
3237,0.18042727417644688,0.6158385796470629
3238,0.19328043172069187,0.5980712650552723
3239,0.18878600647795685,0.5921716981095659
3240,0.1811706592255788,0.6060106675629566
3241,0.18791849295167617,0.6020803993212657
3242,0.17886366484126615,0.6121154474512851
3243,0.18408643594239754,0.6022149927352518
3244,0.1796345095925247,0.6069411155976697
3245,0.18480941517762436,0.5976736377788819
3246,0.19673485727835463,0.5914533332407194
3247,0.18638182541374798,0.5979410261910505
3248,0.18489472789458075,0.6105274606750536
3249,0.19631032242856938,0.5939928880527194
3250,0.19226104489611673,0.598561620299822
3251,0.18897908868297847,0.5963005590045727
3252,0.18348388880710145,0.6099953088392425
3253,0.1921189138457295,0.5951252179773917
3254,0.1868121763001673,0.6050481735928485
3255,0.17113167968074927,0.6210610521805823
3256,0.1846621503925216,0.6096211311673391
3257,0.18690918359489347,0.6044484057238371
3258,0.17936998666671686,0.6077705373401205
3259,0.18066820073366185,0.6064331670619018
3260,0.18676870291533892,0.6015303663529481
3261,0.19732902682344217,0.5918354426446402
3262,0.17978457222983207,0.6077605721805228
3263,0.18742281104085212,0.5973800559942046
3264,0.19692775239359858,0.6044557544079059
3265,0.18267046022433064,0.599362440614695
3266,0.1977319917724693,0.5848943910039672
3267,0.19203834475711587,0.5988655228225865
3268,0.18583628150979295,0.6116387123311806
3269,0.19957039069874158,0.5888612912304005
3270,0.1830026851982463,0.6085647252804625
3271,0.19372867209769407,0.6008503637803944
3272,0.18521374302548574,0.6111007588814759
3273,0.17923427519825252,0.6183578751193094
3274,0.18711300577000517,0.6022043818490684
3275,0.1895092934386769,0.6015104397500318
3276,0.1823180767269533,0.6022737150577554
3277,0.18987831038060618,0.6080242977390203
3278,0.19029574760223886,0.590126240481164
3279,0.1864723492268083,0.6048155030153786
3280,0.18413281413987723,0.6032238806845343
3281,0.17830747737001182,0.6045538976436811
3282,0.18834991187187627,0.5993383163409993
3283,0.19076891416734096,0.6046684897965544
3284,0.19767038795964414,0.6052808488150573
3285,0.19398179182032288,0.5989997714026238
3286,0.1764255807455585,0.6162096446905921
3287,0.18518762836875788,0.5952786097117019
3288,0.19318238526471015,0.6032878421248924
3289,0.18918994493498947,0.602352377191602
3290,0.19240739015123973,0.5930266945475188
3291,0.17908534362193265,0.6035449382207689
3292,0.19091068459820126,0.601876258288797
3293,0.1887975350298499,0.6020890094898765
3294,0.1770661452178428,0.6129855387713102
3295,0.19198694008604952,0.602463448677928
3296,0.1944065833993112,0.5878814388010009
3297,0.19076208361075603,0.5892094052623967
3298,0.17803610928654942,0.6142095142755482
3299,0.19349967162784298,0.6027599897614926
3300,0.18478922275294557,0.6076941512119536
3301,0.18993500208379702,0.6012686222605312
3302,0.17511794082072143,0.6077358872961994
3303,0.18476044256842997,0.6074023596402787
3304,0.17191591552997343,0.6091613337862233
3305,0.18625891700127065,0.5967686033064047
3306,0.1827199133956813,0.6086313424623317
3307,0.1907804699392876,0.6052904109977058
3308,0.18144039552701463,0.6072748974177046
3309,0.18666209389988522,0.5999104152031827
3310,0.19568836985429214,0.5894275014703874
3311,0.19216571623256273,0.5989122122894439
3312,0.18825331603945408,0.6005706308912674
3313,0.18368355566762465,0.6035419300282115
3314,0.19057062931977953,0.5981004970001942
3315,0.19211793359302284,0.6037569516815926
3316,0.18696846230971237,0.5958786591391476
3317,0.20091807870664402,0.6076142015879539
3318,0.18330789246187362,0.6106607649735445
3319,0.18157418540185596,0.6081311745852708
3320,0.18795512221769473,0.60626220577021
3321,0.1950854324232337,0.587417138249447
3322,0.18356406776851578,0.6139414365632045
3323,0.18534972288959115,0.6077133028734234
3324,0.19790210130205727,0.5975720478415992
3325,0.18124981298810652,0.610997001439178
3326,0.1840916240697817,0.6067430881267196
3327,0.1937595391479765,0.5992428967784744
3328,0.19035060125197936,0.6076553094333446
3329,0.18427634338064056,0.6098711539115281
3330,0.1929879126220115,0.5983960846622964
3331,0.18587918969988731,0.5947346361674131
3332,0.1715826858895442,0.6069659891136366
3333,0.186470491718322,0.6069784868797841
3334,0.17970840538420935,0.6055970469326049
3335,0.1755744642094013,0.6063103016401921
3336,0.18632012733338962,0.6132939236329557
3337,0.1889254834740548,0.5993877912173271
3338,0.19762223949910251,0.590843853293686
3339,0.19775224500867622,0.5877406862087654
3340,0.184264118815375,0.6053537691663732
3341,0.20127160332980215,0.5960548587776087
3342,0.18426087194662774,0.6070526851110206
3343,0.17370743087255255,0.6126694376318086
3344,0.1802677221640231,0.6056561219929995
3345,0.17799203998047755,0.6006436405008583
3346,0.18491366478671617,0.6090656986505933
3347,0.20174638769743267,0.5946680390336972
3348,0.1825425416794089,0.6027846697117543
3349,0.2032016511028991,0.5873056575232358
3350,0.18576051464720703,0.6026794356684151
3351,0.1871493537737028,0.6136520356012309
3352,0.18422417832878027,0.5948594507105339
3353,0.1852145243663079,0.6183998651154592
3354,0.18183230827331023,0.6052917270231208
3355,0.1938553211836375,0.5945699725612531
3356,0.19144978157475642,0.5963309404395427
3357,0.17220907691461118,0.611598018917365
3358,0.17834309032484,0.603502694478429
3359,0.18386039092714293,0.6050967273783269
3360,0.20007541012106367,0.5944393171137203
3361,0.1782508417109218,0.6072669579075485
3362,0.18458911573491388,0.6149526536310626
3363,0.19520813609767387,0.5959192694467791
3364,0.1925108523702509,0.6019826607137095
3365,0.19038137356002435,0.6063309687654201
3366,0.18046085288603106,0.6046633313184439
3367,0.19572375929228394,0.5854442253564818
3368,0.17965285535602116,0.6105165921743644
3369,0.18154829767756997,0.6119171223832489
3370,0.17481542161058963,0.6104031589554765
3371,0.17621839129597772,0.6113400661711633
3372,0.18740359443747437,0.6092009054124133
3373,0.19041236631312708,0.5942108351007682
3374,0.19235009318166899,0.59197804875019
3375,0.19641000623591517,0.5944939139573964
3376,0.18816940559219317,0.615676046441886
3377,0.1952597152232814,0.5960087928935293
3378,0.1867896742786503,0.6046166456028571
3379,0.18570651454111023,0.6060334659576143
3380,0.16717178712208103,0.6190905604213089
3381,0.18991558035677714,0.5984380563278785
3382,0.1879113192003939,0.6013141939354316
3383,0.1920050398883447,0.6013467056981818
3384,0.18854976250526015,0.6076457551679104
3385,0.17736935827155834,0.6153304859035036
3386,0.17436581587548514,0.6129430687466334
3387,0.19417760404872875,0.600340689543221
3388,0.19091697604769534,0.6054020125726796
3389,0.18633230549523166,0.5967747972644684
3390,0.19720492643970763,0.5883101030464982
3391,0.19107440697736303,0.6046156914659698
3392,0.18431277725343606,0.6107504123567119
3393,0.18912859914035304,0.5986978335816511
3394,0.18548246030082044,0.6001592091678023
3395,0.18741901606880382,0.6080459078654255
3396,0.17500097845874196,0.6081612418172312
3397,0.1848176133409416,0.5952774454557993
3398,0.18228271428701534,0.6069421274319786
3399,0.19473445772472933,0.593829034273066
3400,0.17925177641654105,0.6142790258019977
3401,0.18317852749593513,0.6012587999361918
3402,0.19506232143328128,0.596351114685654
3403,0.20130111172242604,0.6076821468033783
3404,0.20411395624503492,0.5916795459764574
3405,0.17592369963747836,0.6039041475473222
3406,0.19348406929177428,0.6024495808086539
3407,0.193132491218825,0.5966596515742205
3408,0.19845775218333708,0.5939939887306692
3409,0.16923258134518246,0.6168233642867212
3410,0.1964334830272519,0.5988796642549753
3411,0.19209476587414215,0.6047720730167272
3412,0.18865485611564825,0.5958915775829127
3413,0.17761113749747692,0.6139776803370077
3414,0.1926638318606481,0.596474467967835
3415,0.1850683309130523,0.608971365632269
3416,0.1862155707181919,0.5983782159450007
3417,0.18975903711169093,0.6048362654937838
3418,0.18240660588317215,0.6120437275218451
3419,0.1977271809415472,0.5969611806763881
3420,0.17887485938456302,0.6095696137642929
3421,0.17984331927040734,0.5944563606725106
3422,0.19152847835817235,0.5949239525901807
3423,0.1944064642072194,0.6017709460698484
3424,0.19987947033583695,0.5958130403881748
3425,0.20110803706286415,0.5887446610869305
3426,0.18113583656314325,0.6077935704271572
3427,0.1738196791978667,0.6071735838262893
3428,0.20353808595732276,0.5938520466041366
3429,0.17403931137239573,0.6130021888597724
3430,0.17785179893759126,0.6178678580800238
3431,0.18009341365600884,0.5982375789663913
3432,0.17444089787849015,0.6097446487559642
3433,0.19934765753976982,0.6020510592136257
3434,0.18664744527799268,0.6094600922378564
3435,0.18261053671260555,0.6085239883858617
3436,0.1907885543617535,0.6024806612130175
3437,0.17839896741173078,0.6075150105321288
3438,0.18313325660923105,0.6153943123014023
3439,0.18758066341891078,0.6009843340380088
3440,0.18850253469095474,0.6065619525752026
3441,0.18368780482253266,0.5937613732191789
3442,0.19626852262240202,0.5847390228651761
3443,0.18974806844463413,0.6027528276467174
3444,0.1973528408220568,0.5890580228167609
3445,0.18071638503157145,0.6073651652434597
3446,0.183601730097548,0.6104170377440659
3447,0.18713523661705686,0.6030143601576856
3448,0.19528122638070317,0.5986675276565386
3449,0.17735687035114048,0.604681159230121
3450,0.19542582743142117,0.6037562281504523
3451,0.17825158744966968,0.6153699666682632
3452,0.18382743054625972,0.6069763974150484
3453,0.18472370242814273,0.5950127304353056
3454,0.1977826576570276,0.5985071593856706
3455,0.1933181185463042,0.5989292695378867
3456,0.19129793670721987,0.6040339562953227
3457,0.19316177477011423,0.5954615808562852
3458,0.18389618693340282,0.6014209173163284
3459,0.17828578187408872,0.6120010216768322
3460,0.191904064572906,0.5904532277069301
3461,0.18380320623702456,0.6023062999053728
3462,0.18549481333630444,0.6066947664889097
3463,0.18375234004770757,0.6124754168943912
3464,0.17760990758545256,0.6070508633995881
3465,0.18129763658413087,0.6035288677340851
3466,0.1934847381731763,0.5965301650667525
3467,0.18168194931854295,0.606434356855599
3468,0.20369543774827933,0.5883750852162501
3469,0.1915928029064501,0.5952505231387702
3470,0.19243347903878122,0.6014107425366284
3471,0.19502265079333705,0.594151592840114
3472,0.18140975787344743,0.6162347209990585
3473,0.1935507639525761,0.5968759686654406
3474,0.1920062409157216,0.5936335255352744
3475,0.19666380697203092,0.5973272795848142
3476,0.1943928513499124,0.5874994745604627
3477,0.20346399398283901,0.5907403338455995
3478,0.1771760454693244,0.6072118298766578
3479,0.1820130753746553,0.6071658398319137
3480,0.19318218681661758,0.5931046089337246
3481,0.1938514480378987,0.6035041370620385
3482,0.18516396307073013,0.6073387074230863
3483,0.16766129245184846,0.6153481845642291
3484,0.17678183837619169,0.6153606373095487
3485,0.18620840838710748,0.6032175764814791
3486,0.18789993816254927,0.6065122230468714
3487,0.1824677973499333,0.6026388449284232
3488,0.18221474253543612,0.6072873325864198
3489,0.19091253009309497,0.5952841874513694
3490,0.1851474968570455,0.6032234791403024
3491,0.17062437880117926,0.6187585343960882
3492,0.17966379977031496,0.6031052066076733
3493,0.18980794516172533,0.6052117297696328
3494,0.17500854767874846,0.612779757552404
3495,0.1847502123324714,0.6187430497794653
3496,0.18081348272620004,0.6149333155488953
3497,0.17999961711848494,0.6103011597329062
3498,0.19606242364678314,0.6008671744761251
3499,0.186822844114869,0.5964308468178371
3500,0.17884300169557246,0.6165552857989476
3501,0.17713846920772894,0.6050535004713532
3502,0.1857932734193378,0.6076052150836748
3503,0.17988224091515786,0.6019660680401555
3504,0.1880188838316494,0.5989269025546453
3505,0.19224031906670075,0.6027006883441322
3506,0.18795014648017788,0.5936217617431999
3507,0.18275142196323232,0.6093247026394468
3508,0.1931148325563336,0.5885697684756424
3509,0.18881129734751934,0.6062232828704045
3510,0.18961563242637125,0.6019134054566104
3511,0.17673445073103208,0.6149966241744437
3512,0.18499922318796513,0.6059888604193898
3513,0.18361929098375998,0.603759678894113
3514,0.18433592827088782,0.6101446787672302
3515,0.1954849776591221,0.5940160361891688
3516,0.18579239039150347,0.6001962188070364
3517,0.1806368429186177,0.611001130516111
3518,0.1949909839614297,0.6062634992407827
3519,0.19388980946946713,0.5943573395554096
3520,0.18099863307167394,0.6083759392291862
3521,0.18000622014125212,0.6014057550341569
3522,0.19180439843066602,0.6027256473275888
3523,0.18579774391120887,0.6042821593087366
3524,0.19589444565398798,0.591907963018214
3525,0.18228067914385387,0.6038520079626039
3526,0.18595071623714626,0.6072637028259025
3527,0.18220872565300478,0.6035051217850832
3528,0.18187117012723464,0.6031061610543902
3529,0.19506869554535106,0.5976553139755483
3530,0.19669622740584963,0.5982157811321401
3531,0.19151308463911942,0.6048482055395323
3532,0.188277468289977,0.6119321907184331
3533,0.19395779772491434,0.6006328886617087
3534,0.1792085198140357,0.6048296834797795
3535,0.1839251921242119,0.5987908793725694
3536,0.19124667211604068,0.5979848456911554
3537,0.18554626954854034,0.6001680185215087
3538,0.17961036652316328,0.6109502213425505
3539,0.19885169717853365,0.6057848379241733
3540,0.17314753390502272,0.6080399238407436
3541,0.17985809747730136,0.6123367648084959
3542,0.18203885020240235,0.620112116183657
3543,0.1878645869154317,0.6073689843218972
3544,0.18472711665926095,0.6129081889117606
3545,0.18501445343402348,0.6107872347292616
3546,0.18765180975820217,0.6061886921940622
3547,0.18388176734406272,0.6118742372724827
3548,0.19141996428779914,0.6070456471187814
3549,0.18138397949917423,0.60554599799001
3550,0.19023997133904919,0.6094816395428126
3551,0.1827783584746276,0.6203107860849694
3552,0.1929149687602489,0.5946460417605864
3553,0.1976418396432095,0.598056265558835
3554,0.19482931317777286,0.59872173692444
3555,0.19157753426466628,0.6033993437940647
3556,0.17878557226232608,0.6145081319371275
3557,0.1828253647722776,0.5997186724785295
3558,0.19565431768766664,0.595397804800562
3559,0.18551885498260887,0.6037108707536093
3560,0.1925757885086116,0.6005150673314912
3561,0.18708627946051826,0.5957051883999089
3562,0.18824906398148478,0.6134497557707443
3563,0.18968708396298192,0.5915738050224564
3564,0.18296846927986204,0.5955646152893485
3565,0.1855290209657084,0.6073350684362584
3566,0.18704192493598903,0.6028465240364519
3567,0.17907461662976468,0.6076946812693461
3568,0.1992441749015764,0.5915250554157938
3569,0.19259930160999242,0.5936342052318383
3570,0.17807478196414034,0.6115207417066385
3571,0.1795879570652234,0.6094071325688036
3572,0.18662371553199986,0.6080457264667335
3573,0.18150697405364818,0.6054020814791196
3574,0.17675809082234242,0.5990823049254245
3575,0.192677510391251,0.5993780281686839
3576,0.18258778545362286,0.6086124726143771
3577,0.18027033015285812,0.6142974497686231
3578,0.1935197129768531,0.5939483929305734
3579,0.19819811276752744,0.5960357042272731
3580,0.19091305594623556,0.6075402291022006
3581,0.1980501738464667,0.5988562004532182
3582,0.17911605398991173,0.6104339050676243
3583,0.1867027655438258,0.6013627949984127
3584,0.17662135996238038,0.6057513939820831
3585,0.18028367544030727,0.6119381761526508
3586,0.1941303052876149,0.6006764478202183
3587,0.19037545905416675,0.6039684905573703
3588,0.19048177530913213,0.5985966681135427
3589,0.19230379740524292,0.606921223561689
3590,0.19483261025952756,0.5935253019482746
3591,0.19045743380066718,0.6009410562815213
3592,0.1836775005809396,0.5977400572079263
3593,0.18632841399721403,0.6029112917607953
3594,0.18203709599483398,0.602591738129967
3595,0.18855842801398912,0.6075178994758338
3596,0.19707242192483929,0.5985797225065004
3597,0.18313419843040232,0.6068165976286017
3598,0.18998799611714468,0.5908570271475234
3599,0.1981272388239873,0.5882998456812806
3600,0.17334634784943762,0.6090980115625015
3601,0.18781015741998522,0.6076070226352586
3602,0.1769917664299667,0.6097558484312793
3603,0.1864980000302067,0.6002356223941357
3604,0.20245995126970776,0.5840341839250696
3605,0.18287138054860408,0.6124615945648022
3606,0.18064085925227663,0.6033479615289966
3607,0.19963391299780167,0.5953932831624866
3608,0.1868249666830541,0.6033316826221601
3609,0.18710610211715542,0.5959959525973277
3610,0.17987560890629856,0.5956328660130095
3611,0.1895072702568562,0.6058651451772478
3612,0.20087209707162804,0.5950908456281098
3613,0.17897052432431554,0.6042939410600991
3614,0.19281607233647405,0.6031870273839111
3615,0.18478362931031164,0.6136621721849356
3616,0.20075498324943714,0.5881587640403788
3617,0.18882432383726674,0.5979484928755773
3618,0.20116523269211478,0.5882243300470212
3619,0.18045242554741037,0.6065045562808908
3620,0.17835871523446278,0.6126649547073921
3621,0.19618376262018355,0.604215820145114
3622,0.18913237524478735,0.6068125995457386
3623,0.19185700767340086,0.6048482664938118
3624,0.19592119622837448,0.5978312790887251
3625,0.18906574262918263,0.6002106681930663
3626,0.1889926539283895,0.5955961608063391
3627,0.20470756330990916,0.5930588736774122
3628,0.17955050620091684,0.6099430009599639
3629,0.18412216345087606,0.6026681055150168
3630,0.19241141851718432,0.5992799261603072
3631,0.18217222604403108,0.6066333551980353
3632,0.18990812398263526,0.6005848960939997
3633,0.18428234503333737,0.6012751652948699
3634,0.18760937472395994,0.6117832035723129
3635,0.18032658702521676,0.6050376112186114
3636,0.18889383078103833,0.5981684358350968
3637,0.18057442680829472,0.6131645904506227
3638,0.17260768650054414,0.61380300428978
3639,0.19366770273595693,0.5940091513243548
3640,0.19435080303798152,0.5976279676647976
3641,0.19121966442483534,0.6033805722353545
3642,0.1995334465832564,0.5976897839089123
3643,0.18282797348074775,0.6080927437056267
3644,0.18821074507891408,0.607474578483309
3645,0.18521204706364391,0.6095399883097963
3646,0.19229307629483808,0.5986963834417321
3647,0.19552980762316338,0.6004264144305492
3648,0.1894119215544884,0.5981479485501713
3649,0.1906850423758687,0.602076455136952
3650,0.18357557329910168,0.6017679084137444
3651,0.19570087789417098,0.5939707183758983
3652,0.19640407351055325,0.5907151055486812
3653,0.17435180033004927,0.6100166487883677
3654,0.16777724503204217,0.6153648505437304
3655,0.1850790114280753,0.6081490890224991
3656,0.18317621041188265,0.6051400922964559
3657,0.19363341006943652,0.6054975362420438
3658,0.17141622126638167,0.6104008484980068
3659,0.17691272874763242,0.6162136205431955
3660,0.19109502060757141,0.5996438835015174
3661,0.19264591036344736,0.6099459225872864
3662,0.1889378037895436,0.6102945193630674
3663,0.1921746975900603,0.5896431459642368
3664,0.18503384062100312,0.6081519645771278
3665,0.19199422895178694,0.5943379942535885
3666,0.18922630770405674,0.6003184053452901
3667,0.17911908814579994,0.6135424918266222
3668,0.1801981179119568,0.6030893850755097
3669,0.19537223893611477,0.593963780097641
3670,0.1981611161451585,0.5913996932963922
3671,0.18599622038833266,0.6020525097893699
3672,0.18457697773008538,0.6065960697118402
3673,0.1825037914028935,0.6154329692283788
3674,0.19811044004523193,0.5966025214875285
3675,0.1960403441443524,0.6021903787313251
3676,0.17836637639738084,0.6098795986222229
3677,0.19304774114234707,0.5970146650649817
3678,0.1888912680577079,0.60505272058903
3679,0.18678644527026367,0.599815961889299
3680,0.1809051159353254,0.6087450425032628
3681,0.19696562978940096,0.6042095525927365
3682,0.18724835871260936,0.6136619439888292
3683,0.19038435344479662,0.5951489322696909
3684,0.17844598612483306,0.613115054015501
3685,0.19261936765662444,0.6005644098443833
3686,0.177105998847596,0.6032436425008267
3687,0.18893763677068834,0.6049196237605462
3688,0.1890630223048578,0.5965084912806823
3689,0.19783296435405207,0.5998918422439209
3690,0.18853740465986127,0.6078306647557224
3691,0.18390675287017286,0.601908775868301
3692,0.18836072400970347,0.6015461947382519
3693,0.1842706955522748,0.6106383750813306
3694,0.17647688029184722,0.6092494784043497
3695,0.17996028265215505,0.6037559115737707
3696,0.17298571812699304,0.6160990605384454
3697,0.19441804781355232,0.5970526618586112
3698,0.18306901157450745,0.5976498846580833
3699,0.18116479136310812,0.6074812462202736
3700,0.18993228436490944,0.5991849787104105
3701,0.16914982150103977,0.619863277176958
3702,0.19559981399079215,0.597966423478825
3703,0.193704174805411,0.604815587107392
3704,0.186829397195392,0.6054606710301313
3705,0.19079018817462176,0.6054523543856651
3706,0.19221091765808615,0.5992657144008967
3707,0.17933873395204605,0.6081507594181128
3708,0.20549041621164013,0.5894274250331527
3709,0.18934100388709596,0.6070241181263301
3710,0.1883484667510728,0.6026720964971124
3711,0.1940516378038222,0.597753296384857
3712,0.1880399505392392,0.6112884647845044
3713,0.19385746606167722,0.5965964586191813
3714,0.1929450444493904,0.5997288377250891
3715,0.17518318410515846,0.61172093939893
3716,0.19457090546346584,0.5972730532952111
3717,0.18676631597378934,0.6101272613203083
3718,0.19786281378411477,0.6013709759010616
3719,0.18888511539684766,0.6012669945068956
3720,0.18911334455514023,0.6085033111540207
3721,0.18079959468525866,0.6051706811954124
3722,0.19572010719644609,0.5989289562994278
3723,0.16405396074972411,0.6159893477057087
3724,0.1814011210004412,0.6056727246622272
3725,0.1959513781432128,0.5867363025901505
3726,0.1897084006570695,0.6077270226924981
3727,0.18880335241978474,0.6111940779264998
3728,0.19179439358176759,0.5970661985382273
3729,0.18232485800049025,0.6016287123618771
3730,0.18682322784114389,0.5956130635817566
3731,0.18498293151935347,0.6019982674614814
3732,0.17803548587807208,0.6066437591513978
3733,0.18582091170873138,0.6134157378438592
3734,0.1994523868752691,0.5920940820127054
3735,0.18730557235752285,0.5900619762652218
3736,0.19312334218292618,0.5969401086935299
3737,0.17292775879239664,0.609000986262459
3738,0.1731015631820749,0.6015883792427195
3739,0.19527146526526054,0.6016822578287397
3740,0.18859268736549523,0.6055296155465599
3741,0.19494913178901319,0.596923951678115
3742,0.1893645302756627,0.6039114156867859
3743,0.18836185180955567,0.6058976909129996
3744,0.1953261603832653,0.5918013705178404
3745,0.19646002740028662,0.5977146203017036
3746,0.19106035041452515,0.597732577582714
3747,0.1847418617166985,0.6131946191723578
3748,0.19682650987654518,0.6062957466175675
3749,0.1901387046071547,0.6057340642136517
3750,0.18454532771871893,0.6000226321083817
3751,0.17768095989564037,0.6086034705591586
3752,0.19065235586405022,0.5898578252385099
3753,0.1840001484899095,0.6065918042492794
3754,0.18048700974116413,0.599412726744517
3755,0.17401858823117142,0.6119840498208421
3756,0.1927094523376933,0.603315452433257
3757,0.18499499813635786,0.6016767571722511
3758,0.18800971815967707,0.6077913303628567
3759,0.17435493720608267,0.6197134128743937
3760,0.18885497448462907,0.6022298128382225
3761,0.20351145322541236,0.5978987749709997
3762,0.18904229626216823,0.5993805834472155
3763,0.19225246064787166,0.6002190381275858
3764,0.19084967963948266,0.5982949307046397
3765,0.1726547726884979,0.6131396617177551
3766,0.18714933585776478,0.6085522455655794
3767,0.2045915055154051,0.5951502890959833
3768,0.17778944496629737,0.6059764180176185
3769,0.19542056267186206,0.5973254508241478
3770,0.19643363709537603,0.5924845719140783
3771,0.17707258280568292,0.6091845429877204
3772,0.18686468920118554,0.5958863285644245
3773,0.18539243527669996,0.6010712105198196
3774,0.19099070386883443,0.60011249530472
3775,0.18409819086026688,0.6043292298529161
3776,0.18695550428168492,0.6013848318043133
3777,0.1932180626181096,0.5962302691217067
3778,0.1867848138424802,0.6054750476238794
3779,0.1860585671210842,0.614043124994682
3780,0.17866499061201602,0.6082322028789233
3781,0.18932401310081576,0.6030369792807446
3782,0.18312743610773596,0.6064978545001174
3783,0.18931120737954654,0.5925095693528262
3784,0.18995177906992883,0.5971212518682438
3785,0.18041474584521802,0.6071744225263521
3786,0.19204263583510783,0.6023586739039883
3787,0.18519402366027138,0.5994291944669897
3788,0.2016597124471388,0.5878336676532143
3789,0.18021378493785006,0.6006912530921168
3790,0.19434179947487148,0.6027519001062246
3791,0.18655216432380178,0.6046872549310117
3792,0.18068635419608295,0.5977880137242427
3793,0.18144857833965558,0.6139648981628676
3794,0.19325713854323132,0.6090835351443906
3795,0.17889074942996488,0.6139452246263228
3796,0.19047877827709284,0.5900365503719054
3797,0.1931928767881814,0.5987913424398599
3798,0.1990272651550787,0.5939096889562431
3799,0.2010394538609942,0.5982830862724522
3800,0.18509363852688793,0.6058216018293676
3801,0.19527818125333166,0.6062394365170187
3802,0.18750341914463398,0.5972614592565547
3803,0.18937311708946475,0.6031974997841129
3804,0.1944141973953033,0.6031291147570645
3805,0.1881671079294806,0.5932859563302674
3806,0.2004732687828768,0.5888124170395319
3807,0.19200090977144924,0.6010850108832335
3808,0.1964610707196133,0.6030417183032477
3809,0.19023786293837683,0.5966571461843921
3810,0.1960810861641523,0.5968020553440365
3811,0.1897356752864576,0.5907562339848238
3812,0.20001267832914885,0.5917815655798153
3813,0.1949011153796676,0.5953608628008431
3814,0.1823975717839794,0.6150318144515157
3815,0.1971723537429085,0.6078249269992079
3816,0.1942300068833871,0.6077236915544132
3817,0.19405846782648353,0.6015917351838029
3818,0.188023731528683,0.5985779910484088
3819,0.1777680620277954,0.6150477772424795
3820,0.19107426416798914,0.6011757935093258
3821,0.19456000270689866,0.6050654644643396
3822,0.1830158949680278,0.597943654606546
3823,0.17296304933974063,0.6094180896385539
3824,0.18783821293996025,0.6045720003592766
3825,0.1864818349712835,0.604264543899119
3826,0.19440019094584812,0.6052991967678926
3827,0.19736431008196476,0.5928487910523241
3828,0.18079752615380756,0.5978203697487774
3829,0.18119193387336194,0.6103553510573744
3830,0.18789911230270157,0.6043302820215127
3831,0.1908012967825696,0.6029038712496239
3832,0.17491103655933948,0.6114779433770854
3833,0.1861841282819501,0.5989252013109322
3834,0.1856404857797061,0.5979172182705018
3835,0.19377546657945216,0.5923097611679073
3836,0.18504642703696886,0.6141335993090431
3837,0.191100619775379,0.5948172207872042
3838,0.20405833889913808,0.5900931813706617
3839,0.17948183624651554,0.6124498642864784
3840,0.19143811600928223,0.5934558737275217
3841,0.1801442170590887,0.6086122818658978
3842,0.20703692583335143,0.5800736437924201
3843,0.17710989539577104,0.6007363429854026
3844,0.19040312720148167,0.6010464150080522
3845,0.2030841106364845,0.5855037181877025
3846,0.1916066169657709,0.5986692553010533
3847,0.18952267662345162,0.599963896923099
3848,0.16643330249187038,0.6223795688390011
3849,0.18253842918379046,0.6008957270642097
3850,0.1923957680276171,0.6034651691000829
3851,0.18643164220698558,0.6100210043998098
3852,0.17953173559638305,0.6021521941531861
3853,0.18299941798193234,0.6097266605944043
3854,0.19691764922653696,0.5988150265825708
3855,0.19325155589567175,0.5994298063420626
3856,0.1824616645978174,0.6046745664584364
3857,0.18573044399912617,0.5987981352274251
3858,0.17970442680517554,0.6011578880362014
3859,0.18540982819606264,0.6016222415106952
3860,0.19366332521059776,0.5948738999401159
3861,0.19295896348998254,0.6017407859167027
3862,0.1863394008734348,0.6032880843943811
3863,0.18798953132081464,0.6048987915638753
3864,0.1922431022158357,0.6008485162644697
3865,0.18697666998265558,0.6086827035850759
3866,0.1856997729966876,0.6100703372966884
3867,0.1884903183718287,0.6013234434593544
3868,0.17999547367211446,0.6210858340037337
3869,0.19045737703493068,0.6032001940959258
3870,0.18305840964459702,0.6024559068364046
3871,0.194805010065886,0.5982121462746649
3872,0.1800545129283915,0.6068651725901039
3873,0.1848207471494506,0.6000523168532188
3874,0.2003438867847296,0.5769770202075983
3875,0.20243284288584276,0.5981129023745788
3876,0.2008417657934783,0.5896945943262495
3877,0.18340404013308037,0.6000239536413744
3878,0.18549723115583616,0.6073971914534501
3879,0.18365190514046603,0.6024216415429229
3880,0.1943955138697811,0.5937510323230182
3881,0.1859374555573579,0.5949972015691793
3882,0.18232789831051133,0.6145060954858746
3883,0.19788450432108493,0.5855538023174719
3884,0.1942622094718556,0.6009074294059135
3885,0.1832453641426839,0.6087580699629623
3886,0.18937022037122472,0.6070950399270366
3887,0.17690290314103302,0.6130481831175947
3888,0.19507488797246464,0.5998113846025979
3889,0.1866561611663658,0.6067931691072328
3890,0.19176051544446823,0.6017457243156124
3891,0.17561954309506578,0.6208484601760997
3892,0.18782772045192977,0.6020614777187795
3893,0.17160965961429903,0.6010315296161794
3894,0.1940246348031013,0.5956579591971598
3895,0.18520685102314163,0.6061090311014304
3896,0.19241863040154955,0.5975109092441448
3897,0.18488886914391786,0.6064869218743609
3898,0.1922548964509331,0.6011849749954431
3899,0.1746395383417713,0.6037993210092722
3900,0.1871450361122122,0.6023856889080437
3901,0.18612227346360088,0.6086651909854383
3902,0.18100269404149358,0.611660232420892
3903,0.18609051086283698,0.604551895362483
3904,0.18174984168985386,0.6054138303331873
3905,0.1865313618825036,0.6123280635843311
3906,0.18024452178779185,0.6100982635140373
3907,0.1947289056468257,0.5966615752311092
3908,0.1731589654880198,0.6142694277106284
3909,0.1908761365616474,0.6002697063194902
3910,0.19129864719362433,0.5972597682123588
3911,0.18514027171620262,0.5934274280296572
3912,0.19421415688486532,0.595279223485512
3913,0.1905618475412519,0.6081713944111693
3914,0.1877192378596403,0.5989839219200416
3915,0.18683703026724136,0.6091517871533386
3916,0.19543609774940102,0.5948484203518903
3917,0.18362008947605005,0.5999277375456339
3918,0.18692259862278646,0.6031912883408085
3919,0.189944446521253,0.5914309855293152
3920,0.18894740086948192,0.5905816896482159
3921,0.19354566111025237,0.6002223605276258
3922,0.18252689487808701,0.6042246116182768
3923,0.18587484873314739,0.5998186697995825
3924,0.18243211168043197,0.605205208307596
3925,0.18194127853938383,0.6097091352114893
3926,0.19662478002462236,0.5901406089064445
3927,0.1814880345389758,0.6091503823721419
3928,0.19227975139314826,0.5957952294925078
3929,0.1929819553320845,0.5992944991008907
3930,0.1886161951460688,0.6014984415746388
3931,0.18048541529619483,0.5990498433718077
3932,0.1851004673287755,0.6043737882705122
3933,0.18460761263360334,0.598541807977495
3934,0.18706684052200373,0.5996477236217057
3935,0.17819266230428152,0.608116731111033
3936,0.17658159427129477,0.6040696272792864
3937,0.18099074411141822,0.6019029485024546
3938,0.18045302582982942,0.6121808158600068
3939,0.18309942491528294,0.6033470222938258
3940,0.1796950571896641,0.606038063767087
3941,0.197769782784604,0.5961124880641376
3942,0.18239360234814378,0.601592599498718
3943,0.19534312336776574,0.6031682087023938
3944,0.18681135387050846,0.606840279458694
3945,0.18513382122048122,0.6082271602917227
3946,0.193200169672679,0.5976886420743415
3947,0.1905094815308689,0.6002081591184547
3948,0.1964957148869041,0.599601340495661
3949,0.2001438416773369,0.5961403661148328
3950,0.18370709484970008,0.600557067118904
3951,0.18525323558903503,0.6060238259211429
3952,0.18461814754788328,0.60590492593725
3953,0.18688414711687953,0.6081244294846536
3954,0.19263021899320992,0.6046061048071377
3955,0.17771389339737587,0.6033030513470925
3956,0.18742150423737486,0.5978770944781959
3957,0.18916849182866527,0.5970865658854503
3958,0.19652212237714312,0.5868646682279449
3959,0.18819178203893122,0.601463771619982
3960,0.18125706586196963,0.6134787939538564
3961,0.19615868926320584,0.5898355695363917
3962,0.18497839473888347,0.609208374414631
3963,0.18245455032100588,0.5986010056210177
3964,0.18252533161304213,0.6101717085081935
3965,0.186405553418012,0.605408545361503
3966,0.1942340573135265,0.5932554620773713
3967,0.1862263457941709,0.604459051587262
3968,0.20340843827227484,0.589792001065751
3969,0.182533583962986,0.6049235249241872
3970,0.18707296874143606,0.595633132491834
3971,0.19025225508053595,0.6015316153455759
3972,0.1694935587277454,0.620165683565728
3973,0.1902872027506559,0.594375420177824
3974,0.18192101180835768,0.6040531791287128
3975,0.19252831589248337,0.5998553650760403
3976,0.18264395343317033,0.6065789794499966
3977,0.19341203601339638,0.6005591933716456
3978,0.1906942630999267,0.6008889548445658
3979,0.18150966315272243,0.6055548459890976
3980,0.18503285512109297,0.6072349390492972
3981,0.18690254774268794,0.6007236174999961
3982,0.2025999052040968,0.5954587182518939
3983,0.20063149781972922,0.5883293189219563
3984,0.1786085053917227,0.6038880371120362
3985,0.1876323877590413,0.604904975806376
3986,0.1843811633601391,0.5985142051024283
3987,0.18592875810851114,0.5913364066733329
3988,0.18867507979228423,0.5986756297867115
3989,0.20108978901523117,0.5911226665375047
3990,0.19281211292423764,0.5975104821368201
3991,0.1881100243577265,0.6076356278561756
3992,0.19585294354912874,0.5862691652439133
3993,0.18323052094396597,0.5978985404645386
3994,0.18313289130752045,0.6042882176880164
3995,0.19391666667482696,0.6011509633351554
3996,0.18530739459502454,0.6048341294791117
3997,0.20127457413103614,0.586575043277371
3998,0.19137345642775894,0.5850592597666706
3999,0.19573460101199067,0.5965437005160112
4000,0.17636601761080975,0.609141714031623
4001,0.20226372604387827,0.5893970490595553
4002,0.17948558513499552,0.6050420958128842
4003,0.18343769635125487,0.5993895766180575
4004,0.1843795187856611,0.60433344660292
4005,0.1700876379760598,0.6123269247924721
4006,0.17883168122514964,0.6169751083630408
4007,0.17717684141608603,0.6114308526544738
4008,0.1794340627193683,0.6126641685125214
4009,0.18436444930802717,0.6035267242598039
4010,0.1953491390264172,0.5964684452047867
4011,0.1867742496806793,0.5956245298268636
4012,0.1921943186541939,0.5986674298368051
4013,0.19525932875481355,0.5978728132635921
4014,0.18731217948534074,0.5986561977474375
4015,0.17955612391721687,0.607527666070744
4016,0.15855537264803887,0.6158765795495578
4017,0.18378628272727962,0.6063935914952698
4018,0.18464408023359108,0.5995022327493253
4019,0.1942591262962452,0.5911763266116522
4020,0.17475839280084163,0.6177175032658143
4021,0.1948305085210465,0.5984935036505353
4022,0.1728086395508093,0.6203353366887813
4023,0.18625177926904207,0.6186328619571312
4024,0.1820881726364377,0.6093217246851639
4025,0.185360897362591,0.6005567127581437
4026,0.1837181310933382,0.6057807765642499
4027,0.17476397261880616,0.6161990476133348
4028,0.18099871359960618,0.6150983634507169
4029,0.1812223950653186,0.6055798848612706
4030,0.18477945697496745,0.6030486056428814
4031,0.18932681111966948,0.5941791180442718
4032,0.19138437766405203,0.5937549903432431
4033,0.19671354728828183,0.5994044065903482
4034,0.19512753932083576,0.5979189819167695
4035,0.17799953225951237,0.6111655208916899
4036,0.18488161629143868,0.6060857471943375
4037,0.19702396733722252,0.5981844001691538
4038,0.19699651134881108,0.596096073587969
4039,0.17480362665214785,0.6086169633534582
4040,0.19234838670831303,0.6009564419609099
4041,0.1955816212067621,0.6044547238764588
4042,0.1848643900121428,0.6045364444979789
4043,0.1801717892870783,0.6152366064058556
4044,0.1655658806432462,0.6253725573264913
4045,0.19309857343904135,0.5925743268123708
4046,0.1883798623939398,0.5982792826561398
4047,0.19456255924707244,0.5945402710766285
4048,0.19435942506858023,0.6010978107255692
4049,0.18865105864205936,0.6004563573025457
4050,0.18770243752603186,0.5987894251637674
4051,0.1912838079347781,0.5975371794425011
4052,0.18927025949942275,0.6056551857691155
4053,0.17806310957975785,0.6044694154149619
4054,0.18607762911772088,0.6060457466592282
4055,0.1816644161699938,0.6252657240850381
4056,0.17552208003659261,0.6247703558434141
4057,0.18696288001927383,0.5986213074700172
4058,0.1936586182806296,0.6037049345861996
4059,0.20352850804931283,0.5882169108457677
4060,0.1912843922257357,0.606974719385148
4061,0.19335468676386264,0.6006791727564683
4062,0.18463027060034132,0.5967911862200069
4063,0.18800667976436078,0.6017312062566652
4064,0.17871036391933226,0.6000425927484837
4065,0.19423598673550307,0.5930402093846008
4066,0.19034404441320943,0.605449898780177
4067,0.19381952121105925,0.5939113278477883
4068,0.19835650974716745,0.5973812610720598
4069,0.18333894988166022,0.6124335824756093
4070,0.18098269256571947,0.6088927073694029
4071,0.18493558947921002,0.6134210393025431
4072,0.20019448473144413,0.5879827263279461
4073,0.17993504306193045,0.60273709066301
4074,0.1898712236475462,0.5964831835132809
4075,0.1955533342560581,0.5933702376555239
4076,0.1884960152428538,0.5983328129041476
4077,0.1763962179018568,0.613744369065679
4078,0.1752119281974272,0.610832026061115
4079,0.1923487789396963,0.6043283886036626
4080,0.19079758474097425,0.6076366724940935
4081,0.18851688868808408,0.597043611641969
4082,0.1929721000640313,0.5913334442460865
4083,0.18884201815963134,0.6039240082887621
4084,0.17835771957479113,0.6068870439026517
4085,0.16868674355332997,0.6103996787820588
4086,0.1928955620764798,0.5979313867109239
4087,0.18098818589749438,0.6110350151051787
4088,0.19609576472508516,0.5981118175590786
4089,0.1849877666587792,0.6114913177513766
4090,0.1967822014185737,0.5928870930851101
4091,0.18898102569820965,0.6066121562918497
4092,0.19118687605672452,0.5938576901866893
4093,0.1741774637504488,0.605594038709528
4094,0.1956805605388531,0.600190651395736
4095,0.1857671990336549,0.6125431537082989
4096,0.18315642259737172,0.6063983842789996
4097,0.18861150423064046,0.5990221411894064
4098,0.18706706449584254,0.6058925049030344
4099,0.18199976932815665,0.6034618620592216
4100,0.19106817022653103,0.5930046714694697
4101,0.18024743262001192,0.6151502772561392
4102,0.18278481113735906,0.6056823352139061
4103,0.1864002917554991,0.6132419870587899
4104,0.1904210308791609,0.5999089380788012
4105,0.20666684645311412,0.5881782331165452
4106,0.19237624493552818,0.6001904481046318
4107,0.19624552056941733,0.598543115169052
4108,0.1784906849692102,0.6006081244538385
4109,0.1904958965302538,0.6003752890358924
4110,0.19002214674765805,0.5949631620671981
4111,0.18830873559037553,0.6055636459761422
4112,0.18251181571640937,0.6114366716248628
4113,0.19330654629497965,0.6018735569916059
4114,0.18435798968930078,0.6122885905091604
4115,0.18000589922432603,0.6097468777641832
4116,0.19397398752807893,0.6008365345766092
4117,0.1877590024351921,0.5997128694238265
4118,0.18919173313909268,0.6036807530293715
4119,0.17461161523409688,0.6182331220367352
4120,0.18778547593967304,0.5947575693309339
4121,0.17675122766031787,0.6108597141775031
4122,0.18059592522857712,0.6029499926448805
4123,0.18125989128625372,0.6152601333797002
4124,0.1907649307299952,0.6025786511728589
4125,0.17965956816131898,0.6030935092725096
4126,0.18802173677917713,0.5943706861023461
4127,0.20201039146834715,0.5904614155552869
4128,0.1959918233129303,0.6050184684309796
4129,0.183439664544718,0.6066935968979267
4130,0.17104859248946191,0.6102903448484286
4131,0.18045745615043676,0.6073281174838897
4132,0.19536593571642116,0.5893223359934521
4133,0.1868413026811026,0.6037951453343159
4134,0.19800867016952745,0.5922417753462934
4135,0.1842301280126744,0.6032430428028173
4136,0.19450942983256486,0.5887486979993161
4137,0.17699866249268378,0.6124860163830351
4138,0.17322378961990598,0.6102833296061385
4139,0.1897864512849071,0.5968655814148698
4140,0.19337184130497453,0.5991067185149952
4141,0.20273674758190233,0.5861887602732949
4142,0.19257001574020713,0.604712808296192
4143,0.194006593253841,0.592160466431913
4144,0.19004525450136073,0.6011134885319097
4145,0.18485990665573335,0.601080928637456
4146,0.1969509096906189,0.5838098088719715
4147,0.18663249590450368,0.6028617298647837
4148,0.1884144975228707,0.5999605327778076
4149,0.19589865483756752,0.5977548528174677
4150,0.18318247866198495,0.5995153597830143
4151,0.18531192626993145,0.60114993703686
4152,0.1809439989208729,0.6040723910545931
4153,0.1895355151537428,0.606049430373309
4154,0.18981466883889317,0.590907483103466
4155,0.1797894647199444,0.6086185056766318
4156,0.18865401275261276,0.604290447857315
4157,0.19143919969059026,0.5911449768861139
4158,0.19205103782322286,0.5883194402087993
4159,0.1915983936471574,0.6009216727014985
4160,0.20558767109400833,0.5855303922781208
4161,0.18339839864102603,0.6098429364905694
4162,0.1937196036939159,0.5965032948559515
4163,0.18822300906772232,0.6062205183934568
4164,0.17885148964012054,0.6193457172586632
4165,0.1883497877931667,0.5924363241826149
4166,0.1869819478671165,0.5964379191149183
4167,0.1956104466752678,0.5987438222947825
4168,0.1772632572846198,0.6060043906104093
4169,0.18596955738382273,0.6072431306601446
4170,0.19805594110892663,0.5992242686300077
4171,0.17905107988626018,0.6059829601948366
4172,0.1745731580973102,0.6089378402695698
4173,0.1808232227495581,0.6072314893666191
4174,0.1865267675382965,0.6055669936497078
4175,0.18771220233440644,0.6010362891967683
4176,0.18217449786352752,0.6129953391162539
4177,0.19378896122201927,0.6065421212370504
4178,0.19585056474090232,0.5978844871753758
4179,0.184285168498046,0.5989161315206273
4180,0.18030423955578384,0.6181753402541644
4181,0.18300771064463658,0.6126537186818513
4182,0.18157199320064665,0.5997945893707504
4183,0.2042305234712258,0.5859934614655413
4184,0.18531104909173302,0.6078221744800238
4185,0.17846741748604733,0.6098523269306924
4186,0.18679435309537662,0.6017825361987856
4187,0.1917229338857911,0.6016252459908082
4188,0.18730510891313829,0.6046328626125687
4189,0.17616813729869762,0.6030370737054496
4190,0.1930277075409937,0.5939240682860644
4191,0.17887883056732104,0.6092119441324514
4192,0.18549046499333088,0.606122322231146
4193,0.18442832790066446,0.6020827398457651
4194,0.18894737038488288,0.6018961764582219
4195,0.18130047275728714,0.6101009944906257
4196,0.18495151357447523,0.5968630875588015
4197,0.18434866602016217,0.6037860087198038
4198,0.18068047298326395,0.6088353005794646
4199,0.19197628740017286,0.6071244644924125
4200,0.1867928867855828,0.5952646170960363
4201,0.17232552442967347,0.6115718742917003
4202,0.19539332506608076,0.5994488492782156
4203,0.17452412987775417,0.6050884434715453
4204,0.193714183789842,0.5923398583886008
4205,0.18929070651340815,0.6022623087496605
4206,0.19321478795185557,0.6027913065661838
4207,0.18917184883527993,0.6013922957007138
4208,0.18982469603520521,0.6041387400473829
4209,0.19246412292298246,0.6047316079186235
4210,0.18959321286084516,0.6017464529056122
4211,0.1876597009770653,0.6068812909118928
4212,0.18643640355266547,0.5976442104256285
4213,0.1910611581182326,0.5998278061865914
4214,0.19381823094250317,0.6083466296150146
4215,0.18274009979064637,0.6128138591349274
4216,0.1800869059856508,0.6112123181849086
4217,0.17949527908725238,0.6086505359608888
4218,0.18193992898794065,0.6105623636449526
4219,0.19020349605801865,0.5984658562024463
4220,0.18560957225493505,0.6071846058186644
4221,0.19356965154155428,0.5972714326911072
4222,0.20022763807594704,0.5951578601335871
4223,0.1901402438126374,0.6083095125515904
4224,0.1806576890451159,0.613023589616529
4225,0.18722485811983225,0.6053365873879994
4226,0.17016155840926453,0.6156970660572442
4227,0.18694314290154618,0.6013315693466398
4228,0.17882358020832212,0.6009880204372365
4229,0.1856050529830075,0.6054124052964585
4230,0.1902596816964462,0.6024482180885509
4231,0.18299112114908228,0.610087595384039
4232,0.18996398068013828,0.6136737617567313
4233,0.1949180889050255,0.5946967626913163
4234,0.19860387381283956,0.589916579585188
4235,0.18848527884945154,0.5932444510857955
4236,0.1960874052142643,0.6030142318699883
4237,0.1856658387389847,0.6118632126230611
4238,0.17757602710335976,0.6088517336265311
4239,0.18932175716077887,0.6011842578631462
4240,0.1794391861766031,0.6130470319739753
4241,0.19291482628856393,0.5963622420824586
4242,0.18704608511519571,0.6105640981576828
4243,0.17871841289845164,0.6131240849796288
4244,0.19178079293295625,0.5956700886966461
4245,0.1889737768088871,0.5937753913202687
4246,0.18066786229071216,0.6060328940294664
4247,0.19087037476264052,0.5991508182114946
4248,0.19139533878821907,0.5975085700718467
4249,0.17179061003722834,0.619942820965343
4250,0.1927781152765377,0.6117147203004786
4251,0.19050469332994394,0.5971297368979717
4252,0.2062953997883302,0.5892580657050321
4253,0.17836017111096855,0.6097954783319419
4254,0.1861704960156433,0.6125951180023005
4255,0.20120215905416872,0.5956715168206398
4256,0.187492942877284,0.6082722969547688
4257,0.1858369562540892,0.6033777804444321
4258,0.18163455257222227,0.6095499590832808
4259,0.18621887601192097,0.6012011749907483
4260,0.1845903129752602,0.6098420147024861
4261,0.19968798047102504,0.5952224248892218
4262,0.1843842072817609,0.6075161491255557
4263,0.1948124536246109,0.5878306822846784
4264,0.19104329063373393,0.6024305772474902
4265,0.19431092041633405,0.5850101160607099
4266,0.18663897815419836,0.6078362990594416
4267,0.1856011925701818,0.6125766129968592
4268,0.18508758687952762,0.6051330228613465
4269,0.19776399547170304,0.6009815315448248
4270,0.1848402819005736,0.6022881980918386
4271,0.18409931700456056,0.6131344195613306
4272,0.19561443143791524,0.595007442764296
4273,0.18498712737490658,0.6051880619610996
4274,0.20067030408107547,0.5899819510599265
4275,0.19491443721762294,0.600871675349751
4276,0.1829320469597376,0.6086221460575074
4277,0.1848127573410137,0.6213363614677209
4278,0.19560766252784306,0.5997882083117009
4279,0.1970010966795717,0.6012986982457563
4280,0.19166474087177088,0.5962472736405605
4281,0.1815740606252832,0.6141118338880207
4282,0.18320183495645317,0.6053453279241553
4283,0.1789612590563026,0.6143652071865026
4284,0.19667533073148374,0.586652555879964
4285,0.19591165303320035,0.590764605866447
4286,0.1802496735081624,0.6086235672748419
4287,0.1947261727172257,0.5932809076857595
4288,0.18089913612954683,0.6164241370140833
4289,0.17859941709183721,0.6121259236068277
4290,0.18903401427534752,0.5896207655613155
4291,0.18330613438128768,0.599026277226941
4292,0.19567332225767028,0.5932004116686286
4293,0.1842228205062464,0.6030344512467549
4294,0.19477976689781257,0.604761629672447
4295,0.19415905773658845,0.6037864937803717
4296,0.18534978653320694,0.6102614830017604
4297,0.1946941588378855,0.6004800067290305
4298,0.17703473047457896,0.6067262221243832
4299,0.18673392858343338,0.6069462517623583
4300,0.18772819730405488,0.6002798205483335
4301,0.19538825827743073,0.5979566790123896
4302,0.180973889441135,0.5978792606858919
4303,0.18764924738579447,0.6106531023426599
4304,0.1976260720315306,0.589001749577803
4305,0.1867064418099844,0.5942366735574438
4306,0.18500310446204782,0.6048814159982904
4307,0.19041223645973304,0.5990763783461783
4308,0.19233451110974098,0.599058437727867
4309,0.18665605828747692,0.6057487979161779
4310,0.1794214063306883,0.6022925712727573
4311,0.1877952869441224,0.5962297172722989
4312,0.18345716986954283,0.5920010395514377
4313,0.1811020659264184,0.5996225368466788
4314,0.1779477774405649,0.6060352123314035
4315,0.18788876129322016,0.5981381366780397
4316,0.1839354670199309,0.6102371833589477
4317,0.19264120786161923,0.5964027061221391
4318,0.18306201776830358,0.6034606096415693
4319,0.18119211745280997,0.6123879789884267
4320,0.1913706168551802,0.5990881610998233
4321,0.183135877274298,0.6061893560045012
4322,0.17834921477645116,0.6096399517952774
4323,0.1718695024660075,0.6118825564517006
4324,0.18762363957149447,0.5970484606224121
4325,0.18566695646549022,0.5898836676333358
4326,0.17927561318073454,0.609186834485878
4327,0.18600465928282472,0.6030507585711171
4328,0.1923514979244367,0.5979845925900573
4329,0.17750328061055334,0.6155099257488557
4330,0.19534207754376753,0.6028814741419055
4331,0.20526885441455778,0.5829400139913669
4332,0.18663452343302353,0.6021852727112394
4333,0.18481400477924248,0.6166146542399694
4334,0.18196344501342512,0.6093308292616179
4335,0.19533206815642357,0.5999237932924072
4336,0.18376356312075848,0.6084404484820944
4337,0.18312083015925543,0.609346677724109
4338,0.1801885213310981,0.6149703059530012
4339,0.19485164964683716,0.5951527372350415
4340,0.19930075305810524,0.5860585859414101
4341,0.18961138186125873,0.5962598828909821
4342,0.17806488552309185,0.6093965766610405
4343,0.18926915742706568,0.599241591589572
4344,0.17761788584473315,0.616320716566366
4345,0.1950593734149905,0.5982157168930582
4346,0.19786210539607754,0.5911782972509153
4347,0.18977960840988345,0.6019418767297524
4348,0.18378460057317403,0.5998297761930074
4349,0.17841685057520051,0.599051819127907
4350,0.19872262584035488,0.6016301675207916
4351,0.188120231419301,0.6120317673139386
4352,0.1951257606009504,0.6004136131163831
4353,0.1783054541681144,0.612822176589265
4354,0.19542370427957112,0.5919481096229035
4355,0.19450917564141867,0.6002508966783058
4356,0.18203445456490833,0.6113868667928466
4357,0.18480681887100142,0.6095704459553368
4358,0.18962976496229872,0.5962554082210522
4359,0.18402251849997325,0.6076721018402429
4360,0.19010046338139283,0.6048569247314708
4361,0.17349550410740042,0.6188234101632007
4362,0.1912180036663609,0.6000967162231446
4363,0.191674726636749,0.5954326015713673
4364,0.17907976070894532,0.605079414020943
4365,0.17343238734243965,0.6233936963986172
4366,0.17745110280986282,0.6057805570911708
4367,0.19935499644840274,0.5909833340206292
4368,0.1822463600477285,0.6116387246203687
4369,0.1834837717585775,0.6058779638759683
4370,0.18874951019230157,0.5976354442626474
4371,0.17839018383986133,0.5942819548137835
4372,0.1953205932184343,0.5938510163557916
4373,0.19832856430645643,0.5908135442984467
4374,0.19175590912554408,0.6073230421346203
4375,0.18208385003923308,0.6140309819948262
4376,0.19108572418994157,0.5906496715137483
4377,0.18555633193385332,0.6101308383377863
4378,0.18870370893425792,0.5957752910986746
4379,0.1875485064924965,0.6030625321717513
4380,0.17575298461655955,0.6137732717077766
4381,0.18349700776374808,0.6025386200774425
4382,0.18200608323107784,0.6049664714091098
4383,0.18156230219412875,0.6096774211068718
4384,0.18451718891033253,0.6020509807355602
4385,0.18791293964000366,0.6045625555831564
4386,0.19356827784276368,0.5949363298690958
4387,0.19626130219659252,0.6028657123739847
4388,0.18020325105825968,0.6044862396681743
4389,0.1929909189949993,0.5954159754257883
4390,0.1874602383138645,0.5955877036040887
4391,0.1829657931460291,0.6090175987395049
4392,0.18059105030571507,0.6071991535222927
4393,0.18580163836179384,0.6005562740138121
4394,0.18335199866241406,0.6026333095960905
4395,0.1900042883782637,0.610587477367864
4396,0.18871024433317937,0.6058472769116506
4397,0.1772357905619299,0.6089446737175194
4398,0.20428595075651523,0.5971529357749772
4399,0.1810829999379458,0.606247462503782
4400,0.17821236919401398,0.6138462382439617
4401,0.19141923255240487,0.597798364202255
4402,0.17615956930963456,0.6097703083131268
4403,0.1906268363547996,0.5949221318589168
4404,0.199129405753112,0.6000959316290698
4405,0.18772226716907603,0.6022112942436979
4406,0.1891578869202665,0.6056948770740223
4407,0.18592704894353507,0.6026014559130891
4408,0.18643565873015655,0.6028490643458063
4409,0.1810497377996464,0.6076611589528104
4410,0.19425769927635234,0.592619993608178
4411,0.17729660144462112,0.6100149381011895
4412,0.18553276411445524,0.6019471028875264
4413,0.19375873816066896,0.6011978289347694
4414,0.19069857049337796,0.6038132187723209
4415,0.19116842540154488,0.5938274837939858
4416,0.1925791646563481,0.6049697490941024
4417,0.178519730868981,0.6184996405423681
4418,0.18488220301824781,0.6048434590038507
4419,0.18833228270324734,0.6016690324357457
4420,0.19703522539179338,0.5996878982634575
4421,0.17943215223164866,0.6084179812640405
4422,0.1796343658304653,0.5984786225192811
4423,0.1856798036809722,0.6070535979071976
4424,0.17544077918561884,0.5980378305650048
4425,0.1773441399599303,0.6069823796062475
4426,0.18201680712675328,0.6020996563183809
4427,0.1912301492580744,0.5896795569634604
4428,0.18789062646014482,0.5949734776673287
4429,0.19353807465631645,0.5925792719451147
4430,0.18742761169946098,0.6083031597511048
4431,0.18857672344011295,0.604199828306357
4432,0.19762906251805584,0.6024754489509548
4433,0.19612620887870313,0.5932804491240866
4434,0.1884673011920379,0.6076290600697791
4435,0.19107645160794157,0.6089112710609255
4436,0.18074060825792013,0.6090247891104505
4437,0.187774427693516,0.6045024107487964
4438,0.18063728566274606,0.6085030426164175
4439,0.18845364526575076,0.6038696399035322
4440,0.19615686025861231,0.5988387309490375
4441,0.1781351186879857,0.6007670493024154
4442,0.20522093084079518,0.5877742943927858
4443,0.19871139325611462,0.5978115515384007
4444,0.18870900699281715,0.6020091497584774
4445,0.1836678314957272,0.6065466045145734
4446,0.19120050032789104,0.6013703562077427
4447,0.1945792561761013,0.592073375069496
4448,0.18013271950890442,0.6057930866340913
4449,0.170063745796181,0.617356738384623
4450,0.19547844996786,0.5929914519338524
4451,0.20355919136270684,0.5895527898274113
4452,0.18334485317771493,0.6021097618171589
4453,0.18477222705494395,0.6050831050882843
4454,0.19537806406316577,0.5970538051369112
4455,0.19720326540890426,0.5960530862732495
4456,0.190410599685098,0.596135958779971
4457,0.18210791136805352,0.6085358986154785
4458,0.18455951424034137,0.5965418630509514
4459,0.1784545008562939,0.6016040181826718
4460,0.19687191593829012,0.5870850435635333
4461,0.1914954913504473,0.5987531355563452
4462,0.18207963842571245,0.6003728798496026
4463,0.19391263227191408,0.5955151268634699
4464,0.1889620807288144,0.6014292606106236
4465,0.18123079704002512,0.6047796003428316
4466,0.18196248161068998,0.6036391954337097
4467,0.2023393614908198,0.5975782244043292
4468,0.18095315654907146,0.6073459655158135
4469,0.18928139566353638,0.5965115634911281
4470,0.2009352287597551,0.5948217692657152
4471,0.18312940698697586,0.6033227210895926
4472,0.18040275300848058,0.6052631828868686
4473,0.18793153738565022,0.6045664959484307
4474,0.17885445369320985,0.6090290368666603
4475,0.2037417769177298,0.5931640463814511
4476,0.18878971694410396,0.6013079669529153
4477,0.18482783745989176,0.6012404390958098
4478,0.1910322525639727,0.6002030738136208
4479,0.18590957121318546,0.603717877380118
4480,0.1839106939904532,0.6142455977944178
4481,0.18163195460189355,0.6079957379622487
4482,0.1883088949314096,0.6038649563116253
4483,0.18945464972437107,0.5976489262913148
4484,0.18624246900374036,0.6139957862141248
4485,0.18786388950132824,0.5965947084217764
4486,0.19241681435261868,0.6068352752471652
4487,0.18348109217506198,0.6094256984703028
4488,0.1942667421222726,0.6001812673565323
4489,0.20079254080737502,0.5976546343616204
4490,0.19965704520190222,0.5914641438411334
4491,0.19136129064785243,0.5881187868785563
4492,0.18032175348897067,0.6000796724182695
4493,0.19159953223232382,0.6003535957737041
4494,0.19885003716566682,0.5853385416624841
4495,0.17946605047292585,0.6089501771980996
4496,0.17349143268490813,0.621577877482254
4497,0.19000826387164296,0.6082831023893286
4498,0.19133395973527895,0.5934856582509969
4499,0.19288064546442685,0.5992677087801651
4500,0.18414217327239482,0.5975576610169246
4501,0.192129286847924,0.5974062687452121
4502,0.1849407282633593,0.601913048220933
4503,0.18258794407830062,0.6026345293879574
4504,0.19746898197579923,0.6082856822632672
4505,0.18528324069303406,0.5895724301067
4506,0.18023521673723678,0.6113023240115288
4507,0.17127819976752295,0.6175766625980439
4508,0.19650117962200456,0.6011132431795168
4509,0.18804591220108474,0.6026616310754773
4510,0.18879916099980565,0.6016894585489065
4511,0.1838227066709295,0.5999487135883996
4512,0.1924218949854851,0.6029991258161653
4513,0.1869841891667038,0.6041182771604944
4514,0.18517074537074474,0.6093590353434273
4515,0.18111662298853742,0.6120544400790583
4516,0.19621980961245056,0.5913215697772031
4517,0.19150473509244215,0.6036541511572735
4518,0.19206649307991447,0.5995818953707027
4519,0.18035256352780168,0.6176548008876889
4520,0.17223018016957486,0.6165970143591217
4521,0.18864957281972555,0.6008949563449095
4522,0.17238301261285316,0.6183806152273809
4523,0.19267433914437535,0.6027645367409484
4524,0.19016658884001378,0.596106293689274
4525,0.18557988456600127,0.604962851038166
4526,0.1948385192123438,0.6049408628389626
4527,0.18643331027528418,0.6071551503204592
4528,0.18765802255193248,0.6031359285160369
4529,0.19068773385650195,0.5990522850942854
4530,0.18815263137936608,0.6090076906914296
4531,0.18364647006268597,0.6091836194016634
4532,0.18881193329026927,0.5963835306930443
4533,0.17972233568651003,0.6018261430013441
4534,0.19324565240562475,0.6013370806542702
4535,0.19158351138754331,0.6034500100842117
4536,0.1894278865808635,0.5959923431977363
4537,0.18208748116292453,0.6073500212112367
4538,0.1820872511524616,0.6128610884429124
4539,0.19258681826834473,0.6001361092480868
4540,0.17871950852543317,0.6038880316370273
4541,0.19320750966804962,0.6080805782622261
4542,0.18043023943979877,0.6153049077186205
4543,0.18621223699492206,0.6040683305987985
4544,0.17343617897995572,0.6058363261590204
4545,0.18618747926631435,0.6018261408365548
4546,0.17013085958220867,0.6210089326249191
4547,0.18612608493043953,0.5967593343933656
4548,0.18789924444457107,0.5968297887492348
4549,0.1922226785508329,0.5922220550494135
4550,0.17917852268898754,0.6137911728581686
4551,0.18256699062241022,0.6053422160761244
4552,0.18836804613054156,0.5961178529822945
4553,0.1711060487328911,0.609084309321788
4554,0.19608328293629246,0.5950799348953191
4555,0.1788762275322874,0.6136745545666153
4556,0.20356690584922676,0.5919457680715334
4557,0.19417488765571797,0.5977456961214059
4558,0.19036118338433228,0.5998396809175655
4559,0.1836503684917049,0.6075195656210439
4560,0.18388398867799938,0.5936269945886453
4561,0.17734270432681187,0.605700672886414
4562,0.1869892814277692,0.6001867107421991
4563,0.18655172912843154,0.5998727260216179
4564,0.1830905193415152,0.6105580480811783
4565,0.18551619387659504,0.6026660938695864
4566,0.18999408405486617,0.5944075127835817
4567,0.18620943061587852,0.6091659695495663
4568,0.178742998311007,0.5942027661472715
4569,0.18504120809629898,0.596921353999433
4570,0.1794590486073264,0.6034776697224192
4571,0.19689955876231358,0.6028670158049543
4572,0.18291844115441228,0.6095838795723604
4573,0.1841441257228652,0.6020017286577136
4574,0.18360241121302773,0.6051025833409186
4575,0.18299436993225243,0.5957884423972726
4576,0.1986390652087463,0.5923597862017134
4577,0.17914525265246867,0.6076994761376888
4578,0.19462100608502594,0.5927466309906506
4579,0.18329338899305261,0.606451929575667
4580,0.1990005098810837,0.5934321760822497
4581,0.18229942725760112,0.6082791947321631
4582,0.18723366167468078,0.5993057485605399
4583,0.19107935480391133,0.6018899235681601
4584,0.20174183609851776,0.5975319485593876
4585,0.1828632622844653,0.6044542182705607
4586,0.1939259092241321,0.5924132575339696
4587,0.18099756363634273,0.6122779999380129
4588,0.1939601722855992,0.5903384455542069
4589,0.20288490317118643,0.5984224076979677
4590,0.18193981820180488,0.6065428105676348
4591,0.19357444874262086,0.5981863041905736
4592,0.18630701131121583,0.6066258036979378
4593,0.18594725592429814,0.6002841292603568
4594,0.17996798459258848,0.622543612355855
4595,0.18858574674858264,0.608840727262211
4596,0.18574008355976274,0.6005594204654646
4597,0.18970985426766945,0.6092279822448702
4598,0.18797445388660589,0.604881320819481
4599,0.20046000560619734,0.5981190222429864
4600,0.19214260678807032,0.5955055508494815
4601,0.1863152762358761,0.6048734212423672
4602,0.184181846359194,0.6066468434951329
4603,0.1771224207998466,0.6103133777058656
4604,0.17486594453663398,0.6130167985376878
4605,0.18797393605096938,0.6117365622643984
4606,0.18598182251440315,0.606277303682027
4607,0.1955435521027922,0.59890780499266
4608,0.1895641196047933,0.5974469595155373
4609,0.19775979602168353,0.593561749962224
4610,0.1903120846761662,0.6082182484834918
4611,0.1883235562375441,0.6120355900713133
4612,0.18234780829608682,0.6004592129723644
4613,0.1877518112669025,0.6032201030178634
4614,0.17604377619955594,0.6030972327195443
4615,0.18766077054957167,0.6097422453624112
4616,0.17549502574120443,0.611534924492146
4617,0.18773633879516782,0.5855178297797243
4618,0.19517968360990462,0.6007999890197143
4619,0.1823750095898229,0.6036592464183473
4620,0.18833830284373845,0.6003473140715921
4621,0.18150428733157897,0.6080649316841154
4622,0.19085195207532774,0.5942201466304756
4623,0.2029863040996016,0.6022655454566324
4624,0.18263996847737762,0.5996975022867651
4625,0.19234751671940264,0.6015494296113293
4626,0.19322653835006853,0.5989563944560201
4627,0.1937800179142472,0.590109152579015
4628,0.19213791772536962,0.6021419128606014
4629,0.189740220401889,0.6037972541999891
4630,0.18586661210491745,0.6049531448483891
4631,0.18823012023962168,0.606324020694982
4632,0.1944273795272753,0.6089866676420486
4633,0.1995861523193957,0.5882438900604866
4634,0.18552662650412816,0.5998677449983346
4635,0.1890330110320849,0.5920031376733704
4636,0.18437619885968276,0.6146995248971533
4637,0.18358691474958744,0.6098977045095504
4638,0.18963669578945228,0.6049418409618973
4639,0.18511578204365461,0.6067232206285462
4640,0.18684140162121718,0.6082499660185162
4641,0.1866389230332742,0.6042976648555621
4642,0.18254807014544092,0.6076724142467904
4643,0.17678047754918402,0.609058906752694
4644,0.18473612633445236,0.6129284709979326
4645,0.1943895891148107,0.6087355677154329
4646,0.19481584563938883,0.6015793269607524
4647,0.1886175125751878,0.6056759407164356
4648,0.19046137095641572,0.5972200475283306
4649,0.19463223482428477,0.5921711363756232
4650,0.18454132841700213,0.6104689505544206
4651,0.18463276654065355,0.6088880165236547
4652,0.1902333331244446,0.5998241698908501
4653,0.18439101616601236,0.6067589120818303
4654,0.19284548551635064,0.6008556249741229
4655,0.199490541800146,0.5901393847227766
4656,0.18510718817947527,0.606280163551594
4657,0.1787255696184585,0.6083077105956344
4658,0.19149690923575186,0.6084984897115215
4659,0.19871805330031445,0.60029038510072
4660,0.1886206444874028,0.6065272493820351
4661,0.18649194235759933,0.6108914820613607
4662,0.18658080733294255,0.6060876452614662
4663,0.17996751564201463,0.6093065561495339
4664,0.19767809566169545,0.601318863321755
4665,0.1869721467652281,0.6014452661056242
4666,0.1787823425058577,0.6085739250430817
4667,0.18665821147257255,0.5945965808780255
4668,0.18713587552158845,0.6030737805179788
4669,0.18008417277815353,0.609380331481413
4670,0.18136191592728568,0.6099011364912647
4671,0.16614459916421623,0.608247174284267
4672,0.18340970507009918,0.5996459702693878
4673,0.18263338517965005,0.6018843447027806
4674,0.18453643518771456,0.6113064537954447
4675,0.1818464100125639,0.6036388410837472
4676,0.18731452118102626,0.6034181369266302
4677,0.18049309664640328,0.6142247736053418
4678,0.17867286619337036,0.6004247517431517
4679,0.18148052672030782,0.6064302440655535
4680,0.1738585854401177,0.6053622957158207
4681,0.18416746968097675,0.5999095013029799
4682,0.17348167412990556,0.6145623525626006
4683,0.1759935978384194,0.6064762812655216
4684,0.19984012084515376,0.5913599792002354
4685,0.19641064659066196,0.5969159541599519
4686,0.1863786921224832,0.6010340984979425
4687,0.17706130548515112,0.6011876781083564
4688,0.19294246303839338,0.6045328849120569
4689,0.2013147757598139,0.596764158733736
4690,0.18508394369003078,0.6098394495746898
4691,0.1826449705041144,0.610339121314328
4692,0.18301222575170534,0.6141817441682276
4693,0.1873968627111614,0.6074826549324268
4694,0.2045477808972367,0.5884265352793857
4695,0.18198700093523598,0.6044611283255314
4696,0.20182996195237163,0.5999821366153422
4697,0.18971239973322876,0.6037959970092839
4698,0.19132591499658158,0.6018832546929368
4699,0.1820226044486723,0.6068949432528642
4700,0.18716848417188398,0.6058335947523266
4701,0.19172738980490708,0.6056281452228748
4702,0.18583232981344758,0.6013976427309315
4703,0.17950213845127858,0.6086190832736641
4704,0.17838907785743668,0.6038907478526743
4705,0.198576290744117,0.5876592612810284
4706,0.17772259423623535,0.6185563367972784
4707,0.1880459695507339,0.6046662601540999
4708,0.175263344091071,0.6142252679391205
4709,0.1825622606883865,0.6130052144957845
4710,0.18910402927188036,0.595918347622912
4711,0.17849618412676552,0.6097089903980891
4712,0.1955613105739924,0.5934516315978594
4713,0.18413257410317121,0.6016324441917439
4714,0.1804659282519615,0.6118563188431502
4715,0.1735326504355871,0.6145564777124652
4716,0.18911549123818794,0.6005196183888928
4717,0.18851532048365982,0.608127014488658
4718,0.1961312940625791,0.5969266898669314
4719,0.1865658187715836,0.6065717343849562
4720,0.18060848211323904,0.6128577538689033
4721,0.18443409774476835,0.6062330469498716
4722,0.18299954711913974,0.6088141519760788
4723,0.1899296564683936,0.5962422405485587
4724,0.17712240139171498,0.6096068950613731
4725,0.1808650276379629,0.6030293701744084
4726,0.18930783817012659,0.6011654021723281
4727,0.20321772379555736,0.5864447099413305
4728,0.18589869690457217,0.609554819533858
4729,0.18690202930932032,0.6035995421004245
4730,0.182323168769067,0.6099885962008452
4731,0.1882727642984964,0.6050847063041653
4732,0.18309902321810517,0.6081651334443482
4733,0.17333036161221074,0.6082148654175765
4734,0.1907298658892127,0.6008895369426879
4735,0.1866056382674939,0.6068955271726226
4736,0.18327942855918522,0.6012716388615483
4737,0.19393866249514338,0.6048492971128261
4738,0.19761365987962923,0.5962000445997854
4739,0.18415290801204837,0.6157891348244777
4740,0.19254828287301726,0.5983534404561434
4741,0.20310003051319092,0.5880087656991909
4742,0.1736724104121969,0.6102338801186344
4743,0.1954113474682732,0.5988850221012676
4744,0.19928528273612583,0.5889783903879027
4745,0.18313245338382242,0.6107565325453539
4746,0.18980517573139183,0.5929148981664463
4747,0.18619879479964602,0.5965004424353945
4748,0.1906920320814298,0.6033287249754813
4749,0.19845021510456434,0.5915019467201096
4750,0.19885190512303694,0.606050316916292
4751,0.18930926484284366,0.6044134833805849
4752,0.1920150556423701,0.599134128133509
4753,0.18808929191506368,0.6037498203715572
4754,0.18830167989470384,0.605882293339515
4755,0.19041872212100153,0.5988614191663962
4756,0.18806114935463122,0.6007123506839052
4757,0.18813567902273867,0.5933484379216172
4758,0.17711532686736728,0.6125698261672311
4759,0.18674869508846842,0.6008085586558343
4760,0.18157032565987166,0.6151931372154946
4761,0.18728417112168652,0.6042488794065217
4762,0.19105371587778305,0.6049349388867362
4763,0.1843959568183679,0.6051860879465821
4764,0.20565075542674396,0.5860544625839097
4765,0.18619778111307247,0.601846097211269
4766,0.19057906690566093,0.6050079862915206
4767,0.18679596397921586,0.6000140172692092
4768,0.18041027057473533,0.6022601606755839
4769,0.18101583384447506,0.5977467565964957
4770,0.18154629636157485,0.6048926832253779
4771,0.1913969325096351,0.5976508254941618
4772,0.18456794212042582,0.6023921130601179
4773,0.19905354629585736,0.5994236840351587
4774,0.18948149684892843,0.5987524581351542
4775,0.1932501667444309,0.6065376051851865
4776,0.18040390354240846,0.6104892348215384
4777,0.19176370365058595,0.5999209110147268
4778,0.17898582036813585,0.6173660159944562
4779,0.17829085693966784,0.6115611733719873
4780,0.19208355503682856,0.5961683526038183
4781,0.18529292712840703,0.6031577826017656
4782,0.20124367968021006,0.5900030109077317
4783,0.1856411601970168,0.6108525330878347
4784,0.19288929336556665,0.588058791082666
4785,0.19115708087592428,0.6015061350654204
4786,0.19313984570887796,0.6014282847125137
4787,0.19463388985715407,0.6011486725048107
4788,0.18492179618241278,0.6079450284937731
4789,0.19129616817594586,0.5997024495295982
4790,0.19193806804100705,0.5952351790607545
4791,0.18633454746298236,0.6052739180723848
4792,0.18729111935157858,0.5973544122133652
4793,0.17761017498023354,0.5970154528594283
4794,0.19330099650079088,0.6003456145198547
4795,0.1950643729424855,0.6008703373065317
4796,0.1798322135746836,0.6090771458220023
4797,0.1837870664123877,0.6083643205842638
4798,0.19500750038502845,0.5980050189759528
4799,0.1797653380932762,0.611271376814163
4800,0.18332639703287,0.6060679162823003
4801,0.19699460164502433,0.6020933409055409
4802,0.18673739941414755,0.6000144610774326
4803,0.18950094430266493,0.6019414384965448
4804,0.18472388336920215,0.5974208386270126
4805,0.18434035412240246,0.6048974205876751
4806,0.1903040356305297,0.5996678674995765
4807,0.187342187137289,0.6034828420160842
4808,0.19425370503877537,0.5911319699012285
4809,0.1862543834967348,0.6103418854268149
4810,0.18997136014095709,0.5983437016360004
4811,0.1691204971443971,0.6121036867161759
4812,0.18756021321594551,0.6017021857174397
4813,0.17708247805787394,0.6112903988063967
4814,0.17706390895702231,0.6137352543217917
4815,0.19651397285819142,0.5949744282404206
4816,0.17498078619719826,0.6144675043473707
4817,0.19231812746863072,0.6053220763877796
4818,0.20112213848283447,0.5838040729081199
4819,0.17032617129896502,0.6058475094843992
4820,0.18889139813140265,0.5954791289906946
4821,0.18387589343155633,0.6019585408369734
4822,0.20310611593128572,0.5875866615941414
4823,0.18207005118313221,0.6083210663879838
4824,0.19230347409388965,0.6056575024768933
4825,0.1880947025698313,0.60203887316309
4826,0.19384679797642324,0.5927498043930697
4827,0.1786928240265845,0.6022987638545241
4828,0.17439999326779024,0.6120430050528205
4829,0.19013703269567123,0.6040917014657943
4830,0.17750185004715724,0.614858017987638
4831,0.1882845528068628,0.60683536406995
4832,0.1932671039177835,0.5964409432013811
4833,0.20149573606927068,0.587853643093604
4834,0.19534190146284666,0.5964556343294675
4835,0.18885915702613085,0.6027098096041618
4836,0.17983541708196177,0.6001115847087073
4837,0.18548975125240474,0.591300663720961
4838,0.18156343794482047,0.6111243563086471
4839,0.19409529187453942,0.5952553343226292
4840,0.19774430576257077,0.5988710787396458
4841,0.19551575917524025,0.599858066987997
4842,0.1731966859507999,0.615737449723549
4843,0.17787205505664533,0.608561996173608
4844,0.1867006767875311,0.6005164231449096
4845,0.17807805265433,0.6020583349259375
4846,0.19869804343078465,0.5932707355563478
4847,0.180926816748487,0.6119529370076321
4848,0.16988058273273327,0.6142904612471299
4849,0.1873966955073612,0.6060873892172353
4850,0.1748856736213367,0.6127330490754574
4851,0.18360863620701032,0.6013542453097942
4852,0.19425401101003095,0.5974408753145841
4853,0.17012846831970746,0.6173993679794031
4854,0.19386083710735483,0.5991151917047595
4855,0.18128400552498763,0.6056135204983243
4856,0.19535972851978484,0.6027776768889661
4857,0.18509319082561557,0.597578746292045
4858,0.197725073578439,0.583197007544865
4859,0.1871737295401024,0.605416568104793
4860,0.19630428600995894,0.5976203323868243
4861,0.18109354106559278,0.6127445523780223
4862,0.1876460969544843,0.6078247376221326
4863,0.18865391016972494,0.6032422077941324
4864,0.1908301109215264,0.6025037063583011
4865,0.19310408528757814,0.5999784841060758
4866,0.1848773037832367,0.6043926744630013
4867,0.18558239698894824,0.6085433852023888
4868,0.1835452516796472,0.6011673552088647
4869,0.19789634372745402,0.5950208925194259
4870,0.1822419914665739,0.60614187868183
4871,0.18027623685818817,0.6084443163864078
4872,0.184774000668799,0.6045224723383106
4873,0.19209514786470613,0.590645592333884
4874,0.18462636270293756,0.6055138129130542
4875,0.1865597277647116,0.5989916977432008
4876,0.19872459121897895,0.5836239867291503
4877,0.19601594054837174,0.5983611359715202
4878,0.19322814463873494,0.5991751737180717
4879,0.18688009499310823,0.5979634157134975
4880,0.18361682229830628,0.6131994412462453
4881,0.18117754248499862,0.6126440109668673
4882,0.17918922861682082,0.6100696410743465
4883,0.18067096797897422,0.6116195080438575
4884,0.1896497065563509,0.6003351718752891
4885,0.1893116916348852,0.5973078458646344
4886,0.18870511476227375,0.5989233142455924
4887,0.19145549123527694,0.6047588561615704
4888,0.1903974025023728,0.589430037939078
4889,0.17983912799206908,0.6096941424898521
4890,0.18247525707312734,0.6039279688836569
4891,0.18276189235144136,0.5961347735719371
4892,0.17891188301943164,0.6176854323568098
4893,0.19010036841650338,0.5975879305848972
4894,0.1824153320785165,0.6028210249582285
4895,0.17572833717320788,0.6032270071578631
4896,0.1844415997427625,0.6059533829728202
4897,0.18905697094355298,0.5940405369516923
4898,0.18574365657421787,0.591940920542135
4899,0.189291064555665,0.6033989768340982
4900,0.19221165631105025,0.5956687472702793
4901,0.19013735124995088,0.5939938818196321
4902,0.1824983306024142,0.6108610335567636
4903,0.17498182428449344,0.6037747246550961
4904,0.18861628037867123,0.603148664771256
4905,0.19245678655210513,0.6034024794031116
4906,0.1954690994423972,0.6058291174937868
4907,0.1807727572340948,0.6070907053173623
4908,0.1856440097224537,0.605786358270459
4909,0.1935590192432841,0.605861468405463
4910,0.18355282395895697,0.600142170895955
4911,0.17753710757412716,0.6116195366583244
4912,0.19252700772470954,0.6024824714637604
4913,0.18434280145862686,0.6000663587239253
4914,0.17820671449069714,0.6013527111037129
4915,0.1846308003574619,0.605414897674623
4916,0.19355683347859276,0.6006632506257376
4917,0.1894181880962605,0.6026352854055186
4918,0.16901647603788922,0.6130283836537427
4919,0.19736157404334623,0.5981986436300208
4920,0.1836798387419394,0.60790363559384
4921,0.19602763828290865,0.5967184283600326
4922,0.18818258184889178,0.6017403769309715
4923,0.18320790384071667,0.5965688112444362
4924,0.18475329937431537,0.5982981983082811
4925,0.18724481193022957,0.5952956642749336
4926,0.19447821743398921,0.6022750363288419
4927,0.19055376685702674,0.5962424806714053
4928,0.18282389149953782,0.5970910444566565
4929,0.18992108128185367,0.6097925393973509
4930,0.1925133251684078,0.5986662501619231
4931,0.17519604831102406,0.6187585118169102
4932,0.18770697198210437,0.5926141214331301
4933,0.18943661208691004,0.5980650066243961
4934,0.18813266885630603,0.6005075642454097
4935,0.18985558893331544,0.5965099538857916
4936,0.20100239570525755,0.5916487327001743
4937,0.20191040697196294,0.6014965216776125
4938,0.19870118756119579,0.5944755130505165
4939,0.18698344701096842,0.5958795400074558
4940,0.1889415483713973,0.6053273749358509
4941,0.19005827467852252,0.5947515607193098
4942,0.18235905174731099,0.6045988084039452
4943,0.1936400895893486,0.5931786320556118
4944,0.17824605603675853,0.6075502976509235
4945,0.17912122700240302,0.607362795232034
4946,0.185021579006422,0.617143122999829
4947,0.1894276642934002,0.5952961110400108
4948,0.19394493446712263,0.5919395200940538
4949,0.19527456473453886,0.5970149682975954
4950,0.1797296883142077,0.6180150788603106
4951,0.17926076140662914,0.6136150893014032
4952,0.18753342043392215,0.6041413171986587
4953,0.18905653771086206,0.5995038928780811
4954,0.17656301134991048,0.6129014633049185
4955,0.18326488489449339,0.6062571758981832
4956,0.19208550771133678,0.6008654160337863
4957,0.18559489362336912,0.6020581053358992
4958,0.19544541910693683,0.5935142531382129
4959,0.17096749822966203,0.6159432347100666
4960,0.17577276301205927,0.6026334027651508
4961,0.1839087957586965,0.605532464581227
4962,0.18248895176250626,0.6034690859187459
4963,0.20634782802669366,0.5882348554009673
4964,0.19192721791853423,0.6060874692854507
4965,0.18860583603285597,0.6096875570171065
4966,0.17840127498260724,0.6082793419967364
4967,0.19328854341600604,0.5997048332534785
4968,0.1847120425437549,0.6101284358873248
4969,0.19555260424193205,0.5946578863687109
4970,0.18346773476598965,0.6070104045238274
4971,0.1907278077530527,0.6020039471996449
4972,0.19308215450039595,0.6031740560173817
4973,0.19278532470466803,0.6063337766236615
4974,0.19018938556484552,0.5990972185750583
4975,0.1825994239118985,0.6123186775574487
4976,0.17723398806752536,0.6080265364234785
4977,0.1930805727646774,0.5922275508053418
4978,0.17904442688820166,0.6048336541758143
4979,0.18251822197481224,0.6032270624049934
4980,0.18789364836481695,0.5990334212287256
4981,0.18555235685895935,0.5945044839908308
4982,0.1920184882706811,0.6016489814342882
4983,0.18387315906684654,0.6061449182369041
4984,0.18012638732347203,0.6125089263267456
4985,0.18893827755607645,0.5996595101104608
4986,0.19025958055516587,0.588464144369882
4987,0.17635316350319385,0.6134846300426694
4988,0.19130966168361074,0.5963580360529671
4989,0.1979897224318379,0.5939233469363616
4990,0.18407701216518946,0.6074597113466293
4991,0.18807492955087488,0.6038669092011378
4992,0.18612407555123353,0.6089666973142943
4993,0.19233114443365354,0.5888295359819187
4994,0.19141854194319224,0.5893972460397072
4995,0.17864857633714312,0.6109335659685485
4996,0.17433658710813857,0.6194333008436702
4997,0.18323693155434437,0.5961103420999999
4998,0.18897878565063542,0.6012213155701776
4999,0.18277441647496478,0.6058085248166459
5000,0.19218885104647068,0.5988397232098844
5001,0.18798255139925663,0.5976626539378083
5002,0.19482201429269097,0.6000319782501968
5003,0.18273758178879723,0.608649010466322
5004,0.19947354283078342,0.588816579115897
5005,0.17398822066628222,0.6147635414111935
5006,0.18190275126830352,0.6008206069328972
5007,0.19144467451545819,0.5994067928075253
5008,0.17342429323532582,0.6110813199297194
5009,0.19377952388476344,0.6029109575082525
5010,0.19868980772711642,0.5938883824815281
5011,0.18198337924570762,0.6020343378660815
5012,0.18694111074798325,0.6085317114182346
5013,0.1876727741170538,0.6017209425495412
5014,0.20052434299182675,0.592773933779307
5015,0.18706099392874148,0.6040480156633989
5016,0.19210070908384755,0.5961060190295984
5017,0.18895326846700924,0.5973780626462208
5018,0.20000046853015746,0.5965967091080231
5019,0.19266823072566322,0.5976444998832751
5020,0.19203649511782556,0.5948437387672869
5021,0.184764355913607,0.6104261480592216
5022,0.19624055379844177,0.5961650965747608
5023,0.1942024061465221,0.5995436181856467
5024,0.18059849228295916,0.6051539987857447
5025,0.19748352647674822,0.5893295871696931
5026,0.18428683966004655,0.6025954272025685
5027,0.19183943477347612,0.5959795022904728
5028,0.18462498230496385,0.6092924233114265
5029,0.1808329397910019,0.6078633299491707
5030,0.17061465015445149,0.6115451943912809
5031,0.19161977399663696,0.5933654262113635
5032,0.19893463342499337,0.6032043251509409
5033,0.18228842466047843,0.6029548414712127
5034,0.17975041896856153,0.6087822624748344
5035,0.19103441640778013,0.6020606185481161
5036,0.1879810678249623,0.6061596519938436
5037,0.19066107993436765,0.5990969832964619
5038,0.1846383813119251,0.603090406876619
5039,0.19245978630290853,0.597247748219971
5040,0.18124696827849476,0.6011602021864881
5041,0.1886577243083333,0.6096981317905612
5042,0.19936237183898337,0.5950674595362554
5043,0.19217859516024272,0.5896936831122559
5044,0.16933296683847762,0.6083538885758496
5045,0.19080440408940474,0.5973910602277662
5046,0.1851693027832488,0.6030863846063992
5047,0.19059810701461222,0.601582666072167
5048,0.18924478896040645,0.6050245808688363
5049,0.18298388300490215,0.6026123807148854
5050,0.1876706890543943,0.6010487115544583
5051,0.20315724682549888,0.5826803835829983
5052,0.18617158191156652,0.5989329473648236
5053,0.19982883855134126,0.5955167412318726
5054,0.19335393586916172,0.6023221568054888
5055,0.18749649924543246,0.6062101045997516
5056,0.1882105281115063,0.5926800229266458
5057,0.18709681285954305,0.6033455492852715
5058,0.18534565609199966,0.6097533822753604
5059,0.19204276401184006,0.6065370393252729
5060,0.17863925108647466,0.6122047536591149
5061,0.1941320762410061,0.600101646236574
5062,0.18235539563396458,0.6070786933315286
5063,0.18811619849611685,0.6062953482151171
5064,0.18283367862008887,0.6070514685817574
5065,0.1926355059796809,0.5946872444668245
5066,0.19721886952704698,0.5958951642022602
5067,0.17710207748937326,0.6103944842325313
5068,0.19330494014487842,0.594881477735084
5069,0.1803292442358146,0.6089572694518369
5070,0.19064654427831915,0.6004292296754054
5071,0.18529760069437548,0.5994400172101034
5072,0.17988132186964365,0.6014634042451276
5073,0.18597507959932774,0.6002389966014339
5074,0.19075547071322324,0.5958208438659066
5075,0.18645788120082368,0.5990080213759774
5076,0.19192032988228197,0.6083176731663128
5077,0.18392503727296866,0.6122118479316507
5078,0.18761365270266084,0.5979653181103816
5079,0.1956239356928447,0.5965241830718174
5080,0.18708169728750368,0.6085699189410024
5081,0.1957248088021073,0.5847141099306193
5082,0.18299643579873162,0.6094252110380537
5083,0.17834985842733797,0.598129415708119
5084,0.18766251393631742,0.6011389605394861
5085,0.19561978992239928,0.5953172110033269
5086,0.1820994680017136,0.6157829311218616
5087,0.18935870145320127,0.6022829084496901
5088,0.17940867003666616,0.6057527151091902
5089,0.17402380839955842,0.617421662386539
5090,0.20492180290063627,0.590102219639852
5091,0.18763023497571363,0.6108379509387397
5092,0.19321891370466987,0.5917066771196274
5093,0.185756420660946,0.6022487171426754
5094,0.18505495491662766,0.6042673842907199
5095,0.1822891108212079,0.6098331145257987
5096,0.20069079733303696,0.5971064083795183
5097,0.19054495891318152,0.5962301709523401
5098,0.18506078383565192,0.6084258419853219
5099,0.2042097754414944,0.5853344211804556
5100,0.1784266831630665,0.6148476122062635
5101,0.18330871275439603,0.5966183615432179
5102,0.18831404246490116,0.5939958729232688
5103,0.19614230453848636,0.5913828027182888
5104,0.1859307281421663,0.6037577354977727
5105,0.182751068964256,0.6010339922342273
5106,0.1862482677946351,0.6068136655823964
5107,0.18034283599997236,0.6087937918104194
5108,0.17885723429511627,0.610983979778999
5109,0.1817510355012985,0.5995447138514214
5110,0.19001477456974789,0.5929795006252059
5111,0.19397703511682896,0.5996522818354904
5112,0.18349304035042735,0.605029503451356
5113,0.18409954520967856,0.5960040086204277
5114,0.19831101914883653,0.5940988376476393
5115,0.18174716364860863,0.6026952696043149
5116,0.18733069731145313,0.6052384649909553
5117,0.1814828169168446,0.6175046726685188
5118,0.18399856169308645,0.6054302678658576
5119,0.19571282210518226,0.59565322567451
5120,0.1876437536224959,0.6029433788178845
5121,0.17191786556364877,0.6089638289442567
5122,0.18708345443645932,0.6157061552895031
5123,0.19181083018666667,0.5955992797519887
5124,0.19062502281128713,0.5974891709837025
5125,0.20027619898615673,0.5900964589734853
5126,0.19281822387919187,0.5987625889614113
5127,0.1948023249850387,0.5908524299326469
5128,0.1963436247853486,0.6002257016308312
5129,0.186255044753474,0.6073913109636383
5130,0.18099833660907091,0.5969989229908356
5131,0.18479317591713088,0.6097229545919037
5132,0.18850780434688685,0.5967807383346015
5133,0.188771460112994,0.5990097498252416
5134,0.182699740393833,0.607558920750038
5135,0.1815428824581431,0.6018836326540384
5136,0.2031289961185202,0.5963400587629826
5137,0.1919148523054103,0.5962240194528474
5138,0.1983907469372553,0.5872787329292192
5139,0.17962169111280152,0.6074744604827405
5140,0.19017431534318305,0.6005405244760151
5141,0.19080738949114398,0.6045591439418655
5142,0.18798381712508844,0.6170084129764803
5143,0.19010489122979432,0.6008207663757095
5144,0.19348962507998949,0.5910630658872909
5145,0.16992663557754906,0.6034795093754171
5146,0.19570022295903533,0.5909365668679786
5147,0.18042620449814023,0.6072246974487336
5148,0.18738884714904075,0.6014118599289096
5149,0.17933670735085763,0.6065955205354793
5150,0.19415555149392533,0.603130286364728
5151,0.1739605730217244,0.6124983918782311
5152,0.18793851722189484,0.5980129055124171
5153,0.1925778539458543,0.604208990595291
5154,0.19437518332210632,0.6087439653492654
5155,0.19643852903816517,0.5988816674147128
5156,0.17386597774119492,0.6145217943309449
5157,0.1823433606901815,0.6092347776375985
5158,0.1965846795804913,0.5973871616105837
5159,0.1875679201285217,0.5993320733625568
5160,0.18855955992265255,0.6095009664211578
5161,0.19048391647567575,0.6086095869369561
5162,0.19076153865369788,0.6054309380811862
5163,0.19063149377079022,0.6076673970039423
5164,0.1890074006639055,0.6108879990893321
5165,0.1931490230198134,0.5978307428239779
5166,0.19628226367052953,0.5921380186668316
5167,0.18686676855875944,0.605784251348988
5168,0.19859169562993,0.5899149285527185
5169,0.1891682706426767,0.6061996311611142
5170,0.18958820465174892,0.6003448282575496
5171,0.18666719189685513,0.6020990879651011
5172,0.1835152249775815,0.6096028897555615
5173,0.19514957445644585,0.5940282723683159
5174,0.19362084785110126,0.5924157399952832
5175,0.1747338679774381,0.6155620937016308
5176,0.19588195977592365,0.6012993270562305
5177,0.17756863167930512,0.6118194566696128
5178,0.1898439546016348,0.595528923971184
5179,0.19057492516925578,0.6027328200816336
5180,0.17709087938388113,0.6179336767989608
5181,0.18422289827598626,0.5965557997462424
5182,0.18511161552163177,0.6003340214152519
5183,0.17820061431346743,0.6098751806477246
5184,0.1932929486274477,0.5973151364805992
5185,0.19518659693950902,0.6027496482695368
5186,0.18476201004807927,0.6087303576290073
5187,0.18457626982558986,0.6008084396434148
5188,0.18809697288558103,0.6001123984881933
5189,0.18394963868271832,0.6079794516467407
5190,0.19516633739097938,0.5989095792625032
5191,0.17826895917111868,0.6121319530271045
5192,0.18043418659698718,0.6089130937442165
5193,0.1792655555967558,0.6075617479411239
5194,0.19691348998338273,0.5948242505357398
5195,0.17163377615859704,0.6179304285038195
5196,0.19007381655667602,0.5956635667974177
5197,0.17795081469428634,0.6117607244053673
5198,0.20036711003086558,0.5974412269402458
5199,0.17713848909907184,0.6085334424169037
5200,0.18668174060570547,0.5988744432179166
5201,0.19327265404820743,0.595002567994248
5202,0.18922374458309343,0.5953410392117191
5203,0.19251491914138402,0.6060757097900692
5204,0.19473119752655943,0.5941879903211452
5205,0.1808883931968429,0.6173538498632717
5206,0.18744422091373347,0.6015532030351278
5207,0.18213224109132084,0.6094038322837937
5208,0.20847419872601197,0.5881518055419306
5209,0.169569492594805,0.6178720593599514
5210,0.18984898858137686,0.6105757008163359
5211,0.1792912258841179,0.5993861961331304
5212,0.19013709324371272,0.6053115519180885
5213,0.19992529612160226,0.582604413319917
5214,0.18212537519299585,0.6005745565052462
5215,0.1942281848344447,0.599888866363427
5216,0.1693968627214783,0.615178567953861
5217,0.18826332315321742,0.6068646373813591
5218,0.18828569824888952,0.6061212212525944
5219,0.18930581780457778,0.5973169625942495
5220,0.18772614652133493,0.5992369658006053
5221,0.19680397284251616,0.5985557656214946
5222,0.20333711746182828,0.588305465871813
5223,0.18682257357877993,0.6140576932855794
5224,0.186049883448014,0.6062155165030453
5225,0.17747674928989596,0.6164538090202929
5226,0.1918984708051205,0.601601650944217
5227,0.1898911375051313,0.6008093869106313
5228,0.1876874781420067,0.5993002120499412
5229,0.18114691466274863,0.6126069749613438
5230,0.18970977631219907,0.6050573749969634
5231,0.18748297095003394,0.6037378904900631
5232,0.19286930697097993,0.6011154205694563
5233,0.18082817749516916,0.6095344076709056
5234,0.18257246106768402,0.6039783764381863
5235,0.1915357387739759,0.6064504629977312
5236,0.17787573857410555,0.6106781866516235
5237,0.1850560913415528,0.6035442643244467
5238,0.1945340993654902,0.5993909367640595
5239,0.18171980725318687,0.6026635993491323
5240,0.18561088327629632,0.60345393585582
5241,0.18149936757576493,0.6037844132951999
5242,0.19021119934802255,0.5960064130924222
5243,0.178983364292067,0.6052730434088622
5244,0.18761597082818052,0.6056721507044728
5245,0.17645781808924596,0.6107357769585487
5246,0.18413517783187686,0.6210602908432585
5247,0.19497759251040547,0.59347290258529
5248,0.18068015081043698,0.6152663734837027
5249,0.19883919764121735,0.5973123932092147
5250,0.19402399616997046,0.6052378045822224
5251,0.1724093081326002,0.6131860136492698
5252,0.18363944238594143,0.5992719951853706
5253,0.19960107028187907,0.5960207245299833
5254,0.18606737392636158,0.6066162813472662
5255,0.1885928122465066,0.5972156960622527
5256,0.1838109047879995,0.6118505767090575
5257,0.17894024963812943,0.6162847242175289
5258,0.18924978187894595,0.5954584153830942
5259,0.18080975065251098,0.6077012433356815
5260,0.19483884621367936,0.5958615801781332
5261,0.18084490569183329,0.6087895626264531
5262,0.17795581772860275,0.6182904733554353
5263,0.18954283131664787,0.6083673558687785
5264,0.19510544245850253,0.6070804007325918
5265,0.1987413227632633,0.5957654163825705
5266,0.18333942629602284,0.6068043409111658
5267,0.19417204434902502,0.5922045032586554
5268,0.1913784684578758,0.5927614075080231
5269,0.17713134445149867,0.6033136112949526
5270,0.19033810824696784,0.5990158192946384
5271,0.19006015620532488,0.6086888742182928
5272,0.1925606403379026,0.5983536050692422
5273,0.1914427850299264,0.5893757696668166
5274,0.17506971769751983,0.6030472478207324
5275,0.18040069487331864,0.6122004200548609
5276,0.18604066348046924,0.6055752603434416
5277,0.17486333803608092,0.6167884200903577
5278,0.18198917142098173,0.6130997805613206
5279,0.19247583814000072,0.5949567378928461
5280,0.18661130451370597,0.6075535105901572
5281,0.19164768492442363,0.6046282542863324
5282,0.19839043548148158,0.5975352143488636
5283,0.19088443792924578,0.6041881625890834
5284,0.1928911268385999,0.5893465320777194
5285,0.1929409131386865,0.5994812601540417
5286,0.20286746491764068,0.5859021189548246
5287,0.18045868698127776,0.6054923957768943
5288,0.1947491116752784,0.5986359254958047
5289,0.18825247315891858,0.5998567872477606
5290,0.18191292039304902,0.6092487176353261
5291,0.1877424287426644,0.59718641140756
5292,0.18311609301265688,0.6030406041100944
5293,0.18596016092246084,0.6059312287178314
5294,0.1890736221670004,0.5975458327790025
5295,0.1934915608223922,0.6041112377115151
5296,0.19979623371765282,0.5959569338899136
5297,0.19971177915031094,0.6000008072829776
5298,0.19326953489094945,0.5967551908367245
5299,0.1861590738405458,0.5968839354897308
5300,0.1915276617719444,0.5983778177930148
5301,0.19825808381489843,0.5981407230736555
5302,0.18436482433390444,0.6148119528385054
5303,0.1746107168653076,0.6051980555886974
5304,0.19062491241845655,0.5949590317178588
5305,0.17859171664869902,0.6171028187952163
5306,0.1813189683879201,0.6058877338278196
5307,0.1886508064580942,0.6040615464169515
5308,0.20452812128698528,0.5880486602864854
5309,0.1895032455447754,0.6084025322143753
5310,0.1779738072697831,0.6139212695443973
5311,0.18698592870595007,0.602392744157639
5312,0.18152158352527845,0.608424083666235
5313,0.19274168351795062,0.5972898399338571
5314,0.192260217668532,0.5964730796157616
5315,0.18206058753464627,0.6062051651944471
5316,0.190793175813155,0.6019085525278325
5317,0.18092986896611463,0.6091124236787286
5318,0.1786711080558889,0.6161065309389209
5319,0.18724162570543698,0.6019966287551498
5320,0.18938676724562678,0.6071177009812149
5321,0.1896589598128872,0.6033070160148429
5322,0.1974142247222706,0.594054508536809
5323,0.1873446233996334,0.604746160644389
5324,0.1930888870620828,0.6037760845767055
5325,0.17984085962347837,0.6066384558131214
5326,0.18224953993992535,0.6170009871195735
5327,0.19147266264299717,0.6025955374118579
5328,0.186707191136233,0.5967444058269643
5329,0.195130672942784,0.5954294645693499
5330,0.18770118315526974,0.5957115192771936
5331,0.19305271422968912,0.5973436334072777
5332,0.17271619812106478,0.6073511381381598
5333,0.19032178384746964,0.6015895988807124
5334,0.1893238765640571,0.5956322955058426
5335,0.18422280683868222,0.6099220142776879
5336,0.18785803714625932,0.6097474461818919
5337,0.1974367684292645,0.5961049940518893
5338,0.1851061462172805,0.610249123773156
5339,0.19230829935576557,0.6069337957586854
5340,0.1794140161682634,0.5911300941674327
5341,0.18489464861740054,0.6086312283806962
5342,0.17826818600098632,0.6074689500897217
5343,0.1947484331359869,0.5973251242878485
5344,0.18071983397963573,0.6076279505423928
5345,0.18709477591720425,0.6001310057588051
5346,0.18387152738218376,0.6087154144075864
5347,0.1900679037848757,0.6011790312938743
5348,0.18415343435033,0.5979986712727658
5349,0.18175587980249444,0.6130389374895228
5350,0.20070322732318935,0.5955045904013123
5351,0.18835299478379164,0.6025247376005332
5352,0.19517364748974314,0.5991264850864901
5353,0.18481613093231414,0.6057629064297396
5354,0.1906132562177416,0.5945685874601346
5355,0.1787774440538272,0.6002684632206361
5356,0.1863564480933033,0.6037502048101671
5357,0.18497325753803412,0.5942809286656926
5358,0.19340043921302402,0.6013033468062876
5359,0.18353470380734907,0.5991258487109048
5360,0.18619937866596012,0.6069833253948123
5361,0.18701835746716122,0.5985859619500635
5362,0.17835255385750312,0.6144384437851225
5363,0.18559489554180933,0.6018952550821856
5364,0.18535768573897363,0.6105949424292852
5365,0.1839593606251229,0.6140679745203377
5366,0.18750156578713262,0.5924760273437503
5367,0.19267672606314074,0.6029792597479089
5368,0.1961784555424133,0.5908352657485727
5369,0.17446766155767274,0.6105159982803234
5370,0.19126466435698153,0.6002868536060998
5371,0.18220540953578868,0.6024531594606344
5372,0.19502554505638856,0.6039671330146182
5373,0.1777826517303667,0.6160775769502106
5374,0.19169995158733596,0.5975879320853673
5375,0.18917108511226352,0.6057049306618992
5376,0.18536987905944244,0.6172890106736544
5377,0.1950787493957855,0.5903825520234868
5378,0.19545167829671217,0.5893838569292471
5379,0.19532537879970674,0.593503180397895
5380,0.18258314181062127,0.6054303057479474
5381,0.18658640661474984,0.6012750030423643
5382,0.1948537836064514,0.6030245103494306
5383,0.17885594256891868,0.6105739003960325
5384,0.1810920959583064,0.6105415304291397
5385,0.18621262040123945,0.604120998883246
5386,0.20036825042873746,0.6000999409874423
5387,0.1816711866995316,0.6121414194564849
5388,0.1859094364036822,0.6121346208829328
5389,0.18252645487157673,0.6127500889525783
5390,0.18640399111235612,0.6021802668296414
5391,0.18202529929204436,0.6020603296355478
5392,0.18553103158236514,0.6069948292366125
5393,0.19630314208470612,0.5963631004094345
5394,0.1868241918410754,0.6008046537696289
5395,0.1848432803687143,0.6048650520956151
5396,0.19116333808633976,0.6014566295479912
5397,0.19716582862066195,0.5911019797253596
5398,0.19282598531111228,0.6022499548762121
5399,0.17699909504762237,0.6104116567079939
5400,0.1887182068014282,0.6091153509459785
5401,0.18688228697511494,0.5991194246527444
5402,0.17588247867711213,0.6138815563131307
5403,0.19055195523483195,0.5981868645456324
5404,0.17541037427017359,0.6078331392684894
5405,0.191760571285352,0.5941498068792667
5406,0.18753336943372573,0.6110898380853507
5407,0.1897819970441052,0.5984636560773027
5408,0.18737603742249245,0.6006167116850918
5409,0.1825722708799778,0.6021245191235082
5410,0.19356447565294665,0.5976973668197415
5411,0.18189332650988652,0.6047981649173796
5412,0.2021058374921795,0.5941793311070778
5413,0.19250736267577442,0.6029384880352257
5414,0.1862630268457088,0.6066635058874651
5415,0.1876024621927514,0.6027215138755069
5416,0.18919085574732067,0.6043444179856345
5417,0.20186185022929826,0.5969477008084412
5418,0.19597029749284106,0.6005980091081511
5419,0.18587727524782324,0.6100262212723888
5420,0.19491857917618402,0.5956492053647231
5421,0.19018344943369386,0.59744449018589
5422,0.16916807151325974,0.6084525940448144
5423,0.19342090682898172,0.6015865143879345
5424,0.1833725236340334,0.6022648001424634
5425,0.17802656659355717,0.6126717049957985
5426,0.18946546362864697,0.600174934455535
5427,0.1848060814574611,0.5948580442320337
5428,0.18642523338601685,0.5984069356552836
5429,0.1969753648126805,0.5969206075954474
5430,0.18536545865479162,0.612131902963931
5431,0.18039486800893922,0.6073476171025851
5432,0.19941156829543044,0.5913027057292987
5433,0.19146268105488198,0.594122490342147
5434,0.19265325232216082,0.5981148972689607
5435,0.17944792457905642,0.6203140086451657
5436,0.18453089603848188,0.5996237730169894
5437,0.18674891023602683,0.6120088037063405
5438,0.19203730678846195,0.6079173485896353
5439,0.18379550661328703,0.6022651522113724
5440,0.19449928870855437,0.5945763375184364
5441,0.18895740165216024,0.6046099769187785
5442,0.17910743272250554,0.6143316449627815
5443,0.19444535432634183,0.6014488046458719
5444,0.17870436260532097,0.6192013952824169
5445,0.19328814959017623,0.5926521816968091
5446,0.1769824568852738,0.6146126244260788
5447,0.17623835941448965,0.6081729573159448
5448,0.18727062284314244,0.6031911655049869
5449,0.1939964810035587,0.5927697610036345
5450,0.194247386098932,0.5960693666999927
5451,0.19333837809076024,0.5978892925096094
5452,0.18526255179797096,0.5999741630825388
5453,0.18014371039562307,0.6061168875121021
5454,0.18919201753955786,0.6061450883699053
5455,0.19525093787693382,0.5886570004144381
5456,0.1901016314284148,0.5950528953076596
5457,0.18246145042322176,0.6070547539256388
5458,0.1812410978170801,0.6013723341469391
5459,0.18509571201514835,0.6029118704760222
5460,0.19213741781883392,0.604954792565854
5461,0.19094430105864754,0.5932006144886155
5462,0.1936587154290132,0.5947761887141705
5463,0.1851066505729702,0.5978983241403593
5464,0.18280029234463047,0.5998331249675577
5465,0.19147231253551128,0.6096341832626132
5466,0.19804698456004216,0.5916442136420966
5467,0.18481280310106457,0.604209752145674
5468,0.18554199399787452,0.6102047411467901
5469,0.19094117256383092,0.596038843113897
5470,0.18424967337501666,0.6011487981292666
5471,0.19216841408865837,0.5918641055598786
5472,0.197536485287137,0.60517648169029
5473,0.19538267238117982,0.5999633808586441
5474,0.19119909359109152,0.6060331324406397
5475,0.1808286408842827,0.6094238346819352
5476,0.18981348737858333,0.6068087857069371
5477,0.1965208000744016,0.5899122101389335
5478,0.17977883207063483,0.6009004794463609
5479,0.1948271595748733,0.5895621633407757
5480,0.17742977353649356,0.609254667397208
5481,0.18222018134348686,0.59979968811996
5482,0.1908423143348122,0.5999870634135203
5483,0.19134783158546334,0.6068816168833273
5484,0.1853398980302504,0.6012344022237065
5485,0.18692147149138144,0.599841915795562
5486,0.18317506185879062,0.6061412750664716
5487,0.19043825532656034,0.59985359279375
5488,0.1916868862813068,0.6020291787043471
5489,0.19161506450866775,0.6048861587545551
5490,0.18891149087989703,0.5884445957132526
5491,0.1963263039853286,0.5942706694320757
5492,0.1923868149049736,0.5947091854870385
5493,0.181657679084404,0.6133982678209096
5494,0.18336598520047456,0.607686786881041
5495,0.1841984161384754,0.6041525387606148
5496,0.18527200119439385,0.6044941071103952
5497,0.17237999397330336,0.6144291664065673
5498,0.19322092022379336,0.5976820024787737
5499,0.19695049459755504,0.5952870979269911
5500,0.18880777724908368,0.608065959859047
5501,0.19624952292015824,0.6009194050115536
5502,0.18512345588383008,0.6021155322370839
5503,0.19097734780836859,0.5974586912499267
5504,0.1834786845484751,0.6083480152136665
5505,0.1956690258358778,0.5971423450653242
5506,0.1739101822226772,0.6114380525297519
5507,0.19428636151530876,0.6033689868711185
5508,0.18629025003938643,0.6014028802792623
5509,0.18803575243819245,0.6086124941737138
5510,0.18727596797954646,0.6160240845173325
5511,0.18876240012728462,0.6019636992203679
5512,0.18895472710356664,0.6018995740892664
5513,0.188469660069164,0.5969470970962459
5514,0.18370764532863515,0.6063886121829596
5515,0.18340834985021598,0.5994249764302706
5516,0.19624039417436434,0.5892522443204402
5517,0.18971412548683866,0.6001269659669901
5518,0.1865433734910929,0.6032977971319844
5519,0.19014934774806344,0.5993666794914266
5520,0.2057963623541805,0.5851673856286397
5521,0.19606518098355907,0.579990815701002
5522,0.1855360495529088,0.5997070849691082
5523,0.17819433929332523,0.608604747045585
5524,0.19251527782246086,0.5942197427291944
5525,0.19217573341477098,0.607852611991507
5526,0.18529854190074047,0.6065794834906709
5527,0.19519916069099527,0.5939540481644626
5528,0.19287301475689836,0.5973654320794254
5529,0.1864723246505856,0.6079307787982996
5530,0.19931609517597393,0.6035038393235589
5531,0.18976423860732916,0.5945924795493085
5532,0.18655504629624473,0.5926443361248664
5533,0.18826159456300184,0.594500627561127
5534,0.18314148925033313,0.6102372651358013
5535,0.19121271276912571,0.6008157501676794
5536,0.19572960808887138,0.6038456191564125
5537,0.19738022683293446,0.5930564671097324
5538,0.18271871340666265,0.6069503361189129
5539,0.19534207697125283,0.5805721396681832
5540,0.18573846027195315,0.5976384893306748
5541,0.18466483742727896,0.6064188729580622
5542,0.1869567106420024,0.6037989408828597
5543,0.1831886983118386,0.6071355923600295
5544,0.1891134704804816,0.595140291780515
5545,0.18488127523210673,0.6029351299845186
5546,0.18371568139248054,0.5947524575917705
5547,0.18624534453154903,0.603998248069081
5548,0.18199230728635019,0.5998154528091146
5549,0.17548522385109042,0.6073466012585468
5550,0.19017633738518674,0.6048680211327043
5551,0.18002955094740242,0.6115265937377853
5552,0.1857078620951033,0.6021433960559845
5553,0.20304519506755977,0.5899526398464096
5554,0.19244520069297222,0.6069336749225782
5555,0.19866911546586313,0.5974633289979109
5556,0.18306745345945033,0.6072138191147998
5557,0.18537040223590043,0.5921957727047573
5558,0.19048751938584346,0.5913643728132169
5559,0.1799086102671762,0.6116908932215808
5560,0.17765381096197916,0.613020786141761
5561,0.1811936437951991,0.6079878716057232
5562,0.18011499778407158,0.6048459392422566
5563,0.18154159686208968,0.6026424413183149
5564,0.17937971630748323,0.6184563425336744
5565,0.1758749042328358,0.6146572117849858
5566,0.1933877447560801,0.6041612987360399
5567,0.1924033995016593,0.5964370900824824
5568,0.20499021919265772,0.5951962723589436
5569,0.19763364830790872,0.5979883442449476
5570,0.17249216267404707,0.6154248867569727
5571,0.1845356666414636,0.6042971825281066
5572,0.19729811520706256,0.5977828083757076
5573,0.1793606265187304,0.6104969606891035
5574,0.1987876531248758,0.599822203617506
5575,0.18217032112509926,0.6008132475769857
5576,0.19110947122925456,0.6029211946259517
5577,0.19760366145753816,0.5918228185697597
5578,0.19350509886324455,0.594076379171623
5579,0.1834642630056029,0.6030678750517724
5580,0.1821122678004952,0.6064774303337553
5581,0.19573165772600412,0.598395728863758
5582,0.18691718790410847,0.6056370039668343
5583,0.20194500213801778,0.5881537798349248
5584,0.19215935344375712,0.6044710732381021
5585,0.19692265970439557,0.602569650276346
5586,0.19575922579975472,0.5930978061808966
5587,0.19504275492892564,0.6024136748178515
5588,0.1888704561780834,0.5975583630791164
5589,0.1924898747165218,0.593425255274747
5590,0.1976624820515916,0.5940218560760397
5591,0.18558134464830642,0.5986055771382454
5592,0.1798122691975033,0.5971354549039568
5593,0.1828626856164654,0.6072555849547548
5594,0.18465281885062979,0.606939342539085
5595,0.1853753985702371,0.6134068112031531
5596,0.1797495724605202,0.5936270760449749
5597,0.19657251215168065,0.6048985066454299
5598,0.1861561105592706,0.6105630245571829
5599,0.1850300232588337,0.6120253328290173
5600,0.179941249763461,0.6135708732071542
5601,0.18720978176990968,0.6073983396320005
5602,0.1814615244139037,0.6095290898850126
5603,0.19334095200971774,0.6024809158771307
5604,0.18671451097980105,0.6011994384389843
5605,0.18315181700795033,0.60455437864328
5606,0.19495393954610582,0.6096587829243273
5607,0.19413592303407667,0.5954531860213008
5608,0.18704687476646936,0.5977143767788607
5609,0.19216526309647594,0.6027410947087591
5610,0.18864260803355445,0.609730204078166
5611,0.18978824335920222,0.6006394132738666
5612,0.18825292296083335,0.6008822311973882
5613,0.18427125851233184,0.5980337088855052
5614,0.1888571517130955,0.598452415735515
5615,0.1898641675608947,0.6062732649953315
5616,0.1680774052503271,0.6114207229556811
5617,0.1805012203265369,0.6164840108335273
5618,0.18521719795757896,0.6120224742354619
5619,0.1947402745033938,0.5985085177849423
5620,0.1876507663905194,0.6008690855480696
5621,0.18911887353671938,0.6130965606122977
5622,0.17687647482017124,0.6095745017499797
5623,0.19416085709333797,0.6010547666741426
5624,0.18935468416530635,0.6021378685424398
5625,0.18962091874473228,0.6028732464651412
5626,0.175848325653663,0.617972134896556
5627,0.1877294826660657,0.6107690206351781
5628,0.1833087238945339,0.6088349461725188
5629,0.190161848098744,0.6004354339944837
5630,0.19229606938735228,0.5956303980300255
5631,0.19457083238020897,0.6002492839892787
5632,0.17972220297877517,0.6074746957138331
5633,0.19046445440151594,0.5986776942490594
5634,0.17856943198940264,0.612512153944731
5635,0.18502410554138227,0.5961343042045523
5636,0.19907693856948777,0.6010231365600287
5637,0.18539911566915482,0.5945770366152884
5638,0.18258802959675888,0.606947722347648
5639,0.1866444415508442,0.6040333868696431
5640,0.18189621473696477,0.6026989302504167
5641,0.19108604443873306,0.5988923813859514
5642,0.18562623112923957,0.6049010638332587
5643,0.19936223875110182,0.6037430534177104
5644,0.1808243967589762,0.6100249430776605
5645,0.1900715902999378,0.5999588849763625
5646,0.1950759372856031,0.5889996869982844
5647,0.19751523596130124,0.6041900608132934
5648,0.1850193422087043,0.605979063058605
5649,0.18507178719785852,0.6021979958216543
5650,0.20026302837538176,0.5846396399398095
5651,0.18412798500145117,0.6067166045740469
5652,0.1885539376866429,0.6040165014160642
5653,0.1958413025492961,0.5918404732675063
5654,0.18052011083407143,0.6019192467086908
5655,0.19913598387693207,0.5932720360498596
5656,0.17471118209811082,0.6131000088005945
5657,0.19217341616044134,0.6027621846642138
5658,0.18726317706663506,0.6044950734555197
5659,0.1873613759788439,0.6054487023734806
5660,0.19462916007091252,0.596003394850412
5661,0.18068062179824118,0.6174757053046501
5662,0.19200916967402867,0.6070877839732673
5663,0.18603750314677164,0.595946648565047
5664,0.16835737484153615,0.614321761645644
5665,0.18663909880961863,0.6012836803860907
5666,0.19469016364365577,0.5978102914193141
5667,0.1756000399434273,0.6043113540176592
5668,0.18996666512966673,0.6062427358227245
5669,0.19747503516659862,0.5931960379220501
5670,0.18246083229965893,0.6064216618681922
5671,0.18257022543486529,0.6106826059256928
5672,0.18675427073949205,0.6031715397788063
5673,0.17908707526140133,0.6074251341657114
5674,0.18441967010654514,0.6023811308713929
5675,0.20405501586610728,0.596330742841464
5676,0.18890607107140728,0.6056195356398011
5677,0.1771756849572837,0.6063959973978118
5678,0.186721423882979,0.5966546734776446
5679,0.1792362087252234,0.6092100687425092
5680,0.19379195297406898,0.6073100899631182
5681,0.19380020399784764,0.5944706220669445
5682,0.17139574923680628,0.6029714241313365
5683,0.19579825012072122,0.5904576950088158
5684,0.1772865508594541,0.6064779098982307
5685,0.18587073781809063,0.6021772414688319
5686,0.18505783529969158,0.6006936346354484
5687,0.18234099173618387,0.6049906878819269
5688,0.1946975241678483,0.5927431256131249
5689,0.18690399211280642,0.6047379377308205
5690,0.19958363418009456,0.5981656694007463
5691,0.1770164333874897,0.5979208766356628
5692,0.18221351920455167,0.601568596520502
5693,0.1933197437265522,0.6078377858401772
5694,0.20095895629184632,0.5983718292303946
5695,0.18680638359780005,0.6063632979849317
5696,0.18400346884039817,0.6005153807984591
5697,0.19694815559349058,0.5938927078539745
5698,0.1906281906137028,0.6031859021347514
5699,0.19536898593278001,0.5971150366062838
5700,0.19520297816127263,0.5883734130752175
5701,0.19227392732853105,0.594128480545306
5702,0.19308807453420104,0.6019903739674147
5703,0.19159777392425678,0.5963735500749853
5704,0.18805079766616042,0.610211390095557
5705,0.18957682330475165,0.5966627385210536
5706,0.16945826724436794,0.6118847870730221
5707,0.17924088902716068,0.6060042135881268
5708,0.18996412237431198,0.5936570771327255
5709,0.19281431972585264,0.6006768226133914
5710,0.18379136981892033,0.6037911579271529
5711,0.19294182402572513,0.6021800361867609
5712,0.19093871448974634,0.5986169031429686
5713,0.18069026484709755,0.6084345149138213
5714,0.19513655051339748,0.5922239844990351
5715,0.18391191980791094,0.6016503516236226
5716,0.1876181157519467,0.6025275826870762
5717,0.18173288006864066,0.6095208690041107
5718,0.17322292991807553,0.6165051210622168
5719,0.19377108787148706,0.5928714978376601
5720,0.18012661003024202,0.6166942456118322
5721,0.18343315350777617,0.605445569226885
5722,0.17849916764846616,0.6115755442962556
5723,0.18724257557821636,0.5989762555012822
5724,0.187884484278099,0.6062775886939937
5725,0.19488385854000875,0.6082355792123447
5726,0.18069622246709865,0.6157017328433769
5727,0.19091231388655755,0.5984777264976742
5728,0.1939923695156713,0.6007413273572688
5729,0.1960008973135988,0.596075931468798
5730,0.17925069218442086,0.602667390914565
5731,0.17309061468020312,0.6123181396120115
5732,0.1923110194007405,0.6048252881071238
5733,0.1965795104860101,0.5973400948137717
5734,0.19675784829379386,0.6024891335053373
5735,0.19149558231522495,0.5963460018299933
5736,0.190515787609452,0.5993967835644354
5737,0.18963277767108572,0.6062634240095089
5738,0.18413390732982476,0.6089785736747355
5739,0.1830028023261107,0.6156238428856708
5740,0.1800737158462464,0.6076914844778578
5741,0.1818611520970401,0.6139438469346581
5742,0.19879682031239834,0.5994249586671424
5743,0.19076006860524142,0.5970991885622001
5744,0.18937160970572453,0.6080785237191055
5745,0.19149406235704894,0.6012540582152597
5746,0.18699235185805466,0.5977689382879992
5747,0.1896701221931973,0.5990493594743622
5748,0.1919210686893481,0.603407189409126
5749,0.18156019486201783,0.6050747753054798
5750,0.19108111361382576,0.59468700403539
5751,0.19277035707882187,0.6159162409641405
5752,0.19295234190267976,0.599860864568688
5753,0.1888757201623654,0.5987805292030187
5754,0.1870062687077866,0.6048041821395778
5755,0.1924464809398481,0.6124140734289
5756,0.19249419221084493,0.5988463476218299
5757,0.1894842980852896,0.6056350257634635
5758,0.19460195150950915,0.5944992628314749
5759,0.18467959419540478,0.6013225502197971
5760,0.1749096251054121,0.6141236819068484
5761,0.18400588455769973,0.6139665712077632
5762,0.1820861039923692,0.6002741424259485
5763,0.1980022640688127,0.6007236200513861
5764,0.1936566884103179,0.5988853878583624
5765,0.180107663132412,0.613185725191357
5766,0.1908344835759403,0.6041604927527415
5767,0.1892101128940246,0.5939081244386016
5768,0.1858314526711998,0.5949961070038078
5769,0.1964558137729581,0.6006546406480755
5770,0.18597834121580537,0.6108621436029309
5771,0.1815769466987052,0.6164486815998895
5772,0.19098621127621482,0.6008385350609384
5773,0.19355100559674332,0.5924105391851324
5774,0.1923678792595152,0.5941753732307761
5775,0.2040815679178704,0.5860412396642567
5776,0.18811370031739807,0.6059843838851312
5777,0.19391672848218292,0.5998115061372389
5778,0.18503088430865788,0.5990579778293371
5779,0.18103098814408744,0.6051551968820785
5780,0.18834204537782925,0.601889308101722
5781,0.19897544080156132,0.5994121560518552
5782,0.18286459326963134,0.606885268337642
5783,0.18605221493263255,0.5983328829440291
5784,0.17930261285824042,0.603884315984442
5785,0.1833577931110045,0.6091925123868467
5786,0.19758486823827787,0.5904057718548414
5787,0.20187709376071022,0.5898260981879844
5788,0.1925359389928803,0.5956707814572852
5789,0.18347509290523756,0.6039236710558
5790,0.19130888494141893,0.602468574089674
5791,0.19659102545856966,0.5983411103400559
5792,0.18600440781789052,0.5978808821372098
5793,0.18601058500023043,0.6084422531326866
5794,0.1814522464357784,0.6165708659112262
5795,0.19484583413063894,0.5936309458974526
5796,0.1823361201123109,0.6109165697509449
5797,0.19003432779914714,0.5968800118404034
5798,0.19134011800378686,0.605301733779122
5799,0.17934034981963254,0.6097150260826786
5800,0.19327371106647606,0.5940540586919849
5801,0.1799094288975759,0.6025629872171808
5802,0.1956255522047237,0.6038463118039723
5803,0.1953444334879758,0.5987352480314381
5804,0.19539267550615877,0.5975121286561352
5805,0.18640433423689057,0.5976456229228524
5806,0.18259093174169924,0.6098709318133321
5807,0.18472193460565464,0.6098393970569373
5808,0.18703695010451055,0.5928457530544506
5809,0.18973888603206612,0.6074131597679799
5810,0.1901541675292158,0.6017077374190012
5811,0.18880345600412315,0.6043257209090906
5812,0.18217856988795877,0.608281589651583
5813,0.1978060754537953,0.6002013061708799
5814,0.2006009876776515,0.5898445124559486
5815,0.18544478493267802,0.6067925360662686
5816,0.18554705641165697,0.5930329747182531
5817,0.18242818854625528,0.5951848772118804
5818,0.18929987406608265,0.6033823251037791
5819,0.1886402952606538,0.5967549798177311
5820,0.1848200366596722,0.6090068672443439
5821,0.1821505700991755,0.5920072055832551
5822,0.18046922743009353,0.6028549743520646
5823,0.18577510949247544,0.6036385869493741
5824,0.1981357787676524,0.6000913635562328
5825,0.18422596680147318,0.605021541423453
5826,0.18635134198604547,0.602698536244685
5827,0.1866574041461462,0.6087551516323222
5828,0.17886875149711526,0.6099029161307856
5829,0.18875463845533713,0.5938090459509655
5830,0.19121462673478873,0.6035725651874088
5831,0.1860182738980048,0.6080333195764747
5832,0.16780182476832634,0.6228400705084868
5833,0.18324443090596554,0.6102131523905368
5834,0.19866553508234894,0.5924271528187904
5835,0.18430556927631742,0.6034302405900164
5836,0.185437161521537,0.6027389753040573
5837,0.18755984645311577,0.593313621835056
5838,0.19791302054370508,0.5891847180247659
5839,0.18625842927037103,0.6008154819369986
5840,0.1831382979569132,0.6065997754146457
5841,0.1849195970563267,0.6005081761148049
5842,0.19793755925373666,0.6027890489206369
5843,0.17627731886107353,0.6068893613999382
5844,0.17896016794557262,0.6152573943745747
5845,0.19244044299724983,0.5977121801640274
5846,0.18717117951945886,0.6037960847702146
5847,0.1811070493783849,0.599427625478469
5848,0.18967078216831929,0.5909768997136698
5849,0.18067158849607226,0.6064049244009119
5850,0.18507817429934456,0.607684012744282
5851,0.18751093197286828,0.600648317295768
5852,0.18751904613757314,0.613223955511523
5853,0.18938374693845225,0.6074028512675989
5854,0.1985828264017806,0.5956835103098392
5855,0.19304626859465923,0.5899546892718155
5856,0.18159131188318314,0.5965325671239742
5857,0.19897916381915157,0.5885686486941369
5858,0.18081709059663945,0.6098377202373071
5859,0.18385861780843632,0.6069690438874894
5860,0.1905726756281977,0.5973145564004315
5861,0.16703266138652187,0.6123207117369114
5862,0.1796970969182209,0.6158905638984771
5863,0.18689278070014925,0.5989740129489443
5864,0.18317923637171518,0.6037335680533501
5865,0.18097234542318094,0.6090293495117167
5866,0.18916935762473194,0.599866704173461
5867,0.19817368093232582,0.5977177474009301
5868,0.18745300879650378,0.6001148450116898
5869,0.18606580907213122,0.5998201702356426
5870,0.20061760500332057,0.5929589296596645
5871,0.18984996536352367,0.5935095526848946
5872,0.1782006839789271,0.6025365836731925
5873,0.2019650280852007,0.5962996456420435
5874,0.17657572792787238,0.6094291923384815
5875,0.180873205161147,0.6137646576940669
5876,0.1840787809374885,0.6115712489253461
5877,0.19082019003915515,0.6075569129104517
5878,0.18283215347571966,0.6066094000072704
5879,0.19850839346605595,0.5970800902716497
5880,0.18441793808588014,0.6054991816590327
5881,0.18915801824034073,0.6006334830508319
5882,0.1920747882507604,0.5954788530475282
5883,0.17584120915077897,0.6096127865993541
5884,0.18340761694836366,0.6026679405621751
5885,0.18284565490860324,0.6115420500698776
5886,0.18829596542920804,0.5935391665196313
5887,0.1906021931190184,0.6033440371786539
5888,0.18077425132202282,0.6105087564157712
5889,0.17766074377198546,0.6084654825447704
5890,0.20112685061300944,0.5938459752216174
5891,0.18151201417294408,0.6068079543660425
5892,0.1846258227553638,0.6060369258773861
5893,0.20306970916324207,0.5893476028214397
5894,0.17460742040952376,0.6106978226720087
5895,0.1845312879018472,0.6048482421777439
5896,0.19553660314421872,0.5873574506429742
5897,0.19418970546828396,0.6020694233601673
5898,0.1889006186636463,0.5992654012550256
5899,0.19499661076780755,0.5968359278186959
5900,0.18457599263445346,0.6089173527917084
5901,0.1872029046603159,0.6063781834205736
5902,0.19073617070149462,0.6006072819260594
5903,0.19020845096954958,0.598533688969145
5904,0.1734200079004185,0.6079649863859087
5905,0.19689300275587818,0.6063789641175352
5906,0.1927522158610748,0.5876458558013024
5907,0.18888462258777847,0.6070084939696159
5908,0.18257230847296363,0.6088091620491219
5909,0.19653638911736868,0.5898655860507697
5910,0.18948411570457396,0.6016757271184245
5911,0.1787457941657361,0.6063386298921631
5912,0.19681042719090677,0.6028719061611337
5913,0.18905119138953136,0.6104895509660493
5914,0.18753485077280682,0.6074245290067882
5915,0.19101206673976778,0.6042791576942972
5916,0.18395049382989223,0.612264759711268
5917,0.1902463513932442,0.5974191230505301
5918,0.20062642994576296,0.5986179948991691
5919,0.17789361925958122,0.609603535612284
5920,0.19689905543554523,0.5976217651659392
5921,0.1835721896311657,0.6076127510753713
5922,0.19189899673776148,0.6064748134202959
5923,0.19511998379380216,0.5966121706816584
5924,0.20552358288936004,0.5853812572299006
5925,0.19223980300720023,0.5995885308981648
5926,0.18342869283538155,0.6019927830973036
5927,0.19331249381195204,0.5970984895279732
5928,0.18308272619608218,0.6048042614605559
5929,0.18447061114690444,0.6131643874131643
5930,0.18224705182210807,0.6080201470622548
5931,0.1928966950895827,0.6029001611400353
5932,0.19691310311121976,0.5995513419705814
5933,0.1927313483116503,0.5975857008381388
5934,0.17874465637304934,0.605589319524117
5935,0.18367332927746186,0.608599168236479
5936,0.19472584079245528,0.6015853027387237
5937,0.19192530086965764,0.5964890304547009
5938,0.1773647998799561,0.6037531301015101
5939,0.1856231400393062,0.604025546438099
5940,0.19190744598738002,0.5900358865743539
5941,0.18756237820958896,0.6001653465086566
5942,0.18272572245688712,0.6116497397302622
5943,0.183967897525954,0.6062839670857952
5944,0.17302253646633511,0.6151563440326457
5945,0.19442881120694208,0.5986058839351346
5946,0.1989487217502255,0.5936649077809869
5947,0.18165444693012187,0.6121243931961122
5948,0.18664254583802597,0.611350961946882
5949,0.18609801677882343,0.6120561208281411
5950,0.19164290148968324,0.6071906652762286
5951,0.18680101583950648,0.6058288909703019
5952,0.185298529605864,0.5877247155572968
5953,0.18477828092929943,0.6081265933279885
5954,0.19114163834977044,0.6037438090853637
5955,0.18543972149568136,0.5983492331624629
5956,0.18591744365299767,0.6016294918070175
5957,0.20311772226346236,0.5951483573104255
5958,0.19025434005419342,0.6020220242042787
5959,0.18676645157113028,0.6058079430381668
5960,0.1879290701633737,0.5949562595629203
5961,0.1886543908108725,0.6000572977635599
5962,0.18821328051004477,0.6112814856252571
5963,0.19233772128395102,0.6030925375220424
5964,0.1919323985620306,0.5973350070584204
5965,0.18312097115865344,0.6032506177840979
5966,0.19317334527727056,0.598277939135454
5967,0.18092363109727969,0.6037482256557298
5968,0.18478994899633241,0.6088231487219008
5969,0.2002635407803242,0.5878771902854594
5970,0.1751061058047704,0.6180130043965734
5971,0.19289989241222738,0.5996297507018945
5972,0.19759133161388429,0.5915498766686599
5973,0.18303137799661637,0.6093348292191968
5974,0.1852534792302928,0.5970760607679237
5975,0.17912936569632978,0.6116537183843788
5976,0.19078974533656826,0.6073057086731632
5977,0.17963737101973745,0.6093416130299971
5978,0.1810426563191905,0.6052379928965332
5979,0.17742475112142098,0.6079219610173755
5980,0.19945066142136691,0.5955007012762106
5981,0.18506406457885313,0.6073715442394695
5982,0.1696135337805319,0.6056225448841003
5983,0.1809833744600973,0.5996563312249851
5984,0.18650150121725959,0.6041679205950199
5985,0.1847474138048706,0.5987624233709749
5986,0.1901981698028973,0.6018031498028209
5987,0.18705342746555242,0.6017657941486076
5988,0.18849024074683388,0.6076950460244093
5989,0.2003801010309178,0.5857657737706828
5990,0.18002653157524237,0.604950525769978
5991,0.19243368444905215,0.6006847731334392
5992,0.19311079494005462,0.601958383253769
5993,0.19489536938645913,0.5925416927389052
5994,0.211882672756175,0.5838703133223516
5995,0.19179672201228135,0.6009353083074863
5996,0.20006078933308663,0.5990800853610421
5997,0.17565318868561924,0.6137494106987283
5998,0.1972227285066835,0.5946315189462075
5999,0.19358201101392722,0.6094886087998821
6000,0.18448437113268876,0.6071557710331272
6001,0.19248927433519908,0.5950193666398628
6002,0.19040171670660194,0.5951560188394265
6003,0.18337952404848304,0.60620073627572
6004,0.18293286602944778,0.605358919409094
6005,0.18768257261378318,0.6028363506563762
6006,0.19069731545997262,0.6052641352343615
6007,0.19386531950576028,0.5940770629995691
6008,0.195096291411424,0.5987245406843122
6009,0.18311401760265925,0.6047930569666766
6010,0.18035551697787539,0.6127588979511801
6011,0.19157447757976312,0.5956656952404885
6012,0.19555635717462624,0.5952992808684793
6013,0.19221963669580447,0.5897534036584472
6014,0.1841777309652847,0.6098693964896419
6015,0.19775459004720194,0.597129023052667
6016,0.19753779851619704,0.5895966893351514
6017,0.19928674609510308,0.5899794070976363
6018,0.18844434337180005,0.6015053037830795
6019,0.18572346488393768,0.607636373035471
6020,0.1798447672243016,0.5976513027084133
6021,0.18710793611631352,0.6025392172680626
6022,0.19065789828080365,0.5957551873000013
6023,0.19231730983149625,0.5989756662293899
6024,0.19033673984983668,0.6050660426247892
6025,0.18624423080220662,0.6047047063500547
6026,0.1786588852360736,0.6112168022478269
6027,0.1822121785194673,0.605423614497621
6028,0.1921813411788861,0.5987698385942439
6029,0.18876704360668783,0.6007706114917396
6030,0.19195825045087858,0.6015103241410271
6031,0.1772602427484731,0.6130740621516597
6032,0.20172566157821,0.5946485784954865
6033,0.185534488511639,0.6054006587422247
6034,0.18387846013604242,0.6033190546581203
6035,0.18008957083699445,0.5965931776053585
6036,0.18593672427302146,0.6058631082653194
6037,0.1762279926266119,0.621644601101469
6038,0.17106905613085183,0.6130157962502356
6039,0.18398537669949866,0.5938273794987781
6040,0.1814734249716381,0.6034273065899503
6041,0.18429727201187848,0.6017629104915737
6042,0.18313231855550108,0.5948607639283318
6043,0.18379800304157784,0.6022894247362509
6044,0.1888425927048647,0.6054517854858614
6045,0.1985990133972033,0.5948195220388541
6046,0.17730381069636036,0.6025106368837986
6047,0.1718145641297172,0.6141739088085688
6048,0.18152902000464627,0.6077479694216874
6049,0.19309607233030082,0.6013258300447661
6050,0.1839168144031865,0.6019021535608687
6051,0.18890225968830027,0.5966397314827331
6052,0.1821013716472068,0.6108740435247771
6053,0.18116932144017098,0.6014035050283706
6054,0.19085081811541552,0.596185061425762
6055,0.18647731756313202,0.6077756710011974
6056,0.18486633715835699,0.6015509736981933
6057,0.19265057110553666,0.5966377530944241
6058,0.18154608731317845,0.6039150380290588
6059,0.19037040070265823,0.596898825386124
6060,0.18198449188402793,0.5989529761211679
6061,0.1912716402141881,0.5988912569071446
6062,0.1773162330965817,0.6162264170791855
6063,0.1857584398769288,0.5992978992670358
6064,0.18545213051686288,0.597133292380139
6065,0.197364082374729,0.5991121534281222
6066,0.1809058209728518,0.6125687838034214
6067,0.19645657875267422,0.6008678323697986
6068,0.18473358195295725,0.5942457052791601
6069,0.18386390558702975,0.6025668218022185
6070,0.18401061381939401,0.6048353191333049
6071,0.19626145264324218,0.5823621583682949
6072,0.19168823670100155,0.5936605057324582
6073,0.18941873579904472,0.6028105545372583
6074,0.18433340445598967,0.6017586106574825
6075,0.18648441319319659,0.6038291934665659
6076,0.1878358294697592,0.6043664431908764
6077,0.1869001605624132,0.60277181587303
6078,0.1903645130481314,0.6023923842037878
6079,0.18402111340610666,0.605329882579866
6080,0.19490991925785658,0.5939615742729598
6081,0.18051485298179662,0.607269668770293
6082,0.18189431993826935,0.613245485250522
6083,0.19225059367212322,0.6078480360083907
6084,0.18918049671733292,0.5977243426262344
6085,0.1801201232232777,0.6085290615857846
6086,0.1859248338679101,0.6092258072267616
6087,0.1932132097170157,0.6022880487592485
6088,0.17842109717495702,0.6138173739631045
6089,0.18743324855559623,0.6072858112562269
6090,0.18262821384575992,0.601717702054701
6091,0.19008774195660016,0.5991922182122034
6092,0.18119961509810426,0.6067844346047557
6093,0.1811610089205958,0.6018372018959582
6094,0.18948408245079626,0.5987115188034173
6095,0.18922320036040075,0.6024095970053065
6096,0.18622316577878362,0.6113192193025572
6097,0.19079338364559326,0.6002705982137733
6098,0.19091402011012756,0.6111576607818008
6099,0.17559992057979948,0.605748194803339
6100,0.19382679736470346,0.6087273227971148
6101,0.18179073733095155,0.6053144489765832
6102,0.1872587578968426,0.6025897543285161
6103,0.18649671688794542,0.5994130535336095
6104,0.18964205332965164,0.6066358823173189
6105,0.18683857632203552,0.6115346909687005
6106,0.20035136247060267,0.5878492445227875
6107,0.1845541791084424,0.6128409035787795
6108,0.1830541063625671,0.6066763328706613
6109,0.18789140389726414,0.6027485178520277
6110,0.19339705353766726,0.5931444248393575
6111,0.1755962108678624,0.6120270157375756
6112,0.18617148054240135,0.6039551431253882
6113,0.1816393913686764,0.6114465883397339
6114,0.19074668507850562,0.5991697400557356
6115,0.1752692631648601,0.6140122573905685
6116,0.19333018722021084,0.5993127453009687
6117,0.18495883962040388,0.6016405377530544
6118,0.19830527257028682,0.5964592613371223
6119,0.19429497101513504,0.5952311620720832
6120,0.1793438935452945,0.6026367023738004
6121,0.18764218011926923,0.603609538304659
6122,0.18479025114838854,0.6021098010530216
6123,0.1856796941548733,0.6020777729299608
6124,0.19581658815688596,0.5970895291011269
6125,0.18330339729662481,0.6015576675293833
6126,0.18148547747796948,0.6014250764455453
6127,0.19431540942849715,0.6062590568660088
6128,0.17449516710240412,0.6117354557734085
6129,0.2014056104424142,0.5804212069379481
6130,0.1888826774904555,0.5934215917199692
6131,0.1882105253967667,0.6045433465776112
6132,0.19787523814103358,0.594768232428805
6133,0.19149823575850938,0.5978343148782419
6134,0.18497948733396105,0.598604778400135
6135,0.19119647853468738,0.59056079008308
6136,0.19047416451408494,0.5883938949573778
6137,0.17965092719543654,0.6053105327107259
6138,0.18559084796373962,0.5974269511524082
6139,0.17933272433040104,0.6053314655490821
6140,0.1779185262343033,0.616259557632607
6141,0.19258928313802914,0.5926685506548603
6142,0.17627468656147438,0.6119956859824515
6143,0.20163827894210348,0.5967006670549238
6144,0.17798880358131966,0.6148109545944624
6145,0.18513519046658405,0.6075403151259121
6146,0.18500615386854735,0.6036303330367456
6147,0.18661633518517978,0.5987805764234118
6148,0.2017939099202258,0.5949622212125365
6149,0.18772719539262242,0.6022470932499498
6150,0.18099023114672827,0.6156099402327414
6151,0.18339204014298613,0.6091327179982863
6152,0.18613561949296212,0.6039890184519632
6153,0.18514082769088952,0.6038935121015467
6154,0.19476819943895338,0.6019266692904371
6155,0.1932161509428128,0.5942678954024924
6156,0.18607798450050253,0.596957934093337
6157,0.18339946481988378,0.6051451957820428
6158,0.18784444516510437,0.5968894105020738
6159,0.19192367954604533,0.60144076503433
6160,0.189280336096748,0.6026300219908912
6161,0.18806956504895983,0.6009993808854371
6162,0.1908758006790701,0.5999201159016087
6163,0.18400195737956807,0.6064313626570531
6164,0.16449347564336753,0.6176996518966358
6165,0.18733497290840426,0.6037929894006511
6166,0.18194493817341495,0.6110747267491797
6167,0.18772095839481806,0.6027790386755842
6168,0.1929373668935648,0.6038488928259154
6169,0.19163393473262053,0.5870624296571543
6170,0.19830568021612285,0.5937962482712585
6171,0.19599562982995286,0.5986120013505122
6172,0.17215909762766324,0.6090730556097724
6173,0.1963300979476602,0.5959735417484309
6174,0.18133820883960258,0.5923138491437457
6175,0.17988629592768732,0.603908949675156
6176,0.17176753953433063,0.6112207051932368
6177,0.1880658269677471,0.6058739853419716
6178,0.2028110128896363,0.5890766617512523
6179,0.19978399241579065,0.5943218459761358
6180,0.18196762830554583,0.6027708515673955
6181,0.19223683341862977,0.5996051611012936
6182,0.19316277543656613,0.5887693676337401
6183,0.1891025553107406,0.6035794200789008
6184,0.18445377973211374,0.6081828357128015
6185,0.17682185275237314,0.6089072553615404
6186,0.1892104866013554,0.6010201624128398
6187,0.18734996313913935,0.6013190553322735
6188,0.18644660758173362,0.5993778714122756
6189,0.18383888342827234,0.6011067023200715
6190,0.17099657785028047,0.6160039095603038
6191,0.1843718242027168,0.601269657326699
6192,0.18429508947643697,0.6109090427527266
6193,0.17970855232104718,0.6040301680923414
6194,0.19762796424312506,0.5911478184242309
6195,0.17943578841116134,0.6135904277532211
6196,0.17405340482268056,0.6178230634132399
6197,0.1989442352884501,0.6056213587036667
6198,0.18308592597523649,0.6036498275016804
6199,0.18537001039168816,0.6007299131332299
6200,0.18249802716099586,0.6096856630720259
6201,0.1876695309883614,0.6078622607962484
6202,0.18911226828658606,0.6093891314244708
6203,0.18291223020760172,0.6073004905450748
6204,0.195652672909021,0.6032546095281813
6205,0.1732645954810052,0.6131079467487633
6206,0.18273552334676071,0.6116658989619684
6207,0.1908458318057534,0.6010398349090544
6208,0.19016343717113815,0.6066383064869401
6209,0.175835880598986,0.6109339845220992
6210,0.19380651640721197,0.59871459353368
6211,0.19151089328916973,0.6024288730135601
6212,0.1811234671763416,0.6024093768477234
6213,0.17993254836979775,0.6154773430089027
6214,0.1842781092093359,0.6083507944771697
6215,0.182900031591986,0.602503024640516
6216,0.19276009616190934,0.5974642600930766
6217,0.20136513147459878,0.5938312961147145
6218,0.19014589929155454,0.6013175784595289
6219,0.18664628907748432,0.6054071229316496
6220,0.187643480967011,0.5950778679087284
6221,0.18511487820964287,0.6096176537343768
6222,0.1928131974417459,0.5941964618940039
6223,0.1872486610809914,0.6141985984736007
6224,0.17965076893888385,0.6102270088250106
6225,0.1795467876932652,0.6053356313056271
6226,0.1864426575903665,0.6035026506171366
6227,0.18396747499472263,0.6042219382806837
6228,0.19755532143764595,0.5920715115017496
6229,0.18834599111863068,0.5970601142864501
6230,0.18785927020480014,0.6027953996526308
6231,0.1948141517358135,0.5981304438652755
6232,0.18461963893616065,0.6066181449505114
6233,0.1835596273546818,0.6141503405471188
6234,0.19050924755806745,0.6006219932545923
6235,0.19665264854301623,0.6023364444954288
6236,0.1850798904624176,0.6062954972874769
6237,0.18643988844295706,0.6045431689101943
6238,0.1968687550992396,0.5927307716844142
6239,0.19590467830774802,0.6003591177321103
6240,0.18135173476550465,0.6015360164233177
6241,0.1943141426215236,0.603316893873479
6242,0.18074134010748122,0.607143108328591
6243,0.1830722836602282,0.5987691895325179
6244,0.18571072158759122,0.604890187647247
6245,0.1980989537508992,0.598359031917277
6246,0.18664449335184585,0.6058378162325126
6247,0.18234735328368135,0.6095490880874231
6248,0.19684978033659592,0.593219014946503
6249,0.1778347446258208,0.6197262830486716
6250,0.18504147734996343,0.5894915756625982
6251,0.173551142601863,0.6144680587574138
6252,0.18130091997532177,0.6101209336618693
6253,0.1859872569828759,0.6101648487342723
6254,0.178335703725967,0.5987965774344749
6255,0.1883171217621148,0.5988883981061875
6256,0.17917931619172153,0.6104953684021365
6257,0.18275880695923513,0.6084938567650501
6258,0.18368459381430838,0.6002684719730066
6259,0.19397261233572916,0.5851520863548708
6260,0.17961910886016966,0.6056485528617005
6261,0.1915423338564527,0.5968853184962402
6262,0.1993655416649213,0.5954800507853006
6263,0.19346724234225268,0.5924872115762199
6264,0.18270508853207063,0.6074519095954547
6265,0.19419439960508791,0.597701629762946
6266,0.1806267516789974,0.6092765682303644
6267,0.1830983537508861,0.6053335598399981
6268,0.20455728721957878,0.5871988300838576
6269,0.18499661030742248,0.6024757136049587
6270,0.18223689045147665,0.6133490481659676
6271,0.1840412511909233,0.601444914576822
6272,0.1910402719474354,0.6062572328844795
6273,0.1799686440259082,0.6087710303246188
6274,0.19091332744127937,0.6039823343180901
6275,0.19179246665818134,0.5964539915740268
6276,0.1997712733825187,0.5960997458765527
6277,0.19446867695684844,0.5987045572613408
6278,0.19358351461012555,0.60043464299493
6279,0.18515044808573786,0.601625594395892
6280,0.17804188666576595,0.6039622266687964
6281,0.17840511842830897,0.6099522910493789
6282,0.1846762482735499,0.6035448109227324
6283,0.17814908752631964,0.6040159826131404
6284,0.18321668773874406,0.6043552396882733
6285,0.18624942516987222,0.6122072473109423
6286,0.19162814689982083,0.5999235415468817
6287,0.18927377019277147,0.597907897719265
6288,0.18825388631525086,0.6066864877301037
6289,0.20138395543412685,0.5999499761278466
6290,0.18301076932960264,0.5977359095509285
6291,0.19171404541834822,0.606051597548917
6292,0.1901197995708874,0.6110344540277368
6293,0.18127070624642394,0.6038621932114843
6294,0.18786524990409925,0.5920402723514951
6295,0.18905521255092161,0.605169479299188
6296,0.1746473812781998,0.6094938861365798
6297,0.18402460187005942,0.6003206397386925
6298,0.19398878644736184,0.5911096657611008
6299,0.1861351395710941,0.6141588081323577
6300,0.18177602610184468,0.6061059650894456
6301,0.19511220307100274,0.591991044054945
6302,0.19071240931304861,0.6039509400397273
6303,0.199213614738826,0.606581233084016
6304,0.18532273455404544,0.6022291578316168
6305,0.18883689383423918,0.6018788804393038
6306,0.19660420652980407,0.5964925336028811
6307,0.18745350223198268,0.6106819424514051
6308,0.18629220449074235,0.6011771603108134
6309,0.19007790752074444,0.5986271255897386
6310,0.18927318036237892,0.6028711618766218
6311,0.1805462831628204,0.6071511700227797
6312,0.18146167540116237,0.6037380128409489
6313,0.18209139312004416,0.6073984677094633
6314,0.17821023323642654,0.6092389409233361
6315,0.1910485900736242,0.6053084099896027
6316,0.1860767111437596,0.5980262737471586
6317,0.18202063548698236,0.6086241262130773
6318,0.19364804096903732,0.6019424815613613
6319,0.18265974006044897,0.6030357496125192
6320,0.18910087042963966,0.6045718685964567
6321,0.1818023033592819,0.6158832613021819
6322,0.18790516580744832,0.5984492901482091
6323,0.18159544072825864,0.6153838383888632
6324,0.1820308430033307,0.6109287263552654
6325,0.1788272059278569,0.6084322389397558
6326,0.19109508896411795,0.5968006432882025
6327,0.19594761058481983,0.5962526303016652
6328,0.18899620144686397,0.6124809511728174
6329,0.191053307931785,0.5951649321523388
6330,0.18561297465545523,0.6042446640938591
6331,0.18335573018279253,0.6104678819669566
6332,0.19106230507594454,0.600075509116296
6333,0.18063403074239714,0.6107378165443766
6334,0.1890073681549411,0.6000322825439436
6335,0.1858331366232716,0.6033569231497687
6336,0.19040957402132813,0.6000654277991662
6337,0.18734261988484754,0.6085520876557047
6338,0.18755777752219566,0.6027149746872241
6339,0.18342113779473088,0.5975323157662367
6340,0.19061732104198384,0.6046188152050154
6341,0.18523144384977827,0.6002124366389389
6342,0.19724931655530567,0.5963539810116416
6343,0.19699155368485174,0.5954154742270211
6344,0.17819798166040313,0.5983298595981266
6345,0.19433916191304038,0.5957396594496748
6346,0.1861557414836615,0.6078478533971812
6347,0.17931290458320856,0.6111348529465553
6348,0.18650456357128126,0.6028049351891698
6349,0.17333005331227375,0.6059619545387304
6350,0.1862722922317876,0.6077845276604902
6351,0.17179972497468432,0.6232098192716122
6352,0.184829448893153,0.6085433298890839
6353,0.19361325448143016,0.6018477461712228
6354,0.20013017763843216,0.5843750592416811
6355,0.18036919589241535,0.6093793530505555
6356,0.1973896304407634,0.6005439362433709
6357,0.18251017727003388,0.6006195868881717
6358,0.18703943444698282,0.5987159594170245
6359,0.18491090999661394,0.6158303809494307
6360,0.1932174077578369,0.5993268124541083
6361,0.18961743162718614,0.5961853056927705
6362,0.18573585912374518,0.6035810367561261
6363,0.19018539450913768,0.6004061324731409
6364,0.19390512936794443,0.5941223640222258
6365,0.16724673367055273,0.6208245143685592
6366,0.1834643030189551,0.6011155445685114
6367,0.19694714551094447,0.5908032522599476
6368,0.19037858248376313,0.6063867701733304
6369,0.18384857379756736,0.6066248596394636
6370,0.18550531107659565,0.5986575376561353
6371,0.19672001938550926,0.5940682569777269
6372,0.18693344111779356,0.6107866094900168
6373,0.17931328602060978,0.6080902394960851
6374,0.1840750841681953,0.6047746327220345
6375,0.18524638948207936,0.6069378252986024
6376,0.1818443035327701,0.6095006430817692
6377,0.18620038236856518,0.6053861749901633
6378,0.17659497195738091,0.6049057903980339
6379,0.19491677920837477,0.5982682018131381
6380,0.1805113216187239,0.6046068948520151
6381,0.17949698003199394,0.6062677319952781
6382,0.1917489924038848,0.601520332685076
6383,0.1892761458386229,0.6018638835870509
6384,0.19626579079983655,0.599914774953493
6385,0.18504657448692555,0.5908338017584991
6386,0.19244920721684236,0.5969602341297157
6387,0.18506100877482115,0.6033909799896
6388,0.17545272957095198,0.595989767395867
6389,0.1878594542027178,0.6014575906910948
6390,0.18485871775043644,0.6033328728007611
6391,0.1729669721007548,0.6150302644829697
6392,0.18931000120921834,0.5985965293213935
6393,0.19443673727526312,0.5935801540105594
6394,0.18329030507939523,0.5976962189613736
6395,0.18556624416648806,0.5950240326890105
6396,0.18219753323441437,0.6118742809928412
6397,0.19099874878265138,0.5920545277270477
6398,0.18461700500233832,0.595006574474302
6399,0.18220070095068588,0.6043829545643707
6400,0.18091199089948534,0.6123571817665139
6401,0.17919431750864925,0.6042372194977135
6402,0.18788304814744886,0.607202422771831
6403,0.1784186723281122,0.6014978055772224
6404,0.18337036289951927,0.6068341140736139
6405,0.18838086636339982,0.602817952906422
6406,0.18769177188683764,0.5945651927883531
6407,0.17761137796604098,0.6055644166726012
6408,0.18574837831980764,0.6025285370278065
6409,0.18823006228498107,0.6105097176323268
6410,0.18293251559523913,0.6001563315010333
6411,0.19225320555467038,0.5966802669489989
6412,0.17810659897711126,0.6044346373750056
6413,0.19237910657425544,0.6021258338655444
6414,0.18357087038520575,0.6098398564289229
6415,0.1852180226102334,0.6068031489145419
6416,0.18494043137290025,0.6104170979016209
6417,0.1887862605340688,0.6067559093980887
6418,0.17944892060462672,0.6112452348182278
6419,0.18247711705725744,0.603069015637981
6420,0.17555933828631848,0.6091246941457858
6421,0.190504819418361,0.5934618000318003
6422,0.18617262252058486,0.6058657820015786
6423,0.17992225641633428,0.6060407217662191
6424,0.1829715657262738,0.6083145367354301
6425,0.18164844581828984,0.6057713334417247
6426,0.19586432244053245,0.6016094375659627
6427,0.18882505759614915,0.6018609059343363
6428,0.1735386762801149,0.6125651336166298
6429,0.18618427968581833,0.6062018330050777
6430,0.19726765902371204,0.599745001609386
6431,0.19316782839142882,0.5938712383965983
6432,0.18747707553890103,0.6043946591348488
6433,0.17997992725511433,0.5965113829603425
6434,0.1993966170826697,0.5878553843845998
6435,0.18262082885747655,0.6098676073649945
6436,0.18510956015832353,0.5944974650919729
6437,0.18846443453481102,0.6001133925339414
6438,0.1847431516716397,0.6022261199318989
6439,0.18298350126349594,0.6022572154133504
6440,0.18538471305932733,0.5946339190091484
6441,0.18714952460356613,0.6118243670587273
6442,0.1876782500416635,0.6054642913183694
6443,0.1940804891792647,0.5924346771969653
6444,0.19332146950977677,0.5913592828571987
6445,0.18871964568202762,0.6030100962572097
6446,0.19373481557438432,0.5973969274799056
6447,0.18534799790944545,0.5997176631859558
6448,0.19490122335034413,0.6013701086334655
6449,0.19283256708062219,0.5959207915194181
6450,0.1960208834579806,0.6026640265304033
6451,0.18535414304410375,0.6084418164160005
6452,0.17800020422855653,0.6157181392474786
6453,0.19836853337241372,0.5930512110027031
6454,0.17926570623052626,0.6103744983709
6455,0.18346373206942307,0.6118658150520014
6456,0.19963714105473196,0.6004871469671147
6457,0.1811869922681574,0.6042050128887156
6458,0.18562999199818433,0.6015635536153807
6459,0.18240338017480168,0.6072770857946497
6460,0.20126339594374945,0.5923678438534721
6461,0.1928267246575373,0.5898898483652052
6462,0.19985269877927483,0.596497188564543
6463,0.1777750544096758,0.6109144230493433
6464,0.179266759836102,0.5916832628642467
6465,0.1777448100756027,0.6090224862104707
6466,0.1895471624629321,0.601694794174289
6467,0.19703684543838096,0.5953596786260186
6468,0.1832622597811476,0.6071914193994926
6469,0.18718582955618676,0.6005073844065015
6470,0.19123010480459932,0.5915088429755577
6471,0.18173734952221285,0.6128365241378095
6472,0.17955488057228752,0.6065685667220726
6473,0.1728376028143452,0.6101833003471413
6474,0.19671569946384695,0.6000008594704975
6475,0.1796199363383675,0.6049417976268058
6476,0.1973648804041723,0.5969774271278152
6477,0.1984822071818591,0.596978834787106
6478,0.1903694158495288,0.5964302633500355
6479,0.19584043077238353,0.5967509643776356
6480,0.19125260066034105,0.5984421017490154
6481,0.18795708834461053,0.5947917070536616
6482,0.19362734228895206,0.6046675501329449
6483,0.19859715009480114,0.584945058929612
6484,0.18977039033475027,0.5963247839054351
6485,0.18473406988765734,0.6076735182537433
6486,0.19618497388937836,0.5877883336212459
6487,0.18568178362793233,0.6007057044754528
6488,0.17662690836988185,0.6045738744198436
6489,0.19023476732505457,0.6005132229155584
6490,0.1789936329899484,0.6136983065558129
6491,0.19856226659608134,0.5891165352920704
6492,0.1970750907498078,0.6003520136060219
6493,0.17532926783292827,0.6177559280551237
6494,0.19299231825304825,0.599757361280789
6495,0.18364534505724656,0.6040885140327799
6496,0.18376687324910462,0.5958639594586842
6497,0.18265950347019702,0.6054073193541054
6498,0.17571885745244828,0.6145536312212663
6499,0.18392742661178121,0.6040316354926504
6500,0.19594136366083262,0.5975503460307289
6501,0.1820456894141668,0.6077210988504578
6502,0.1792118035626412,0.6168447936162198
6503,0.18262430627421777,0.606431181236481
6504,0.1830274007926258,0.6035891639867351
6505,0.18471553526263965,0.6039047751519894
6506,0.19728417654366312,0.594372312428728
6507,0.19212681197307901,0.6004905285732007
6508,0.18346504194031796,0.6029436403732065
6509,0.18370298461016818,0.6049412449019418
6510,0.19942916810064992,0.6011573123607419
6511,0.18855331184696983,0.6001187552357606
6512,0.18041125323558593,0.6094553379181936
6513,0.19765777511177993,0.6039973761685214
6514,0.17957599094394883,0.6074901855564306
6515,0.1863248539223802,0.6021245287866712
6516,0.1866472118952605,0.6077030544733594
6517,0.1955051400253396,0.5959576061197095
6518,0.18907176903592884,0.6009504151466591
6519,0.18438379062458565,0.5979478304217387
6520,0.1845363737942247,0.5899254876374735
6521,0.1925605292266334,0.5966426025894501
6522,0.17545972651270816,0.6117501032256707
6523,0.18940404411271872,0.6014408783467132
6524,0.1874266460930743,0.6025059242160419
6525,0.19234153732389306,0.5978224564757629
6526,0.18691991020638882,0.6077045104401062
6527,0.1913299546607654,0.6011829482825675
6528,0.17647532470869762,0.6168146660721874
6529,0.1933258227106926,0.6005144301416383
6530,0.17988490750910546,0.6027803936306357
6531,0.18757825958270505,0.6011177394948497
6532,0.18307079200373313,0.6001692222932765
6533,0.1749467701558187,0.6094932301675204
6534,0.1936841653369135,0.6005374569398432
6535,0.18928022909883177,0.6035831958106319
6536,0.19171153185109227,0.5979797151253379
6537,0.19451165491160996,0.5968517306174012
6538,0.19488265249761966,0.5995860744661837
6539,0.1770891141751677,0.6069302115850365
6540,0.1905305848108833,0.5937277217059427
6541,0.17413390441794357,0.6149423619130406
6542,0.19133643552982654,0.5979163246970655
6543,0.17718107590467688,0.6076773892989541
6544,0.19391754342260994,0.603882638376724
6545,0.18048270139260655,0.6077612845170656
6546,0.18233879058795874,0.609813685674852
6547,0.1829781404630014,0.5911623906781014
6548,0.18427495057782806,0.6076798242723666
6549,0.1851986025595292,0.605763834560967
6550,0.18416450772583334,0.6071784878585063
6551,0.19616724735396657,0.5927033899035278
6552,0.18058692916118105,0.6072635871095926
6553,0.18690530997758517,0.6079022864802244
6554,0.18012145003950747,0.6119543522976975
6555,0.1900843144707146,0.6021676459011474
6556,0.18735281399277096,0.5980363561018361
6557,0.18436739236601873,0.598629105990761
6558,0.18779142081921973,0.6007653609306706
6559,0.1798012883307691,0.6104923215119377
6560,0.18534893068418684,0.6060659518971251
6561,0.18524205754194123,0.6089002894568423
6562,0.19995158386098436,0.5882909409725033
6563,0.1776616415093352,0.6130206047601992
6564,0.19640196400582233,0.5968151493385127
6565,0.18831439155963461,0.5990959211276743
6566,0.17557030453081268,0.6163770132182248
6567,0.19384679343124347,0.6028552585973388
6568,0.18490536665370533,0.6005215123926568
6569,0.18166132322436856,0.610809880978064
6570,0.1950319975198472,0.5986386629488182
6571,0.19187600190020132,0.5925851136884855
6572,0.18403906064916095,0.6061717281500496
6573,0.18416153447670633,0.6131493088496512
6574,0.17709969242571638,0.6167824420814023
6575,0.18022831605862813,0.6107292725367893
6576,0.1842511855411099,0.6074033847494352
6577,0.1825031307012876,0.6116134239738279
6578,0.1832061414428937,0.6120449047395374
6579,0.19078440106681216,0.5988245083440831
6580,0.19187152608302765,0.5898206174712415
6581,0.18773247891366127,0.6046419410894884
6582,0.17996782761913913,0.6027576350170806
6583,0.1969510940051326,0.6007095432436317
6584,0.18511267508355075,0.5936063829769177
6585,0.18321752800501762,0.6133501637805048
6586,0.17525187334757159,0.6067402468872607
6587,0.18682276969067085,0.5971014586947557
6588,0.1837478804785861,0.6049158559234439
6589,0.1922461523930786,0.6042325691386106
6590,0.18325114969464584,0.6011710001665442
6591,0.19471551644392032,0.5964967392353113
6592,0.18263721974487332,0.6142975484341571
6593,0.18091605898100133,0.6077735495540201
6594,0.17483831342214018,0.6172999472507602
6595,0.19952350512916728,0.6041373768369883
6596,0.1840819920958157,0.6073145188425288
6597,0.18755033983139913,0.5999641949515284
6598,0.1797546361577234,0.6146842217064337
6599,0.1823683829299013,0.6154114192848628
6600,0.19589901927515496,0.594035212526446
6601,0.1939384376574309,0.5907564220569291
6602,0.17423139570001708,0.613686522572609
6603,0.1844594270382114,0.607232223425972
6604,0.189595609931492,0.6112966335302928
6605,0.18717000833714664,0.6011348221405032
6606,0.1882830828434915,0.5913978637005668
6607,0.1810551151144893,0.607370592063205
6608,0.19215718079988958,0.5952790150179158
6609,0.2004679457104108,0.5895181947428614
6610,0.184331723518559,0.5998138125440092
6611,0.18835683451688573,0.5910100453527446
6612,0.19600661869095104,0.5962126383654904
6613,0.17680994478232934,0.6155495470320153
6614,0.19199624782724908,0.6023973541825847
6615,0.17795518740288607,0.6179268207822411
6616,0.17897258229010302,0.6115797876248571
6617,0.1780773060218432,0.6024211004389625
6618,0.18880678851555574,0.6083581567255053
6619,0.19872786213813062,0.5924858687239528
6620,0.19365285518986647,0.5953791267808026
6621,0.19844614125594073,0.5933857918265023
6622,0.2045447173830869,0.5814765661665978
6623,0.1840352870223712,0.605561175196238
6624,0.17935628276194335,0.6091629990821897
6625,0.1898760167262117,0.5929120357667426
6626,0.17627556093438318,0.6074207427862242
6627,0.1729701458711075,0.6134166411081696
6628,0.19020082108092312,0.6043742247388819
6629,0.19333457487601394,0.5970451209910891
6630,0.19226707477853824,0.5906554178908767
6631,0.17772422086063108,0.6072624200212299
6632,0.19927384295134684,0.588140151410612
6633,0.18785445395992859,0.6122465355173432
6634,0.181835217850452,0.6083766668912006
6635,0.18733865940606018,0.5982743663997374
6636,0.1882438931902876,0.6065756912072028
6637,0.18352128900490255,0.6069184638182444
6638,0.17941395565863527,0.6025827838886249
6639,0.1766250200677231,0.6037870880473306
6640,0.18696038721371505,0.6076331749452697
6641,0.18618217391169228,0.6067562196956083
6642,0.1914521396717994,0.5945167989380246
6643,0.18003137883895073,0.6000899044700977
6644,0.17483601334595514,0.6151828890557703
6645,0.19602447842756537,0.5974923854363687
6646,0.18162568835942847,0.6060235480915492
6647,0.18307064302063913,0.6123069204505043
6648,0.18096474590632775,0.5958870785276862
6649,0.18930480021613033,0.6068927237937201
6650,0.18162928971764342,0.6035041414814051
6651,0.18802933965092003,0.6005812612448357
6652,0.18603381875263922,0.5969419614386489
6653,0.1897514744499765,0.6056796556064401
6654,0.18478491596574298,0.6050252088608885
6655,0.18910702556167533,0.6151299249725215
6656,0.19041889593457645,0.5931203290829014
6657,0.18880557273173537,0.6065303016598096
6658,0.19735878919708358,0.6000513730403816
6659,0.19280455469658833,0.5995980040729141
6660,0.18665392851139476,0.5989204734038946
6661,0.17696352730007578,0.609420440099577
6662,0.16931333848711316,0.614678499131067
6663,0.1948159281361235,0.5836559797277062
6664,0.19172098821613562,0.6004686967913192
6665,0.19181490425526193,0.6039231451487295
6666,0.18056696632956118,0.6086357596529106
6667,0.19238559729140353,0.6063597212670024
6668,0.18302517214211994,0.6118215360725748
6669,0.18790926659996482,0.5939402343615342
6670,0.19375709168948402,0.5915111617765862
6671,0.1975742531119342,0.5963062951320811
6672,0.18521650185027275,0.6084267911221433
6673,0.1857129770821065,0.597675509867909
6674,0.18416269864697962,0.6025281887790567
6675,0.18088786706905757,0.6011112357779739
6676,0.1899515640635931,0.6071587134163368
6677,0.1907619897777035,0.5986657453270405
6678,0.18102697258297343,0.6000206831378119
6679,0.18181329231829602,0.6095993888359386
6680,0.18800229423391976,0.6076754704043446
6681,0.18860114538302952,0.6116406852553586
6682,0.18816201506945748,0.5909500373757844
6683,0.1910332892979762,0.5918869261920304
6684,0.18624777979403262,0.6123139664781138
6685,0.18049995076881897,0.6111131102807554
6686,0.18301192287543083,0.6042658662268655
6687,0.19699297858151918,0.5960183302289929
6688,0.19185158424721344,0.6044243639643287
6689,0.18972754470401287,0.5916382207584239
6690,0.1936968377460497,0.6038527695704065
6691,0.18293128154415084,0.608212602670282
6692,0.18914766261906835,0.6006868066781856
6693,0.17547398328620553,0.6146690275991872
6694,0.17885803025779473,0.6186222434906727
6695,0.1770402992240291,0.6012223572714098
6696,0.17659078469083347,0.6002353783362036
6697,0.19179366540347917,0.609783744267031
6698,0.17600843418657247,0.6064629461959278
6699,0.18324175221702552,0.6078588741638121
6700,0.1770439288112079,0.6151828334700663
6701,0.1673786075868954,0.6109141275320094
6702,0.18659989501533142,0.6077673449974723
6703,0.18866086667676243,0.6023203459681207
6704,0.19619704430285054,0.5953373010297671
6705,0.18893352281327205,0.5959602127519765
6706,0.17837986581955742,0.6178147268185784
6707,0.18330632188186405,0.5992929535342633
6708,0.19226174472334415,0.6012566484330967
6709,0.18051654010676516,0.5983045817549073
6710,0.1812049851104251,0.6090168376414115
6711,0.1834879137632705,0.5958592454901311
6712,0.18960658966571922,0.5987168491651423
6713,0.17066989260782242,0.6122885192177615
6714,0.18421203070825254,0.6042471182485897
6715,0.18472053129032762,0.6133074241847614
6716,0.17620613991278092,0.6135705151670131
6717,0.1806101282525134,0.6048813399560551
6718,0.19368961242248142,0.596410835460039
6719,0.1945028195407281,0.6038614371633405
6720,0.18684166344621225,0.5964321342606212
6721,0.1829424922934747,0.6030075145979495
6722,0.18570848722061561,0.5994362755082142
6723,0.18844730437647098,0.6076713075554842
6724,0.1960820428463799,0.6025613535889729
6725,0.1817189109806874,0.6018603060835022
6726,0.19141518387027165,0.5945471734884111
6727,0.1974881719009883,0.5879773200561638
6728,0.18261460668776341,0.6140155308997545
6729,0.20898379278551116,0.5867644911854115
6730,0.19227135339368145,0.6049743573239017
6731,0.1836202669258474,0.6122113307867724
6732,0.1966005617999367,0.5984514287283206
6733,0.19381632839951865,0.603561860583982
6734,0.19842178226481483,0.586310866105612
6735,0.19200414637608268,0.6012172440164556
6736,0.17698155803471752,0.6057046586166654
6737,0.17700043290203774,0.6081058245473601
6738,0.18386994885418556,0.6003182923918844
6739,0.1977896285799633,0.5937351351921022
6740,0.19285366156343808,0.6008212253101556
6741,0.17323346047120097,0.6104936986440399
6742,0.18881077668641208,0.5978232808719943
6743,0.18476440684752607,0.6033096051430635
6744,0.18476492043867151,0.6095698454423423
6745,0.18188937412322995,0.605164189972014
6746,0.18452287606842208,0.6107726124618085
6747,0.18738822844612527,0.6055391787227095
6748,0.18565001030041456,0.6033988884441461
6749,0.2051288251580231,0.5839224735251537
6750,0.18193709826934173,0.6028942143554236
6751,0.18049732736030794,0.6081618137070972
6752,0.19309401358969808,0.59971061783554
6753,0.17979404764998172,0.606406235915839
6754,0.18453978490352682,0.6007560129188653
6755,0.1845816890973953,0.6108901286598383
6756,0.18876082116203505,0.6015530974736507
6757,0.18337117488357432,0.6043211596990203
6758,0.1916785710830064,0.6034886995574004
6759,0.18552977157338876,0.6081501031095662
6760,0.1934297687679906,0.5958146046690733
6761,0.1795764063728826,0.5910234887699665
6762,0.19600930030094973,0.5950894841629668
6763,0.1951048292074145,0.6011469149662296
6764,0.18174456953926202,0.6147089286261579
6765,0.19822951684918289,0.6004770781796495
6766,0.1831000354467796,0.6138666066808702
6767,0.18541623066113916,0.6031025477180278
6768,0.18098581381671036,0.6112311693697733
6769,0.18509771683025503,0.6101030250199282
6770,0.1802117228274451,0.6073784003199423
6771,0.19042820047699158,0.5970977937221441
6772,0.1940776412825722,0.588958331067975
6773,0.1907347493550431,0.6094292655614325
6774,0.19683968893242876,0.596691061709463
6775,0.19126499071986494,0.5946668054680825
6776,0.18649592519447672,0.6124909202687171
6777,0.1818946749042419,0.604061681928585
6778,0.19155228681942638,0.6080904972263109
6779,0.18826404477956693,0.5979566838250778
6780,0.19255638536380704,0.5939217201757657
6781,0.17857189691941108,0.6095824014680333
6782,0.18356729946056924,0.6157176349928094
6783,0.17932987923450996,0.6050461712751958
6784,0.1883370902081072,0.602989687120624
6785,0.18501994907840208,0.6031465822837618
6786,0.17160196442937728,0.613312498596325
6787,0.18837864064430054,0.5932308211963317
6788,0.17674641453385365,0.6172001390009471
6789,0.1836454840521888,0.5999088050519037
6790,0.1822882747012544,0.6100436715272837
6791,0.18855065248038003,0.6076668380120639
6792,0.1884824248309715,0.6108361496230703
6793,0.18871281405442625,0.5947880346577613
6794,0.17871496377812113,0.604845939764502
6795,0.18792120477759053,0.5977630362166322
6796,0.19366787662287208,0.595342330685331
6797,0.19079984398881464,0.5910883721481458
6798,0.1869596604384099,0.6011343054832348
6799,0.18515546667567356,0.6033810615873612
6800,0.177074419342039,0.6050055167374786
6801,0.16711027874338455,0.6088951488295884
6802,0.1951199236956265,0.598020453445949
6803,0.18753339677657985,0.5994736130110765
6804,0.1886790165731183,0.6012086611021201
6805,0.18800044773638283,0.5979390981120545
6806,0.17607126164223552,0.6138694224342343
6807,0.18356004326125328,0.6122769792153223
6808,0.19613843008450227,0.594180315580944
6809,0.18597745752876163,0.601316629168066
6810,0.18858602759341703,0.6017128271499166
6811,0.1893795642229428,0.5945399168835771
6812,0.19358385401009565,0.5908415728432301
6813,0.1944220462058174,0.5924932664097455
6814,0.1757807277013097,0.6189070769493232
6815,0.1898258700093996,0.6030100208206761
6816,0.19828330364984123,0.5858452532790459
6817,0.19608516006515442,0.5973375908334091
6818,0.1923134344904235,0.5983073117973793
6819,0.1751140010170557,0.6117210973894838
6820,0.1875296988101634,0.607783284841212
6821,0.19377343791333027,0.5961759364922211
6822,0.1899620693450637,0.60779097288051
6823,0.18580274272531316,0.6072453361136998
6824,0.18186282179436042,0.6003299606644324
6825,0.18661241345644541,0.6024683742007951
6826,0.1917270074960521,0.5912438088834568
6827,0.18853663822679123,0.5950430774019306
6828,0.18681953547988595,0.6114012265150405
6829,0.19151141511768413,0.6068310004332713
6830,0.18938488300551487,0.590842721554911
6831,0.1791342547886927,0.6177213729357882
6832,0.19235893813705018,0.6107345839493605
6833,0.18014251650776889,0.6160581214682179
6834,0.18126871708113526,0.6101031070636211
6835,0.18547110020429697,0.6003080965790943
6836,0.1755984857657311,0.6008678465668447
6837,0.1758356731298265,0.6138965793135345
6838,0.18692303705210309,0.6000888622985651
6839,0.18774496413495664,0.5943483227455895
6840,0.19809256068335365,0.589318164357622
6841,0.20392312075714056,0.5880891084328945
6842,0.1922256238537616,0.6026503545979695
6843,0.17806733167464198,0.6083996150573152
6844,0.19061133958034962,0.604266467231214
6845,0.19181172334794674,0.60577714745688
6846,0.19673004731015165,0.5878485358709122
6847,0.18287345457699627,0.6046422759233052
6848,0.18328356058816603,0.6034242754579643
6849,0.19089424556994947,0.598469183317484
6850,0.17931360162224766,0.6014366224937274
6851,0.19999881756207546,0.5860972690637367
6852,0.17753160634236012,0.5980292184281655
6853,0.1840970478458387,0.611851778844089
6854,0.19453152778178956,0.5947321908008225
6855,0.1845660268409923,0.593671972516534
6856,0.1869904716762819,0.5906280739286532
6857,0.17972056011739274,0.6129246381257901
6858,0.18759102434808214,0.604681969400153
6859,0.18558249578289138,0.6006333408635046
6860,0.18071881698001627,0.6080134490940802
6861,0.18181935056831544,0.6055391886640586
6862,0.19448856649303262,0.5949213687389987
6863,0.19810359220994594,0.6069505302519249
6864,0.17704452464916037,0.6097970073326556
6865,0.18271984439733957,0.600907585612278
6866,0.19637085362035575,0.5910958089539133
6867,0.18426589723399428,0.5953517232840697
6868,0.1900280353382603,0.6053568554517594
6869,0.2000997733917831,0.587568649329232
6870,0.19142541855178213,0.5988571504599512
6871,0.19393244920040217,0.6040431852377122
6872,0.19002661717828107,0.592417141056876
6873,0.19484408408419743,0.5961582068799373
6874,0.173769772130414,0.6102829876850037
6875,0.18891434496219897,0.6055433147389777
6876,0.19072078930250788,0.5990197432363686
6877,0.18869966603911045,0.6116711714312307
6878,0.19587784341103442,0.5924831618049828
6879,0.18946841807404774,0.6080170178369824
6880,0.18400850556011067,0.6106148886146986
6881,0.17624132612424212,0.6107118549212167
6882,0.18479745073055354,0.5993327300359219
6883,0.18468028649446766,0.608552541161878
6884,0.18923052310433133,0.603043584634366
6885,0.186567695626727,0.5965616077507818
6886,0.18364011969195393,0.6072345625227957
6887,0.20341700854996858,0.5879690024785941
6888,0.18029104913788468,0.6140159547628004
6889,0.18153775217251783,0.6091420876410322
6890,0.1988574851294957,0.5925150289262924
6891,0.18614511437093728,0.610358213550032
6892,0.19311158253774752,0.5969668926003
6893,0.18336194247244506,0.5961847242855867
6894,0.18977638102845534,0.595444789138282
6895,0.19331101794701475,0.594620382017257
6896,0.18149554084520667,0.611897576613596
6897,0.18764011185623714,0.5956269245606473
6898,0.18923030232919427,0.5990799927006473
6899,0.1958183239035649,0.5895657221681909
6900,0.19990110101014144,0.5920733717027529
6901,0.19551792125379458,0.5945246659821368
6902,0.19362743225408685,0.6076062222944004
6903,0.1968383072718462,0.5962400480068238
6904,0.1865085952193417,0.6010603699685806
6905,0.19664395640171808,0.5907020497749711
6906,0.19791510482985358,0.5946094996122004
6907,0.173092279337801,0.6143000997088879
6908,0.18286336661732436,0.5969906277931706
6909,0.16703391007206486,0.6054510638790109
6910,0.18971896275218245,0.5981716979920767
6911,0.19576218424634456,0.5858340310805266
6912,0.187772301759935,0.604504591048713
6913,0.18402701182096842,0.6001913396924334
6914,0.18973072588444287,0.6026457856560171
6915,0.1951550003154465,0.5939061800073937
6916,0.17648777306339053,0.6031133431806986
6917,0.17720216482314402,0.6066624760554167
6918,0.18953518025457441,0.5994254796024032
6919,0.20068308489865785,0.5974057961195604
6920,0.18420159122979013,0.6010838926063276
6921,0.17361710243120432,0.6103908401262642
6922,0.1885199425345858,0.6048034452721013
6923,0.18935711845437822,0.6077938151350349
6924,0.19842328767079853,0.6022609301223504
6925,0.17234400370838648,0.6110821549532727
6926,0.19297202891010223,0.6033322840249626
6927,0.19606610214810025,0.5917315954032493
6928,0.19339715652574757,0.5942287019552115
6929,0.18530729796758164,0.5988474075302217
6930,0.18550467227817127,0.6017439606697723
6931,0.17353002134225484,0.6113015398921195
6932,0.1884188516390333,0.596838737011701
6933,0.17461336301789573,0.6063359914474444
6934,0.19720075088868275,0.5966838137385991
6935,0.19866912943606438,0.6000920643687266
6936,0.18248928646359558,0.6041021477541733
6937,0.18988640283128425,0.602892722907826
6938,0.1968512558849333,0.5996618379864892
6939,0.17903930533641346,0.6126560414129008
6940,0.1916229353615485,0.5926889700457381
6941,0.18927609603790424,0.6011928260816635
6942,0.18209812983964313,0.6018344482872447
6943,0.203085260735879,0.5915061701899
6944,0.184597033945337,0.6039850797043239
6945,0.18822007104760421,0.5916918314890406
6946,0.199362650624206,0.5935490636914922
6947,0.1860239264012389,0.6039395861642427
6948,0.1835383987325183,0.6050669047330325
6949,0.19215957836970904,0.6053562048250016
6950,0.1835474745671095,0.6091276247580163
6951,0.18444243128326263,0.60672170513216
6952,0.18973219577492925,0.6068645858746398
6953,0.18604261383056142,0.6097243251748925
6954,0.19502275444379102,0.596999037971481
6955,0.18944558837309514,0.6088479543560085
6956,0.1924714971431159,0.6016746209555904
6957,0.17770990232439698,0.6097019598477901
6958,0.18922591079043352,0.6018234518636206
6959,0.18789649222071791,0.6057633085970082
6960,0.20033037132162898,0.5923877667925382
6961,0.18917292382218684,0.587902639276316
6962,0.17252450527362195,0.6109735530200072
6963,0.18714566932867596,0.6060242237227282
6964,0.1898089805302669,0.6134071911350827
6965,0.18615735286000532,0.6042075777485005
6966,0.17754107281059087,0.6044110659416494
6967,0.17006923714023092,0.6186463293341176
6968,0.19573547611114483,0.5936115849494009
6969,0.18007231707348068,0.6077995669626692
6970,0.19356605576931615,0.6004784301115245
6971,0.20180143500382924,0.5780119317978473
6972,0.1924498439470017,0.6027191178382542
6973,0.1921203235356134,0.602918489528493
6974,0.18805095214858353,0.6016870732920548
6975,0.1966162403200741,0.595008611657425
6976,0.18505006393932638,0.6050989330380889
6977,0.1841030714313646,0.604837824657839
6978,0.20049105577599313,0.5872023366966015
6979,0.19966034352451198,0.5920824697469274
6980,0.18850778182506767,0.5987005907901048
6981,0.19531860488320302,0.5927960917211568
6982,0.18960954718669176,0.6107354400982702
6983,0.19162094318353567,0.6017314627682958
6984,0.1942963912944301,0.6022491824038471
6985,0.17918430509860866,0.6034213427899782
6986,0.18381501610504053,0.6093038075106275
6987,0.1867098744385719,0.6043188380806834
6988,0.1893234316350106,0.6013820935745532
6989,0.17501083791614847,0.6178509853801103
6990,0.19194823215229329,0.5993676193371209
6991,0.1839110468270307,0.6075078712972735
6992,0.18845582169493472,0.6023420855741228
6993,0.19471677338263088,0.6070927750237366
6994,0.18438022406391644,0.6021406568643977
6995,0.20318590450237284,0.5977551226205712
6996,0.17485980010751156,0.6096950794209128
6997,0.19264017929639535,0.6014649951491117
6998,0.20004484437699227,0.5926961042385234
6999,0.18414212799494725,0.6198342651995676
7000,0.18416667094054015,0.6008144281772753
7001,0.18825405436061823,0.6010413186387404
7002,0.1796054932893157,0.6191704648065487
7003,0.19358054475863867,0.5905216261189552
7004,0.1781428966569088,0.6095217250939575
7005,0.19141674702208203,0.5958782577295021
7006,0.18672341749474475,0.5994642781887497
7007,0.19270278252441114,0.6013229011640135
7008,0.1906478141688401,0.6007035314138194
7009,0.17785522065141868,0.6134603654082126
7010,0.181955001086354,0.6099385987786773
7011,0.1857506434084023,0.5995637622651369
7012,0.18382102138119466,0.6079800231502147
7013,0.18009413844384606,0.6083854193183906
7014,0.18783314672866883,0.6023407430662575
7015,0.1999763665251387,0.5839953076598483
7016,0.18526117150701235,0.6015783564405003
7017,0.19019627362661054,0.6022291195033185
7018,0.19691031073491239,0.6013233007271676
7019,0.17645033643884406,0.6113087141090162
7020,0.19223907202799945,0.5892714920569442
7021,0.18341814151399013,0.6051868796912251
7022,0.18938457564848865,0.5972403727875332
7023,0.1833805306153535,0.6116591156286872
7024,0.19078619187897305,0.5959444757726502
7025,0.1851365397163769,0.6041673153992873
7026,0.1774549008458264,0.6113859227081554
7027,0.18989356484763495,0.603250422462409
7028,0.1881228417389948,0.5972756336726558
7029,0.19643509975765772,0.5951965038697883
7030,0.1866614291016559,0.6122191751181049
7031,0.19412732124968335,0.6020245567349984
7032,0.18505157527910898,0.6013613691556736
7033,0.165200810054455,0.6186934552646893
7034,0.17908694086397442,0.618405988811703
7035,0.1947485466784486,0.5925263945450291
7036,0.18725511627496816,0.6075717331234247
7037,0.18086112319880115,0.6110528281305587
7038,0.18421483122143129,0.599852804478304
7039,0.18817870099361952,0.6097839726632827
7040,0.18972199589713734,0.5990309308675973
7041,0.18400402466898624,0.617051535315544
7042,0.1830740720778281,0.605784951543145
7043,0.19444199848177846,0.5969907166826125
7044,0.1800990893914181,0.5980136309819666
7045,0.19326913757868486,0.5998365048809781
7046,0.18690868479096565,0.6017131289205361
7047,0.18829294706113817,0.6072667279060254
7048,0.1822351164603075,0.6044121908401863
7049,0.1918999908725893,0.6047084187019792
7050,0.18890523579465984,0.5938895053516622
7051,0.18545566908718933,0.6064908529501405
7052,0.18151713311147064,0.6068222671978204
7053,0.19234482910714634,0.6010402081506352
7054,0.1840747625973493,0.6042283164000607
7055,0.18643139426092561,0.6061366218120645
7056,0.18136837408212056,0.614927251347774
7057,0.1835471689594668,0.6006748512421356
7058,0.18286954842705133,0.6084487847311921
7059,0.18785085721033162,0.5997388403031839
7060,0.18976655065529693,0.5993283617375216
7061,0.18804777791300165,0.5986936958186452
7062,0.20712655173482553,0.5933048846373322
7063,0.17917886447831555,0.6111951840985289
7064,0.1750244197416618,0.6094801488159565
7065,0.19114305336779708,0.5966665785079509
7066,0.18970298775493974,0.6125113445460532
7067,0.1792720976215377,0.6020047495603702
7068,0.1758858030354686,0.6149381793808402
7069,0.20301648312553383,0.5842061080451256
7070,0.17620853705911538,0.6119855390886372
7071,0.18885498275517265,0.6033756539587862
7072,0.17734859270121528,0.6075460047750959
7073,0.18449953841328445,0.6021161286059271
7074,0.19241834067052146,0.5915675921344002
7075,0.18562700561052073,0.6010430291462533
7076,0.17867096793329612,0.6070959155280832
7077,0.1895472222955454,0.5982918133885351
7078,0.18430218642584476,0.6075019068685581
7079,0.19098454430306397,0.6004768456545325
7080,0.19607047314094875,0.5964299749957016
7081,0.18523496149690455,0.5968355300808507
7082,0.19544507929016558,0.5941589528096185
7083,0.19339878503734706,0.6056292988821917
7084,0.18766145312256136,0.6077747713403051
7085,0.18636313584524394,0.6039526816022726
7086,0.1884060998699693,0.6100855776798181
7087,0.17918728965551026,0.6041111654473001
7088,0.18368604979389816,0.6064464393701656
7089,0.1954180460406342,0.6026957341988052
7090,0.18836827512036144,0.597850841193086
7091,0.1785333051709139,0.6090995071300592
7092,0.1954765873521711,0.5981705019776737
7093,0.18713575637895574,0.6034823885957088
7094,0.16820990740800237,0.6168805265560955
7095,0.18959394642437252,0.5922022689990804
7096,0.17934179372114764,0.6016914676108798
7097,0.17891955566964454,0.6108713255542655
7098,0.19309055980656664,0.5887136592081588
7099,0.1803954085584114,0.5977719898479827
7100,0.19661555234756234,0.6029427778785809
7101,0.18527131704485314,0.6046145698329464
7102,0.18454508936511416,0.5996784432366772
7103,0.19318641037805057,0.6101601665501193
7104,0.17758529755955216,0.6056112933922762
7105,0.19117145986795506,0.5938340581808855
7106,0.1838248852899964,0.6052049789937579
7107,0.18737501201456516,0.6017343875981308
7108,0.185373135548663,0.6032341151596617
7109,0.18251584588263825,0.6166609084337962
7110,0.19072486009368855,0.600710494654545
7111,0.1962868318173382,0.6009901135020101
7112,0.18868495194034998,0.6076763414091728
7113,0.17891568864978208,0.6089662350349156
7114,0.18231514751967334,0.6020011299093758
7115,0.1942132927112894,0.5924488787817681
7116,0.19061976303514697,0.5955494862083125
7117,0.18196694635469388,0.5984647049786737
7118,0.18602516528742916,0.5980115140704687
7119,0.1957036005297781,0.5947086934759026
7120,0.1900954816682664,0.6007149506989317
7121,0.20147448376290777,0.5838073523471207
7122,0.19343006302101218,0.5989143083871771
7123,0.19983909313954043,0.5944630006916573
7124,0.18774072693357555,0.5952802921350463
7125,0.2021793183646761,0.5868574487684165
7126,0.19827310642857757,0.5903678872619996
7127,0.18508184903663957,0.6084413963811156
7128,0.18996884963681396,0.6061495379118058
7129,0.17789148811040734,0.605422880846265
7130,0.1871991891681982,0.6082575849671481
7131,0.18994469649708548,0.6126727421686409
7132,0.18917134768048122,0.6026227555830044
7133,0.1784816212249456,0.6038585992845023
7134,0.19712144860161657,0.5983893407936465
7135,0.18852014552460278,0.6118211729416815
7136,0.19262939122183603,0.5995063369586218
7137,0.19486513446743373,0.5980396170328023
7138,0.17941272952543597,0.6039340523900806
7139,0.19081819852995985,0.595227838375703
7140,0.19101181148680232,0.5998224103284906
7141,0.1891338295035029,0.5997780188375875
7142,0.18108233141326538,0.5989547175146144
7143,0.18897212598983848,0.6072009085279938
7144,0.1922034476194175,0.5997816514489693
7145,0.2037022819904342,0.5960698812386538
7146,0.18952887558438825,0.5934859795142308
7147,0.18197544787982475,0.6010810984170902
7148,0.18176346162698503,0.6182685135395084
7149,0.17692597134167895,0.6080190462785586
7150,0.17540239527817092,0.612362104098573
7151,0.1769624328851282,0.6073843809648313
7152,0.19868537650587723,0.5960704373372679
7153,0.1846251749750711,0.5964727375867759
7154,0.20153078449006318,0.5917629884817646
7155,0.17043542289845437,0.6185248696896863
7156,0.17977885222715545,0.6118854275755597
7157,0.1865961552842837,0.6108760532923448
7158,0.1911669580166063,0.6056785104998338
7159,0.17034290721908232,0.6150980780199906
7160,0.18762184175658678,0.6129825869425645
7161,0.18014741138204604,0.6127601340640321
7162,0.19419616270631415,0.610416208641064
7163,0.1822316218733138,0.6038687886784363
7164,0.1840883737736731,0.6108403525132365
7165,0.19098136868387872,0.5966125516522485
7166,0.17264619439412274,0.6090448713641612
7167,0.18814627081138666,0.5937079606714962
7168,0.19284151561654958,0.5921436109743242
7169,0.18511412364424587,0.6107319273220676
7170,0.1833538380406771,0.5948124963242413
7171,0.18890684035778238,0.605923706187041
7172,0.1803579554559308,0.6020654729100198
7173,0.17388110489577793,0.6134746494524405
7174,0.18674672844044637,0.6083743456557453
7175,0.18827380869746005,0.6069661708348018
7176,0.18823569419468422,0.6067016959233572
7177,0.18784294808445118,0.6013556892502824
7178,0.1901034481244304,0.5960243255498039
7179,0.18745394031617865,0.6043698490343002
7180,0.18359619818682504,0.6078546658426908
7181,0.19321780060847868,0.5989982324974535
7182,0.1901405961234421,0.6006942536909256
7183,0.18552345972110174,0.598640807045902
7184,0.18836714061109058,0.6066604476291676
7185,0.1827362956387501,0.6025629639497517
7186,0.186270153982978,0.5946045690308586
7187,0.1932210466640782,0.5946898867821544
7188,0.1891993455899891,0.6000470818240037
7189,0.19740328638625937,0.5902373683122937
7190,0.1837749372072149,0.6127470252056741
7191,0.1856940377777446,0.6099533597829171
7192,0.20074573657962852,0.5874013605068374
7193,0.18671947257964153,0.6005263438289279
7194,0.18661297047561795,0.6018321963302985
7195,0.2000659180699345,0.5932465918410669
7196,0.1858435246394058,0.602104774047634
7197,0.18508114329456543,0.6042203241716008
7198,0.19130227383372944,0.5956671768067654
7199,0.19439594185038317,0.5924160043922729
7200,0.18886087134722895,0.5983310213392437
7201,0.18704395588768002,0.6139596225618226
7202,0.189983777947901,0.5968921234386695
7203,0.18407757486565252,0.6085580827484051
7204,0.17986578099378134,0.6049609920639093
7205,0.19179550308667875,0.5955547450602267
7206,0.18029902385479918,0.6049107883440555
7207,0.18742407186118615,0.5931977973933105
7208,0.18383929552023853,0.5996202332035525
7209,0.18833297596393042,0.5989846585026777
7210,0.18467293076556998,0.6001062957490874
7211,0.19487064856851952,0.5923239763993556
7212,0.18847768437838344,0.5995908537410399
7213,0.19074831774103318,0.5970890754195487
7214,0.18005557671896844,0.6199799486712823
7215,0.19454083194290211,0.5962162778674704
7216,0.19623958449119605,0.6052161349979015
7217,0.18271255680113913,0.6038457733617035
7218,0.1907039418485143,0.6031071350230949
7219,0.1858046174594462,0.6022716206028494
7220,0.1981092186937718,0.5958066132339532
7221,0.19757952185736458,0.5899878470041022
7222,0.1842823300556469,0.6071567786051444
7223,0.17951845411656153,0.6060657863512502
7224,0.19059928342091084,0.5931897390030897
7225,0.1714852694507559,0.6134100942757348
7226,0.18966255963935988,0.5957080649993786
7227,0.19586481895609026,0.5917852521228105
7228,0.18505194559326543,0.6014269077305363
7229,0.18466572770390924,0.605170121504386
7230,0.18626701226368422,0.6040436094251255
7231,0.18969482990753908,0.6021976491102715
7232,0.18729129843649867,0.6032592615080219
7233,0.1793026803827015,0.5984480204793826
7234,0.18414200637115782,0.5990068053288874
7235,0.18337986142336235,0.6151328704964485
7236,0.1934708156766329,0.5895428542413113
7237,0.18824823430661367,0.5942314361951407
7238,0.19587130430154046,0.593759863906324
7239,0.1903236074913888,0.598178993076775
7240,0.18385245107536682,0.6038657089437607
7241,0.18724536176450232,0.6060261407661542
7242,0.1877476815726252,0.59655596167299
7243,0.18264085828266127,0.6119664644234604
7244,0.18448010973861903,0.6106519829174618
7245,0.1688017759737924,0.6177093154507128
7246,0.17711305833267127,0.6277213701636
7247,0.18325305235536102,0.5989766437583899
7248,0.17947577592486855,0.6081333344296258
7249,0.1913546025873546,0.6103964647417621
7250,0.18807010135694535,0.6030184236093793
7251,0.1840968847380549,0.6031387404131627
7252,0.18677745512689295,0.6107262347353457
7253,0.19198354393080105,0.6022055979275205
7254,0.17785113358432933,0.6148353136609244
7255,0.19093044006866536,0.6060242526883488
7256,0.1877044622691482,0.60766343469156
7257,0.18852860640313737,0.6024131706149318
7258,0.1895433464218444,0.6001456615484859
7259,0.18327295742876742,0.6136519195848336
7260,0.18490660919400995,0.5992644478857455
7261,0.18637117579932902,0.6113957351300523
7262,0.18570842929259082,0.5966678938137396
7263,0.18714490037622908,0.604799838454267
7264,0.18921238583264613,0.600224557063273
7265,0.17368151866487622,0.6153526674529894
7266,0.18731481471465838,0.6017602939492936
7267,0.18265481523891333,0.599479866018912
7268,0.18818861257112993,0.6141611924727144
7269,0.19744609408091537,0.5878247320939188
7270,0.18868087134271114,0.6010244988764353
7271,0.1910050667273116,0.5943142908343824
7272,0.18998926011187375,0.5969645143743908
7273,0.18436621436332015,0.6106159185282778
7274,0.18165160578620013,0.6073139538719629
7275,0.1977690621207631,0.5945623676524552
7276,0.19221566672867618,0.5995124545612536
7277,0.18666273317393658,0.5997382233223957
7278,0.19690465573111168,0.5933853993956142
7279,0.1866433820637495,0.5981660583818131
7280,0.17776259091070604,0.6054819809640598
7281,0.1758763456862842,0.6138724962395091
7282,0.18316327625027465,0.6087795944773717
7283,0.18597270503176394,0.6027654226566571
7284,0.16530941363640955,0.61948030043077
7285,0.18737692981643334,0.6091737932342514
7286,0.18798335130366997,0.605498945871482
7287,0.18748427250080957,0.5999804427646991
7288,0.19714953439221017,0.5988179005441984
7289,0.1855517005341652,0.5979037070979124
7290,0.17466839970033188,0.6115974464942102
7291,0.2029897198193735,0.5924447168261285
7292,0.17948076112888264,0.6010020953485172
7293,0.196767615882929,0.5864757320312192
7294,0.18742118904142757,0.6100468722765519
7295,0.1881076975740398,0.6065347099427426
7296,0.1832175401957524,0.610084171810192
7297,0.1746525860194656,0.6070716307964698
7298,0.1905137483767786,0.5910727729820291
7299,0.20574141082281971,0.5867773056144862
7300,0.17833827782236158,0.6067418029899928
7301,0.1930735734695512,0.5974868728316264
7302,0.18292967545181887,0.6146984467881463
7303,0.19102119107795756,0.5937143001981217
7304,0.19949479229848457,0.6059385507672056
7305,0.1991664096068688,0.5827260330383126
7306,0.18589827879494453,0.608850958237624
7307,0.1939319875751078,0.5980757517275718
7308,0.19568794919309024,0.5989132232106387
7309,0.18322826877183349,0.6008856736514459
7310,0.19567588308212833,0.6010347413408357
7311,0.1895906351085933,0.5978311955760166
7312,0.19518642533440417,0.6022744678975666
7313,0.19105347019417668,0.5939468404083597
7314,0.18539389075603502,0.6107594040407642
7315,0.1799418572302874,0.6108172559879502
7316,0.18685768457193738,0.6042349158454958
7317,0.19026421771990584,0.6062576159381446
7318,0.18283465841400057,0.6058076743530414
7319,0.20010543641456702,0.5926868294458811
7320,0.18944025162552924,0.5954308988132551
7321,0.17694471921520968,0.6107405569534744
7322,0.17630501656999878,0.6114625510346652
7323,0.18524878924311847,0.6021360297468199
7324,0.18400823001801772,0.6156881262548712
7325,0.17366063078589172,0.623299555388793
7326,0.1820230337572761,0.6049110960873133
7327,0.1772179203872258,0.6074476534965944
7328,0.1836518976976133,0.5936754607482235
7329,0.1955434569725108,0.5992741236847287
7330,0.18586126110860463,0.6008490344738446
7331,0.19659049569877918,0.6004467189601851
7332,0.1856676779594696,0.5983351129142452
7333,0.18913577489241878,0.5966869224656454
7334,0.18555214802115777,0.5990394976075494
7335,0.18888814676152027,0.5967881447323176
7336,0.17924028493529695,0.6130187725472717
7337,0.20472217713131816,0.5980645962530601
7338,0.18528589414887114,0.5990375399725338
7339,0.18423192954833473,0.6100128232866062
7340,0.1764884146312188,0.6088775989503001
7341,0.19022539345823317,0.6004509563077117
7342,0.18072468724693844,0.6004578363376486
7343,0.1824259880460427,0.6117475588177596
7344,0.18550960183756177,0.6107828247205659
7345,0.18465001912926596,0.6018543151829231
7346,0.1899509760979604,0.6078764021165499
7347,0.1901920463268658,0.5993589597417815
7348,0.17871377702793606,0.6138896007993536
7349,0.1824634608117654,0.6100896955379164
7350,0.1900915280374889,0.595527787023014
7351,0.17816365319407557,0.6014528519746303
7352,0.1920000831987059,0.6043105019202945
7353,0.18957625755132992,0.6040211809210105
7354,0.1937544871521811,0.5985301894070014
7355,0.19405546179719693,0.6050570936655384
7356,0.18924741408098936,0.5959800835584419
7357,0.17901208176525446,0.6108402553715603
7358,0.20144193063094976,0.6021398046135082
7359,0.18332676704838646,0.6135990976509061
7360,0.1954082575779238,0.5970861100150253
7361,0.1858199293669197,0.6062370094958343
7362,0.1830572950038221,0.6075166440448642
7363,0.18904522496876824,0.5941200378073389
7364,0.19781883788559776,0.5953700811700501
7365,0.1889876005137288,0.5952719438979306
7366,0.1785446566481332,0.608225695055546
7367,0.18196724001953496,0.6044103339698705
7368,0.19025730193029966,0.6038680093287533
7369,0.18786330289940487,0.6104840834520823
7370,0.17753517547631198,0.5988478389697304
7371,0.19277992402313726,0.6066831906329617
7372,0.1823881221612739,0.6093138071063007
7373,0.18511364942301514,0.6001473969234924
7374,0.17400056777879563,0.6116147183013343
7375,0.17437976279738063,0.6196889644212883
7376,0.20054705510343987,0.5938500393798823
7377,0.19015951491939692,0.5981140260412029
7378,0.19786149578695206,0.5980649486748477
7379,0.18461874466717662,0.601083924060389
7380,0.18869931125765851,0.6032499102348079
7381,0.18728512178485338,0.6056648032540336
7382,0.18234677538527905,0.6097383196112093
7383,0.19376994358125885,0.5981166304351792
7384,0.1933278749011707,0.5963868245983854
7385,0.18862846112427206,0.5942518507213572
7386,0.1881497157600547,0.5988787556801369
7387,0.18146517968795284,0.6080225945036246
7388,0.1749458866275165,0.5936216692701045
7389,0.1956442825343929,0.5938615181376838
7390,0.18831569950234386,0.597190581693435
7391,0.1744395663640744,0.6138829180388532
7392,0.19230101344634723,0.5933846312285591
7393,0.1828972379370458,0.6021625799129504
7394,0.1762383144425386,0.6063105219808277
7395,0.18383072271078058,0.61189434203893
7396,0.1827506986368349,0.6071300228786043
7397,0.18427711602001648,0.6019125425417268
7398,0.19752124390523634,0.5987166794835634
7399,0.18809794711611524,0.6004520295984945
7400,0.1943813010567963,0.600767110365934
7401,0.1805363059523283,0.6012966970095257
7402,0.1985548409962579,0.5903982165242899
7403,0.18647414845526603,0.6071609668629424
7404,0.18210953412105263,0.6053297017881154
7405,0.1847698265974338,0.6029559745146325
7406,0.1991502929817478,0.6046644288156586
7407,0.1861190871845267,0.6021505448078127
7408,0.1800437825384429,0.6006413774777788
7409,0.17833375978637825,0.5980834607239491
7410,0.1804688295211308,0.6070107729492906
7411,0.18691737420054508,0.5966669810883528
7412,0.18617009839394152,0.6008266119595752
7413,0.1829027406116809,0.6069491709541859
7414,0.19380194426907038,0.5984588375514354
7415,0.18238567390145513,0.6160977142119208
7416,0.18370621498832984,0.6046565214703497
7417,0.1902726870271862,0.6029339263774965
7418,0.1918561135956953,0.5920420845759921
7419,0.20005561500806077,0.5976831542039569
7420,0.18070022853963405,0.608715439278804
7421,0.17497134056869457,0.6072644167656025
7422,0.18514422217971988,0.6058262677469912
7423,0.17639003267669395,0.6028419401128551
7424,0.1755737609963776,0.6056602551767463
7425,0.17453110942013245,0.6050184478401691
7426,0.17606112699756518,0.6162558494505448
7427,0.18859492953309187,0.6034834367089812
7428,0.1745831964902303,0.6172188843355421
7429,0.1868180653275188,0.6015282081965427
7430,0.19297759807170775,0.5961777129589108
7431,0.17892046401866635,0.603040678689559
7432,0.18774823210998365,0.5921617369493631
7433,0.17702074248965785,0.6071239291179006
7434,0.18735514102941078,0.5970552469843805
7435,0.1910714390923613,0.6069252740480314
7436,0.1843288042411804,0.6051271320010304
7437,0.19165427545246722,0.607044196472752
7438,0.17864205375533557,0.6097372505816362
7439,0.189729109510412,0.593218912558651
7440,0.18043477572166564,0.6100959927652836
7441,0.18524870659578727,0.6077532779593577
7442,0.18375357891109967,0.6081938551090685
7443,0.17481589655475116,0.6164688796961896
7444,0.17895366695703693,0.604995239447906
7445,0.18818317414230518,0.6005676385098572
7446,0.19107537574384942,0.6031162854606024
7447,0.19128706965531772,0.602406268703996
7448,0.19127758466668052,0.599340143688255
7449,0.19003166610119615,0.599321830450945
7450,0.19529035347132429,0.5967682333088643
7451,0.18794572966837536,0.6022404322802473
7452,0.19662200434934088,0.5954949320848784
7453,0.18714797542198933,0.604441147067765
7454,0.18748788718633425,0.5966796649828269
7455,0.18366997773926028,0.6060066084990181
7456,0.19095979793531326,0.586344958906135
7457,0.17865888849993425,0.6137391832791892
7458,0.18622662175600255,0.6071377630367338
7459,0.17904991643966622,0.6072650381027921
7460,0.18312825057962012,0.6054516869005039
7461,0.18407279468690085,0.6023606174449102
7462,0.18192954405840553,0.6007713675450564
7463,0.18483956877742239,0.6093279233077347
7464,0.16999509212792402,0.6206607011792405
7465,0.17384094799299388,0.6158908635805697
7466,0.18532607692426936,0.6055500763072889
7467,0.18977584272922132,0.6007700239282024
7468,0.19515069099277482,0.5963667191163678
7469,0.18653064236007524,0.6038533331457259
7470,0.193206030581797,0.6065931634402955
7471,0.1869394981893923,0.6064783882863937
7472,0.18974951059735082,0.6119920027430025
7473,0.1741689606456177,0.6226127156486071
7474,0.17935732163381765,0.60328380261393
7475,0.19188910202117676,0.6018395782651468
7476,0.1835809257365765,0.6052800904276532
7477,0.19427453123978183,0.5935369396010806
7478,0.17827885947054556,0.6103876444963678
7479,0.1839140708402375,0.6008829545620286
7480,0.1876553014469413,0.6089773299580771
7481,0.17774016316481087,0.6110952074220858
7482,0.1863000680604172,0.6084189853877363
7483,0.19199965413006162,0.5977967187875644
7484,0.17613774715083416,0.6126971184269164
7485,0.18923757151950846,0.6080173493275379
7486,0.17843488189786555,0.6037990624480876
7487,0.18659738579565038,0.6034431802843866
7488,0.19706687891873387,0.5974470066206119
7489,0.19287032262732823,0.6006475737115738
7490,0.18584236065864798,0.5990878471274346
7491,0.18760193744668585,0.6028023753124312
7492,0.20503613893414746,0.5948891708417245
7493,0.19556940419265242,0.596338589633366
7494,0.18061802426765486,0.6040025211465715
7495,0.18529181412956688,0.6051177848649599
7496,0.18605384195669014,0.6026210922383671
7497,0.19420982339219212,0.5979496083030044
7498,0.19590180039353694,0.5998130157676604
7499,0.18453594209724947,0.6036205661754966
7500,0.18401672147385026,0.6021660250548426
7501,0.1738237590514958,0.6080008583179208
7502,0.17945247320839078,0.6105562460441807
7503,0.18428226901569536,0.6081209729441497
7504,0.19041709585624358,0.5955561345652767
7505,0.18304819803225827,0.6056067344320989
7506,0.1854491767777363,0.6045496360330425
7507,0.1825916769269975,0.5987690503737159
7508,0.1866348590272281,0.6081970093722577
7509,0.19918210919757734,0.5973490765326158
7510,0.19025546534225024,0.5958662544046287
7511,0.186139529498503,0.604144791494751
7512,0.19566174289316277,0.5960296278084909
7513,0.1935778915207251,0.5988901014115003
7514,0.1946356920797651,0.5983273474320799
7515,0.1782981049241288,0.6082174452746101
7516,0.1943624679277898,0.5980636044428977
7517,0.1978873921142496,0.5968979914839828
7518,0.19315715309923936,0.6002138676925289
7519,0.1842324898183168,0.601823164957551
7520,0.17824039347442588,0.6154632601555403
7521,0.190614498788692,0.6053411732545654
7522,0.18876463501198934,0.5972512383368792
7523,0.18725435518232103,0.6036360700613482
7524,0.18523661162042554,0.6070532275335847
7525,0.18389202735869464,0.6020650711886703
7526,0.18854545870182146,0.6069938890011071
7527,0.19134793829026045,0.6003381833346915
7528,0.17493864364898767,0.6149986699741087
7529,0.1806673875333102,0.6117378605665448
7530,0.1925620368771283,0.5910209060785809
7531,0.1777447611478427,0.610679242084432
7532,0.17093571030660795,0.6112978742329395
7533,0.18539281529347068,0.6033628538550068
7534,0.18595455661765506,0.6058327902247985
7535,0.18291650059835335,0.6048270542064798
7536,0.19342765402279974,0.60227152892316
7537,0.19068665676790283,0.5974646538610585
7538,0.17746317140259962,0.6061843928711843
7539,0.18768905383906212,0.6076984898990684
7540,0.18852029722382155,0.5962780350862869
7541,0.1933240991202062,0.6006405125014446
7542,0.19279513950267926,0.5980290961271391
7543,0.19165958379196402,0.5946830926828008
7544,0.1967375711805891,0.5966632109067136
7545,0.19274751726241546,0.6043162120856151
7546,0.18710837021078255,0.5960826446903249
7547,0.19276835753164165,0.6043103430459614
7548,0.19007361711463827,0.6021513127915339
7549,0.1810043412524447,0.6026452916401489
7550,0.18371035583011294,0.6025791674603761
7551,0.18811636894347594,0.6058983110714147
7552,0.18364311406352238,0.6037430307824792
7553,0.1872075980034595,0.6061228253451536
7554,0.178779264458819,0.6089196079857024
7555,0.18182940533619787,0.5982745667345847
7556,0.1782182584637796,0.6156488704834313
7557,0.19008561082261452,0.5930286872412591
7558,0.18435330320074142,0.5994633741288563
7559,0.17956788348757183,0.605772560487216
7560,0.19966591439264364,0.5909705876030305
7561,0.19431632609449218,0.6017529852104598
7562,0.1923784428336369,0.5973184413082453
7563,0.18771837996797988,0.600865046813022
7564,0.1809262544697518,0.6078861911659756
7565,0.18073648133544293,0.5999983416712429
7566,0.19395317860926067,0.5998935785594857
7567,0.19265889553989887,0.5997222450117665
7568,0.18906952286351653,0.5902919205501765
7569,0.17464783258530778,0.6116041960639549
7570,0.18494941452013727,0.6031215828555964
7571,0.19301168831484458,0.602074683632754
7572,0.18877604247050186,0.5939307573143454
7573,0.1868816076616529,0.5950569053674081
7574,0.1886258197543439,0.6035355998898314
7575,0.18726017541147877,0.5988702082266847
7576,0.18737054278297938,0.6041920338672047
7577,0.1886375439670226,0.5868385426260561
7578,0.18377601828164208,0.5989618832675662
7579,0.19493612725423418,0.5921614724998169
7580,0.19843761774777183,0.5908168549920784
7581,0.18199999350719465,0.6060637812731126
7582,0.1898134899030823,0.6081707518573335
7583,0.18697817852670445,0.6071726802686565
7584,0.18600051547855706,0.6113011527112646
7585,0.19366572699053441,0.6022627966187576
7586,0.18528642387541186,0.5990085184934524
7587,0.18999098676746795,0.6006263766381672
7588,0.18319587457154302,0.6002848180373896
7589,0.18745545998655133,0.6102938175882722
7590,0.1842777884944057,0.5959676605800348
7591,0.18685345859063549,0.6023381214402929
7592,0.18253950414512748,0.6054979903113649
7593,0.18796406243782454,0.6090714173106331
7594,0.1852859871254694,0.6111102596754827
7595,0.1929877235037832,0.6000106776168428
7596,0.18112003265263082,0.6121849745091374
7597,0.20649503598857474,0.5830298119729179
7598,0.1966028766445644,0.5893368037064763
7599,0.18060480489169747,0.6135497072800025
7600,0.18476269683853688,0.6074967323702744
7601,0.18212056524297468,0.609367963029709
7602,0.18133981871788857,0.595179127879361
7603,0.17981443022738167,0.6103889722672964
7604,0.19800128978979453,0.595957955253776
7605,0.19053514504173372,0.6078099110442998
7606,0.18412656383831058,0.6117347733016175
7607,0.18677918965340387,0.6059499171705314
7608,0.19010850345421962,0.6027766002746547
7609,0.1837121888134435,0.6061521513745549
7610,0.17815643738593168,0.6130446883565248
7611,0.18993780735218668,0.6081283770243772
7612,0.1988305475489838,0.6017800364211177
7613,0.18844085475359335,0.5984644374976329
7614,0.1860134845955848,0.6010349722347142
7615,0.19121718027133883,0.6011960973965983
7616,0.1911947227224703,0.6014013337240416
7617,0.1815561332030416,0.6131528974797136
7618,0.1974386037617948,0.5971990053115251
7619,0.19035860017168352,0.5911781017002261
7620,0.1973181251810714,0.5988800556547638
7621,0.183182903556197,0.6040697206635378
7622,0.19020789220896667,0.6007498599669243
7623,0.19389776815243404,0.5903140140264954
7624,0.18468680061692813,0.5965892954246791
7625,0.1848323476729217,0.606246234899333
7626,0.19125010744323348,0.6041169481874904
7627,0.19417633639805779,0.6015077245226242
7628,0.18894649603228322,0.5995157487755814
7629,0.1912017459959449,0.5945956764746623
7630,0.18665323701041686,0.5962731664621805
7631,0.181795052295035,0.6111146552619258
7632,0.17548851609133223,0.6075731767941099
7633,0.1920095673772995,0.5942467255396001
7634,0.17554666058993001,0.6134514475010959
7635,0.18820828976966594,0.5971626295530426
7636,0.18469215750839715,0.6042472711051157
7637,0.18097604270824322,0.6077287316773041
7638,0.2008001767575534,0.5936998801801443
7639,0.1919820104129734,0.602326481280041
7640,0.1794978341367942,0.6027336101055454
7641,0.18852823136727745,0.6029553976854253
7642,0.18706475324631383,0.5985155324009882
7643,0.18002231259255902,0.6086582294632463
7644,0.1861668795780358,0.606210021518843
7645,0.18146292990012544,0.6059066122342753
7646,0.19173979828878998,0.6037523771657779
7647,0.17667929932426832,0.6100981252060641
7648,0.1816764695266214,0.606618534249125
7649,0.17984778535276524,0.6089201148209568
7650,0.20072520104950442,0.5989019973597403
7651,0.18100641943197238,0.6079023208792381
7652,0.18153112760296508,0.6100210333717838
7653,0.1876104748625918,0.598071995367524
7654,0.18494457592262414,0.6043281269929145
7655,0.19109592673330697,0.5910659255057236
7656,0.18855773216337454,0.6016457236768041
7657,0.19431908130671452,0.6041891275022888
7658,0.1804463812805447,0.6155339180799935
7659,0.17283699414655065,0.6208850351645938
7660,0.19440763886396772,0.591622929860904
7661,0.18757403056485206,0.6030235861483401
7662,0.18802581049034062,0.6023807270056664
7663,0.18296346757811172,0.6130439652118983
7664,0.16944279267535123,0.606301758249599
7665,0.19391332069470096,0.6020217424472142
7666,0.19108831842214136,0.6007170747766013
7667,0.18607810689786625,0.6047518930830104
7668,0.1791995396605744,0.6072768692149481
7669,0.18775668509823054,0.599301947482484
7670,0.18556700439958465,0.6059339573189491
7671,0.19436034155964302,0.5977287061721653
7672,0.18659183227300882,0.5993247139278688
7673,0.1889523204058968,0.6035002930398427
7674,0.17804026224568476,0.6015164283813463
7675,0.20001604421018684,0.5980975598036005
7676,0.1847018625837856,0.6055114316567167
7677,0.19571024814278934,0.589957758750335
7678,0.18261794374488471,0.6082698101059612
7679,0.18857041763017285,0.6055681771610955
7680,0.17814854143183584,0.6076467130198993
7681,0.18840166998635224,0.6041745841450421
7682,0.18265431467805537,0.6042114418991537
7683,0.19310287543770008,0.5995029007866454
7684,0.19047871104016026,0.6022636091008686
7685,0.19297783268883514,0.5974639332644444
7686,0.18910794359809943,0.5982856308220738
7687,0.1971361026382201,0.6045299860964
7688,0.17624960900581205,0.6176016800017821
7689,0.18983977470882826,0.5977050091049835
7690,0.18121833472257803,0.6088889571440969
7691,0.18476679074649452,0.6022223875717412
7692,0.18594486542689928,0.6032755072362636
7693,0.19057878210117266,0.5985027917845868
7694,0.1910235078971149,0.6092289660474005
7695,0.178029864531401,0.6083300353214723
7696,0.18556996000301304,0.604131455812098
7697,0.19982674954007748,0.5941765400079837
7698,0.18485697857145944,0.616152218244242
7699,0.1886763849511384,0.5933357839417324
7700,0.19237699521149315,0.5984161961801726
7701,0.1863695488317526,0.614077977863648
7702,0.19510031978204026,0.5902232986906024
7703,0.19033650200613036,0.6026842516369455
7704,0.17467486878661723,0.6031516556257176
7705,0.19372978318988238,0.5932109054749405
7706,0.18912284592892728,0.6066864075554379
7707,0.19858029556421863,0.592500975561928
7708,0.17929902538072368,0.6137831615560103
7709,0.19038383693803326,0.605099405995544
7710,0.1874785761504146,0.6055616552697092
7711,0.1687996147810266,0.6142896267080107
7712,0.1941130615716052,0.5981406547463924
7713,0.18689966456467053,0.5997344700415691
7714,0.20084890206821954,0.5917988220601428
7715,0.1929278349319301,0.6032953664978694
7716,0.18487230477902838,0.5980802236932207
7717,0.1781058342869279,0.6043694442023624
7718,0.1851186488619055,0.6116270375625086
7719,0.1762919454581367,0.5976337678945306
7720,0.18894285456507606,0.5990752674270274
7721,0.18726435295692484,0.604013242971226
7722,0.18557254177869775,0.6104691389631061
7723,0.18854184628500317,0.6023380974759305
7724,0.18480040086916122,0.6078312900102141
7725,0.1777527655778132,0.6101635075980829
7726,0.19123702199143539,0.6044707755510227
7727,0.19066159318284362,0.5918045941556453
7728,0.19204165618141716,0.5970825644219702
7729,0.1944675107966698,0.5971243189549866
7730,0.18071691305482204,0.6006573077406872
7731,0.18190887479993206,0.6028897293638564
7732,0.18575593095232895,0.6091756818431939
7733,0.18672854317259394,0.5983300577975055
7734,0.18471137430578288,0.6070880213978175
7735,0.19690579858344814,0.590134452063123
7736,0.19316900988960925,0.590422081852643
7737,0.19461961694316807,0.6010828643094666
7738,0.19826046143209605,0.5930827595766774
7739,0.1808777974533387,0.6015268289280675
7740,0.19265144379484866,0.5981046071323696
7741,0.2027582644747495,0.5905734619280831
7742,0.1971988889794577,0.6028887673721017
7743,0.18903842643052457,0.6019006215190617
7744,0.18193872851574927,0.6132571176057572
7745,0.19028679847617153,0.592165746303728
7746,0.2008405844320212,0.5902119069798536
7747,0.19071419643425164,0.5983922344149332
7748,0.18228749366618094,0.6181571556719325
7749,0.18075947874746495,0.6052706377609999
7750,0.19367178390755313,0.5978688362509603
7751,0.1730467917527808,0.6012088178544343
7752,0.18882914960425484,0.5989100999126666
7753,0.1857971907979275,0.6036156380460013
7754,0.18667108493096976,0.5977057514689351
7755,0.18359464782772464,0.6174017690474712
7756,0.18184159113299156,0.6077440026711306
7757,0.19697831229409965,0.6069671727938586
7758,0.1921166370571245,0.5943011004629125
7759,0.19111270900713007,0.6011675916144449
7760,0.18484878235295693,0.5959042439316532
7761,0.18730240708042173,0.5989760560321423
7762,0.18055881473028149,0.6021554776146618
7763,0.18977581620061837,0.5967164000719013
7764,0.193484177741064,0.5985659383212952
7765,0.1809625731969848,0.5994972656825693
7766,0.19827374563524267,0.6036367272964683
7767,0.17847779135536226,0.6125896437795997
7768,0.19253427222747183,0.5942626732794615
7769,0.1788470087236953,0.6153491741535894
7770,0.17695930359392156,0.6177470780539882
7771,0.17881589105674447,0.6063684462740756
7772,0.17873821178216473,0.6188985343011691
7773,0.18388765838024393,0.6036103137241298
7774,0.19106871178931792,0.591222452009542
7775,0.17606949802848065,0.6044781545721272
7776,0.186122173830302,0.608348190358804
7777,0.192396557879554,0.5924223461303106
7778,0.17328395730154272,0.6126404899218252
7779,0.19103901042357924,0.6071220392486947
7780,0.19028159196397165,0.5944005878454321
7781,0.19029479233802465,0.5865106178234196
7782,0.19475045953663397,0.5972656627671249
7783,0.1934360469673502,0.6044829637794604
7784,0.19113488144362556,0.6014155241012883
7785,0.18928561721740392,0.6094268388358494
7786,0.17193247044193202,0.5970707859325743
7787,0.18597815192837933,0.6076823009584996
7788,0.1899144895608774,0.5981578218088407
7789,0.18804405239062524,0.6082587785254049
7790,0.18268899198714794,0.6077066725461986
7791,0.18207351641534142,0.6113746433634855
7792,0.18717560025443572,0.5995774756478022
7793,0.17986660513681837,0.6189277272089377
7794,0.18411112825229425,0.6015648309958102
7795,0.18875688119272974,0.6069269793634181
7796,0.17585973221140283,0.6158620856877594
7797,0.20022723880013626,0.5907770953225827
7798,0.17891006814444993,0.6046106386012547
7799,0.18681333681961595,0.605464280481952
7800,0.18940669551313213,0.5954654298631797
7801,0.19096750972430449,0.5968800245841897
7802,0.18714093227590878,0.5979212693362375
7803,0.1895893061135223,0.6027537488975349
7804,0.18819001880496355,0.6107506184738398
7805,0.18401558144375638,0.6066765584588409
7806,0.18186875285147858,0.60833728315667
7807,0.17479232214821766,0.6042410016053297
7808,0.19329480901309537,0.5953728320087475
7809,0.18824961456357955,0.6068862649907035
7810,0.19604664917220607,0.602552312038908
7811,0.1809518004290904,0.6106381585069052
7812,0.18715474833390566,0.5963533498887897
7813,0.19456979051305529,0.5996923119699205
7814,0.18404641907021563,0.606084494987951
7815,0.1795432680558618,0.6073106283739066
7816,0.1912454669856143,0.5988546242905878
7817,0.18767846938057592,0.612055972264719
7818,0.18827156233523135,0.6056364757924076
7819,0.1987607886345086,0.5915608115369878
7820,0.17876193922831113,0.6128294290095221
7821,0.18900157271997498,0.5962791263556391
7822,0.1832629714540693,0.6050226253376843
7823,0.18465597931997504,0.6040755672625158
7824,0.19562944237487137,0.5940178975145656
7825,0.18388668345690412,0.605618730307317
7826,0.18394350727167208,0.6034231698279873
7827,0.183513544178263,0.6095889716855624
7828,0.19735189742377834,0.5947578587340905
7829,0.1866465666346674,0.608263005609177
7830,0.19251005748418087,0.5981593920068968
7831,0.18342465296035737,0.608878474823959
7832,0.18953717400999529,0.59995563561474
7833,0.1842808443158655,0.6085417656999774
7834,0.18969756069594684,0.5895164200712035
7835,0.18527587431631143,0.6088525341570361
7836,0.17858489916933976,0.6076923409164192
7837,0.1973779768974766,0.5896459058937402
7838,0.18969747528989364,0.6063405598641295
7839,0.1836908455004831,0.610653262611025
7840,0.19511514991722043,0.5984565571332177
7841,0.20200362542178943,0.5912013576788655
7842,0.1827490708799811,0.6076523431727281
7843,0.18737256201101138,0.6122203833004546
7844,0.18141028940500953,0.609574244564483
7845,0.18115401096854236,0.6088098058576709
7846,0.1964669958722348,0.6012848923524247
7847,0.18510009459055513,0.6109792255422749
7848,0.17935257936567744,0.618420187978028
7849,0.18610415832539434,0.6046153737928168
7850,0.180902979874557,0.6020168372197985
7851,0.17748206955963777,0.6066387976961846
7852,0.17450736053304494,0.6154239921144984
7853,0.18384063918382298,0.6067406322954452
7854,0.1738579292520346,0.6158970083985822
7855,0.19112919027512398,0.6030880574285311
7856,0.1830731223228764,0.5995363311394664
7857,0.189755787705271,0.598610011691317
7858,0.19503645468242475,0.599681703694996
7859,0.1837418291842605,0.599189284713958
7860,0.18712136297834475,0.5925567877129075
7861,0.1774011563100932,0.603548931240672
7862,0.18909944627647846,0.5966586360651365
7863,0.19092085700837022,0.6063616338618096
7864,0.19083379760264052,0.6035919370366718
7865,0.18369700272046385,0.5963842902115264
7866,0.18891958362521472,0.597063131677962
7867,0.19063275937509847,0.6054862769351718
7868,0.19006141561446066,0.5869422524516423
7869,0.1862048332120922,0.6121504724645465
7870,0.1937957258412277,0.5981276676747883
7871,0.17247624613864743,0.6125401988147976
7872,0.17769462683772203,0.6193448600118651
7873,0.18682120437193778,0.5946669326694117
7874,0.18720675795605635,0.6054433510808638
7875,0.18906854730045572,0.6017386133252881
7876,0.18565033270534556,0.6044755846617345
7877,0.19310145132815054,0.6093287487829817
7878,0.1921915067502905,0.605246288324527
7879,0.18118513941593553,0.6061204082988841
7880,0.20362969125131367,0.5953717656529827
7881,0.18850130879327706,0.6044646182866453
7882,0.17562854795706329,0.6164641843416643
7883,0.20530008781989478,0.5932096659231832
7884,0.18506564199560768,0.5973343381004269
7885,0.1897379118257721,0.6026602881535685
7886,0.16951096981707173,0.6142481740983071
7887,0.1886176128910077,0.6094797586532142
7888,0.19832955177160125,0.5941984913138222
7889,0.1804449577482242,0.603876626310737
7890,0.1888501390371258,0.6080047366401095
7891,0.18473248474466528,0.6095472288272031
7892,0.1897312017583804,0.6014345474022299
7893,0.19514301412751314,0.600116980693606
7894,0.1804041735485288,0.6080912425308012
7895,0.1799800160715048,0.6066286395653983
7896,0.17448583480453453,0.613040832858728
7897,0.18456330883283475,0.6041757994241144
7898,0.1950719116480639,0.6009478648336278
7899,0.18439099646288337,0.5995978913223702
7900,0.1760638332672691,0.6044725522300727
7901,0.1883720506613675,0.5963383059422871
7902,0.18018362093572685,0.6040242648340037
7903,0.18807551645297454,0.603480327245233
7904,0.18582760062694684,0.6080758695471147
7905,0.19109001266725414,0.602309964864344
7906,0.2047873922029194,0.5841872536912471
7907,0.17772861690393177,0.6158505644865985
7908,0.189401631001941,0.600335801970357
7909,0.1847886366219598,0.6059513267202483
7910,0.17840243466991204,0.6193709013144918
7911,0.2034921013560162,0.5837950597559974
7912,0.18420067593495426,0.6092054765605648
7913,0.1839677184336642,0.5996165492355916
7914,0.19063158821875775,0.6066300033934591
7915,0.18524457419872803,0.6050521218131142
7916,0.17826101091509008,0.6066136575745847
7917,0.18430045214840313,0.6052477094603456
7918,0.18910204091338517,0.5971154281507425
7919,0.18933778288790415,0.6073282107077542
7920,0.1950703174359646,0.5933924123451013
7921,0.1911592608615773,0.6102946263405503
7922,0.1776559797200118,0.5998691200710321
7923,0.18061180605743324,0.6017569761087493
7924,0.17668834832588945,0.6116998195167994
7925,0.1833159891563712,0.6027651046821145
7926,0.19428126831921694,0.6018788570904645
7927,0.1755912610394632,0.6104388549473058
7928,0.17371424082971176,0.6204045684262331
7929,0.19015597698153325,0.5967416584645908
7930,0.1989716294444878,0.5889743492788778
7931,0.18529034639983874,0.6013299199780062
7932,0.17770847077842508,0.6129675769376637
7933,0.18872352740542006,0.5998037183171607
7934,0.18841685826348456,0.5955742100534521
7935,0.18515279866943468,0.6009460438368719
7936,0.18450875913940396,0.5994380366442801
7937,0.1834273693435936,0.6075811039521358
7938,0.18855430973560902,0.5980117997883595
7939,0.19123330452948917,0.5932584190353242
7940,0.1829759758639732,0.6092865758967241
7941,0.18923439201710038,0.5973968938748775
7942,0.1895864052963795,0.6027806746016529
7943,0.18892870497036857,0.5943315563462155
7944,0.17507737780927138,0.6104229423356236
7945,0.18959142753547323,0.6000173358758616
7946,0.18859040949644826,0.5961309777999219
7947,0.17858501814087704,0.6038190450581233
7948,0.1859862179839611,0.6129598043798806
7949,0.18550770590727744,0.6051126779916941
7950,0.18053703672970708,0.5978232283923262
7951,0.18481124269280438,0.6080990812217242
7952,0.17774166811927447,0.6123812344990436
7953,0.18283872501818801,0.6130627563289774
7954,0.18741838232175442,0.6037341642729325
7955,0.17805584718773787,0.6151290815605388
7956,0.18225774719259924,0.6022689712746943
7957,0.18052322971555113,0.5978299395732141
7958,0.18530037516555745,0.6134385593847438
7959,0.200158296625179,0.5928558136997678
7960,0.1878485709883981,0.6032937133802906
7961,0.19118889319980953,0.5914863711065171
7962,0.1907970445936443,0.6010743277924592
7963,0.1962418046155703,0.6026983554803984
7964,0.18037891058062594,0.599070735340416
7965,0.1809505167018441,0.6136626615835091
7966,0.19083180949695427,0.6090328421382845
7967,0.18885562067006928,0.5969658985089984
7968,0.19447883638175284,0.602402747419657
7969,0.1907269705790956,0.5893307531217302
7970,0.17774543553142674,0.6024811368412488
7971,0.19215065260942638,0.6062207354935768
7972,0.19253739044136164,0.5930435749994865
7973,0.1866146574766381,0.6068846251777689
7974,0.18218363765068368,0.6122005662656871
7975,0.1863451631751718,0.5930752056007065
7976,0.17989634806588745,0.6098837254221311
7977,0.17689735776452453,0.6125701906310416
7978,0.1834885246564902,0.6091301778755472
7979,0.1889678007893439,0.5946116375179615
7980,0.17741196580920954,0.608033141375306
7981,0.18099746898382768,0.6059854346473221
7982,0.17869781089612483,0.6058769594100488
7983,0.18398816452160488,0.6019799713164522
7984,0.1892795408476831,0.6022715996913472
7985,0.1861281523798226,0.6089620262278647
7986,0.18136084775047984,0.5985336008381954
7987,0.1866243698265467,0.6078245708727683
7988,0.176818630358149,0.6198594371624855
7989,0.19473147245092168,0.597974058045303
7990,0.190820543481609,0.6020096611032533
7991,0.18952076019374958,0.5969247843538316
7992,0.18692352903448775,0.606606791839396
7993,0.18205633067126487,0.6117418635565782
7994,0.1809905762448858,0.612420471115287
7995,0.18946384084503273,0.6054208864500312
7996,0.17340024211100746,0.6089489222052108
7997,0.19631209199445546,0.5945434485052963
7998,0.20029853081542529,0.5935291177666624
7999,0.18511023594985912,0.6004097346120808
8000,0.16710026669940548,0.6190206998814695
8001,0.18956718560883404,0.6013381074430539
8002,0.1968141856580529,0.5998628893225159
8003,0.19178033381021628,0.5917041748113606
8004,0.18449187722953736,0.6068575770335078
8005,0.18662850762189961,0.5991900336105545
8006,0.1897301644340014,0.6077474318796385
8007,0.19061618469920566,0.6024088009564151
8008,0.18628005385918014,0.5956110986571607
8009,0.19010600830612315,0.5938153172406105
8010,0.1989956870791832,0.5973870742193734
8011,0.18941046158263397,0.6078963399429692
8012,0.17747160042268026,0.6138603389428889
8013,0.18728004235126508,0.5994487584790976
8014,0.19010888967621267,0.5901664484914259
8015,0.19394489767635523,0.5981778597654346
8016,0.16731538765796666,0.6205410786971937
8017,0.17912269433716965,0.5971375165550238
8018,0.18447892776763755,0.6052135717437255
8019,0.1819206411847624,0.6168655259231086
8020,0.19121700125281169,0.610276923459806
8021,0.17450505664447824,0.6227781881443345
8022,0.18267026914807444,0.6046808739002738
8023,0.19295347138587912,0.6007190656903788
8024,0.19332554321374848,0.5918987765294345
8025,0.1986288647987326,0.5965923274992522
8026,0.17872159254911957,0.6195880710193836
8027,0.18075217122394902,0.6094734627844584
8028,0.19215977305462156,0.5937463082134555
8029,0.18065018501986713,0.6081615359871279
8030,0.1753244859473386,0.6162181961331652
8031,0.1822134611937865,0.6072076948268462
8032,0.18482366002289666,0.6035892605645569
8033,0.17969712564775234,0.617352780230296
8034,0.18390782836654754,0.6152738864678847
8035,0.18735682752420924,0.6087600887637322
8036,0.17968179662346948,0.6024525692121735
8037,0.1951124765003721,0.5902298294355091
8038,0.19721743810953035,0.6029153478800098
8039,0.18194051766044314,0.6026214195455224
8040,0.19048498897156158,0.5939854456004241
8041,0.1865965027758867,0.5981081246883843
8042,0.18052602015375763,0.6104269118945758
8043,0.19033479018136965,0.597155448013005
8044,0.18827771600677395,0.5927720250733839
8045,0.19087144882152565,0.6019787073371948
8046,0.2095233232916608,0.581337028251334
8047,0.19483052990612795,0.5982328260429883
8048,0.17763368408930996,0.6090222727709985
8049,0.19179956093847794,0.5985242676563086
8050,0.17138987905094175,0.6092122687284766
8051,0.19443562021003827,0.6011739107841333
8052,0.18599285923565564,0.6047025468616157
8053,0.18899238699062265,0.5951388726111291
8054,0.18835067406847905,0.6018322157979465
8055,0.1827267794944889,0.6109100580985525
8056,0.18236052433338645,0.60699574994724
8057,0.1779539003875203,0.6074973663827565
8058,0.19488503672835414,0.6046805002677055
8059,0.17426726986828414,0.611348979777286
8060,0.19341088776865378,0.5969878488344716
8061,0.19077599510696977,0.5954589876264615
8062,0.18701765354664315,0.6034008273507451
8063,0.1734968825732377,0.6116343787812931
8064,0.18895754884301746,0.5999918098943001
8065,0.19038214875599815,0.5986072716455961
8066,0.2036953491502448,0.5929554504405933
8067,0.17852681232187048,0.6017662245693066
8068,0.1939648188175175,0.5954350081679156
8069,0.19176528453503008,0.6029763778018842
8070,0.18680669391463764,0.6036761275673754
8071,0.18736202149371478,0.6025534473341722
8072,0.19837518641723356,0.5958161107864123
8073,0.19443412305372237,0.5984905409852461
8074,0.18718739367849774,0.598901458040766
8075,0.18846906700051486,0.5988924187711937
8076,0.1780144927217154,0.612460279887131
8077,0.1727200490896202,0.6158115176273525
8078,0.1869192298841501,0.6021938117684442
8079,0.18711262406301948,0.5970336179275877
8080,0.18290690272697072,0.6102235592757571
8081,0.187711693896119,0.5957048205074218
8082,0.18657653355974183,0.608801377228767
8083,0.18277478354061955,0.6032850746098368
8084,0.19472611667178474,0.5881925396202924
8085,0.18446560406340187,0.6059414724216163
8086,0.1866454248433526,0.6039418181380637
8087,0.18914854122374639,0.6077404634486215
8088,0.18546579285958806,0.6015173846517551
8089,0.18877592667472856,0.5953988337502891
8090,0.19652146213002908,0.5938781899905028
8091,0.18101517902722172,0.6125898184653268
8092,0.19334092933351105,0.5995686022965221
8093,0.18555601021284188,0.5902886395709013
8094,0.18210916938723876,0.6067674634712661
8095,0.18929744468006846,0.6017438234517486
8096,0.18593548160084977,0.5980724990492421
8097,0.17567637776021575,0.6126400472584962
8098,0.18681767439476338,0.5984686608177792
8099,0.18859132174977125,0.5933581966133501
8100,0.20056991479275493,0.5912959599831062
8101,0.18506299970341866,0.6067707402446395
8102,0.18244889925189106,0.6007993444097761
8103,0.19232505248218848,0.5964779773807087
8104,0.19611023526404275,0.6075150660822088
8105,0.1852637025861847,0.6027623204033091
8106,0.1729887647455176,0.6166312764119468
8107,0.17481313147087407,0.6079007672315242
8108,0.1958973282156762,0.6001999983898262
8109,0.1898241507465409,0.6036336826083177
8110,0.1871060929738353,0.6056524013748974
8111,0.1815223562116933,0.605614697721076
8112,0.1953531015230979,0.5940634195821891
8113,0.18643185074916874,0.5950791711598132
8114,0.20153043449959585,0.5915492276702251
8115,0.19360821489374827,0.592156941018718
8116,0.20214722828958942,0.5936835826841933
8117,0.18031458454956292,0.6108327202628294
8118,0.199301318128557,0.588769519416054
8119,0.19113119699839742,0.5998681829166407
8120,0.20168903168107094,0.5933438115629182
8121,0.19416656121053347,0.6026524244477791
8122,0.19021102803878456,0.6075003302236592
8123,0.1931970167981291,0.6076934859802557
8124,0.1810877493210945,0.6064398890325671
8125,0.19168401452594327,0.6075306170698698
8126,0.1863340425463977,0.6063929921874779
8127,0.18251990883886507,0.6121695022052263
8128,0.19921611580724122,0.5910749094077015
8129,0.18761602051005571,0.601923336470072
8130,0.18088313981023837,0.6055878297535316
8131,0.18513243068167556,0.6112991319456952
8132,0.17409567194585832,0.6133627633446678
8133,0.1894276588975036,0.611395854992038
8134,0.18382513373560172,0.6128304916908632
8135,0.18481924148307868,0.6207099644542255
8136,0.18490458153749895,0.6002387267648106
8137,0.18849699117584806,0.599046443262377
8138,0.1867924166267866,0.6069108328274772
8139,0.18707938248450903,0.6006605503218826
8140,0.19203576217332238,0.590247226824544
8141,0.19709500393731896,0.5992979666919396
8142,0.1917300897194933,0.6008701641858938
8143,0.18730605171418982,0.6066145434777546
8144,0.1892647846803139,0.5976425642998631
8145,0.18942773759764925,0.6066288667356368
8146,0.17958892567710127,0.5998628215610472
8147,0.19179429440298676,0.5912954410165164
8148,0.1877594121456605,0.6066109116777152
8149,0.1760727411115967,0.6080747553474751
8150,0.18883869020003316,0.60213587785533
8151,0.18913703470383803,0.6065891718426121
8152,0.18085488806106012,0.599628825766481
8153,0.1914957350990355,0.6002971678179277
8154,0.18717902744884174,0.6054397610126151
8155,0.18832954223773202,0.6029008327055033
8156,0.17486063216794434,0.6050554657631404
8157,0.18766980042365541,0.6102441578889632
8158,0.18533201403875413,0.5957849620395902
8159,0.192831415705302,0.6007248430303705
8160,0.17890087294324739,0.6097631362197703
8161,0.1904922564011541,0.594588531634916
8162,0.20331876935956641,0.5901915476496425
8163,0.18547881818732193,0.6037677591263316
8164,0.18708442260799174,0.6018821156031755
8165,0.18940168358559836,0.604576429096891
8166,0.1714242102819942,0.6124699135672627
8167,0.1907460441051738,0.6037358727998059
8168,0.1812571495161564,0.6102751979103903
8169,0.1899591766643296,0.6060876227803526
8170,0.19925281659380206,0.5905276116517049
8171,0.1859599367435244,0.6027836780666948
8172,0.1778294245907127,0.6128328648474457
8173,0.19024768252332575,0.59520951258377
8174,0.1829840801533269,0.6092775198832787
8175,0.18956870443200324,0.6025724613609093
8176,0.19618708350586964,0.6014932793637914
8177,0.19472391045015114,0.6004861176652071
8178,0.1863592295296963,0.6024442355946464
8179,0.19395622692931364,0.5933954617743677
8180,0.18784866882130358,0.6056917359502496
8181,0.18271220233060612,0.5997967261806061
8182,0.1826654741342436,0.6101389579087022
8183,0.18894956431840837,0.6037031931068793
8184,0.180209233773261,0.6074644999209603
8185,0.1898506512338896,0.6014744514632048
8186,0.18373972515898335,0.6025749821354561
8187,0.20207342002561415,0.59310545777399
8188,0.1786561717829783,0.6051575631828945
8189,0.19226656562234967,0.5983090839674677
8190,0.177214092351639,0.619202595340725
8191,0.17532753815911156,0.6135738265419634
8192,0.18529421383050382,0.6029729300819633
8193,0.1866258968299402,0.6083832772286173
8194,0.1842786487461519,0.5931920854175224
8195,0.1833168847205786,0.6161380836442104
8196,0.18581444962835375,0.6019769052031427
8197,0.18898245726847165,0.6063032712374088
8198,0.19738529266091018,0.587684592696796
8199,0.18041858162372348,0.6037484530600433
8200,0.20285705517929906,0.5954146479754318
8201,0.19218089769209726,0.5979946981730522
8202,0.1821171025751634,0.6125015847481108
8203,0.1920772535910808,0.6039319267055381
8204,0.1761040261886625,0.6087387221823867
8205,0.19043669875735095,0.6002338486037581
8206,0.17915671382806128,0.6080192627400628
8207,0.187483595303108,0.6050051925703259
8208,0.19467168321552855,0.5955649089351011
8209,0.18365569875248056,0.6182607717933449
8210,0.1834601408259739,0.6083232416968146
8211,0.1853986794765721,0.6065460511293775
8212,0.18233270158663217,0.6141693819979674
8213,0.18686707246666992,0.5986610992447644
8214,0.18865547517143144,0.6036494053788175
8215,0.1964574045779709,0.5983311756893164
8216,0.17743058330020217,0.6082882965690866
8217,0.18371120951980902,0.6023607223607865
8218,0.19533039523052484,0.6002638425653306
8219,0.1745023122525804,0.6085672199891492
8220,0.18173997943380252,0.6055993708556718
8221,0.1830077167997188,0.607162785817328
8222,0.18116709177152016,0.6153243064367488
8223,0.1807222625932446,0.6143535540533045
8224,0.18261193857609032,0.6072086237034462
8225,0.18450143439061614,0.6027697350420244
8226,0.188181487192443,0.5949093147426284
8227,0.18489057699332334,0.606777250496564
8228,0.18602047954284934,0.609044321982262
8229,0.179394983575709,0.6081750481559586
8230,0.1844740696935933,0.6063325770963736
8231,0.1845372648193018,0.6063176794656385
8232,0.18204900193788032,0.600674893647963
8233,0.19455991154904134,0.6026194914921262
8234,0.18916565715481673,0.6033147214038631
8235,0.19200095090102556,0.5968568728527567
8236,0.19855918871372713,0.5920225405112064
8237,0.18817869759977296,0.5960844765291716
8238,0.19095870905917983,0.5941787959163854
8239,0.18732420837133654,0.6084267548672329
8240,0.18913558762862345,0.5912926512568385
8241,0.19014258288170788,0.5989613591672737
8242,0.18386172958139727,0.6088760529274488
8243,0.19190954326224646,0.6018660343798888
8244,0.1891670243489443,0.5999819052312889
8245,0.1866560339146881,0.600252980505209
8246,0.19160992556898068,0.6076084083424479
8247,0.20181448675313662,0.59049795139495
8248,0.19289347364198522,0.6012464372206152
8249,0.19343519739616322,0.5977567690862988
8250,0.1861703598013842,0.6073063911224627
8251,0.18178885608376824,0.6027077692990286
8252,0.18952423664243653,0.6009555396839579
8253,0.19207311320782391,0.6046896694229117
8254,0.19083899230132118,0.5983269233014415
8255,0.18984348081829752,0.5985860062873718
8256,0.19112734469735873,0.595685503344875
8257,0.19072662480304048,0.6020477000907284
8258,0.17936831593168848,0.6071271445583433
8259,0.19261066105009028,0.5985568113493223
8260,0.18729197485755839,0.6049035812883576
8261,0.1991685495797934,0.5873463256438181
8262,0.1974363251296418,0.5956058298519693
8263,0.17958484448033135,0.6100163129120931
8264,0.19612022415183683,0.6051847726011366
8265,0.1848749363336013,0.6102461406236649
8266,0.19342023714587187,0.5903029392555664
8267,0.18767230440959065,0.6041183342041213
8268,0.1973108314164902,0.606900193446485
8269,0.18532468489376977,0.6003352060483151
8270,0.17737836865635465,0.6103292328000758
8271,0.20081649569696908,0.5996188153137391
8272,0.19030540225056922,0.6034472884206158
8273,0.2012043663703871,0.591951162142896
8274,0.17890002778279449,0.6098096637652182
8275,0.181879894173421,0.5999302333693087
8276,0.1860486309795495,0.6051398416475723
8277,0.20431742702392147,0.5986229888541402
8278,0.19009339880720663,0.6063744523539019
8279,0.1877974799652674,0.604794865149201
8280,0.1758924753778232,0.6178399629453146
8281,0.18724403580024188,0.6118935594630164
8282,0.18298314993032394,0.6028184735653306
8283,0.18646848733920685,0.6009020442782764
8284,0.18895306266717807,0.5917528431570136
8285,0.1983840418535826,0.5916170287318246
8286,0.19645011451722408,0.6034803367826519
8287,0.1812439279558766,0.6064534378195605
8288,0.18010671552534252,0.6061321652497208
8289,0.1883793105369774,0.5947046634265619
8290,0.1905244905539994,0.5983645530797868
8291,0.19317771830058178,0.5974602603198622
8292,0.1911023443014377,0.6065216058851433
8293,0.188631965364702,0.5875737962938766
8294,0.19530241634339504,0.6010228653545256
8295,0.18683957123199826,0.6083308811496877
8296,0.19166454312967207,0.6016619006986574
8297,0.18402427248060244,0.6029408030591397
8298,0.19910271814370983,0.5951260986101659
8299,0.1862667010047727,0.6058987901457353
8300,0.17628898027295403,0.6065257199354412
8301,0.19939871345134558,0.6020117484900873
8302,0.18292957400444404,0.6043678991031709
8303,0.18739044747076147,0.5975987659074737
8304,0.18358027093076323,0.6012183615733633
8305,0.18367852191820647,0.6040649971853604
8306,0.18805373919544982,0.6015290902954589
8307,0.17545975787068788,0.6033920263147642
8308,0.19031340602875538,0.6080447965539126
8309,0.19874402122018225,0.5895019254555449
8310,0.1839423308088485,0.6024901078701764
8311,0.17877798419055385,0.6065860394992549
8312,0.190678412379407,0.5926416783726088
8313,0.18059307268590905,0.6088687462142066
8314,0.18873718994444225,0.5964756654916634
8315,0.18342493884014904,0.6047003788021814
8316,0.1803021561094145,0.6174410557767921
8317,0.1889946724089852,0.6050780852423219
8318,0.18623840677239326,0.610821201082374
8319,0.20114480555841352,0.5935936327461347
8320,0.17546416367507253,0.6174145232396813
8321,0.18563253955799452,0.6070362532805489
8322,0.18912149020039049,0.5971338998003477
8323,0.1633939129709475,0.6230035679545647
8324,0.18599749712802596,0.5999368149614286
8325,0.18027126827777248,0.6019549777307225
8326,0.18578752980039367,0.6143029656533232
8327,0.1991781494367896,0.5863296365240587
8328,0.1881681963112085,0.6045511529405702
8329,0.1733960782606421,0.6077439841508014
8330,0.19035198906670514,0.602487758092751
8331,0.1899826279498673,0.6088131643268313
8332,0.1997238250594002,0.6005492991841872
8333,0.1877629591014339,0.6010276737828377
8334,0.18179837650916092,0.6081096521072593
8335,0.18044510605116584,0.6018790274771972
8336,0.18150311489538534,0.6022813096172879
8337,0.1916914081797051,0.5927748456042705
8338,0.19323404917837342,0.5967364052455736
8339,0.1785193806079168,0.6069942374381176
8340,0.17496692114799223,0.6220878768014811
8341,0.19271216570839841,0.5984896443628677
8342,0.18092664375438622,0.6067511399539144
8343,0.19949048395262914,0.5904503630812464
8344,0.1852652349780094,0.61405148246221
8345,0.1904501583865151,0.600471357789608
8346,0.18399535869174433,0.6071595924315272
8347,0.18638667846737972,0.589320121155919
8348,0.18907390589977224,0.5899930437647495
8349,0.2019706995308985,0.5977888803430121
8350,0.18105289170439431,0.6022205106940607
8351,0.19007793089412992,0.5960626614187885
8352,0.18142842743738358,0.6018338040018001
8353,0.1809295907959328,0.6092747563639447
8354,0.187049116686124,0.6038065467059567
8355,0.1815958005934085,0.6020221470178733
8356,0.18029182379278164,0.6150904407415825
8357,0.20300016862412568,0.5940742519869049
8358,0.18143303313587794,0.6130451338333676
8359,0.17909534011114844,0.5986146123617611
8360,0.20566795353432155,0.5903209528803113
8361,0.17550380101464194,0.6032699742472244
8362,0.1959693234945491,0.6071351476780321
8363,0.19848813211018052,0.6005289871186763
8364,0.1876095356015291,0.6087215008532461
8365,0.1848435346233051,0.60413748670281
8366,0.18425388604110263,0.6046067847771085
8367,0.18073377220421655,0.6078637948952559
8368,0.1726724173933495,0.6136168372734194
8369,0.18362831153088946,0.6046893160111233
8370,0.18364347307731788,0.6099074652455898
8371,0.1883328490728999,0.6067871016966685
8372,0.18369604598702766,0.6016844252449539
8373,0.18977261818110167,0.6010065039947923
8374,0.20172582325814534,0.5937695781167858
8375,0.18024341695739438,0.6002701288376058
8376,0.17933721563256264,0.6029963147118342
8377,0.19604199485813417,0.6017090960863831
8378,0.18760440999549147,0.5934008155151367
8379,0.1917730908280317,0.601841754473498
8380,0.1873666022522454,0.596573348120359
8381,0.2033917550339395,0.5962776424287162
8382,0.18782439427183595,0.5968010623338537
8383,0.19532986586621345,0.6030768692997112
8384,0.1758729162072122,0.6054558428381744
8385,0.1830087762497697,0.6018824900329011
8386,0.195352889703857,0.5935651080556804
8387,0.19090902224521,0.5924514388783624
8388,0.18539687446178163,0.6026998995235577
8389,0.19936004498199672,0.5997015568121197
8390,0.19221943499955682,0.6070735594487398
8391,0.17471803456269544,0.6112996013181371
8392,0.18940441165648553,0.6020077285248633
8393,0.18556265226433857,0.6071229647883745
8394,0.20216181706695469,0.587275188873164
8395,0.19684063693768913,0.6000166635048746
8396,0.1862846889646776,0.5936929859665462
8397,0.1981423341081536,0.6085697708804204
8398,0.19361560430929803,0.5839918683845144
8399,0.18980741406963594,0.6036386253889606
8400,0.183433558813237,0.608507263043562
8401,0.197160425409426,0.5910790141154347
8402,0.17929022316916415,0.6044232670780166
8403,0.18484714154094145,0.5989027344878757
8404,0.18771112430834794,0.603223405193971
8405,0.19666994919404182,0.5884166616782422
8406,0.20014004215411604,0.5920308830995595
8407,0.1828894402463513,0.6133828542756573
8408,0.18973379150885644,0.6024991718952477
8409,0.18774344292044645,0.6027213616547213
8410,0.18430848395859742,0.6017162235457127
8411,0.18827999095785777,0.6090880476813069
8412,0.18921862350494464,0.6073574803517195
8413,0.19591295326353583,0.5956146216309924
8414,0.18024683238486486,0.6037357144048874
8415,0.18403852008003282,0.6053536806853403
8416,0.19013501511788503,0.5999027640965131
8417,0.18453315745709428,0.6109505671674533
8418,0.18327241539765732,0.6013032829491709
8419,0.18884992383777538,0.6026210703669475
8420,0.18833446773433715,0.6057731383062089
8421,0.1772426963747958,0.6075572654673249
8422,0.18683552843831236,0.6011203148192068
8423,0.19434381425305405,0.6087697462760675
8424,0.17951124467872848,0.6171435777035222
8425,0.19899149307356298,0.6015169989467019
8426,0.1793669291443461,0.6108188118269944
8427,0.18664719010431643,0.5984018080487707
8428,0.1848213452389316,0.6021270273438385
8429,0.18342307431224644,0.5929278720202725
8430,0.18912521900606324,0.6003329468584208
8431,0.1935555385678732,0.6018472632351801
8432,0.19724628270864408,0.593938856092559
8433,0.19153198960483606,0.5938263559320248
8434,0.17229729557558035,0.599510890304996
8435,0.1855827776202045,0.5991134060695033
8436,0.19884410206627487,0.5997437369000054
8437,0.19126820514708384,0.6029136711646044
8438,0.19122256585458428,0.5986895400135773
8439,0.18934489403519833,0.6039616062140509
8440,0.18437518975296735,0.5992514378116128
8441,0.18605143994686923,0.593067368154424
8442,0.19328732372747737,0.5940402640280488
8443,0.1884236106081251,0.6010090716076878
8444,0.18977302003785199,0.6002340813811627
8445,0.18902730288291728,0.5991458014679975
8446,0.18182536947146907,0.6121166407572415
8447,0.18604237436516766,0.6073129503943554
8448,0.18674201606964386,0.6057040393953592
8449,0.1886581694243883,0.6063868726117843
8450,0.18414525708109952,0.6060778936857275
8451,0.19114147638281048,0.5965037279728705
8452,0.17524562100238703,0.6027662237601561
8453,0.18645096099334174,0.5988107848218026
8454,0.18650598512928926,0.5994568049984828
8455,0.18903434507472408,0.5903009922436411
8456,0.1833414834057926,0.6057818026878639
8457,0.18366013412097282,0.6037379944347452
8458,0.18395421414144272,0.607368839533208
8459,0.19692860759994804,0.5941577680343456
8460,0.19595415747310704,0.5966893567996798
8461,0.19019524299198798,0.6047291451744947
8462,0.19475337906221826,0.5981619320432463
8463,0.18675713227196827,0.6057786671219273
8464,0.18652596563429066,0.6093759139282207
8465,0.17699147747368935,0.6092802925811494
8466,0.19903077799872446,0.5944952917680337
8467,0.1768681067874289,0.6173233807870973
8468,0.19318384713239406,0.6008003600232573
8469,0.19166893392024162,0.60083660067557
8470,0.1841624394095644,0.607847020740122
8471,0.19195711262115506,0.604039104069545
8472,0.19390255970611195,0.5936848278327689
8473,0.18560550351096788,0.600951888120052
8474,0.17795572924382824,0.6032887814348509
8475,0.19289483825080977,0.5977684892329911
8476,0.18573547022275383,0.6046346953999847
8477,0.20461488953919463,0.5910362466523295
8478,0.1811022832629262,0.6005011712741688
8479,0.1938185892586054,0.6062008356707564
8480,0.17529550144896378,0.616692041019089
8481,0.1863475726514942,0.6021390332338803
8482,0.19397053412116774,0.6057669573448392
8483,0.1715575141349494,0.6266428895698962
8484,0.18354949249401434,0.610393554012554
8485,0.19254235730017025,0.6097975982292175
8486,0.19097810919009003,0.6105346343457395
8487,0.19342343466791467,0.5948824648775102
8488,0.19218008424795788,0.594446111119173
8489,0.1813729951049172,0.6065334203685182
8490,0.19275082884238207,0.6014096991489633
8491,0.19710397495941706,0.6071444656588145
8492,0.18024277842780942,0.6035140868462293
8493,0.1994393715448933,0.5972053317599783
8494,0.1815932378191558,0.6034680457606373
8495,0.1784211748660058,0.6082932447864066
8496,0.18547017828853118,0.5974468491766624
8497,0.19630943964421238,0.6012476716322132
8498,0.19089422961428285,0.6087328814872444
8499,0.18958840856131404,0.5913748407106867
8500,0.20030976574291734,0.5926687044197391
8501,0.1898912703653233,0.59540612793032
8502,0.19471596030217458,0.6062825443620038
8503,0.19471248801790955,0.5943428277657542
8504,0.1877642153495395,0.6061556515011219
8505,0.1836145924267342,0.5962411845982193
8506,0.18886137141378906,0.6062129881743867
8507,0.19721189042333767,0.5986246973600549
8508,0.18621497521363248,0.5958905928541975
8509,0.19775847307438332,0.5903782841402155
8510,0.18230125469429306,0.6065359610534042
8511,0.2002836030923318,0.5961675952309964
8512,0.1862487894003526,0.606660379721831
8513,0.20236472341860087,0.5875024286176944
8514,0.18720369445139354,0.6001972008027103
8515,0.1855582469890146,0.5950339073451419
8516,0.19542269793551673,0.5966968542223159
8517,0.17971709148995602,0.6085408717082522
8518,0.18493197877553347,0.6027885123658757
8519,0.1798114821238374,0.6174928229495826
8520,0.17710639846421386,0.6119346263198194
8521,0.1895663759821141,0.5924477404320287
8522,0.19309377836363492,0.6033966464232964
8523,0.1881549294929545,0.6000362920424128
8524,0.18579352046919806,0.6030418385373327
8525,0.1830392536162152,0.5987563320579867
8526,0.18716329376500335,0.6043029499488843
8527,0.18288222733197468,0.6078242906958279
8528,0.18014309207955556,0.6134283113821216
8529,0.177875118278862,0.6167805704840309
8530,0.17456308627122602,0.6106586437340998
8531,0.18734320628631193,0.6019546385266865
8532,0.18085930183025656,0.6105804856585818
8533,0.177002818458187,0.6089142738474913
8534,0.19328871575339784,0.5954570397232172
8535,0.1858857351715091,0.6068724654891718
8536,0.19389580636937184,0.6002897679932306
8537,0.1899974701694674,0.6058725673073564
8538,0.1857663654454591,0.6060523257772963
8539,0.17919643913616562,0.6091608347010304
8540,0.182671058766779,0.5963074568461427
8541,0.1934091155052519,0.6024819270863034
8542,0.1982205580368077,0.6007917820753043
8543,0.19451842127696028,0.5963009286334958
8544,0.1970835999714957,0.5934893279238554
8545,0.18579089499111803,0.606962859405819
8546,0.18803687884712197,0.6016099332106566
8547,0.1864685924025497,0.5959807688096996
8548,0.18394014920497279,0.6014663821310894
8549,0.18621868608942718,0.5985081361043451
8550,0.1825754060081748,0.6029994663690761
8551,0.1954100889675979,0.598065816984288
8552,0.19286495115185673,0.596195195911982
8553,0.19503733691504715,0.5956372494758415
8554,0.1906499079819211,0.602019468782323
8555,0.17424539558508362,0.6112718589638809
8556,0.1840199777728652,0.6084238649930644
8557,0.19349867409705188,0.5962300253986682
8558,0.19318520327308844,0.5919630889749377
8559,0.18638054886324598,0.601632007121808
8560,0.19023937704112998,0.6014536026837716
8561,0.1990066634036552,0.594473177460386
8562,0.19091960659215287,0.6039602074339984
8563,0.19935061171158155,0.5874777317432424
8564,0.18606081415428663,0.6052908683142587
8565,0.1979955808938821,0.6011416107954237
8566,0.1919672415484655,0.6006979064938364
8567,0.18134337193867814,0.5992776793895513
8568,0.18738861317901037,0.6034513406259997
8569,0.186922984480255,0.600796069784951
8570,0.18670484208484303,0.5997772921827869
8571,0.19378391460194772,0.6039038569161754
8572,0.19300943469443335,0.5860227458645707
8573,0.18393010591665412,0.5961063896936921
8574,0.1824225154113634,0.5991588991031918
8575,0.18454770887789493,0.604356400111103
8576,0.18808033660326492,0.5970736084419586
8577,0.17620756421815195,0.6113382287648025
8578,0.18360584838730912,0.5977547872451838
8579,0.17528119545977594,0.6099690621897352
8580,0.18513319580967447,0.6031571000918019
8581,0.17758335227086672,0.6115031617615327
8582,0.17880114284366216,0.6095273956585544
8583,0.1840060226874427,0.6056845080998485
8584,0.1924941383206369,0.5982806924368661
8585,0.17776823063360248,0.6043146936223207
8586,0.185225446850268,0.6131795190351333
8587,0.17886395674268626,0.6023708600969406
8588,0.19205633591022467,0.6024737323734523
8589,0.18454868010274864,0.6002928610836875
8590,0.1840254552042214,0.603687616148689
8591,0.18622299030039183,0.6069506492140575
8592,0.1700866277736846,0.6067317159768064
8593,0.18006431019117275,0.6065930148559191
8594,0.18031764091442104,0.5988371696178311
8595,0.18993254228218726,0.5956198594355374
8596,0.18226531400415974,0.6065159896523648
8597,0.17829279434785164,0.6122838554696843
8598,0.19451914093869555,0.5831350898342722
8599,0.17720545333174353,0.6096416415666716
8600,0.17974868810621789,0.6173955955474596
8601,0.1937030731025845,0.5967211986776407
8602,0.17970297950971462,0.589190481012131
8603,0.19726089443735248,0.589549075611231
8604,0.17324855234007203,0.6138914590661622
8605,0.1978102941777055,0.5996176542828904
8606,0.19859903690724884,0.5952640452341618
8607,0.1895168269458106,0.5981597394084175
8608,0.18223641935845697,0.6036000243544533
8609,0.18099716051600412,0.6127843280337536
8610,0.17612977006541525,0.6096003896331782
8611,0.18928761946849268,0.5995459145502867
8612,0.18326310198497145,0.6106739516695188
8613,0.1889428168950133,0.6100792370088917
8614,0.17778036210372836,0.5965355693944977
8615,0.18215300742975402,0.6023310965307724
8616,0.1833331670194365,0.6115949142553385
8617,0.19020178349627007,0.598652373093469
8618,0.18790927686810485,0.6095658057568951
8619,0.175636745901839,0.6133932102228357
8620,0.18198811866792675,0.6136019967331874
8621,0.19514845144769363,0.5916779416874527
8622,0.19401052973245925,0.5981955781836173
8623,0.20601190558369445,0.5943686478960232
8624,0.18667692432161972,0.5979805238989252
8625,0.19444361675577257,0.5934919935901801
8626,0.1841794266761048,0.5972959216750803
8627,0.1776162749869836,0.6190970296677235
8628,0.18464235703893725,0.6007045472380187
8629,0.20262474501981287,0.5884676468494816
8630,0.1814844718472272,0.6080125697443532
8631,0.19652666909131214,0.5970085262676504
8632,0.19152098458887717,0.6099011323909544
8633,0.19524162359208488,0.6054019486786825
8634,0.18653208920859413,0.604333761196165
8635,0.19207473899768798,0.5933531874958824
8636,0.19085826975039433,0.5880806343413643
8637,0.19015341380152,0.5978915017183881
8638,0.1872844504614035,0.6138279926032659
8639,0.1923056195651712,0.5864305060488291
8640,0.19295528578431467,0.5972811290327923
8641,0.19038527014618709,0.5964163361856484
8642,0.19526660152834555,0.6004620048177784
8643,0.18412845324821253,0.6171053040730763
8644,0.1863267477195128,0.5997108297556849
8645,0.18638431212574852,0.6049195854922758
8646,0.17626573641237858,0.59760602100551
8647,0.17510209271886829,0.6076118457725926
8648,0.17756049841614638,0.6054581457125984
8649,0.18540331790362755,0.616896597421044
8650,0.19335177513266277,0.5957525623612724
8651,0.1836864293395329,0.609899324341199
8652,0.18905465439058275,0.5979948225772223
8653,0.17488670088392977,0.6202916611806105
8654,0.17860423335496012,0.6041110515473307
8655,0.17763346939195598,0.6061390712409057
8656,0.18606667288288337,0.6120180865732123
8657,0.1884563860727988,0.5944950121786344
8658,0.1884078081050683,0.5990424728451051
8659,0.1927732655472299,0.5895641299944752
8660,0.18257995841322147,0.6069289749418668
8661,0.18060019726730742,0.6044057357551729
8662,0.180943752132831,0.5993146905637643
8663,0.18470030762838896,0.6070173238707219
8664,0.18702199686065682,0.6113004281685692
8665,0.19489110783718128,0.6023550804332499
8666,0.18698394879375346,0.6047791848228586
8667,0.19817646831628347,0.6018557752541726
8668,0.1939824079996089,0.601852102936077
8669,0.18356432557663674,0.6063407347906822
8670,0.19641734589425636,0.5990760133089431
8671,0.1946478119342977,0.5950256777788252
8672,0.2023738966321461,0.576451595008145
8673,0.17908756124165046,0.5996957495177795
8674,0.19459720410200815,0.5932137649353836
8675,0.19060283616357343,0.6027554801368296
8676,0.17573874153370742,0.6096288092253683
8677,0.19399539859392512,0.5973169583568579
8678,0.18680860644464226,0.5991463495860657
8679,0.18786923395669033,0.5958543220053781
8680,0.19837440162476414,0.599673938916399
8681,0.1857914505687089,0.6161777350177385
8682,0.1938050218773677,0.5987516643190629
8683,0.1869273178275807,0.5981060303579435
8684,0.18582803362981445,0.6051613338701447
8685,0.19868122226028273,0.5911724038995352
8686,0.17989022633449941,0.6097345655286898
8687,0.18475679256126906,0.6086008952462678
8688,0.19062970889389513,0.5945881197812142
8689,0.1825644983048818,0.5997578464125067
8690,0.19370197473558914,0.6019384188177553
8691,0.18352461887013846,0.6006863613440303
8692,0.19070114740782165,0.6024321361297266
8693,0.18033184869110416,0.6133130331893898
8694,0.18617403686443898,0.6032278092089868
8695,0.19179614234494557,0.5945132406532325
8696,0.17749436750541323,0.6067291235764842
8697,0.20001162256385183,0.5965124189344968
8698,0.1900330090902504,0.598969835924856
8699,0.1839841290497058,0.6082814178643479
8700,0.1921021114336263,0.601682132645887
8701,0.18502665508679358,0.596140910655945
8702,0.19759208155951102,0.5933604919835156
8703,0.1870482166985316,0.5946830679142846
8704,0.1980051442986413,0.5988007195558714
8705,0.1934210946339344,0.5992366519856465
8706,0.17831732909363435,0.614810242109445
8707,0.1843113397101597,0.6094039649673006
8708,0.1915238299444782,0.5992886884474645
8709,0.17900022359634724,0.6085445503728603
8710,0.1888382637583184,0.6043922547335512
8711,0.18008532384119805,0.60350523617029
8712,0.1872050290196905,0.6105242962584647
8713,0.20370504282362448,0.5940240823201894
8714,0.19263447472182818,0.6050317309328884
8715,0.19130574482099405,0.5898642552294008
8716,0.18856534806090305,0.5959229275943574
8717,0.18695111991084085,0.6076153194191665
8718,0.18956439833129057,0.6053286906729619
8719,0.19075269003438727,0.607725187323183
8720,0.19609227520758193,0.6041210936974487
8721,0.1965860075784453,0.590045882987156
8722,0.1891415276498979,0.5923187005063519
8723,0.1769513329846579,0.6120544940411582
8724,0.18715901367570986,0.6010689212547695
8725,0.18973771195003866,0.5902450371138903
8726,0.1984461034376087,0.5959698112960811
8727,0.18453595337046405,0.6055280324166394
8728,0.19166693239690072,0.6068048315276469
8729,0.18346325085739437,0.6159105141773089
8730,0.18696278354268686,0.6089648088427149
8731,0.18884580339494358,0.5998637884669109
8732,0.19312817456040768,0.5925887839915969
8733,0.186235718293898,0.5908660685170907
8734,0.18875431629189393,0.5933529687491998
8735,0.19464414432036017,0.5901975365423293
8736,0.19799347631992667,0.5926223110713588
8737,0.1820660376824517,0.6066227151895746
8738,0.18845396090837518,0.6039352479088733
8739,0.19959110168611932,0.601794513422133
8740,0.18248873184485204,0.6076109926246158
8741,0.1902334316954331,0.6018846129408286
8742,0.18794507574275923,0.6070890505829263
8743,0.1791139568647679,0.6004543535877869
8744,0.18236644392675308,0.6037205446102584
8745,0.18926340196604466,0.5975129478402208
8746,0.17953026047740464,0.6141099331506322
8747,0.17632356998685425,0.6125317252318515
8748,0.18576082703847588,0.6015132662674147
8749,0.18410891221266842,0.5997373412597552
8750,0.1818454166982104,0.6037759336892263
8751,0.18488286095048662,0.6078143655379133
8752,0.1853383110169284,0.5958879358640723
8753,0.1863539648133446,0.6026791386322482
8754,0.18396363858239634,0.6155019829920328
8755,0.18675985629714026,0.5950686315094758
8756,0.18187777576395273,0.605387852480994
8757,0.18503841756170047,0.6044706668798795
8758,0.18996416816532222,0.605631594417253
8759,0.18530879010281243,0.6066413909927043
8760,0.17836507544349317,0.6169977742957949
8761,0.19273467641532377,0.6044971251791553
8762,0.1876975014616732,0.6082932412770681
8763,0.18942278531277584,0.6001540781162663
8764,0.19152617808485753,0.6059196729908867
8765,0.19043155985353433,0.6048698194167225
8766,0.1829749017649019,0.6023810265976979
8767,0.2045520215952041,0.5878065262220161
8768,0.17626089150943716,0.6095047934550248
8769,0.20415601913579343,0.5849761022792133
8770,0.1893012798866406,0.6093944517509142
8771,0.19783838956608507,0.5990864284788714
8772,0.19338488935809892,0.5962604177740897
8773,0.18831157860013734,0.5951453737992065
8774,0.18496727304470678,0.6071420900309588
8775,0.18001803581934248,0.6015830824307316
8776,0.18678026416779936,0.6011492453618235
8777,0.18713339375255797,0.5953700384088937
8778,0.18713483706211148,0.6012266284783181
8779,0.1886270227347652,0.595921788331628
8780,0.18719869139773018,0.6026718917437554
8781,0.18703758092693895,0.6032381352291996
8782,0.18581186662885535,0.6106140738514634
8783,0.19176855598742104,0.6006654761901581
8784,0.18378909773927815,0.6060609547565471
8785,0.1913679014223636,0.5924783371438729
8786,0.18854871829005546,0.6014689856833363
8787,0.19214180180300447,0.6063840572605518
8788,0.1815122220266742,0.6102411499895762
8789,0.18494248930868032,0.6056263345568703
8790,0.19274019762537148,0.601859430750915
8791,0.1825164749348283,0.6045412968930612
8792,0.1833466794857627,0.6050213427374516
8793,0.1909167404769587,0.6009337893831062
8794,0.1907761648476135,0.5896621187709841
8795,0.19177825904527304,0.5971250783759141
8796,0.1810869460950552,0.6019572615071112
8797,0.1905775022266254,0.6030488400470266
8798,0.18653765849890022,0.6092390819600836
8799,0.18305897781529626,0.6094189370593197
8800,0.18109750891349252,0.6079128593106131
8801,0.19803045937814975,0.5991797419355014
8802,0.19133769552048666,0.608425284381726
8803,0.19536505406752963,0.5946619834903915
8804,0.19850372125265991,0.5987189276234474
8805,0.17744444886270613,0.5945458579773061
8806,0.17956153756208643,0.6002413249504914
8807,0.18301416895641992,0.6015271289673071
8808,0.19165306066177276,0.5940243936743862
8809,0.1867910978930817,0.6136372010131961
8810,0.18174777666335554,0.6066229663291018
8811,0.18452910888123802,0.600484578860279
8812,0.19048901781024566,0.5983477628238745
8813,0.18219549875896243,0.6055234070642845
8814,0.18314756939722845,0.6027592510206397
8815,0.18634000950760404,0.5976110598987674
8816,0.19236369776636703,0.5975767786171572
8817,0.18413524637380746,0.6078556688030263
8818,0.1941287566228156,0.5944883067095691
8819,0.19394706779473184,0.6010748287769755
8820,0.18290066385890869,0.5998549952882853
8821,0.18564801043716794,0.6078079353939685
8822,0.18491041269835107,0.6080941351401045
8823,0.1907487707278166,0.5973218756237729
8824,0.18418924514157758,0.6139418991374307
8825,0.18445271248875608,0.6007763703691621
8826,0.19674174398862204,0.5964078697530383
8827,0.18562236697904824,0.6102329083789226
8828,0.1928376656287959,0.600798996792039
8829,0.1951220370946899,0.605415291245294
8830,0.18328652505130605,0.6116072066869628
8831,0.1720008674958299,0.6200263079215631
8832,0.2009986541839703,0.5998609592348065
8833,0.17992996338061126,0.6058875709603192
8834,0.17683661981600943,0.6184602113199237
8835,0.18748421204220056,0.6107426630985315
8836,0.19102567383529276,0.6121236384939176
8837,0.19165038715266813,0.6045055026556742
8838,0.18213585883970362,0.605222890881664
8839,0.1827110825381442,0.6064742131627553
8840,0.1869184351841298,0.6098472885937324
8841,0.20440669784968096,0.5828604212523995
8842,0.18742455754356585,0.5999605064666932
8843,0.2002142876202758,0.606927612020685
8844,0.17599695174953747,0.6130532830871978
8845,0.1808327926662061,0.6159442076345749
8846,0.1835249644076881,0.6001787849231144
8847,0.17400656644067733,0.6133051122172788
8848,0.18091787777624785,0.6053985506596937
8849,0.1950982549684366,0.5969106649147119
8850,0.19897798465748076,0.5912405069523993
8851,0.17812557035075544,0.6047363330153563
8852,0.18708683963300402,0.6083150061860034
8853,0.19605430408286417,0.6015479523816091
8854,0.1978159315203029,0.5976227379377416
8855,0.19160741039119447,0.5990294573446692
8856,0.1832789527801787,0.5966633169425967
8857,0.1862363629493614,0.6071543179502112
8858,0.18628600344568022,0.6101195842254793
8859,0.18947544849407455,0.6050917196743859
8860,0.18693811397011714,0.6023937041666356
8861,0.18674817915480052,0.6060003114030327
8862,0.1837857357025505,0.6044275305145811
8863,0.19562890092956356,0.5931778528062975
8864,0.1893214611751666,0.5906331549461756
8865,0.17854569598329875,0.6102587689856382
8866,0.18413384421478893,0.6115401141667192
8867,0.18623185086220576,0.6001612640569863
8868,0.18682277426430122,0.6049890102303477
8869,0.19784237520964953,0.5970177510588439
8870,0.19020149746301093,0.5961662408497328
8871,0.17465688065152735,0.6164248442491346
8872,0.1751607857835059,0.6066463863958884
8873,0.18814414841983954,0.6004498742712934
8874,0.16710893714401495,0.6242405548028099
8875,0.18263545754995647,0.6131101219304227
8876,0.18825317413814358,0.6036706126850923
8877,0.17272185817438013,0.6190959743024851
8878,0.1848063617038861,0.6003121016427235
8879,0.1908654194703745,0.6103446771689964
8880,0.1856580558009481,0.5996797210848016
8881,0.19055398682550762,0.593995692404215
8882,0.20447152098257468,0.5891755317722867
8883,0.1877941946696322,0.6020389681032942
8884,0.18636805727710787,0.6078437468353283
8885,0.1753501154187381,0.61828735077843
8886,0.19638061288675798,0.5891916802934525
8887,0.18494887522510645,0.5990528809483481
8888,0.17791940005873264,0.6089483500756716
8889,0.19112776048496466,0.6009829159096355
8890,0.18584635274402073,0.6007692867914934
8891,0.18554924624517846,0.6091399655192693
8892,0.19276559216263747,0.6096337830105831
8893,0.19857548074220166,0.5916441448384845
8894,0.19593250694080094,0.5946369181049109
8895,0.17826236685802932,0.6019311775405778
8896,0.17939422069659752,0.6169867730550586
8897,0.1787331808196436,0.6022649150788316
8898,0.1963459619697929,0.5989555290535816
8899,0.19468241030761077,0.6019641165697652
8900,0.1900827771498854,0.598484879189361
8901,0.19119356532575169,0.6028398624811842
8902,0.18600585825238752,0.598537913153985
8903,0.18851775374987553,0.6070745642600278
8904,0.16914394847458247,0.6141786121997176
8905,0.17838647071755304,0.6067141992472983
8906,0.18292325460992073,0.6091311848149478
8907,0.17952955407731705,0.6054085290798754
8908,0.1903818756799451,0.5997257130590354
8909,0.1904279275555852,0.6066161253339462
8910,0.19336804674266692,0.6000288910103402
8911,0.19074485992538193,0.6055418834184371
8912,0.186767482026446,0.6047736433865146
8913,0.1832719744451648,0.5992402863081743
8914,0.1876321295466472,0.6095697476562786
8915,0.18128341246620433,0.608513879280486
8916,0.1924987859455913,0.6028706123752952
8917,0.18356731040537214,0.6091288014727456
8918,0.19928387845560244,0.5881440988516499
8919,0.1989157521493771,0.5885965563116932
8920,0.18906874463972292,0.6005822630656069
8921,0.18639735579121727,0.6001307371783413
8922,0.18412440532649305,0.5996149290809251
8923,0.18986721030555442,0.5946049475496357
8924,0.182983127468394,0.6094808130325678
8925,0.18440346940739727,0.6101955032022491
8926,0.1874498833737999,0.6072846857159908
8927,0.18527681666391604,0.604904660804122
8928,0.18617400644684964,0.5998229688906483
8929,0.1919429553414997,0.5993991066230294
8930,0.18069619956889926,0.614992091079646
8931,0.17101771824625184,0.6162067892221292
8932,0.18047929856238912,0.6064553360677336
8933,0.18025345202821358,0.6047434101642174
8934,0.19139332360286285,0.6001431225766471
8935,0.1953274152466981,0.5931563828226089
8936,0.18912690415126399,0.599725020355067
8937,0.17957633312849933,0.6118016106814155
8938,0.1926970615684767,0.6005991479350555
8939,0.1972131827866799,0.5971383372326095
8940,0.1821236117359253,0.6068480853739684
8941,0.18589212189695442,0.5907171269876024
8942,0.17962510225285555,0.6072511172310618
8943,0.1802781979045517,0.6127333601489244
8944,0.18504459706989126,0.6090704061510271
8945,0.18116548792220746,0.6073449879169113
8946,0.1912641695987489,0.5979799988677923
8947,0.17608078114882805,0.6124735945271658
8948,0.18766117134641228,0.5971588668904418
8949,0.1851092807974227,0.6041145250953025
8950,0.19293834895865425,0.608026691423566
8951,0.18071548676010998,0.6000277690120209
8952,0.18798837638030233,0.6081560426370378
8953,0.19987706146814968,0.589520834265296
8954,0.18923983258176402,0.6052245841418034
8955,0.19330065381423345,0.5979372635119856
8956,0.17641940229288797,0.6155133170751048
8957,0.19019653676394144,0.5941710941940542
8958,0.19964820775939118,0.5960073672194833
8959,0.18963996630271374,0.6028809188112121
8960,0.19826308137144663,0.599650538254483
8961,0.18953859774425344,0.6016483228470011
8962,0.19524758169473946,0.5987224899375948
8963,0.17905009528592525,0.6125126420687552
8964,0.18934102676307094,0.601057281261691
8965,0.19209636872712849,0.5948225235411428
8966,0.18490325940183056,0.5981883389556718
8967,0.19053827947701144,0.6043556899643652
8968,0.19789902751664598,0.5954689904936054
8969,0.1936570062581459,0.6026180923740163
8970,0.17917678613467763,0.6052349003811124
8971,0.1804255579311509,0.6094475390778316
8972,0.19302150132984291,0.5979950566860621
8973,0.17559721280871185,0.5997487063041397
8974,0.18858426020520436,0.6019407355129642
8975,0.18279925005634864,0.5998671676795277
8976,0.19275459696185904,0.6033088314300489
8977,0.18862630765489186,0.6075957347516918
8978,0.19661171160980617,0.6001851412578166
8979,0.1838303038300668,0.6044649090804873
8980,0.1881587966931586,0.6030689575482371
8981,0.18126181107675368,0.6056859656693258
8982,0.1862026329782708,0.6086807365682
8983,0.17513141482969044,0.6219687354797568
8984,0.1859988470750657,0.6097105259524378
8985,0.19458494756693254,0.6013925021490125
8986,0.179472888999428,0.6027267888470894
8987,0.1921615555119332,0.595051881788414
8988,0.19109238982156523,0.5975004071849478
8989,0.1958446027455814,0.5944312244031411
8990,0.21154400500702103,0.588676201765766
8991,0.18654110106693497,0.5966599291681732
8992,0.19636400326425238,0.5960438512225539
8993,0.18630147373492423,0.6120456120020376
8994,0.18697801339083087,0.6019284764602356
8995,0.19053943546978902,0.6015103592743376
8996,0.17518393488864809,0.6171675088548395
8997,0.1865080038734324,0.6079013589541347
8998,0.18254278115145525,0.6219393537583393
8999,0.18542376239800704,0.6084932677074174
9000,0.18128158764008548,0.6084381902509498
9001,0.1818224836567116,0.6049061991554834
9002,0.18486297160503448,0.5905348200354567
9003,0.19492632441937865,0.5985728067578178
9004,0.19668407736377813,0.5913664512151487
9005,0.181876331331778,0.6030427819386326
9006,0.1864674679405781,0.6038858751254534
9007,0.1746680677970116,0.597861242620618
9008,0.18214043283859072,0.604347870674914
9009,0.18401922336534515,0.6035242063625827
9010,0.1954965586265239,0.5985655395357319
9011,0.1847675825075968,0.6102259547987
9012,0.18751503806368494,0.5982033393702149
9013,0.18420212603128328,0.6085157414321615
9014,0.18642670958657556,0.6047129939177206
9015,0.19510674274511203,0.5974351675786141
9016,0.1918599081579406,0.5863863752795442
9017,0.19816392856113774,0.5931777072697381
9018,0.19818035693663427,0.5938379600670076
9019,0.1715274970276503,0.6159050843384886
9020,0.1823663881404061,0.6089345945236148
9021,0.1880733203065503,0.5963161282836749
9022,0.18894709412280739,0.6047711352255194
9023,0.1895116291010526,0.5982899725942746
9024,0.19325767203917357,0.5939130787136063
9025,0.17676181665748042,0.6128607338148532
9026,0.18672795417094376,0.6027980237486773
9027,0.18768341552446635,0.6123888388005966
9028,0.18715967680080636,0.5992321772022681
9029,0.18065630913326577,0.6086862021679973
9030,0.18323950329501815,0.5998443161313046
9031,0.19114639660333052,0.5994266227739068
9032,0.18714585657226251,0.597058968976397
9033,0.1913394467417896,0.6023583159446373
9034,0.18417176532692564,0.6086604217462424
9035,0.1825793402543315,0.6094860628362745
9036,0.20370216005640235,0.5943017461300469
9037,0.19444210149883748,0.5943401149668798
9038,0.186850935413662,0.5983729205796382
9039,0.19810355406293687,0.598143271747985
9040,0.19371731133924291,0.602383790888241
9041,0.19019028778362904,0.5984240462839048
9042,0.17759487549089517,0.6055298618662784
9043,0.18343793375434217,0.6053526080615704
9044,0.20202288407193297,0.5963899596000591
9045,0.1874897192121863,0.6019102380623464
9046,0.18764920781263947,0.6098996236202139
9047,0.18953102725691634,0.6057589385227743
9048,0.1887660213069597,0.611165304363166
9049,0.18029635862443893,0.6082957544946401
9050,0.18332079137711962,0.6002470706039261
9051,0.18946280413053657,0.6037689086496549
9052,0.18971633839162266,0.5941464409516389
9053,0.19033730660052545,0.603094068868252
9054,0.18728905645261282,0.5945935807929067
9055,0.18817125286161845,0.5908809377811244
9056,0.1875339683169671,0.60683379475465
9057,0.18223197136094513,0.6065924571928722
9058,0.18291216638017715,0.6052226235780918
9059,0.18613425618806553,0.6107651405816849
9060,0.18584697107026935,0.5939158007448387
9061,0.195375372124347,0.5984188068798593
9062,0.17874948275037056,0.6101851843022666
9063,0.18865855060123266,0.606295249762718
9064,0.18356642574970627,0.5981600338817342
9065,0.19250445042445524,0.5870844331834287
9066,0.19282259709660307,0.6076178986292278
9067,0.18270558182041438,0.6065167793143988
9068,0.1952536175853812,0.596251556551695
9069,0.17039132708183163,0.6081661640665169
9070,0.18753893485459674,0.601488991767917
9071,0.19814055447414394,0.6016780745818058
9072,0.19953450415586696,0.5917748634893987
9073,0.2028141965283869,0.5941000078654204
9074,0.1948304134729984,0.5939203253047528
9075,0.18963652781988433,0.6089257686621194
9076,0.18360175759066685,0.6122346807177426
9077,0.17864940950668998,0.6085665608105757
9078,0.18254631320892273,0.6052944302026099
9079,0.18571372005220863,0.6052177697649403
9080,0.1788363228585399,0.612635354088974
9081,0.18025430917901722,0.6069593753694691
9082,0.2009076749866576,0.5919185285803059
9083,0.17358655863867722,0.6136078589982722
9084,0.1781537476126186,0.6043313586763678
9085,0.17804527183201768,0.603798156598509
9086,0.17879620808579916,0.6053300714304762
9087,0.18605922229513833,0.615332599282034
9088,0.19360743539232078,0.6096997143995264
9089,0.18537268520986383,0.6065856688583351
9090,0.18747891253304677,0.5953875183359703
9091,0.1879622082689003,0.5832966897181926
9092,0.18543568543115044,0.6000553836416966
9093,0.17683116272514887,0.6047511103632791
9094,0.18297831460166986,0.6107895574914657
9095,0.1958165525569814,0.6057012846321518
9096,0.18280257234210257,0.613534909698967
9097,0.19658348147024923,0.6032577748634265
9098,0.18771122767146314,0.601652097035613
9099,0.19236680959726776,0.5995966626938081
9100,0.17977605773099384,0.6067481080978305
9101,0.20218377298366455,0.590201800516473
9102,0.1963894220568442,0.5983566770292705
9103,0.19383573889571704,0.6030625192564715
9104,0.19234021440509624,0.5994487273154807
9105,0.19817025130418608,0.5968802760051684
9106,0.1874910794849102,0.6058270171599506
9107,0.18344931352526322,0.6070558911884127
9108,0.18810021043505562,0.6061223335160039
9109,0.19257103685634736,0.5963725257677648
9110,0.1947580761782717,0.5995714177592953
9111,0.19170296183625798,0.5995484314426319
9112,0.1931520774611447,0.5953026470237253
9113,0.1773218357408341,0.6032390381377686
9114,0.19690522446057923,0.5954928054107104
9115,0.18399512595424417,0.609393799566414
9116,0.18418647606794214,0.6047740696310311
9117,0.19206378725978798,0.6014022853847839
9118,0.18727599999484026,0.6048269961211803
9119,0.17714333664775658,0.6116749926947948
9120,0.18922141583464616,0.5994024210929806
9121,0.1915830818496308,0.5982899508002594
9122,0.1783431234162281,0.6047363429775813
9123,0.18418153169094556,0.6066986519506143
9124,0.18965366821698298,0.6070292486383518
9125,0.19575098959388576,0.5942757101073213
9126,0.1939969023287148,0.5957553950153996
9127,0.1848971790293077,0.600992381672493
9128,0.18756899892185872,0.6011652681094605
9129,0.1850590503891466,0.6033465005621719
9130,0.20192918409643903,0.5925072933135614
9131,0.19493032466013235,0.5987095560198423
9132,0.19930955842184134,0.589526038432894
9133,0.19438901492978614,0.6043288631668168
9134,0.18295120172338064,0.6095341722591683
9135,0.19675979278131842,0.6027739210828373
9136,0.18946411830309082,0.5996016168908392
9137,0.19420202198694994,0.5971104617724888
9138,0.1808276131424759,0.6089061672230834
9139,0.19653260143302625,0.5871422454338614
9140,0.1874646220232126,0.6043723461874171
9141,0.19026815568005223,0.5903535099287164
9142,0.196212527775198,0.6009986937749947
9143,0.18141551684232127,0.6129804604599093
9144,0.18237117996165852,0.6124136794761899
9145,0.18204722214659105,0.6097873291429391
9146,0.1760436800994664,0.6091184332361971
9147,0.19604674741361944,0.5882960072186855
9148,0.18747301984143028,0.6034634263320742
9149,0.19068931327377892,0.6048773643922254
9150,0.19211913338348002,0.5983577224369749
9151,0.18691317093040402,0.5992683567329926
9152,0.17482037344491336,0.6289660259756978
9153,0.19072303540637342,0.5948391236906366
9154,0.1870888278453583,0.6068109083641149
9155,0.19508779977078608,0.5936670691972515
9156,0.1877962168142994,0.5977622744641367
9157,0.19558020937682424,0.604118357924662
9158,0.19058938812683732,0.6037634750178928
9159,0.18712883694016338,0.6058331102053337
9160,0.1906876263142108,0.6073150265886654
9161,0.18422059562029147,0.6102250535929489
9162,0.19096150492062403,0.5999391343634064
9163,0.18949392942733856,0.596098807447121
9164,0.1863802160969005,0.6049183669266007
9165,0.18055239620503505,0.6016345809737551
9166,0.18018523976438947,0.6045130639799179
9167,0.18654128283732063,0.6070078404853406
9168,0.19058928155385574,0.6044048434875658
9169,0.1922636036916139,0.6059684890757365
9170,0.1846083886944796,0.6087726554243296
9171,0.18986827290897257,0.5995135865881549
9172,0.19550228174309742,0.5944582223969791
9173,0.19742794037865072,0.5936899220212917
9174,0.2038237556557298,0.5927395383677753
9175,0.20050288919270615,0.592557269203479
9176,0.17875648080794634,0.6146274617819957
9177,0.19112918177201224,0.5922725246040869
9178,0.19129750892664218,0.605458758316851
9179,0.17652531980195446,0.6156585325588547
9180,0.18210047388205824,0.6035709932103873
9181,0.19915069709825178,0.5988249904574984
9182,0.18991200369034708,0.603548088587184
9183,0.17993756295950047,0.5942379658040868
9184,0.1870836396269575,0.5989326042572668
9185,0.20040460725003587,0.59149842798282
9186,0.19612942283832632,0.6020536371572431
9187,0.1770009010913091,0.6064737580954785
9188,0.1916690977392946,0.6028340329378574
9189,0.18953961123879146,0.5947418167097914
9190,0.19886951776091266,0.5954760730237209
9191,0.18750046773981827,0.6104755262562618
9192,0.18246063232864695,0.6023114710970183
9193,0.19109925399189656,0.5984484738343195
9194,0.18088521663453394,0.5975564572788503
9195,0.1853707306434878,0.5965980506006746
9196,0.18589444679371395,0.5950590214211436
9197,0.18543016758164566,0.6048013161931194
9198,0.18995737841550217,0.598874019332328
9199,0.1971982506348571,0.5971124755245191
9200,0.1887322190129132,0.5949206823019012
9201,0.19042167397966625,0.5979749575074933
9202,0.1709921563872118,0.6031013695915164
9203,0.17760770496617637,0.6150990138385768
9204,0.18979871485664718,0.5970736216594896
9205,0.1723113284593861,0.6203015775541343
9206,0.18876790508632146,0.6061790609442578
9207,0.18523917728377048,0.605137008756571
9208,0.1866848325916624,0.6002435150423221
9209,0.18893357599930766,0.5985280949859504
9210,0.18849907762549403,0.6048677266941302
9211,0.1891327996415251,0.5902936826472437
9212,0.18366081279011687,0.6127915958032769
9213,0.20077567881033226,0.5914372456951236
9214,0.18860734038354246,0.6011309524356244
9215,0.18865256337913933,0.5989100251093655
9216,0.1799895739220473,0.6090509922511123
9217,0.19174466831128004,0.5928775052027447
9218,0.19291357946839974,0.5901638424502859
9219,0.18681320130327997,0.60127180562282
9220,0.17928852842247664,0.6053983468883618
9221,0.1812159778256064,0.6052794707760627
9222,0.18874381671527402,0.6006687946039667
9223,0.18994943910617412,0.6053398054439948
9224,0.18325920698302736,0.6085254961172221
9225,0.17777651404109007,0.6020489909155211
9226,0.18953626557180356,0.6008921265873145
9227,0.18898570352818547,0.6059876838566877
9228,0.18973208726679353,0.6025677908322095
9229,0.19461868967230855,0.5939218857904057
9230,0.18747683965428358,0.5992660412647034
9231,0.19525529161131608,0.5890363932774962
9232,0.17690392733869378,0.608046275370449
9233,0.18871286199402168,0.6053928398472473
9234,0.19117591692072947,0.5883433030136191
9235,0.17976668389896455,0.6042810547604992
9236,0.17656865773753624,0.6155070154047488
9237,0.17907492976350164,0.6021460067145079
9238,0.18058495551125245,0.6089286438341844
9239,0.18152944730115197,0.6161386628820984
9240,0.17134203085711025,0.621121494182204
9241,0.17693454508271558,0.6132210345523832
9242,0.20395900380462403,0.5954028637251405
9243,0.20145374160844326,0.5914013175067855
9244,0.18173699953229674,0.6104158497844482
9245,0.17888395975454272,0.6090544401268024
9246,0.18363615911326533,0.6077830334473435
9247,0.17587351449822838,0.6063099220959571
9248,0.19176431466219848,0.6010734900154272
9249,0.18916937754208626,0.6046937049986276
9250,0.19248880342235755,0.5989250083104183
9251,0.1801961147305058,0.6071969596910672
9252,0.18519239611388338,0.5963924212626054
9253,0.19313485116680967,0.6003026843559881
9254,0.1905945659233244,0.5953719890981096
9255,0.1944032509363844,0.6002796222350357
9256,0.1942214650747361,0.5947157773663118
9257,0.18561025904922293,0.6084822819282244
9258,0.20288607219842245,0.5845491894868486
9259,0.18993212526789213,0.5964230628072361
9260,0.19087108564848373,0.6082126010121448
9261,0.1793345382523304,0.6072208698929592
9262,0.1889689074150794,0.5908261501619461
9263,0.20073572094151784,0.5982699457575803
9264,0.18828356654288264,0.6051437057356472
9265,0.18461815658929087,0.5995499383110529
9266,0.18064271119836015,0.6088941566493133
9267,0.17959083965634495,0.6075463863081384
9268,0.18764558361088676,0.6056586150159106
9269,0.1887664503090651,0.6073447199678528
9270,0.19323933148539807,0.5960684513709487
9271,0.19026343689299188,0.6063594608244834
9272,0.19758206584158317,0.5916104967544478
9273,0.172098221655717,0.6002183250100421
9274,0.19486389644625696,0.5929798144182141
9275,0.18487631551773148,0.6062620025320037
9276,0.19984776807019952,0.594752076692316
9277,0.18571154475585772,0.6033204565473288
9278,0.18333730205997942,0.6137040847076837
9279,0.19546955096427648,0.6064616230007093
9280,0.18680032918909995,0.6029399792816191
9281,0.18600898787164646,0.6109172313380214
9282,0.19347435450912795,0.6066452355796331
9283,0.1850875886905792,0.5966161829324508
9284,0.19048979281516912,0.6072290331350982
9285,0.18322552861285332,0.6043858488258784
9286,0.18319056880104573,0.6082636151139923
9287,0.18088461981945528,0.6055493060589288
9288,0.19566993237290226,0.5904275166592915
9289,0.1886406753330032,0.6057732195807035
9290,0.18155429335866344,0.6056939916074839
9291,0.18156680184924356,0.5962738204607254
9292,0.17291419706146538,0.616771525111199
9293,0.17897631326286254,0.6026488217059105
9294,0.192904467957549,0.6045628349245294
9295,0.19199422955934786,0.6049169046214843
9296,0.17965421697180206,0.6124991651750437
9297,0.19132866452369013,0.6060687257879014
9298,0.1954905619689438,0.5967946856739847
9299,0.1676551373209128,0.6144580400699691
9300,0.18687298638825836,0.5971127398506582
9301,0.1834401014015118,0.6091979154498143
9302,0.19798115394202562,0.6023894579990897
9303,0.18691065479067578,0.6084678368865108
9304,0.2026486035037442,0.5992931037214628
9305,0.17687911152249094,0.6131490685381266
9306,0.19177996630699864,0.601476912851506
9307,0.19799341424117672,0.5930123597099487
9308,0.19026964868747848,0.5973461665869523
9309,0.19007677964109876,0.596858986485397
9310,0.18918445304896533,0.5976401993112602
9311,0.19144409587514594,0.598748725162033
9312,0.1877073241849434,0.6050475821735095
9313,0.18789141518013544,0.6066966947721928
9314,0.1871496274617662,0.6039886140298767
9315,0.18030184086847698,0.6079774074459638
9316,0.18452996305232633,0.5966158840404303
9317,0.17167780908352723,0.6173518003505623
9318,0.1820086915644645,0.6088293206245807
9319,0.18501160671741063,0.6130259004069943
9320,0.18904774139120115,0.5972528575644178
9321,0.18609207938830427,0.6083375280405747
9322,0.19010668044050538,0.598953992338695
9323,0.18305605561608856,0.6046397267278563
9324,0.19960974549489624,0.5965340597629541
9325,0.1840623835620901,0.6011998134196075
9326,0.17434192675729693,0.6224495513138972
9327,0.19724364565463098,0.593160322712819
9328,0.1850363392336296,0.6023845693315488
9329,0.18296863022840232,0.6107498047853724
9330,0.1901627753640664,0.6008485671499196
9331,0.19189426601433393,0.5988135373950262
9332,0.17894040562104546,0.6000837226934508
9333,0.1951275409491798,0.6007541121072427
9334,0.19481230128671403,0.5931966458778685
9335,0.18575426592341415,0.6096374501717946
9336,0.18384277362981724,0.6063501190040276
9337,0.1920186257535002,0.6018841886579297
9338,0.1920887378474512,0.6031694045277706
9339,0.19223352219128165,0.6050168638264746
9340,0.18088897793015113,0.6146805087994459
9341,0.18646351582297807,0.6039136775555436
9342,0.1931131074425746,0.595085139274241
9343,0.18982961766655368,0.6121204984460457
9344,0.19453834493728023,0.5863343030944057
9345,0.19528427675171944,0.6023913826335789
9346,0.17976047191433753,0.6070245704721247
9347,0.18876356031189448,0.6006026754575443
9348,0.18667585409785079,0.6006057640160861
9349,0.16556021149996913,0.6213200448875114
9350,0.1896949240470007,0.604314516227013
9351,0.18472692715429145,0.6037038208548687
9352,0.19032955856450579,0.5999874477009974
9353,0.17865803154338064,0.608775993829364
9354,0.19054847865104937,0.60478131177353
9355,0.1812236605480002,0.6000780736116508
9356,0.18509328327177865,0.6095075114935862
9357,0.1885948016203228,0.5973125655618357
9358,0.19786985509337135,0.5935884833358887
9359,0.18196112861163283,0.6043435562766913
9360,0.1905788495270253,0.5939140972500732
9361,0.18587538800353282,0.602379127488902
9362,0.1882744785436331,0.6008417425492073
9363,0.18621549151384115,0.5998790361542903
9364,0.1806470247769294,0.6090250376188817
9365,0.2088756217788736,0.5921033399253621
9366,0.1799996319977818,0.6064814154577683
9367,0.17944840248932706,0.592655396191309
9368,0.18569644471277208,0.6008566631181954
9369,0.19635202933836812,0.5971224157071694
9370,0.17358762843673942,0.6114679504911826
9371,0.17992498315832636,0.6154448863898775
9372,0.16928545767747055,0.6158491643843094
9373,0.17678335079713145,0.6100469167520425
9374,0.19574709323521564,0.5940305523758503
9375,0.19317660503280512,0.591882233489596
9376,0.20229737319914406,0.5858867196348283
9377,0.18557264679226018,0.612309897358225
9378,0.18715009991827428,0.6096202998072691
9379,0.18763553274684536,0.6087493371476762
9380,0.18210247956925182,0.6079889687656921
9381,0.1754857102369362,0.6168883428548984
9382,0.181767710528491,0.6041888856708231
9383,0.19256775059929906,0.5991225630339659
9384,0.18629119571730413,0.6038723963589399
9385,0.1930776840170237,0.5976280726620066
9386,0.18702925091280406,0.6015537440808846
9387,0.18505202291566988,0.6063580211776527
9388,0.19122420012620653,0.6033933503552041
9389,0.18359513443050018,0.6063546756276275
9390,0.1800498010138791,0.6098342713230213
9391,0.19230988714163244,0.6031931847970986
9392,0.1988887538158436,0.5984434379288281
9393,0.18576837033635368,0.6078498186806311
9394,0.19537625528420088,0.5905546021005692
9395,0.19118517829529594,0.606333336991855
9396,0.19074863746651113,0.5938930461719704
9397,0.18501017081769164,0.6027812305426539
9398,0.19067202473252104,0.6080061074599943
9399,0.17594014344822048,0.6096793296625506
9400,0.17451723769297783,0.608478598268342
9401,0.18181250873660915,0.6085820203155444
9402,0.17875307584335076,0.6036508470588696
9403,0.19690769132563113,0.5935440705923946
9404,0.18499721850044734,0.6069923694561848
9405,0.19455471731442495,0.5819791377752433
9406,0.18639327145756596,0.5991610444499198
9407,0.1923588537094476,0.5943084640369165
9408,0.18744946983785762,0.5979463678063097
9409,0.18096091813246068,0.6067287064507574
9410,0.1937112853261122,0.60375719452402
9411,0.19772503374793993,0.6019712652117247
9412,0.1948263801908633,0.5956855375472484
9413,0.1858621002913013,0.593938403779512
9414,0.18739662548012906,0.6061231719965934
9415,0.1830398632381886,0.6032048345868807
9416,0.18968099138149785,0.6046728978073709
9417,0.19309489321025256,0.5967543712789468
9418,0.17566152164990884,0.6132716338020758
9419,0.194904231053,0.5952880348354199
9420,0.19042966291842894,0.5996789947721429
9421,0.1908216316961007,0.5920655601478148
9422,0.18346078972026875,0.5980621865869458
9423,0.18666611356059581,0.6002854552813748
9424,0.18631185430432973,0.5971593548465393
9425,0.1990109047872101,0.5944472823288093
9426,0.18547133681417505,0.6076465941527722
9427,0.19025371854503034,0.6041187816519638
9428,0.1797205317298152,0.6132141582209263
9429,0.18856581211738851,0.5993444584648937
9430,0.1938018153613794,0.5993821505002108
9431,0.1812237577326828,0.5970337584247246
9432,0.17644045153778207,0.6096898617004929
9433,0.1767992174411535,0.6136919736133555
9434,0.19337367899073107,0.6028040257197775
9435,0.18719958505746898,0.595213126973982
9436,0.19620363667317214,0.6004971394300145
9437,0.19751848686907464,0.5918111180092644
9438,0.18704538619781647,0.6043042279258766
9439,0.18301986534309966,0.6058706272914429
9440,0.19013863056154096,0.6036734706819513
9441,0.19081044226371355,0.6002249736279356
9442,0.18037308301100274,0.6081546335819384
9443,0.18423198181341488,0.6008261060016802
9444,0.1997631723281532,0.590268081792854
9445,0.1711918894210877,0.6205337942355715
9446,0.19073222467647602,0.5973363180080627
9447,0.19350503232588556,0.5964525389515543
9448,0.18305852292759187,0.6108446408399475
9449,0.19460396259115859,0.5980719245138866
9450,0.178813781174787,0.6122623239426873
9451,0.1835071455305804,0.6026978944272137
9452,0.17419658935295163,0.6024875255007643
9453,0.1858553385442794,0.5952517313628045
9454,0.20541520793950774,0.5790848897446648
9455,0.18738487803483772,0.6018609937878846
9456,0.18503004109623353,0.6128357500994156
9457,0.18082518949923804,0.6077987602956331
9458,0.19770021874355817,0.6047216728870152
9459,0.18703375160362914,0.6020803153165043
9460,0.17542174372901315,0.6176168104122278
9461,0.2013190790446868,0.5992118610733309
9462,0.19328921224807008,0.5989657636057288
9463,0.19448155400912057,0.599244765681405
9464,0.19664025966395418,0.5888922810939567
9465,0.18714502549224746,0.5960388112017834
9466,0.18548422121866753,0.5952089594018669
9467,0.19344650446662967,0.599159438932678
9468,0.19017497607612044,0.5978889839285336
9469,0.19307412305977492,0.5986036767732889
9470,0.183338325910471,0.6053567280453692
9471,0.19288179403424321,0.5941110718497155
9472,0.18880992188645693,0.6061441281865215
9473,0.18466400067851055,0.6037229926621812
9474,0.19493624821452946,0.5967981473214361
9475,0.17225040794901428,0.6081369932557135
9476,0.19013690442032471,0.6073966709121625
9477,0.18760859656615048,0.5995837549952626
9478,0.17264606776562708,0.6022670298469849
9479,0.19138354389401382,0.6014170147528484
9480,0.19052062192216668,0.6058537603611887
9481,0.2008198080306782,0.6005957145213517
9482,0.20100513510277015,0.5996691481664812
9483,0.20233048936944276,0.6003782958566337
9484,0.19308292397285814,0.6093679178452592
9485,0.18884618892610197,0.6039391815779115
9486,0.18943341708589792,0.598794754976163
9487,0.1998311206857878,0.5882875241058156
9488,0.1861903881879914,0.6094523132700281
9489,0.1894151849224619,0.5914813274797293
9490,0.19454414687826946,0.5909868375159822
9491,0.19116522186663,0.6052066112122957
9492,0.19536079479013785,0.5984289164893561
9493,0.18392286173195702,0.5973154334785687
9494,0.18958366501692583,0.6016799276411262
9495,0.1967572892385775,0.5922013634451552
9496,0.20140624714808955,0.5863412591982639
9497,0.18517154864326987,0.5998702835115827
9498,0.19130663756558236,0.6099028587327853
9499,0.17791575243868044,0.5968342022547576
9500,0.19249052914918358,0.5967095994855734
9501,0.19277523049459985,0.5887999604592938
9502,0.17673136499645606,0.6117109737222122
9503,0.1850531332436977,0.6114706056515576
9504,0.1824262901747383,0.6063278531807201
9505,0.1947957736095517,0.6008864633269625
9506,0.1851220002389609,0.6093470462525447
9507,0.18926524376640802,0.6028846757657236
9508,0.19261336640361537,0.604177495637016
9509,0.1819933369527356,0.6021982308476422
9510,0.1960103772105543,0.6001337966257065
9511,0.19692838000840607,0.5887548533195615
9512,0.18691882631660617,0.5933079265078675
9513,0.1849525766067966,0.6121127584564282
9514,0.17868740108569348,0.6073313057205791
9515,0.19323489567736732,0.5929139584109921
9516,0.19528901986407562,0.588458883852753
9517,0.19019650319534318,0.598124699705673
9518,0.18885142396398868,0.6117413015732696
9519,0.18626172755493978,0.6031828631433199
9520,0.19204034890108082,0.5959253472520007
9521,0.1888193542241555,0.5992881313102751
9522,0.1783805280362386,0.6088299410388303
9523,0.21111608319585753,0.5790180772989296
9524,0.1810391143064218,0.6084927482741952
9525,0.1780371782887562,0.6174225544562747
9526,0.19161298596030232,0.5933369312558869
9527,0.1902782757130458,0.6004017140328746
9528,0.1903514430596753,0.6051078439350329
9529,0.1878340132102959,0.5994808765296082
9530,0.19368063473287936,0.5951281235552766
9531,0.19355541989573907,0.602884110932999
9532,0.1730802194950023,0.6053544187236791
9533,0.1840069919131914,0.6102186696974541
9534,0.19349721065355852,0.596894881792432
9535,0.17801785604327153,0.6102087958718806
9536,0.18836628806442562,0.6073269910178422
9537,0.18517083138642923,0.6094084638985372
9538,0.18580530764065767,0.6202888087637463
9539,0.1840912199666082,0.6047546515296407
9540,0.19210100045786968,0.6009513469920218
9541,0.1871203055551505,0.5964820620267515
9542,0.18906421465816506,0.6095386272921762
9543,0.18749370857926065,0.6070634472919896
9544,0.18205009737812425,0.6126570276341995
9545,0.18484199963275647,0.6009601307633642
9546,0.1920012003585818,0.5945237686149154
9547,0.19000414924114756,0.591278300364005
9548,0.19506190478042412,0.5889854478373876
9549,0.18226977020371882,0.6125817855153318
9550,0.1835713393336369,0.6099952315167978
9551,0.1900552007876375,0.6037808631025178
9552,0.18832118085044894,0.5975860871460869
9553,0.18604551587915577,0.6011673018953071
9554,0.18585243517731925,0.6032383170084931
9555,0.1874813071295056,0.5968453369039156
9556,0.18811853585691626,0.6017037951122945
9557,0.19191042581451304,0.6030437956488893
9558,0.18253255409981767,0.6026861173394045
9559,0.18099101224386963,0.6120211390951616
9560,0.19692778218263338,0.5843479627110857
9561,0.178450739730462,0.6013726978042991
9562,0.19677636750502664,0.601443414428951
9563,0.19662657431453984,0.5953194280452936
9564,0.17527299587486944,0.6066849460888567
9565,0.19188557834616937,0.601679308919329
9566,0.18230681057885892,0.6146819709820169
9567,0.19589333234006656,0.591858893526048
9568,0.20227590899007264,0.5879515571802153
9569,0.18549916155842947,0.6063614707968471
9570,0.1871902916377187,0.6113757703296523
9571,0.19346058826094528,0.5883519550545034
9572,0.19365108112513946,0.5906860474628065
9573,0.18965040337719286,0.5962473786479746
9574,0.18915226367642096,0.6026573163650469
9575,0.18536795943359696,0.5942917733049706
9576,0.19028818052982985,0.597220766946138
9577,0.19827652472092205,0.584744847558551
9578,0.19843662950113067,0.5850347138436935
9579,0.18792979986134262,0.5968567320783792
9580,0.19327755595383642,0.5881053451589664
9581,0.19027450267702678,0.6005598246226623
9582,0.19149283722651214,0.6032967186658825
9583,0.1898948934360203,0.6056590108931561
9584,0.20467730424825986,0.5953387937797419
9585,0.19598112584910515,0.5980227945514431
9586,0.1936002913715049,0.5981831815976509
9587,0.1863702910662759,0.6016922288138337
9588,0.1858017113305041,0.6066242925603594
9589,0.18677280351202533,0.6061380163144686
9590,0.1853284325815989,0.6082995122387871
9591,0.1912579446844591,0.5994890471398363
9592,0.1954170208290367,0.5995679478896042
9593,0.18494136368084524,0.6024653850358671
9594,0.178562872698235,0.6128008037261489
9595,0.18888797257331028,0.5996968222099716
9596,0.18528250575973196,0.6000164149139396
9597,0.1722120374807856,0.6139048420880175
9598,0.18278861623979964,0.6063606575157586
9599,0.1807831887330591,0.5992302446651213
9600,0.19733397354245924,0.5911193496100063
9601,0.18788319072367557,0.5917035275430484
9602,0.18665482774426287,0.6022266826648854
9603,0.1826824594274218,0.6098233894302705
9604,0.19734402510118518,0.6029202354580517
9605,0.19313650812585212,0.5986165374678545
9606,0.18227666109924742,0.6103358101072733
9607,0.17726105755535104,0.6118412824535313
9608,0.20048655642344737,0.5923595267413828
9609,0.20305207115689097,0.591330171751298
9610,0.18832454952518943,0.6013168108628997
9611,0.1930984340578903,0.597907304392271
9612,0.18324677663975908,0.6074018075691493
9613,0.1889587554255602,0.6025267935361635
9614,0.2002129165269328,0.5926000029906086
9615,0.1931443097690738,0.594339006396172
9616,0.18846072702150543,0.6025989875535511
9617,0.1908383882850951,0.6035011790805807
9618,0.17938910357023655,0.6127680336654872
9619,0.17889620961308822,0.5881379729556203
9620,0.18193549760400698,0.5984187416132168
9621,0.1932653594899918,0.6037225654872275
9622,0.18260139575063267,0.609739206671243
9623,0.18554365335922146,0.6096945274310315
9624,0.1885394464685276,0.6046980250350468
9625,0.17890723806014275,0.6106927859408752
9626,0.191370794806694,0.5955513474396583
9627,0.19236810893708098,0.5918683753856171
9628,0.19951947949307575,0.59090222838867
9629,0.17514750639507223,0.6133877551070294
9630,0.18529027177999688,0.6060896395732969
9631,0.19908383418895798,0.5916167545800256
9632,0.1809792873228299,0.6002112963941052
9633,0.17826615753512945,0.6054083291598759
9634,0.19054949816796715,0.6038128938401808
9635,0.19189915005601632,0.5972322387736566
9636,0.18501153661255332,0.6071176468088126
9637,0.17333039683745063,0.6081413127222074
9638,0.19140559800513923,0.5937445326964829
9639,0.18558185530612087,0.6043876666195154
9640,0.2001671227426997,0.6002040405088891
9641,0.1820678628733331,0.6031417193799667
9642,0.18753456906166038,0.6003386836984612
9643,0.19621908856543213,0.5968090479329782
9644,0.196934406046176,0.5910630137062813
9645,0.1884456142563445,0.5942638838404003
9646,0.1812564982317221,0.6131205281303519
9647,0.19477472574167687,0.5956552407446708
9648,0.20714721644443845,0.5823854494652034
9649,0.18617375480355686,0.6044623244138053
9650,0.17735701422249803,0.6092752383830755
9651,0.19158430906275326,0.6003441625207147
9652,0.18487609311991413,0.6154622763549422
9653,0.19129585091172002,0.6084891122272035
9654,0.1804720532505068,0.6182950398132635
9655,0.18891307800292367,0.6004219259575507
9656,0.19728277704267025,0.5976806497495224
9657,0.1813501040076955,0.6067483686250236
9658,0.18358106305788838,0.6117423060827666
9659,0.18861525663164125,0.6067334466858274
9660,0.18231618913680558,0.6024663691428306
9661,0.18698331786924896,0.6106167487187715
9662,0.19030241791782238,0.5967905326760993
9663,0.19150880549277222,0.5977372182674172
9664,0.19454094567449814,0.6127696272984444
9665,0.17770956369642424,0.6035737149682743
9666,0.171268718216651,0.6178814237881892
9667,0.18999562909789944,0.5951610475365989
9668,0.18031760043222206,0.6032282188099704
9669,0.19740658159894456,0.587819086784838
9670,0.18646510791761495,0.6082254117133471
9671,0.18054186922517768,0.6000693453226421
9672,0.1855347873238227,0.6077975992097068
9673,0.19132214885173976,0.5994464988040831
9674,0.18304226039273566,0.6013728733313245
9675,0.19440400195059718,0.5899867151779016
9676,0.20033586827446465,0.5973161603875804
9677,0.1827397775105216,0.6096667684076434
9678,0.19195586414806554,0.591695219930822
9679,0.1854184639735343,0.6030405641938281
9680,0.19104459913247906,0.6061039635424906
9681,0.17974964454889758,0.6047800281851826
9682,0.17553566047957542,0.6163129393822078
9683,0.18993815517400245,0.5956077472573224
9684,0.1925680924985896,0.6004035420392462
9685,0.18020776324363902,0.6147002129133551
9686,0.18663328753235933,0.6015358636417272
9687,0.18992790098044868,0.5943436871195051
9688,0.19194735561900153,0.6010971848758981
9689,0.17806472583220256,0.5974740640590221
9690,0.1841762229928212,0.6031346729601613
9691,0.18198105027497058,0.6069882462723453
9692,0.19665904013742755,0.5854265523232206
9693,0.18673590977278914,0.6049552219844687
9694,0.1908186488784127,0.601491704088178
9695,0.1956190618969341,0.6029348611402962
9696,0.18660777804493478,0.6085091854763357
9697,0.18955661306464777,0.6075339313969959
9698,0.19207019027845604,0.6065309736744643
9699,0.19751695222736815,0.5994244367940182
9700,0.20266323177010842,0.5887687055273128
9701,0.19015901776660635,0.5985058359432477
9702,0.1867502299561144,0.6064663391642637
9703,0.17432428262765795,0.6044451867103673
9704,0.18109009308702104,0.6053893100849521
9705,0.18837225027842708,0.5974982588153046
9706,0.17939271496131157,0.606144486229225
9707,0.18393481119899663,0.6026847903760559
9708,0.1971702757272601,0.595404638914625
9709,0.1797536425228614,0.6085551830372732
9710,0.17049855138706338,0.6127850378053059
9711,0.18099949865040826,0.6086238652188583
9712,0.1775741807101449,0.6047014311320908
9713,0.18648496622752123,0.6089063019491819
9714,0.18202583893875884,0.6078145027091577
9715,0.1813858965906843,0.6023745278013666
9716,0.18163649408479068,0.6080772312001285
9717,0.17536529354701821,0.5982264265201445
9718,0.1690221214087931,0.6132470591368618
9719,0.18717936415901648,0.6051171194531225
9720,0.1920255329156759,0.5971753400479527
9721,0.1786407353475096,0.5961895122129026
9722,0.1863431757086484,0.6008502982749623
9723,0.1893672051468185,0.5997599604303308
9724,0.2034735533834791,0.5966446488249276
9725,0.18826095254998299,0.5976450535738301
9726,0.1889151411154246,0.6029554731601862
9727,0.19510733528637483,0.5964543460682886
9728,0.19619782177678943,0.5942631422468191
9729,0.19713513066887367,0.5990831530594436
9730,0.18812390760147468,0.6078742344402855
9731,0.18370172428993242,0.6160683404818939
9732,0.18773206761593944,0.6092916699964511
9733,0.1913662541508303,0.5978492086673448
9734,0.19487503435865539,0.5950628765990863
9735,0.17734877216439396,0.6085050351695721
9736,0.1795854514003146,0.6049747952799717
9737,0.19393335368232148,0.5938043812749895
9738,0.1891592623773066,0.5994680504458042
9739,0.1906809426588725,0.6085868545508859
9740,0.19280121138759562,0.6046518211625489
9741,0.16915132203715486,0.6138637740191466
9742,0.19707739124755902,0.5892652809340077
9743,0.18693839371794424,0.6001060086817516
9744,0.19640740254409897,0.5993486480791352
9745,0.19788306960109797,0.594944099922637
9746,0.18794587796163092,0.6028343086613416
9747,0.1775523199624486,0.6033829000234171
9748,0.1790280944490703,0.6080391429831254
9749,0.18516005352708634,0.6046921129115529
9750,0.1846448811448835,0.6137397740204674
9751,0.18849044457411124,0.5989354392466438
9752,0.19211826988771266,0.6025887451145052
9753,0.18310490819647518,0.6006207886374084
9754,0.184638462186281,0.6096114674229304
9755,0.1940476043352805,0.6039213148427206
9756,0.17894218993289332,0.6022369062108118
9757,0.1890818284718836,0.6033203356683708
9758,0.19262890123712173,0.5960087287147303
9759,0.18959679123657913,0.5939253481690245
9760,0.18925779234678053,0.6037991621085907
9761,0.19167279423243488,0.5984763080195539
9762,0.19041061357744485,0.5990797963843322
9763,0.19036001180694836,0.5943982406715781
9764,0.18472212600441315,0.602434479657247
9765,0.193769743948939,0.598648798305369
9766,0.18989667734189278,0.6064016734567507
9767,0.1830836405476329,0.6040962713630214
9768,0.1872657672958647,0.6082021496214923
9769,0.18969375448585676,0.5954742447836178
9770,0.18632241054120247,0.6053677556713578
9771,0.18332756418631438,0.6084176902104198
9772,0.1883981153392529,0.6021818511376007
9773,0.17987621687312746,0.6014625223111861
9774,0.19450336524261072,0.5959736762835989
9775,0.1949494681425895,0.5915815228726415
9776,0.1909355196961138,0.6027639594358396
9777,0.1943356249976083,0.5970082444810128
9778,0.18826599240782124,0.6009233153092094
9779,0.17848398831995899,0.6076567741781663
9780,0.18113642587833906,0.617780048227522
9781,0.19198418883612217,0.5924494069269399
9782,0.18709807930114963,0.6068133713539761
9783,0.18776819980627335,0.6079068141885172
9784,0.17838068065785634,0.6030360263925055
9785,0.18858248193841762,0.6036284136951798
9786,0.18949290635332836,0.6040531930231371
9787,0.18141614560318853,0.6134326533845512
9788,0.1903134879770649,0.5985376907332264
9789,0.18582419475274287,0.6031929235538107
9790,0.17075062913396435,0.6045041978470641
9791,0.18457413498878739,0.6009004123071711
9792,0.19057799828573269,0.596633741920543
9793,0.18277723531717563,0.6091284366583282
9794,0.1978057712991318,0.5968849429327364
9795,0.18753573946007024,0.6000080999425172
9796,0.17724641769678554,0.6062723854276556
9797,0.18559016238375184,0.6056965875658097
9798,0.1919392339946731,0.5974951259308959
9799,0.1683187715059424,0.6189051290504561
9800,0.1929433721862975,0.5967572738069915
9801,0.18947457195105158,0.6123497867726968
9802,0.18787492845575043,0.5998348379639975
9803,0.18611790120289418,0.6099285487205864
9804,0.1873842248429714,0.5973513286259501
9805,0.19955347232473866,0.5860887090391197
9806,0.18990494938376884,0.5937281748653319
9807,0.20043114579052335,0.5964660016942137
9808,0.1877060174131887,0.6022539881230473
9809,0.17609134662051382,0.6115551498858384
9810,0.19070649468878903,0.5973737034295906
9811,0.18238679689695914,0.6037121277003613
9812,0.18464350502841573,0.6151480839247118
9813,0.180080528311214,0.608235595188556
9814,0.20042541220638427,0.5988268860781785
9815,0.1878607871779781,0.6097354042457768
9816,0.18312347362131343,0.6092650463901844
9817,0.19496001297127968,0.5942207198711725
9818,0.19756351703625952,0.5887101631678501
9819,0.18417383991691264,0.6044842261083974
9820,0.1854227042280718,0.6031085123212947
9821,0.18047368540771488,0.6073175767066911
9822,0.18896798100702691,0.6087686368651636
9823,0.18114687929075488,0.6061531840689262
9824,0.20324702516063964,0.602315477409148
9825,0.18873680333136134,0.5962026635454738
9826,0.16832783838990537,0.6204569236058474
9827,0.2013235210133438,0.5935286403684359
9828,0.18680886843324082,0.6086302346253023
9829,0.17408922000473226,0.6114075320733189
9830,0.19221136967948776,0.5931891850266945
9831,0.19185777725595998,0.5970784757452202
9832,0.1745512385079446,0.6143335422226212
9833,0.19747200571389467,0.5972492323536476
9834,0.19617738245219626,0.5861898691853986
9835,0.1943244273169119,0.6010413974588558
9836,0.19078691142374793,0.6032026390293586
9837,0.18961735221271592,0.6025658569970027
9838,0.19570472225768906,0.59260541621265
9839,0.19052983162076484,0.5894774429498898
9840,0.19283649125480806,0.5947740465650446
9841,0.18460461619195687,0.6032454008535327
9842,0.18592226401678558,0.6129967112180468
9843,0.1859998203191041,0.601070309819082
9844,0.19482992239920185,0.5905542457189176
9845,0.17986234372038767,0.6092683429737412
9846,0.19596852152930033,0.5900944246258659
9847,0.17507830192659957,0.6065239683202522
9848,0.17733790307290823,0.6006554973872913
9849,0.1828253719220693,0.6024319204063309
9850,0.19457726369731917,0.5999530669034036
9851,0.18455486850417993,0.603223371282417
9852,0.18943374040971592,0.5994015182760887
9853,0.18993267704570987,0.6025134314682961
9854,0.17293388194469922,0.6011876683830565
9855,0.1896319392922657,0.60576995619909
9856,0.18931696006810428,0.60269867801236
9857,0.18659199836015408,0.6081052350169869
9858,0.17134965239636885,0.6163666847852748
9859,0.19839630002713923,0.5943839971784122
9860,0.18083889357842017,0.6124906884393253
9861,0.182110583220033,0.6078278977025025
9862,0.18223311597821587,0.6042224589747903
9863,0.17862806037713463,0.5998577280920823
9864,0.18528273727443642,0.6018509688822059
9865,0.17968401927897254,0.6124963688906377
9866,0.20052319847029432,0.5915365329672407
9867,0.18972243459752725,0.5956089613863903
9868,0.19387714358314007,0.5998408765769475
9869,0.19461427386187838,0.6041218801564394
9870,0.18976723552074112,0.593452792844691
9871,0.18816107929582135,0.5993548870594998
9872,0.181120588374898,0.6114287044175576
9873,0.18539723577542822,0.6095001160951814
9874,0.17731149748991462,0.606980064761907
9875,0.19464332914108792,0.5927593491300255
9876,0.1973877502368047,0.5965842021524447
9877,0.17800622868297758,0.6061564231778026
9878,0.19177453736725458,0.6025399568061403
9879,0.19265489400460667,0.5978788818482507
9880,0.18822199796427283,0.5998387598975178
9881,0.19071353476809,0.600551355648374
9882,0.1966640102418112,0.6007894434411376
9883,0.18208612605240837,0.6080139821521676
9884,0.1769510892187652,0.6100962173829583
9885,0.1895710880705518,0.5959675552091059
9886,0.1735488385104481,0.6063789108277062
9887,0.17696434459389473,0.6162236260754447
9888,0.18046454516646865,0.612207633427868
9889,0.19723354554929942,0.5885519148378939
9890,0.1794321669412258,0.6032477495520058
9891,0.18695334664086496,0.5905660276976805
9892,0.18908570269010208,0.6011095458415577
9893,0.1799098365071419,0.6067192050707545
9894,0.1767561308212103,0.6129830411016352
9895,0.175571966601466,0.613509375732733
9896,0.18619149417534503,0.5987839784186507
9897,0.17321978507154714,0.6152214396956428
9898,0.18588054088334888,0.6039989030013367
9899,0.18436974996383254,0.600629776917238
9900,0.18590278888333364,0.6020963901294978
9901,0.18239763419534094,0.6088709727464457
9902,0.18961205765339162,0.6016072014911398
9903,0.19202925023789888,0.6028550281100564
9904,0.17376101354551277,0.6139406606237954
9905,0.18819283274722715,0.5906442308849238
9906,0.17759200243044215,0.6066473142787057
9907,0.18600752638266815,0.6054915829391265
9908,0.19162755004546064,0.6052576275736046
9909,0.19161251456983563,0.59552532902357
9910,0.19953793845213974,0.5910679961096589
9911,0.175715291626441,0.6050475956426569
9912,0.19475487867394356,0.5950547094561529
9913,0.18938587306557295,0.5958358069093674
9914,0.1866067852869018,0.6044589974811633
9915,0.18616458093100602,0.6052858185864155
9916,0.1928074193514401,0.5935104662985732
9917,0.1844504751724905,0.5966113385048595
9918,0.18132647642296024,0.600388638512685
9919,0.1931083961420865,0.6070567260907315
9920,0.18844777481307445,0.5990505152819523
9921,0.17599421981853486,0.6136365690672391
9922,0.1758280541620958,0.6075165350132802
9923,0.18353521107486692,0.6026087647533622
9924,0.18780199429560623,0.6012245884139049
9925,0.19097550953974265,0.6016384224222678
9926,0.18372514240844207,0.6044538762907035
9927,0.19689450175815146,0.594146430609336
9928,0.1777235852841471,0.6053821086441251
9929,0.195895344560481,0.5892815000305934
9930,0.18648773594352586,0.6054624260531359
9931,0.18242413018790335,0.6075957458481611
9932,0.18845923374758272,0.6020385666999533
9933,0.18635984487083307,0.6024496401316077
9934,0.19518896853013523,0.5957037207747639
9935,0.1772364567814259,0.6141625385927862
9936,0.17411796898575618,0.6108338494786136
9937,0.1911782261194896,0.6058864362884009
9938,0.1758869781614688,0.6170219323131378
9939,0.19816446055909037,0.5897347369390507
9940,0.17415716896882394,0.6050278645808619
9941,0.19077694459182637,0.6082125633697819
9942,0.1763624718670934,0.612413338934989
9943,0.19172271933655194,0.6025171665686949
9944,0.17988084090786613,0.6007405702716747
9945,0.18421872920985263,0.6004831440660096
9946,0.1775075277369406,0.608667675855179
9947,0.1872311416982712,0.6064517598281302
9948,0.18732792648809538,0.6090445191767162
9949,0.17766993462201341,0.6125296958162647
9950,0.19013642978420844,0.5899708332748138
9951,0.18287558330565026,0.6001925284772485
9952,0.186950101058963,0.6076109934800786
9953,0.18578054685858597,0.6024827227113234
9954,0.18006918462577276,0.6088478975021817
9955,0.2038057462839628,0.5859191333107205
9956,0.19991241213741354,0.5937249033363499
9957,0.1804484354774694,0.6061078761629494
9958,0.19484410608304617,0.5894185438840482
9959,0.18610251652539497,0.6024806329504866
9960,0.17662158919529797,0.6059120905940008
9961,0.19263435654681246,0.5956494468323819
9962,0.18298951612374909,0.600550953071505
9963,0.18503925591857506,0.5993231441893845
9964,0.1959121096848212,0.5883702456103345
9965,0.18271624099328504,0.5961377102885235
9966,0.18517653161957773,0.6000826514829657
9967,0.19267745190525062,0.6042572573325504
9968,0.18855773890757682,0.6042602643882012
9969,0.18490628828279113,0.6008430008712257
9970,0.1869756749769211,0.607955339255591
9971,0.1924202427272733,0.6001098432229254
9972,0.18711686211589182,0.6062128535775635
9973,0.19966868599701101,0.6007663272598093
9974,0.19723693567909223,0.5880251637502795
9975,0.17557659590365726,0.6035731042428564
9976,0.1901409514234476,0.5895227573489857
9977,0.1800868556305809,0.609001722793582
9978,0.17480078200536406,0.609376030435979
9979,0.18638803559557204,0.5989391118532567
9980,0.20147196811606458,0.5927528000043362
9981,0.198424454651145,0.5906025266682678
9982,0.18184910639758217,0.608008412580309
9983,0.19442919534719846,0.6023113606508856
9984,0.20096952728430575,0.5941571153744739
9985,0.18584723204097503,0.6108089221960691
9986,0.1916609666914544,0.6125204632296057
9987,0.19468103148746224,0.6080714544061453
9988,0.18512232502944714,0.608046987569756
9989,0.18482761686886973,0.6068806162275855
9990,0.1849860080884252,0.6042495990561724
9991,0.19588933884808513,0.5917472623417592
9992,0.1950352037933469,0.6047728597602426
9993,0.18893458104601482,0.59727449992858
9994,0.17732749678492182,0.6050259838470887
9995,0.1874948906806403,0.6087251531446582
9996,0.18827360994554557,0.5940636754679444
9997,0.19522177305464128,0.6065095439446908
9998,0.1837717685453315,0.6066426916029536
9999,0.18270935680428804,0.6208235670212148
