seed,threshold,num_evaluable_sources,num_positive_sources,num_proposed_merges,num_correct_merges,num_unsafe_merges,pair_precision,positive_source_recall,unsafe_merge_rate
42,inf,370,258,0,0,0,1.0,0.0,0.0
42,0.9633679389953613,370,258,1,1,0,1.0,0.003875968992248062,0.0
42,0.9517373442649841,370,258,2,2,0,1.0,0.007751937984496124,0.0
42,0.9446771144866943,370,258,3,3,0,1.0,0.011627906976744186,0.0
42,0.9324288964271545,370,258,4,4,0,1.0,0.015503875968992248,0.0
42,0.9314689040184021,370,258,5,4,1,0.8,0.015503875968992248,0.002702702702702703
42,0.9298146367073059,370,258,6,5,1,0.8333333333333334,0.01937984496124031,0.002702702702702703
42,0.9293962717056274,370,258,7,6,1,0.8571428571428571,0.023255813953488372,0.002702702702702703
42,0.9229077100753784,370,258,8,7,1,0.875,0.027131782945736434,0.002702702702702703
42,0.9194039702415466,370,258,9,7,2,0.7777777777777778,0.027131782945736434,0.005405405405405406
42,0.9120527505874634,370,258,10,8,2,0.8,0.031007751937984496,0.005405405405405406
42,0.9119498133659363,370,258,11,8,3,0.7272727272727273,0.031007751937984496,0.008108108108108109
42,0.8962504267692566,370,258,12,9,3,0.75,0.03488372093023256,0.008108108108108109
42,0.8942039608955383,370,258,13,10,3,0.7692307692307693,0.03875968992248062,0.008108108108108109
42,0.8934520483016968,370,258,14,11,3,0.7857142857142857,0.04263565891472868,0.008108108108108109
42,0.8911677002906799,370,258,15,12,3,0.8,0.046511627906976744,0.008108108108108109
42,0.8886409401893616,370,258,16,13,3,0.8125,0.050387596899224806,0.008108108108108109
42,0.8834876418113708,370,258,17,14,3,0.8235294117647058,0.05426356589147287,0.008108108108108109
42,0.8822672963142395,370,258,18,15,3,0.8333333333333334,0.05813953488372093,0.008108108108108109
42,0.8751426339149475,370,258,19,16,3,0.8421052631578947,0.06201550387596899,0.008108108108108109
42,0.8751324415206909,370,258,20,17,3,0.85,0.06589147286821706,0.008108108108108109
42,0.859724760055542,370,258,21,18,3,0.8571428571428571,0.06976744186046512,0.008108108108108109
42,0.8578220009803772,370,258,22,19,3,0.8636363636363636,0.07364341085271318,0.008108108108108109
42,0.8527829647064209,370,258,23,20,3,0.8695652173913043,0.07751937984496124,0.008108108108108109
42,0.8524060249328613,370,258,24,21,3,0.875,0.08139534883720931,0.008108108108108109
42,0.8518056273460388,370,258,25,21,4,0.84,0.08139534883720931,0.010810810810810811
42,0.8511788249015808,370,258,26,21,5,0.8076923076923077,0.08139534883720931,0.013513513513513514
42,0.8487846255302429,370,258,27,22,5,0.8148148148148148,0.08527131782945736,0.013513513513513514
42,0.8483901619911194,370,258,28,22,6,0.7857142857142857,0.08527131782945736,0.016216216216216217
42,0.846455454826355,370,258,29,23,6,0.7931034482758621,0.08914728682170543,0.016216216216216217
42,0.8316311240196228,370,258,30,24,6,0.8,0.09302325581395349,0.016216216216216217
42,0.8207806944847107,370,258,31,25,6,0.8064516129032258,0.09689922480620156,0.016216216216216217
42,0.8192408084869385,370,258,32,25,7,0.78125,0.09689922480620156,0.01891891891891892
42,0.8141136169433594,370,258,33,26,7,0.7878787878787878,0.10077519379844961,0.01891891891891892
42,0.813231885433197,370,258,34,26,8,0.7647058823529411,0.10077519379844961,0.021621621621621623
42,0.8121877312660217,370,258,35,27,8,0.7714285714285715,0.10465116279069768,0.021621621621621623
42,0.8098644018173218,370,258,36,27,9,0.75,0.10465116279069768,0.024324324324324326
42,0.8039189577102661,370,258,37,27,10,0.7297297297297297,0.10465116279069768,0.02702702702702703
42,0.7991845011711121,370,258,38,28,10,0.7368421052631579,0.10852713178294573,0.02702702702702703
42,0.7952688336372375,370,258,39,29,10,0.7435897435897436,0.1124031007751938,0.02702702702702703
42,0.7943652868270874,370,258,40,29,11,0.725,0.1124031007751938,0.02972972972972973
42,0.7920718193054199,370,258,41,30,11,0.7317073170731707,0.11627906976744186,0.02972972972972973
42,0.7897840738296509,370,258,42,30,12,0.7142857142857143,0.11627906976744186,0.032432432432432434
42,0.7892574071884155,370,258,43,30,13,0.6976744186046512,0.11627906976744186,0.03513513513513514
42,0.7849145531654358,370,258,44,30,14,0.6818181818181818,0.11627906976744186,0.03783783783783784
42,0.7831992506980896,370,258,45,31,14,0.6888888888888889,0.12015503875968993,0.03783783783783784
42,0.7765746712684631,370,258,46,32,14,0.6956521739130435,0.12403100775193798,0.03783783783783784
42,0.7726062536239624,370,258,47,33,14,0.7021276595744681,0.12790697674418605,0.03783783783783784
42,0.7674701809883118,370,258,48,34,14,0.7083333333333334,0.13178294573643412,0.03783783783783784
42,0.767113983631134,370,258,49,34,15,0.6938775510204082,0.13178294573643412,0.04054054054054054
42,0.7650303244590759,370,258,50,35,15,0.7,0.13565891472868216,0.04054054054054054
42,0.7647814154624939,370,258,51,36,15,0.7058823529411765,0.13953488372093023,0.04054054054054054
42,0.7624791860580444,370,258,52,37,15,0.7115384615384616,0.1434108527131783,0.04054054054054054
42,0.7624405026435852,370,258,53,38,15,0.7169811320754716,0.14728682170542637,0.04054054054054054
42,0.7607940435409546,370,258,54,39,15,0.7222222222222222,0.1511627906976744,0.04054054054054054
42,0.7574945092201233,370,258,55,40,15,0.7272727272727273,0.15503875968992248,0.04054054054054054
42,0.7560182809829712,370,258,56,41,15,0.7321428571428571,0.15891472868217055,0.04054054054054054
42,0.7546671032905579,370,258,57,41,16,0.7192982456140351,0.15891472868217055,0.043243243243243246
42,0.7530593872070312,370,258,58,42,16,0.7241379310344828,0.16279069767441862,0.043243243243243246
42,0.7516236901283264,370,258,59,43,16,0.7288135593220338,0.16666666666666666,0.043243243243243246
42,0.7496878504753113,370,258,60,43,17,0.7166666666666667,0.16666666666666666,0.04594594594594595
42,0.7457972764968872,370,258,61,44,17,0.7213114754098361,0.17054263565891473,0.04594594594594595
42,0.7457394599914551,370,258,62,44,18,0.7096774193548387,0.17054263565891473,0.04864864864864865
42,0.7454422116279602,370,258,63,44,19,0.6984126984126984,0.17054263565891473,0.051351351351351354
42,0.7370530366897583,370,258,64,45,19,0.703125,0.1744186046511628,0.051351351351351354
42,0.7363714575767517,370,258,65,46,19,0.7076923076923077,0.17829457364341086,0.051351351351351354
42,0.7351105213165283,370,258,66,47,19,0.7121212121212122,0.1821705426356589,0.051351351351351354
42,0.7350983619689941,370,258,67,47,20,0.7014925373134329,0.1821705426356589,0.05405405405405406
42,0.7337513566017151,370,258,68,47,21,0.6911764705882353,0.1821705426356589,0.05675675675675676
42,0.7317548394203186,370,258,69,48,21,0.6956521739130435,0.18604651162790697,0.05675675675675676
42,0.7259271144866943,370,258,70,48,22,0.6857142857142857,0.18604651162790697,0.05945945945945946
42,0.721886157989502,370,258,71,48,23,0.676056338028169,0.18604651162790697,0.062162162162162166
42,0.7204188704490662,370,258,72,48,24,0.6666666666666666,0.18604651162790697,0.06486486486486487
42,0.7183077931404114,370,258,73,49,24,0.6712328767123288,0.18992248062015504,0.06486486486486487
42,0.717505931854248,370,258,74,49,25,0.6621621621621622,0.18992248062015504,0.06756756756756757
42,0.7093551754951477,370,258,75,49,26,0.6533333333333333,0.18992248062015504,0.07027027027027027
42,0.7052485346794128,370,258,76,50,26,0.6578947368421053,0.1937984496124031,0.07027027027027027
42,0.7046563029289246,370,258,77,50,27,0.6493506493506493,0.1937984496124031,0.07297297297297298
42,0.7018499970436096,370,258,78,51,27,0.6538461538461539,0.19767441860465115,0.07297297297297298
42,0.6994172930717468,370,258,79,52,27,0.6582278481012658,0.20155038759689922,0.07297297297297298
42,0.686755359172821,370,258,80,52,28,0.65,0.20155038759689922,0.07567567567567568
42,0.6866186261177063,370,258,81,52,29,0.6419753086419753,0.20155038759689922,0.07837837837837838
42,0.6851731538772583,370,258,82,52,30,0.6341463414634146,0.20155038759689922,0.08108108108108109
42,0.6813167333602905,370,258,83,52,31,0.6265060240963856,0.20155038759689922,0.08378378378378379
42,0.6812738180160522,370,258,84,52,32,0.6190476190476191,0.20155038759689922,0.08648648648648649
42,0.6800299882888794,370,258,85,52,33,0.611764705882353,0.20155038759689922,0.0891891891891892
42,0.671739399433136,370,258,86,53,33,0.6162790697674418,0.2054263565891473,0.0891891891891892
42,0.6715114116668701,370,258,87,54,33,0.6206896551724138,0.20930232558139536,0.0891891891891892
42,0.6708740592002869,370,258,88,54,34,0.6136363636363636,0.20930232558139536,0.0918918918918919
42,0.6693119406700134,370,258,89,55,34,0.6179775280898876,0.2131782945736434,0.0918918918918919
42,0.6658512949943542,370,258,90,56,34,0.6222222222222222,0.21705426356589147,0.0918918918918919
42,0.665288507938385,370,258,91,57,34,0.6263736263736264,0.22093023255813954,0.0918918918918919
42,0.6641441583633423,370,258,92,57,35,0.6195652173913043,0.22093023255813954,0.0945945945945946
42,0.6564582586288452,370,258,93,57,36,0.6129032258064516,0.22093023255813954,0.0972972972972973
42,0.6520489454269409,370,258,94,58,36,0.6170212765957447,0.2248062015503876,0.0972972972972973
42,0.6474982500076294,370,258,95,59,36,0.6210526315789474,0.22868217054263565,0.0972972972972973
42,0.6451026797294617,370,258,96,60,36,0.625,0.23255813953488372,0.0972972972972973
42,0.6438599824905396,370,258,97,60,37,0.6185567010309279,0.23255813953488372,0.1
42,0.6424987316131592,370,258,98,61,37,0.6224489795918368,0.2364341085271318,0.1
42,0.6413688659667969,370,258,99,62,37,0.6262626262626263,0.24031007751937986,0.1
42,0.640796959400177,370,258,100,63,37,0.63,0.2441860465116279,0.1
42,0.640507161617279,370,258,101,63,38,0.6237623762376238,0.2441860465116279,0.10270270270270271
42,0.6386971473693848,370,258,102,63,39,0.6176470588235294,0.2441860465116279,0.10540540540540541
42,0.6373189091682434,370,258,103,63,40,0.6116504854368932,0.2441860465116279,0.10810810810810811
42,0.6370460987091064,370,258,104,63,41,0.6057692307692307,0.2441860465116279,0.11081081081081082
42,0.6367268562316895,370,258,105,64,41,0.6095238095238096,0.24806201550387597,0.11081081081081082
42,0.6346510052680969,370,258,106,65,41,0.6132075471698113,0.25193798449612403,0.11081081081081082
42,0.6339561343193054,370,258,107,66,41,0.616822429906542,0.2558139534883721,0.11081081081081082
42,0.6324476003646851,370,258,108,66,42,0.6111111111111112,0.2558139534883721,0.11351351351351352
42,0.6316232681274414,370,258,109,67,42,0.6146788990825688,0.2596899224806202,0.11351351351351352
42,0.6298094391822815,370,258,110,67,43,0.6090909090909091,0.2596899224806202,0.11621621621621622
42,0.6295222640037537,370,258,111,67,44,0.6036036036036037,0.2596899224806202,0.11891891891891893
42,0.6290135383605957,370,258,112,67,45,0.5982142857142857,0.2596899224806202,0.12162162162162163
42,0.6276088953018188,370,258,113,68,45,0.6017699115044248,0.26356589147286824,0.12162162162162163
42,0.6244848370552063,370,258,114,69,45,0.6052631578947368,0.26744186046511625,0.12162162162162163
42,0.6240226626396179,370,258,115,70,45,0.6086956521739131,0.2713178294573643,0.12162162162162163
42,0.6239727735519409,370,258,116,70,46,0.603448275862069,0.2713178294573643,0.12432432432432433
42,0.6200084090232849,370,258,117,71,46,0.6068376068376068,0.2751937984496124,0.12432432432432433
42,0.6198153495788574,370,258,118,71,47,0.6016949152542372,0.2751937984496124,0.12702702702702703
42,0.6143329739570618,370,258,119,72,47,0.6050420168067226,0.27906976744186046,0.12702702702702703
42,0.6140046715736389,370,258,120,73,47,0.6083333333333333,0.28294573643410853,0.12702702702702703
42,0.6129557490348816,370,258,121,74,47,0.6115702479338843,0.2868217054263566,0.12702702702702703
42,0.610963761806488,370,258,122,74,48,0.6065573770491803,0.2868217054263566,0.12972972972972974
42,0.6109236478805542,370,258,123,74,49,0.6016260162601627,0.2868217054263566,0.13243243243243244
42,0.6035612225532532,370,258,124,74,50,0.5967741935483871,0.2868217054263566,0.13513513513513514
42,0.6007303595542908,370,258,125,75,50,0.6,0.29069767441860467,0.13513513513513514
42,0.5998104214668274,370,258,126,76,50,0.6031746031746031,0.29457364341085274,0.13513513513513514
42,0.5979670882225037,370,258,127,77,50,0.6062992125984252,0.29844961240310075,0.13513513513513514
42,0.5932631492614746,370,258,128,77,51,0.6015625,0.29844961240310075,0.13783783783783785
42,0.5922926664352417,370,258,129,78,51,0.6046511627906976,0.3023255813953488,0.13783783783783785
42,0.5880433917045593,370,258,130,79,51,0.6076923076923076,0.3062015503875969,0.13783783783783785
42,0.5843746662139893,370,258,131,80,51,0.6106870229007634,0.31007751937984496,0.13783783783783785
42,0.583672821521759,370,258,132,80,52,0.6060606060606061,0.31007751937984496,0.14054054054054055
42,0.5818878412246704,370,258,133,81,52,0.6090225563909775,0.313953488372093,0.14054054054054055
42,0.5772608518600464,370,258,134,81,53,0.6044776119402985,0.313953488372093,0.14324324324324325
42,0.5687946081161499,370,258,135,82,53,0.6074074074074074,0.3178294573643411,0.14324324324324325
42,0.5656317472457886,370,258,136,82,54,0.6029411764705882,0.3178294573643411,0.14594594594594595
42,0.5641285181045532,370,258,137,82,55,0.5985401459854015,0.3178294573643411,0.14864864864864866
42,0.5614519119262695,370,258,138,82,56,0.5942028985507246,0.3178294573643411,0.15135135135135136
42,0.5588221549987793,370,258,139,82,57,0.5899280575539568,0.3178294573643411,0.15405405405405406
42,0.5561392307281494,370,258,140,83,57,0.5928571428571429,0.32170542635658916,0.15405405405405406
42,0.5547990798950195,370,258,141,84,57,0.5957446808510638,0.32558139534883723,0.15405405405405406
42,0.554535448551178,370,258,142,84,58,0.5915492957746479,0.32558139534883723,0.15675675675675677
42,0.5489907264709473,370,258,143,84,59,0.5874125874125874,0.32558139534883723,0.15945945945945947
42,0.5483404994010925,370,258,144,84,60,0.5833333333333334,0.32558139534883723,0.16216216216216217
42,0.5433986783027649,370,258,145,85,60,0.5862068965517241,0.32945736434108525,0.16216216216216217
42,0.5430118441581726,370,258,146,85,61,0.5821917808219178,0.32945736434108525,0.16486486486486487
42,0.5423279404640198,370,258,147,86,61,0.5850340136054422,0.3333333333333333,0.16486486486486487
42,0.5415909290313721,370,258,148,87,61,0.5878378378378378,0.3372093023255814,0.16486486486486487
42,0.5397555232048035,370,258,149,88,61,0.5906040268456376,0.34108527131782945,0.16486486486486487
42,0.538899838924408,370,258,150,88,62,0.5866666666666667,0.34108527131782945,0.16756756756756758
42,0.5380616784095764,370,258,151,89,62,0.5894039735099338,0.3449612403100775,0.16756756756756758
42,0.536497950553894,370,258,152,90,62,0.5921052631578947,0.3488372093023256,0.16756756756756758
42,0.5354490876197815,370,258,153,91,62,0.5947712418300654,0.35271317829457366,0.16756756756756758
42,0.5340919494628906,370,258,154,92,62,0.5974025974025974,0.35658914728682173,0.16756756756756758
42,0.5336024761199951,370,258,155,93,62,0.6,0.36046511627906974,0.16756756756756758
42,0.5335313677787781,370,258,156,93,63,0.5961538461538461,0.36046511627906974,0.17027027027027028
42,0.5326734185218811,370,258,157,94,63,0.5987261146496815,0.3643410852713178,0.17027027027027028
42,0.5325935482978821,370,258,158,95,63,0.6012658227848101,0.3682170542635659,0.17027027027027028
42,0.5281087756156921,370,258,159,96,63,0.6037735849056604,0.37209302325581395,0.17027027027027028
42,0.5270400643348694,370,258,160,96,64,0.6,0.37209302325581395,0.17297297297297298
42,0.524333655834198,370,258,161,96,65,0.5962732919254659,0.37209302325581395,0.17567567567567569
42,0.5238455533981323,370,258,162,97,65,0.5987654320987654,0.375968992248062,0.17567567567567569
42,0.5230036973953247,370,258,163,97,66,0.5950920245398773,0.375968992248062,0.1783783783783784
42,0.522549569606781,370,258,164,98,66,0.5975609756097561,0.3798449612403101,0.1783783783783784
42,0.5195630788803101,370,258,165,99,66,0.6,0.38372093023255816,0.1783783783783784
42,0.5174779295921326,370,258,166,100,66,0.6024096385542169,0.3875968992248062,0.1783783783783784
42,0.5170319676399231,370,258,167,100,67,0.5988023952095808,0.3875968992248062,0.1810810810810811
42,0.515320360660553,370,258,168,101,67,0.6011904761904762,0.39147286821705424,0.1810810810810811
42,0.5124076008796692,370,258,169,102,67,0.6035502958579881,0.3953488372093023,0.1810810810810811
42,0.5100134015083313,370,258,170,103,67,0.6058823529411764,0.3992248062015504,0.1810810810810811
42,0.5092369914054871,370,258,171,104,67,0.6081871345029239,0.40310077519379844,0.1810810810810811
42,0.5085832476615906,370,258,172,104,68,0.6046511627906976,0.40310077519379844,0.1837837837837838
42,0.5085610747337341,370,258,173,105,68,0.6069364161849711,0.4069767441860465,0.1837837837837838
42,0.5001950860023499,370,258,174,106,68,0.6091954022988506,0.4108527131782946,0.1837837837837838
42,0.4985637962818146,370,258,175,107,68,0.6114285714285714,0.41472868217054265,0.1837837837837838
42,0.49846240878105164,370,258,176,107,69,0.6079545454545454,0.41472868217054265,0.1864864864864865
42,0.49816685914993286,370,258,177,107,70,0.6045197740112994,0.41472868217054265,0.1891891891891892
42,0.49800729751586914,370,258,178,107,71,0.601123595505618,0.41472868217054265,0.1918918918918919
42,0.4964229166507721,370,258,179,108,71,0.6033519553072626,0.4186046511627907,0.1918918918918919
42,0.4957980811595917,370,258,180,108,72,0.6,0.4186046511627907,0.1945945945945946
42,0.4934770166873932,370,258,181,109,72,0.6022099447513812,0.42248062015503873,0.1945945945945946
42,0.4923758804798126,370,258,182,110,72,0.6043956043956044,0.4263565891472868,0.1945945945945946
42,0.4904114902019501,370,258,183,111,72,0.6065573770491803,0.43023255813953487,0.1945945945945946
42,0.4903079867362976,370,258,184,112,72,0.6086956521739131,0.43410852713178294,0.1945945945945946
42,0.4895477294921875,370,258,185,112,73,0.6054054054054054,0.43410852713178294,0.1972972972972973
42,0.4873415529727936,370,258,186,113,73,0.6075268817204301,0.437984496124031,0.1972972972972973
42,0.48659759759902954,370,258,187,113,74,0.6042780748663101,0.437984496124031,0.2
42,0.48518773913383484,370,258,188,114,74,0.6063829787234043,0.4418604651162791,0.2
42,0.4840683341026306,370,258,189,114,75,0.6031746031746031,0.4418604651162791,0.20270270270270271
42,0.47929781675338745,370,258,190,114,76,0.6,0.4418604651162791,0.20540540540540542
42,0.47926583886146545,370,258,191,114,77,0.5968586387434555,0.4418604651162791,0.20810810810810812
42,0.47485509514808655,370,258,192,114,78,0.59375,0.4418604651162791,0.21081081081081082
42,0.47044312953948975,370,258,193,114,79,0.5906735751295337,0.4418604651162791,0.21351351351351353
42,0.4684879183769226,370,258,194,115,79,0.5927835051546392,0.44573643410852715,0.21351351351351353
42,0.46420204639434814,370,258,195,115,80,0.5897435897435898,0.44573643410852715,0.21621621621621623
42,0.46281108260154724,370,258,196,116,80,0.5918367346938775,0.4496124031007752,0.21621621621621623
42,0.46276476979255676,370,258,197,116,81,0.5888324873096447,0.4496124031007752,0.21891891891891893
42,0.46057918667793274,370,258,198,117,81,0.5909090909090909,0.45348837209302323,0.21891891891891893
42,0.4596816301345825,370,258,199,117,82,0.5879396984924623,0.45348837209302323,0.22162162162162163
42,0.45746755599975586,370,258,200,117,83,0.585,0.45348837209302323,0.22432432432432434
42,0.45732080936431885,370,258,201,118,83,0.5870646766169154,0.4573643410852713,0.22432432432432434
42,0.4562191367149353,370,258,202,118,84,0.5841584158415841,0.4573643410852713,0.22702702702702704
42,0.45600277185440063,370,258,203,119,84,0.5862068965517241,0.46124031007751937,0.22702702702702704
42,0.4546622633934021,370,258,204,120,84,0.5882352941176471,0.46511627906976744,0.22702702702702704
42,0.4534311890602112,370,258,205,120,85,0.5853658536585366,0.46511627906976744,0.22972972972972974
42,0.45175236463546753,370,258,206,120,86,0.5825242718446602,0.46511627906976744,0.23243243243243245
42,0.45028209686279297,370,258,207,120,87,0.5797101449275363,0.46511627906976744,0.23513513513513515
42,0.4501895010471344,370,258,208,120,88,0.5769230769230769,0.46511627906976744,0.23783783783783785
42,0.4484959542751312,370,258,209,120,89,0.5741626794258373,0.46511627906976744,0.24054054054054055
42,0.4441002905368805,370,258,210,121,89,0.5761904761904761,0.4689922480620155,0.24054054054054055
42,0.43718811869621277,370,258,211,122,89,0.5781990521327014,0.4728682170542636,0.24054054054054055
42,0.4352955222129822,370,258,212,122,90,0.5754716981132075,0.4728682170542636,0.24324324324324326
42,0.4347420334815979,370,258,213,122,91,0.5727699530516432,0.4728682170542636,0.24594594594594596
42,0.43447038531303406,370,258,214,122,92,0.5700934579439252,0.4728682170542636,0.24864864864864866
42,0.43360811471939087,370,258,215,123,92,0.5720930232558139,0.47674418604651164,0.24864864864864866
42,0.43230143189430237,370,258,216,123,93,0.5694444444444444,0.47674418604651164,0.25135135135135134
42,0.42910292744636536,370,258,217,123,94,0.5668202764976958,0.47674418604651164,0.25405405405405407
42,0.4286869168281555,370,258,218,123,95,0.5642201834862385,0.47674418604651164,0.25675675675675674
42,0.4268319606781006,370,258,219,123,96,0.5616438356164384,0.47674418604651164,0.2594594594594595
42,0.4264766573905945,370,258,220,123,97,0.5590909090909091,0.47674418604651164,0.26216216216216215
42,0.4257434606552124,370,258,221,123,98,0.5565610859728507,0.47674418604651164,0.2648648648648649
42,0.4244783818721771,370,258,222,123,99,0.5540540540540541,0.47674418604651164,0.26756756756756755
42,0.4239535927772522,370,258,223,123,100,0.5515695067264574,0.47674418604651164,0.2702702702702703
42,0.4236878752708435,370,258,224,123,101,0.5491071428571429,0.47674418604651164,0.27297297297297296
42,0.4219725430011749,370,258,225,123,102,0.5466666666666666,0.47674418604651164,0.2756756756756757
42,0.4210362434387207,370,258,226,124,102,0.5486725663716814,0.4806201550387597,0.2756756756756757
42,0.4188935458660126,370,258,227,125,102,0.5506607929515418,0.4844961240310077,0.2756756756756757
42,0.4176329970359802,370,258,228,126,102,0.5526315789473685,0.4883720930232558,0.2756756756756757
42,0.41380563378334045,370,258,229,126,103,0.5502183406113537,0.4883720930232558,0.27837837837837837
42,0.4135884940624237,370,258,230,127,103,0.5521739130434783,0.49224806201550386,0.27837837837837837
42,0.4123006761074066,370,258,231,128,103,0.5541125541125541,0.49612403100775193,0.27837837837837837
42,0.4121161103248596,370,258,232,128,104,0.5517241379310345,0.49612403100775193,0.2810810810810811
42,0.41169244050979614,370,258,233,128,105,0.5493562231759657,0.49612403100775193,0.28378378378378377
42,0.407195121049881,370,258,234,129,105,0.5512820512820513,0.5,0.28378378378378377
42,0.4066471755504608,370,258,235,130,105,0.5531914893617021,0.5038759689922481,0.28378378378378377
42,0.40492913126945496,370,258,236,130,106,0.5508474576271186,0.5038759689922481,0.2864864864864865
42,0.40480753779411316,370,258,237,130,107,0.5485232067510548,0.5038759689922481,0.2891891891891892
42,0.40462177991867065,370,258,238,131,107,0.5504201680672269,0.5077519379844961,0.2891891891891892
42,0.4018738865852356,370,258,239,132,107,0.5523012552301255,0.5116279069767442,0.2891891891891892
42,0.4018254578113556,370,258,240,132,108,0.55,0.5116279069767442,0.2918918918918919
42,0.39889535307884216,370,258,241,132,109,0.5477178423236515,0.5116279069767442,0.2945945945945946
42,0.39642417430877686,370,258,242,133,109,0.5495867768595041,0.5155038759689923,0.2945945945945946
42,0.39373815059661865,370,258,243,134,109,0.551440329218107,0.5193798449612403,0.2945945945945946
42,0.3900951147079468,370,258,244,135,109,0.5532786885245902,0.5232558139534884,0.2945945945945946
42,0.3881595730781555,370,258,245,135,110,0.5510204081632653,0.5232558139534884,0.2972972972972973
42,0.38741612434387207,370,258,246,136,110,0.5528455284552846,0.5271317829457365,0.2972972972972973
42,0.38698697090148926,370,258,247,136,111,0.5506072874493927,0.5271317829457365,0.3
42,0.3856455385684967,370,258,248,137,111,0.5524193548387096,0.5310077519379846,0.3
42,0.3780340552330017,370,258,249,138,111,0.5542168674698795,0.5348837209302325,0.3
42,0.37776878476142883,370,258,250,138,112,0.552,0.5348837209302325,0.3027027027027027
42,0.3763112723827362,370,258,251,138,113,0.549800796812749,0.5348837209302325,0.3054054054054054
42,0.37560462951660156,370,258,252,139,113,0.5515873015873016,0.5387596899224806,0.3054054054054054
42,0.3744117319583893,370,258,253,139,114,0.549407114624506,0.5387596899224806,0.3081081081081081
42,0.37310194969177246,370,258,254,140,114,0.5511811023622047,0.5426356589147286,0.3081081081081081
42,0.37122976779937744,370,258,255,140,115,0.5490196078431373,0.5426356589147286,0.3108108108108108
42,0.36914730072021484,370,258,256,140,116,0.546875,0.5426356589147286,0.31351351351351353
42,0.3629278838634491,370,258,257,140,117,0.5447470817120622,0.5426356589147286,0.3162162162162162
42,0.36017584800720215,370,258,258,140,118,0.5426356589147286,0.5426356589147286,0.31891891891891894
42,0.3598678708076477,370,258,259,140,119,0.5405405405405406,0.5426356589147286,0.3216216216216216
42,0.3531796336174011,370,258,260,140,120,0.5384615384615384,0.5426356589147286,0.32432432432432434
42,0.35061269998550415,370,258,261,140,121,0.5363984674329502,0.5426356589147286,0.327027027027027
42,0.3473869264125824,370,258,262,141,121,0.5381679389312977,0.5465116279069767,0.327027027027027
42,0.3427051305770874,370,258,263,141,122,0.5361216730038023,0.5465116279069767,0.32972972972972975
42,0.3414026200771332,370,258,264,142,122,0.5378787878787878,0.5503875968992248,0.32972972972972975
42,0.34034332633018494,370,258,265,143,122,0.539622641509434,0.5542635658914729,0.32972972972972975
42,0.33745285868644714,370,258,266,144,122,0.5413533834586466,0.5581395348837209,0.32972972972972975
42,0.33585089445114136,370,258,267,144,123,0.5393258426966292,0.5581395348837209,0.3324324324324324
42,0.3351183235645294,370,258,268,144,124,0.5373134328358209,0.5581395348837209,0.33513513513513515
42,0.330929696559906,370,258,269,144,125,0.5353159851301115,0.5581395348837209,0.33783783783783783
42,0.3286193013191223,370,258,270,144,126,0.5333333333333333,0.5581395348837209,0.34054054054054056
42,0.3277696371078491,370,258,271,144,127,0.5313653136531366,0.5581395348837209,0.34324324324324323
42,0.3270229399204254,370,258,272,145,127,0.5330882352941176,0.562015503875969,0.34324324324324323
42,0.3256552517414093,370,258,273,145,128,0.5311355311355311,0.562015503875969,0.34594594594594597
42,0.32291024923324585,370,258,274,145,129,0.5291970802919708,0.562015503875969,0.34864864864864864
42,0.32102063298225403,370,258,275,145,130,0.5272727272727272,0.562015503875969,0.35135135135135137
42,0.3199022114276886,370,258,276,145,131,0.5253623188405797,0.562015503875969,0.35405405405405405
42,0.3194524347782135,370,258,277,145,132,0.5234657039711191,0.562015503875969,0.3567567567567568
42,0.3173995316028595,370,258,278,145,133,0.5215827338129496,0.562015503875969,0.35945945945945945
42,0.3163934648036957,370,258,279,145,134,0.5197132616487455,0.562015503875969,0.3621621621621622
42,0.3151799440383911,370,258,280,145,135,0.5178571428571429,0.562015503875969,0.36486486486486486
42,0.3143148422241211,370,258,281,145,136,0.5160142348754448,0.562015503875969,0.3675675675675676
42,0.3142419457435608,370,258,282,145,137,0.5141843971631206,0.562015503875969,0.37027027027027026
42,0.31421220302581787,370,258,283,146,137,0.5159010600706714,0.5658914728682171,0.37027027027027026
42,0.3127361238002777,370,258,284,146,138,0.5140845070422535,0.5658914728682171,0.372972972972973
42,0.31094619631767273,370,258,285,147,138,0.5157894736842106,0.5697674418604651,0.372972972972973
42,0.3085508942604065,370,258,286,147,139,0.513986013986014,0.5697674418604651,0.37567567567567567
42,0.3085477352142334,370,258,287,148,139,0.5156794425087108,0.5736434108527132,0.37567567567567567
42,0.30657249689102173,370,258,288,148,140,0.5138888888888888,0.5736434108527132,0.3783783783783784
42,0.3033667802810669,370,258,289,149,140,0.5155709342560554,0.5775193798449613,0.3783783783783784
42,0.3030019700527191,370,258,290,149,141,0.5137931034482759,0.5775193798449613,0.3810810810810811
42,0.2993236780166626,370,258,291,149,142,0.5120274914089347,0.5775193798449613,0.3837837837837838
42,0.2980290353298187,370,258,292,150,142,0.5136986301369864,0.5813953488372093,0.3837837837837838
42,0.297967791557312,370,258,293,150,143,0.5119453924914675,0.5813953488372093,0.3864864864864865
42,0.29775822162628174,370,258,294,151,143,0.5136054421768708,0.5852713178294574,0.3864864864864865
42,0.293318510055542,370,258,295,151,144,0.511864406779661,0.5852713178294574,0.3891891891891892
42,0.2865324020385742,370,258,296,151,145,0.5101351351351351,0.5852713178294574,0.3918918918918919
42,0.28388386964797974,370,258,297,152,145,0.5117845117845118,0.5891472868217055,0.3918918918918919
42,0.28329262137413025,370,258,298,153,145,0.5134228187919463,0.5930232558139535,0.3918918918918919
42,0.27925705909729004,370,258,299,153,146,0.5117056856187291,0.5930232558139535,0.3945945945945946
42,0.27062317728996277,370,258,300,153,147,0.51,0.5930232558139535,0.3972972972972973
42,0.26718461513519287,370,258,301,154,147,0.5116279069767442,0.5968992248062015,0.3972972972972973
42,0.26577654480934143,370,258,302,154,148,0.5099337748344371,0.5968992248062015,0.4
42,0.2646501660346985,370,258,303,155,148,0.5115511551155115,0.6007751937984496,0.4
42,0.26266971230506897,370,258,304,155,149,0.5098684210526315,0.6007751937984496,0.4027027027027027
42,0.2623984217643738,370,258,305,155,150,0.5081967213114754,0.6007751937984496,0.40540540540540543
42,0.25487953424453735,370,258,306,155,151,0.5065359477124183,0.6007751937984496,0.4081081081081081
42,0.25464093685150146,370,258,307,155,152,0.504885993485342,0.6007751937984496,0.41081081081081083
42,0.25459402799606323,370,258,308,156,152,0.5064935064935064,0.6046511627906976,0.41081081081081083
42,0.25311771035194397,370,258,309,157,152,0.5080906148867314,0.6085271317829457,0.41081081081081083
42,0.2516784965991974,370,258,310,158,152,0.5096774193548387,0.6124031007751938,0.41081081081081083
42,0.24692043662071228,370,258,311,158,153,0.5080385852090032,0.6124031007751938,0.4135135135135135
42,0.24629665911197662,370,258,312,158,154,0.5064102564102564,0.6124031007751938,0.41621621621621624
42,0.24518020451068878,370,258,313,158,155,0.5047923322683706,0.6124031007751938,0.4189189189189189
42,0.2406293898820877,370,258,314,159,155,0.5063694267515924,0.6162790697674418,0.4189189189189189
42,0.2396996021270752,370,258,315,159,156,0.5047619047619047,0.6162790697674418,0.42162162162162165
42,0.2369670867919922,370,258,316,159,157,0.5031645569620253,0.6162790697674418,0.4243243243243243
42,0.23309195041656494,370,258,317,159,158,0.501577287066246,0.6162790697674418,0.42702702702702705
42,0.23130281269550323,370,258,318,159,159,0.5,0.6162790697674418,0.4297297297297297
42,0.22707131505012512,370,258,319,160,159,0.5015673981191222,0.6201550387596899,0.4297297297297297
42,0.22285783290863037,370,258,320,160,160,0.5,0.6201550387596899,0.43243243243243246
42,0.22147266566753387,370,258,321,160,161,0.4984423676012461,0.6201550387596899,0.43513513513513513
42,0.21738603711128235,370,258,322,161,161,0.5,0.624031007751938,0.43513513513513513
42,0.21608278155326843,370,258,323,161,162,0.4984520123839009,0.624031007751938,0.43783783783783786
42,0.21387697756290436,370,258,324,161,163,0.49691358024691357,0.624031007751938,0.44054054054054054
42,0.21331150829792023,370,258,325,161,164,0.49538461538461537,0.624031007751938,0.44324324324324327
42,0.20815467834472656,370,258,326,162,164,0.49693251533742333,0.627906976744186,0.44324324324324327
42,0.20120087265968323,370,258,327,162,165,0.4954128440366973,0.627906976744186,0.44594594594594594
42,0.19877482950687408,370,258,328,162,166,0.49390243902439024,0.627906976744186,0.4486486486486487
42,0.18794137239456177,370,258,329,162,167,0.49240121580547114,0.627906976744186,0.45135135135135135
42,0.17309582233428955,370,258,330,162,168,0.4909090909090909,0.627906976744186,0.4540540540540541
42,0.1715773344039917,370,258,331,162,169,0.48942598187311176,0.627906976744186,0.45675675675675675
42,0.16090035438537598,370,258,332,163,169,0.49096385542168675,0.6317829457364341,0.45675675675675675
42,0.15986451506614685,370,258,333,163,170,0.4894894894894895,0.6317829457364341,0.4594594594594595
42,0.14992652833461761,370,258,334,163,171,0.4880239520958084,0.6317829457364341,0.46216216216216216
42,0.14642725884914398,370,258,335,164,171,0.48955223880597015,0.6356589147286822,0.46216216216216216
42,0.14543259143829346,370,258,336,164,172,0.4880952380952381,0.6356589147286822,0.4648648648648649
42,0.14413897693157196,370,258,337,164,173,0.486646884272997,0.6356589147286822,0.46756756756756757
42,0.13456697762012482,370,258,338,164,174,0.48520710059171596,0.6356589147286822,0.4702702702702703
42,0.11791852861642838,370,258,339,164,175,0.4837758112094395,0.6356589147286822,0.47297297297297297
42,0.10024300962686539,370,258,340,164,176,0.4823529411764706,0.6356589147286822,0.4756756756756757
42,0.09734524041414261,370,258,341,164,177,0.4809384164222874,0.6356589147286822,0.4783783783783784
42,0.09450961649417877,370,258,342,164,178,0.47953216374269003,0.6356589147286822,0.4810810810810811
42,0.09106211364269257,370,258,343,164,179,0.478134110787172,0.6356589147286822,0.4837837837837838
42,0.07144087553024292,370,258,344,164,180,0.47674418604651164,0.6356589147286822,0.4864864864864865
42,0.07132057100534439,370,258,345,164,181,0.4753623188405797,0.6356589147286822,0.4891891891891892
42,0.0690150037407875,370,258,346,164,182,0.47398843930635837,0.6356589147286822,0.4918918918918919
42,0.06815341114997864,370,258,347,164,183,0.47262247838616717,0.6356589147286822,0.4945945945945946
42,0.061057765036821365,370,258,348,164,184,0.47126436781609193,0.6356589147286822,0.4972972972972973
42,0.0513530857861042,370,258,349,164,185,0.4699140401146132,0.6356589147286822,0.5
42,0.04928767308592796,370,258,350,164,186,0.4685714285714286,0.6356589147286822,0.5027027027027027
42,0.0473780520260334,370,258,351,164,187,0.4672364672364672,0.6356589147286822,0.5054054054054054
42,0.04069148376584053,370,258,352,165,187,0.46875,0.6395348837209303,0.5054054054054054
42,0.03102390468120575,370,258,353,165,188,0.46742209631728043,0.6395348837209303,0.5081081081081081
42,0.02858683653175831,370,258,354,165,189,0.4661016949152542,0.6395348837209303,0.5108108108108108
42,0.027754005044698715,370,258,355,165,190,0.4647887323943662,0.6395348837209303,0.5135135135135135
42,0.027594340965151787,370,258,356,165,191,0.46348314606741575,0.6395348837209303,0.5162162162162162
42,0.02655124105513096,370,258,357,165,192,0.46218487394957986,0.6395348837209303,0.518918918918919
42,0.02648225612938404,370,258,358,165,193,0.46089385474860334,0.6395348837209303,0.5216216216216216
42,0.023485807701945305,370,258,359,166,193,0.4623955431754875,0.6434108527131783,0.5216216216216216
42,0.013263675384223461,370,258,360,166,194,0.46111111111111114,0.6434108527131783,0.5243243243243243
42,0.013114886358380318,370,258,361,166,195,0.4598337950138504,0.6434108527131783,0.527027027027027
42,0.01232585497200489,370,258,362,166,196,0.4585635359116022,0.6434108527131783,0.5297297297297298
42,0.012119519524276257,370,258,363,166,197,0.4573002754820937,0.6434108527131783,0.5324324324324324
42,0.010305614210665226,370,258,364,166,198,0.45604395604395603,0.6434108527131783,0.5351351351351351
42,0.00897324550896883,370,258,365,166,199,0.4547945205479452,0.6434108527131783,0.5378378378378378
42,0.008107596077024937,370,258,366,166,200,0.453551912568306,0.6434108527131783,0.5405405405405406
42,0.006842412520200014,370,258,367,166,201,0.45231607629427795,0.6434108527131783,0.5432432432432432
42,0.006359922233968973,370,258,368,166,202,0.45108695652173914,0.6434108527131783,0.5459459459459459
42,0.005874835420399904,370,258,369,166,203,0.44986449864498645,0.6434108527131783,0.5486486486486486
42,0.004590106662362814,370,258,370,166,204,0.4486486486486487,0.6434108527131783,0.5513513513513514
43,inf,370,258,0,0,0,1.0,0.0,0.0
43,0.9763794541358948,370,258,1,1,0,1.0,0.003875968992248062,0.0
43,0.9635144472122192,370,258,2,2,0,1.0,0.007751937984496124,0.0
43,0.9522321224212646,370,258,3,2,1,0.6666666666666666,0.007751937984496124,0.002702702702702703
43,0.95046067237854,370,258,4,3,1,0.75,0.011627906976744186,0.002702702702702703
43,0.9481443762779236,370,258,5,3,2,0.6,0.011627906976744186,0.005405405405405406
43,0.9325453042984009,370,258,6,4,2,0.6666666666666666,0.015503875968992248,0.005405405405405406
43,0.9320337176322937,370,258,7,5,2,0.7142857142857143,0.01937984496124031,0.005405405405405406
43,0.9316466450691223,370,258,8,6,2,0.75,0.023255813953488372,0.005405405405405406
43,0.9312005043029785,370,258,9,6,3,0.6666666666666666,0.023255813953488372,0.008108108108108109
43,0.9275414347648621,370,258,10,7,3,0.7,0.027131782945736434,0.008108108108108109
43,0.9237599968910217,370,258,11,8,3,0.7272727272727273,0.031007751937984496,0.008108108108108109
43,0.9170917272567749,370,258,12,9,3,0.75,0.03488372093023256,0.008108108108108109
43,0.917057991027832,370,258,13,10,3,0.7692307692307693,0.03875968992248062,0.008108108108108109
43,0.9133473038673401,370,258,14,11,3,0.7857142857142857,0.04263565891472868,0.008108108108108109
43,0.9106138944625854,370,258,15,12,3,0.8,0.046511627906976744,0.008108108108108109
43,0.9018962979316711,370,258,16,13,3,0.8125,0.050387596899224806,0.008108108108108109
43,0.9003958106040955,370,258,17,14,3,0.8235294117647058,0.05426356589147287,0.008108108108108109
43,0.8953819870948792,370,258,18,15,3,0.8333333333333334,0.05813953488372093,0.008108108108108109
43,0.8931143879890442,370,258,19,16,3,0.8421052631578947,0.06201550387596899,0.008108108108108109
43,0.8930312991142273,370,258,20,17,3,0.85,0.06589147286821706,0.008108108108108109
43,0.8904958367347717,370,258,21,18,3,0.8571428571428571,0.06976744186046512,0.008108108108108109
43,0.8881171345710754,370,258,22,19,3,0.8636363636363636,0.07364341085271318,0.008108108108108109
43,0.885134220123291,370,258,23,19,4,0.8260869565217391,0.07364341085271318,0.010810810810810811
43,0.8837864995002747,370,258,24,20,4,0.8333333333333334,0.07751937984496124,0.010810810810810811
43,0.8827337026596069,370,258,25,21,4,0.84,0.08139534883720931,0.010810810810810811
43,0.8768986463546753,370,258,26,22,4,0.8461538461538461,0.08527131782945736,0.010810810810810811
43,0.8699543476104736,370,258,27,23,4,0.8518518518518519,0.08914728682170543,0.010810810810810811
43,0.8698151111602783,370,258,28,24,4,0.8571428571428571,0.09302325581395349,0.010810810810810811
43,0.8655914664268494,370,258,29,24,5,0.8275862068965517,0.09302325581395349,0.013513513513513514
43,0.8595795035362244,370,258,30,25,5,0.8333333333333334,0.09689922480620156,0.013513513513513514
43,0.8592702150344849,370,258,31,25,6,0.8064516129032258,0.09689922480620156,0.016216216216216217
43,0.8566153645515442,370,258,32,26,6,0.8125,0.10077519379844961,0.016216216216216217
43,0.8460294604301453,370,258,33,26,7,0.7878787878787878,0.10077519379844961,0.01891891891891892
43,0.8418411612510681,370,258,34,26,8,0.7647058823529411,0.10077519379844961,0.021621621621621623
43,0.8405618667602539,370,258,35,26,9,0.7428571428571429,0.10077519379844961,0.024324324324324326
43,0.8380616307258606,370,258,36,26,10,0.7222222222222222,0.10077519379844961,0.02702702702702703
43,0.833361804485321,370,258,37,27,10,0.7297297297297297,0.10465116279069768,0.02702702702702703
43,0.8301395177841187,370,258,38,28,10,0.7368421052631579,0.10852713178294573,0.02702702702702703
43,0.824881911277771,370,258,39,29,10,0.7435897435897436,0.1124031007751938,0.02702702702702703
43,0.8180242776870728,370,258,40,30,10,0.75,0.11627906976744186,0.02702702702702703
43,0.8171733617782593,370,258,41,31,10,0.7560975609756098,0.12015503875968993,0.02702702702702703
43,0.8168322443962097,370,258,42,32,10,0.7619047619047619,0.12403100775193798,0.02702702702702703
43,0.8094108700752258,370,258,43,32,11,0.7441860465116279,0.12403100775193798,0.02972972972972973
43,0.8031970262527466,370,258,44,32,12,0.7272727272727273,0.12403100775193798,0.032432432432432434
43,0.8017469048500061,370,258,45,33,12,0.7333333333333333,0.12790697674418605,0.032432432432432434
43,0.7951560020446777,370,258,46,34,12,0.7391304347826086,0.13178294573643412,0.032432432432432434
43,0.7948930263519287,370,258,47,35,12,0.7446808510638298,0.13565891472868216,0.032432432432432434
43,0.7923156023025513,370,258,48,35,13,0.7291666666666666,0.13565891472868216,0.03513513513513514
43,0.7902447581291199,370,258,49,35,14,0.7142857142857143,0.13565891472868216,0.03783783783783784
43,0.7869811058044434,370,258,50,35,15,0.7,0.13565891472868216,0.04054054054054054
43,0.7838517427444458,370,258,51,36,15,0.7058823529411765,0.13953488372093023,0.04054054054054054
43,0.7798169851303101,370,258,52,36,16,0.6923076923076923,0.13953488372093023,0.043243243243243246
43,0.778564989566803,370,258,53,37,16,0.6981132075471698,0.1434108527131783,0.043243243243243246
43,0.7768008708953857,370,258,54,37,17,0.6851851851851852,0.1434108527131783,0.04594594594594595
43,0.7747963666915894,370,258,55,38,17,0.6909090909090909,0.14728682170542637,0.04594594594594595
43,0.7680736780166626,370,258,56,39,17,0.6964285714285714,0.1511627906976744,0.04594594594594595
43,0.7662363648414612,370,258,57,39,18,0.6842105263157895,0.1511627906976744,0.04864864864864865
43,0.7654986381530762,370,258,58,39,19,0.6724137931034483,0.1511627906976744,0.051351351351351354
43,0.7651344537734985,370,258,59,39,20,0.6610169491525424,0.1511627906976744,0.05405405405405406
43,0.7608919143676758,370,258,60,39,21,0.65,0.1511627906976744,0.05675675675675676
43,0.760532557964325,370,258,61,40,21,0.6557377049180327,0.15503875968992248,0.05675675675675676
43,0.7567151784896851,370,258,62,41,21,0.6612903225806451,0.15891472868217055,0.05675675675675676
43,0.7564741969108582,370,258,63,41,22,0.6507936507936508,0.15891472868217055,0.05945945945945946
43,0.7540464997291565,370,258,64,41,23,0.640625,0.15891472868217055,0.062162162162162166
43,0.7529568076133728,370,258,65,42,23,0.6461538461538462,0.16279069767441862,0.062162162162162166
43,0.7447656393051147,370,258,66,43,23,0.6515151515151515,0.16666666666666666,0.062162162162162166
43,0.7397674322128296,370,258,67,44,23,0.6567164179104478,0.17054263565891473,0.062162162162162166
43,0.7362622618675232,370,258,68,45,23,0.6617647058823529,0.1744186046511628,0.062162162162162166
43,0.73587566614151,370,258,69,46,23,0.6666666666666666,0.17829457364341086,0.062162162162162166
43,0.734297513961792,370,258,70,47,23,0.6714285714285714,0.1821705426356589,0.062162162162162166
43,0.7266750931739807,370,258,71,47,24,0.6619718309859155,0.1821705426356589,0.06486486486486487
43,0.7259557843208313,370,258,72,47,25,0.6527777777777778,0.1821705426356589,0.06756756756756757
43,0.7251883149147034,370,258,73,47,26,0.6438356164383562,0.1821705426356589,0.07027027027027027
43,0.7227572798728943,370,258,74,47,27,0.6351351351351351,0.1821705426356589,0.07297297297297298
43,0.718401312828064,370,258,75,47,28,0.6266666666666667,0.1821705426356589,0.07567567567567568
43,0.717928946018219,370,258,76,48,28,0.631578947368421,0.18604651162790697,0.07567567567567568
43,0.7176450490951538,370,258,77,49,28,0.6363636363636364,0.18992248062015504,0.07567567567567568
43,0.7152275443077087,370,258,78,50,28,0.6410256410256411,0.1937984496124031,0.07567567567567568
43,0.7142766714096069,370,258,79,51,28,0.6455696202531646,0.19767441860465115,0.07567567567567568
43,0.7115001678466797,370,258,80,52,28,0.65,0.20155038759689922,0.07567567567567568
43,0.7111656665802002,370,258,81,53,28,0.654320987654321,0.2054263565891473,0.07567567567567568
43,0.7110570669174194,370,258,82,54,28,0.6585365853658537,0.20930232558139536,0.07567567567567568
43,0.7090990543365479,370,258,83,55,28,0.6626506024096386,0.2131782945736434,0.07567567567567568
43,0.7088264226913452,370,258,84,55,29,0.6547619047619048,0.2131782945736434,0.07837837837837838
43,0.7060918211936951,370,258,85,55,30,0.6470588235294118,0.2131782945736434,0.08108108108108109
43,0.7019441723823547,370,258,86,56,30,0.6511627906976745,0.21705426356589147,0.08108108108108109
43,0.6996679902076721,370,258,87,56,31,0.6436781609195402,0.21705426356589147,0.08378378378378379
43,0.6916013360023499,370,258,88,57,31,0.6477272727272727,0.22093023255813954,0.08378378378378379
43,0.6914334893226624,370,258,89,58,31,0.651685393258427,0.2248062015503876,0.08378378378378379
43,0.6826294660568237,370,258,90,58,32,0.6444444444444445,0.2248062015503876,0.08648648648648649
43,0.680087685585022,370,258,91,59,32,0.6483516483516484,0.22868217054263565,0.08648648648648649
43,0.6735586524009705,370,258,92,60,32,0.6521739130434783,0.23255813953488372,0.08648648648648649
43,0.6723278164863586,370,258,93,61,32,0.6559139784946236,0.2364341085271318,0.08648648648648649
43,0.6663585305213928,370,258,94,61,33,0.648936170212766,0.2364341085271318,0.0891891891891892
43,0.662177324295044,370,258,95,62,33,0.6526315789473685,0.24031007751937986,0.0891891891891892
43,0.6614586114883423,370,258,96,63,33,0.65625,0.2441860465116279,0.0891891891891892
43,0.6607040762901306,370,258,97,63,34,0.6494845360824743,0.2441860465116279,0.0918918918918919
43,0.6598166227340698,370,258,98,64,34,0.6530612244897959,0.24806201550387597,0.0918918918918919
43,0.6594489216804504,370,258,99,65,34,0.6565656565656566,0.25193798449612403,0.0918918918918919
43,0.6571193337440491,370,258,100,66,34,0.66,0.2558139534883721,0.0918918918918919
43,0.6570233106613159,370,258,101,66,35,0.6534653465346535,0.2558139534883721,0.0945945945945946
43,0.6539873480796814,370,258,102,66,36,0.6470588235294118,0.2558139534883721,0.0972972972972973
43,0.6496456265449524,370,258,103,66,37,0.6407766990291263,0.2558139534883721,0.1
43,0.6491869688034058,370,258,104,66,38,0.6346153846153846,0.2558139534883721,0.10270270270270271
43,0.6485347151756287,370,258,105,67,38,0.638095238095238,0.2596899224806202,0.10270270270270271
43,0.6473125219345093,370,258,106,67,39,0.6320754716981132,0.2596899224806202,0.10540540540540541
43,0.6403363943099976,370,258,107,68,39,0.6355140186915887,0.26356589147286824,0.10540540540540541
43,0.6398888826370239,370,258,108,68,40,0.6296296296296297,0.26356589147286824,0.10810810810810811
43,0.6388831734657288,370,258,109,68,41,0.6238532110091743,0.26356589147286824,0.11081081081081082
43,0.6365536451339722,370,258,110,69,41,0.6272727272727273,0.26744186046511625,0.11081081081081082
43,0.6360436677932739,370,258,111,69,42,0.6216216216216216,0.26744186046511625,0.11351351351351352
43,0.6336543560028076,370,258,112,69,43,0.6160714285714286,0.26744186046511625,0.11621621621621622
43,0.6257092356681824,370,258,113,70,43,0.6194690265486725,0.2713178294573643,0.11621621621621622
43,0.6232901811599731,370,258,114,71,43,0.6228070175438597,0.2751937984496124,0.11621621621621622
43,0.6168191432952881,370,258,115,71,44,0.6173913043478261,0.2751937984496124,0.11891891891891893
43,0.6163557171821594,370,258,116,71,45,0.6120689655172413,0.2751937984496124,0.12162162162162163
43,0.6135694980621338,370,258,117,72,45,0.6153846153846154,0.27906976744186046,0.12162162162162163
43,0.613196611404419,370,258,118,73,45,0.6186440677966102,0.28294573643410853,0.12162162162162163
43,0.6125339269638062,370,258,119,74,45,0.6218487394957983,0.2868217054263566,0.12162162162162163
43,0.6102063655853271,370,258,120,75,45,0.625,0.29069767441860467,0.12162162162162163
43,0.6095187067985535,370,258,121,75,46,0.6198347107438017,0.29069767441860467,0.12432432432432433
43,0.6083613634109497,370,258,122,76,46,0.6229508196721312,0.29457364341085274,0.12432432432432433
43,0.605068564414978,370,258,123,77,46,0.6260162601626016,0.29844961240310075,0.12432432432432433
43,0.5997866988182068,370,258,124,78,46,0.6290322580645161,0.3023255813953488,0.12432432432432433
43,0.5982958674430847,370,258,125,78,47,0.624,0.3023255813953488,0.12702702702702703
43,0.5963074564933777,370,258,126,78,48,0.6190476190476191,0.3023255813953488,0.12972972972972974
43,0.5957622528076172,370,258,127,78,49,0.6141732283464567,0.3023255813953488,0.13243243243243244
43,0.5955310463905334,370,258,128,79,49,0.6171875,0.3062015503875969,0.13243243243243244
43,0.5950413346290588,370,258,129,80,49,0.6201550387596899,0.31007751937984496,0.13243243243243244
43,0.5948678851127625,370,258,130,80,50,0.6153846153846154,0.31007751937984496,0.13513513513513514
43,0.5938376188278198,370,258,131,80,51,0.6106870229007634,0.31007751937984496,0.13783783783783785
43,0.5911258459091187,370,258,132,80,52,0.6060606060606061,0.31007751937984496,0.14054054054054055
43,0.5864723324775696,370,258,133,80,53,0.6015037593984962,0.31007751937984496,0.14324324324324325
43,0.5856513381004333,370,258,134,81,53,0.6044776119402985,0.313953488372093,0.14324324324324325
43,0.5841626524925232,370,258,135,82,53,0.6074074074074074,0.3178294573643411,0.14324324324324325
43,0.5798037648200989,370,258,136,83,53,0.6102941176470589,0.32170542635658916,0.14324324324324325
43,0.5791977047920227,370,258,137,84,53,0.6131386861313869,0.32558139534883723,0.14324324324324325
43,0.5783809423446655,370,258,138,85,53,0.6159420289855072,0.32945736434108525,0.14324324324324325
43,0.5724765062332153,370,258,139,85,54,0.6115107913669064,0.32945736434108525,0.14594594594594595
43,0.5713570713996887,370,258,140,86,54,0.6142857142857143,0.3333333333333333,0.14594594594594595
43,0.569687008857727,370,258,141,87,54,0.6170212765957447,0.3372093023255814,0.14594594594594595
43,0.563382625579834,370,258,142,88,54,0.6197183098591549,0.34108527131782945,0.14594594594594595
43,0.5619357824325562,370,258,143,89,54,0.6223776223776224,0.3449612403100775,0.14594594594594595
43,0.5603495240211487,370,258,144,89,55,0.6180555555555556,0.3449612403100775,0.14864864864864866
43,0.557963490486145,370,258,145,90,55,0.6206896551724138,0.3488372093023256,0.14864864864864866
43,0.5537699460983276,370,258,146,90,56,0.6164383561643836,0.3488372093023256,0.15135135135135136
43,0.5475788116455078,370,258,147,90,57,0.6122448979591837,0.3488372093023256,0.15405405405405406
43,0.5470783114433289,370,258,148,91,57,0.6148648648648649,0.35271317829457366,0.15405405405405406
43,0.5463938117027283,370,258,149,91,58,0.610738255033557,0.35271317829457366,0.15675675675675677
43,0.5450799465179443,370,258,150,92,58,0.6133333333333333,0.35658914728682173,0.15675675675675677
43,0.5390018820762634,370,258,151,93,58,0.6158940397350994,0.36046511627906974,0.15675675675675677
43,0.5384722948074341,370,258,152,93,59,0.6118421052631579,0.36046511627906974,0.15945945945945947
43,0.5382687449455261,370,258,153,93,60,0.6078431372549019,0.36046511627906974,0.16216216216216217
43,0.5375970602035522,370,258,154,94,60,0.6103896103896104,0.3643410852713178,0.16216216216216217
43,0.5365232229232788,370,258,155,95,60,0.6129032258064516,0.3682170542635659,0.16216216216216217
43,0.5347878336906433,370,258,156,96,60,0.6153846153846154,0.37209302325581395,0.16216216216216217
43,0.5309114456176758,370,258,157,97,60,0.6178343949044586,0.375968992248062,0.16216216216216217
43,0.5297228097915649,370,258,158,98,60,0.620253164556962,0.3798449612403101,0.16216216216216217
43,0.5286065936088562,370,258,159,98,61,0.6163522012578616,0.3798449612403101,0.16486486486486487
43,0.524398148059845,370,258,160,98,62,0.6125,0.3798449612403101,0.16756756756756758
43,0.5235264897346497,370,258,161,98,63,0.6086956521739131,0.3798449612403101,0.17027027027027028
43,0.5185056924819946,370,258,162,99,63,0.6111111111111112,0.38372093023255816,0.17027027027027028
43,0.5178033113479614,370,258,163,100,63,0.6134969325153374,0.3875968992248062,0.17027027027027028
43,0.5172756910324097,370,258,164,100,64,0.6097560975609756,0.3875968992248062,0.17297297297297298
43,0.5157787203788757,370,258,165,101,64,0.6121212121212121,0.39147286821705424,0.17297297297297298
43,0.5156534910202026,370,258,166,102,64,0.6144578313253012,0.3953488372093023,0.17297297297297298
43,0.5149787068367004,370,258,167,102,65,0.6107784431137725,0.3953488372093023,0.17567567567567569
43,0.5125296711921692,370,258,168,102,66,0.6071428571428571,0.3953488372093023,0.1783783783783784
43,0.5122223496437073,370,258,169,103,66,0.6094674556213018,0.3992248062015504,0.1783783783783784
43,0.5110353231430054,370,258,170,104,66,0.611764705882353,0.40310077519379844,0.1783783783783784
43,0.5103207230567932,370,258,171,104,67,0.6081871345029239,0.40310077519379844,0.1810810810810811
43,0.5092811584472656,370,258,172,105,67,0.6104651162790697,0.4069767441860465,0.1810810810810811
43,0.5081987380981445,370,258,173,106,67,0.6127167630057804,0.4108527131782946,0.1810810810810811
43,0.5070981979370117,370,258,174,106,68,0.6091954022988506,0.4108527131782946,0.1837837837837838
43,0.5058524012565613,370,258,175,106,69,0.6057142857142858,0.4108527131782946,0.1864864864864865
43,0.5051836967468262,370,258,176,106,70,0.6022727272727273,0.4108527131782946,0.1891891891891892
43,0.5050340890884399,370,258,177,106,71,0.5988700564971752,0.4108527131782946,0.1918918918918919
43,0.5039065480232239,370,258,178,107,71,0.601123595505618,0.41472868217054265,0.1918918918918919
43,0.5037479996681213,370,258,179,107,72,0.5977653631284916,0.41472868217054265,0.1945945945945946
43,0.49931275844573975,370,258,180,108,72,0.6,0.4186046511627907,0.1945945945945946
43,0.49851882457733154,370,258,181,108,73,0.5966850828729282,0.4186046511627907,0.1972972972972973
43,0.49357911944389343,370,258,182,109,73,0.5989010989010989,0.42248062015503873,0.1972972972972973
43,0.4884129762649536,370,258,183,110,73,0.6010928961748634,0.4263565891472868,0.1972972972972973
43,0.48697009682655334,370,258,184,111,73,0.6032608695652174,0.43023255813953487,0.1972972972972973
43,0.48679912090301514,370,258,185,111,74,0.6,0.43023255813953487,0.2
43,0.484883576631546,370,258,186,111,75,0.5967741935483871,0.43023255813953487,0.20270270270270271
43,0.484877347946167,370,258,187,111,76,0.5935828877005348,0.43023255813953487,0.20540540540540542
43,0.4832169711589813,370,258,188,111,77,0.5904255319148937,0.43023255813953487,0.20810810810810812
43,0.483169823884964,370,258,189,111,78,0.5873015873015873,0.43023255813953487,0.21081081081081082
43,0.47935813665390015,370,258,190,112,78,0.5894736842105263,0.43410852713178294,0.21081081081081082
43,0.4758302867412567,370,258,191,113,78,0.5916230366492147,0.437984496124031,0.21081081081081082
43,0.4752822518348694,370,258,192,113,79,0.5885416666666666,0.437984496124031,0.21351351351351353
43,0.47498589754104614,370,258,193,113,80,0.5854922279792746,0.437984496124031,0.21621621621621623
43,0.4723828136920929,370,258,194,113,81,0.5824742268041238,0.437984496124031,0.21891891891891893
43,0.4721028208732605,370,258,195,114,81,0.5846153846153846,0.4418604651162791,0.21891891891891893
43,0.4719878137111664,370,258,196,114,82,0.5816326530612245,0.4418604651162791,0.22162162162162163
43,0.47044503688812256,370,258,197,115,82,0.583756345177665,0.44573643410852715,0.22162162162162163
43,0.4698522090911865,370,258,198,116,82,0.5858585858585859,0.4496124031007752,0.22162162162162163
43,0.4683288633823395,370,258,199,116,83,0.5829145728643216,0.4496124031007752,0.22432432432432434
43,0.4676017463207245,370,258,200,117,83,0.585,0.45348837209302323,0.22432432432432434
43,0.4655618965625763,370,258,201,118,83,0.5870646766169154,0.4573643410852713,0.22432432432432434
43,0.4631204903125763,370,258,202,118,84,0.5841584158415841,0.4573643410852713,0.22702702702702704
43,0.4623294770717621,370,258,203,119,84,0.5862068965517241,0.46124031007751937,0.22702702702702704
43,0.4608752131462097,370,258,204,120,84,0.5882352941176471,0.46511627906976744,0.22702702702702704
43,0.459782212972641,370,258,205,121,84,0.5902439024390244,0.4689922480620155,0.22702702702702704
43,0.45893973112106323,370,258,206,121,85,0.587378640776699,0.4689922480620155,0.22972972972972974
43,0.4557924270629883,370,258,207,122,85,0.5893719806763285,0.4728682170542636,0.22972972972972974
43,0.45445168018341064,370,258,208,122,86,0.5865384615384616,0.4728682170542636,0.23243243243243245
43,0.45296719670295715,370,258,209,123,86,0.5885167464114832,0.47674418604651164,0.23243243243243245
43,0.4492240250110626,370,258,210,124,86,0.5904761904761905,0.4806201550387597,0.23243243243243245
43,0.4491023123264313,370,258,211,125,86,0.5924170616113744,0.4844961240310077,0.23243243243243245
43,0.4463311433792114,370,258,212,126,86,0.5943396226415094,0.4883720930232558,0.23243243243243245
43,0.44616490602493286,370,258,213,127,86,0.596244131455399,0.49224806201550386,0.23243243243243245
43,0.4453045129776001,370,258,214,127,87,0.5934579439252337,0.49224806201550386,0.23513513513513515
43,0.4437802731990814,370,258,215,128,87,0.5953488372093023,0.49612403100775193,0.23513513513513515
43,0.44314315915107727,370,258,216,128,88,0.5925925925925926,0.49612403100775193,0.23783783783783785
43,0.4427890181541443,370,258,217,128,89,0.5898617511520737,0.49612403100775193,0.24054054054054055
43,0.4409627318382263,370,258,218,129,89,0.591743119266055,0.5,0.24054054054054055
43,0.43709713220596313,370,258,219,129,90,0.589041095890411,0.5,0.24324324324324326
43,0.43626201152801514,370,258,220,130,90,0.5909090909090909,0.5038759689922481,0.24324324324324326
43,0.4350852370262146,370,258,221,131,90,0.5927601809954751,0.5077519379844961,0.24324324324324326
43,0.4321824610233307,370,258,222,131,91,0.5900900900900901,0.5077519379844961,0.24594594594594596
43,0.42515063285827637,370,258,223,131,92,0.5874439461883408,0.5077519379844961,0.24864864864864866
43,0.4234987795352936,370,258,224,131,93,0.5848214285714286,0.5077519379844961,0.25135135135135134
43,0.42197924852371216,370,258,225,132,93,0.5866666666666667,0.5116279069767442,0.25135135135135134
43,0.4174460172653198,370,258,226,132,94,0.584070796460177,0.5116279069767442,0.25405405405405407
43,0.4173641502857208,370,258,227,132,95,0.5814977973568282,0.5116279069767442,0.25675675675675674
43,0.4161543548107147,370,258,228,132,96,0.5789473684210527,0.5116279069767442,0.2594594594594595
43,0.4146091043949127,370,258,229,132,97,0.5764192139737991,0.5116279069767442,0.26216216216216215
43,0.4128309190273285,370,258,230,132,98,0.5739130434782609,0.5116279069767442,0.2648648648648649
43,0.40871956944465637,370,258,231,132,99,0.5714285714285714,0.5116279069767442,0.26756756756756755
43,0.40824437141418457,370,258,232,132,100,0.5689655172413793,0.5116279069767442,0.2702702702702703
43,0.40271180868148804,370,258,233,132,101,0.5665236051502146,0.5116279069767442,0.27297297297297296
43,0.4010491371154785,370,258,234,133,101,0.5683760683760684,0.5155038759689923,0.27297297297297296
43,0.40096479654312134,370,258,235,133,102,0.5659574468085107,0.5155038759689923,0.2756756756756757
43,0.39817357063293457,370,258,236,134,102,0.5677966101694916,0.5193798449612403,0.2756756756756757
43,0.3953728973865509,370,258,237,134,103,0.5654008438818565,0.5193798449612403,0.27837837837837837
43,0.39518478512763977,370,258,238,134,104,0.5630252100840336,0.5193798449612403,0.2810810810810811
43,0.39486566185951233,370,258,239,135,104,0.5648535564853556,0.5232558139534884,0.2810810810810811
43,0.392156183719635,370,258,240,135,105,0.5625,0.5232558139534884,0.28378378378378377
43,0.3918173909187317,370,258,241,136,105,0.5643153526970954,0.5271317829457365,0.28378378378378377
43,0.3889959752559662,370,258,242,137,105,0.5661157024793388,0.5310077519379846,0.28378378378378377
43,0.38859546184539795,370,258,243,138,105,0.5679012345679012,0.5348837209302325,0.28378378378378377
43,0.38453757762908936,370,258,244,138,106,0.5655737704918032,0.5348837209302325,0.2864864864864865
43,0.38280442357063293,370,258,245,139,106,0.5673469387755102,0.5387596899224806,0.2864864864864865
43,0.382731556892395,370,258,246,139,107,0.5650406504065041,0.5387596899224806,0.2891891891891892
43,0.38245391845703125,370,258,247,140,107,0.5668016194331984,0.5426356589147286,0.2891891891891892
43,0.38114452362060547,370,258,248,140,108,0.5645161290322581,0.5426356589147286,0.2918918918918919
43,0.3778396248817444,370,258,249,140,109,0.5622489959839357,0.5426356589147286,0.2945945945945946
43,0.3775728940963745,370,258,250,140,110,0.56,0.5426356589147286,0.2972972972972973
43,0.37295228242874146,370,258,251,140,111,0.5577689243027888,0.5426356589147286,0.3
43,0.37139183282852173,370,258,252,141,111,0.5595238095238095,0.5465116279069767,0.3
43,0.3708900511264801,370,258,253,141,112,0.5573122529644269,0.5465116279069767,0.3027027027027027
43,0.3686172366142273,370,258,254,142,112,0.5590551181102362,0.5503875968992248,0.3027027027027027
43,0.3650367259979248,370,258,255,142,113,0.5568627450980392,0.5503875968992248,0.3054054054054054
43,0.36476239562034607,370,258,256,142,114,0.5546875,0.5503875968992248,0.3081081081081081
43,0.3645252585411072,370,258,257,142,115,0.5525291828793775,0.5503875968992248,0.3108108108108108
43,0.3614199757575989,370,258,258,143,115,0.5542635658914729,0.5542635658914729,0.3108108108108108
43,0.3592790365219116,370,258,259,143,116,0.5521235521235521,0.5542635658914729,0.31351351351351353
43,0.35881930589675903,370,258,260,144,116,0.5538461538461539,0.5581395348837209,0.31351351351351353
43,0.3583710193634033,370,258,261,144,117,0.5517241379310345,0.5581395348837209,0.3162162162162162
43,0.35819506645202637,370,258,262,145,117,0.5534351145038168,0.562015503875969,0.3162162162162162
43,0.3577587306499481,370,258,263,146,117,0.5551330798479087,0.5658914728682171,0.3162162162162162
43,0.3562051057815552,370,258,264,147,117,0.5568181818181818,0.5697674418604651,0.3162162162162162
43,0.3546350300312042,370,258,265,147,118,0.5547169811320755,0.5697674418604651,0.31891891891891894
43,0.34786778688430786,370,258,266,147,119,0.5526315789473685,0.5697674418604651,0.3216216216216216
43,0.3461710512638092,370,258,267,147,120,0.550561797752809,0.5697674418604651,0.32432432432432434
43,0.3457745909690857,370,258,268,148,120,0.5522388059701493,0.5736434108527132,0.32432432432432434
43,0.34254390001296997,370,258,269,148,121,0.550185873605948,0.5736434108527132,0.327027027027027
43,0.3425156772136688,370,258,270,149,121,0.5518518518518518,0.5775193798449613,0.327027027027027
43,0.34228548407554626,370,258,271,149,122,0.5498154981549815,0.5775193798449613,0.32972972972972975
43,0.34227025508880615,370,258,272,149,123,0.5477941176470589,0.5775193798449613,0.3324324324324324
43,0.33909639716148376,370,258,273,149,124,0.5457875457875457,0.5775193798449613,0.33513513513513515
43,0.338807612657547,370,258,274,149,125,0.5437956204379562,0.5775193798449613,0.33783783783783783
43,0.33765849471092224,370,258,275,149,126,0.5418181818181819,0.5775193798449613,0.34054054054054056
43,0.33546727895736694,370,258,276,149,127,0.5398550724637681,0.5775193798449613,0.34324324324324323
43,0.3345484435558319,370,258,277,149,128,0.5379061371841155,0.5775193798449613,0.34594594594594597
43,0.33385100960731506,370,258,278,149,129,0.5359712230215827,0.5775193798449613,0.34864864864864864
43,0.33278530836105347,370,258,279,149,130,0.5340501792114696,0.5775193798449613,0.35135135135135137
43,0.33266133069992065,370,258,280,150,130,0.5357142857142857,0.5813953488372093,0.35135135135135137
43,0.318617045879364,370,258,281,150,131,0.5338078291814946,0.5813953488372093,0.35405405405405405
43,0.31776559352874756,370,258,282,150,132,0.5319148936170213,0.5813953488372093,0.3567567567567568
43,0.3144809901714325,370,258,283,151,132,0.5335689045936396,0.5852713178294574,0.3567567567567568
43,0.314242959022522,370,258,284,151,133,0.5316901408450704,0.5852713178294574,0.35945945945945945
43,0.31421226263046265,370,258,285,151,134,0.5298245614035088,0.5852713178294574,0.3621621621621622
43,0.31090736389160156,370,258,286,151,135,0.527972027972028,0.5852713178294574,0.36486486486486486
43,0.31028932332992554,370,258,287,151,136,0.5261324041811847,0.5852713178294574,0.3675675675675676
43,0.3059522807598114,370,258,288,152,136,0.5277777777777778,0.5891472868217055,0.3675675675675676
43,0.30099326372146606,370,258,289,152,137,0.5259515570934256,0.5891472868217055,0.37027027027027026
43,0.30096548795700073,370,258,290,152,138,0.5241379310344828,0.5891472868217055,0.372972972972973
43,0.2931540608406067,370,258,291,152,139,0.5223367697594502,0.5891472868217055,0.37567567567567567
43,0.2930833697319031,370,258,292,153,139,0.523972602739726,0.5930232558139535,0.37567567567567567
43,0.28184646368026733,370,258,293,153,140,0.5221843003412969,0.5930232558139535,0.3783783783783784
43,0.2800545394420624,370,258,294,153,141,0.5204081632653061,0.5930232558139535,0.3810810810810811
43,0.2796511650085449,370,258,295,154,141,0.5220338983050847,0.5968992248062015,0.3810810810810811
43,0.27951347827911377,370,258,296,154,142,0.5202702702702703,0.5968992248062015,0.3837837837837838
43,0.2761406898498535,370,258,297,155,142,0.5218855218855218,0.6007751937984496,0.3837837837837838
43,0.27449795603752136,370,258,298,155,143,0.5201342281879194,0.6007751937984496,0.3864864864864865
43,0.27371349930763245,370,258,299,155,144,0.5183946488294314,0.6007751937984496,0.3891891891891892
43,0.27113470435142517,370,258,300,155,145,0.5166666666666667,0.6007751937984496,0.3918918918918919
43,0.2710477411746979,370,258,301,155,146,0.5149501661129569,0.6007751937984496,0.3945945945945946
43,0.2613702714443207,370,258,302,155,147,0.5132450331125827,0.6007751937984496,0.3972972972972973
43,0.25997328758239746,370,258,303,156,147,0.5148514851485149,0.6046511627906976,0.3972972972972973
43,0.2568356394767761,370,258,304,157,147,0.5164473684210527,0.6085271317829457,0.3972972972972973
43,0.25636348128318787,370,258,305,157,148,0.5147540983606558,0.6085271317829457,0.4
43,0.2547760605812073,370,258,306,158,148,0.5163398692810458,0.6124031007751938,0.4
43,0.25327324867248535,370,258,307,158,149,0.5146579804560261,0.6124031007751938,0.4027027027027027
43,0.252149373292923,370,258,308,158,150,0.512987012987013,0.6124031007751938,0.40540540540540543
43,0.2504015266895294,370,258,309,159,150,0.5145631067961165,0.6162790697674418,0.40540540540540543
43,0.25033679604530334,370,258,310,159,151,0.5129032258064516,0.6162790697674418,0.4081081081081081
43,0.24996912479400635,370,258,311,159,152,0.5112540192926045,0.6162790697674418,0.41081081081081083
43,0.23663167655467987,370,258,312,159,153,0.5096153846153846,0.6162790697674418,0.4135135135135135
43,0.23492595553398132,370,258,313,159,154,0.5079872204472844,0.6162790697674418,0.41621621621621624
43,0.23188185691833496,370,258,314,159,155,0.5063694267515924,0.6162790697674418,0.4189189189189189
43,0.22894716262817383,370,258,315,160,155,0.5079365079365079,0.6201550387596899,0.4189189189189189
43,0.22742515802383423,370,258,316,160,156,0.5063291139240507,0.6201550387596899,0.42162162162162165
43,0.22113458812236786,370,258,317,160,157,0.5047318611987381,0.6201550387596899,0.4243243243243243
43,0.2201479822397232,370,258,318,160,158,0.5031446540880503,0.6201550387596899,0.42702702702702705
43,0.21989022195339203,370,258,319,160,159,0.5015673981191222,0.6201550387596899,0.4297297297297297
43,0.2165980190038681,370,258,320,161,159,0.503125,0.624031007751938,0.4297297297297297
43,0.21631082892417908,370,258,321,161,160,0.5015576323987538,0.624031007751938,0.43243243243243246
43,0.21459931135177612,370,258,322,161,161,0.5,0.624031007751938,0.43513513513513513
43,0.20557409524917603,370,258,323,161,162,0.4984520123839009,0.624031007751938,0.43783783783783786
43,0.2023463100194931,370,258,324,161,163,0.49691358024691357,0.624031007751938,0.44054054054054054
43,0.19795797765254974,370,258,325,161,164,0.49538461538461537,0.624031007751938,0.44324324324324327
43,0.1938837468624115,370,258,326,161,165,0.4938650306748466,0.624031007751938,0.44594594594594594
43,0.1841900795698166,370,258,327,161,166,0.4923547400611621,0.624031007751938,0.4486486486486487
43,0.1829638034105301,370,258,328,162,166,0.49390243902439024,0.627906976744186,0.4486486486486487
43,0.1819424033164978,370,258,329,163,166,0.49544072948328266,0.6317829457364341,0.4486486486486487
43,0.17746195197105408,370,258,330,164,166,0.49696969696969695,0.6356589147286822,0.4486486486486487
43,0.16041086614131927,370,258,331,164,167,0.4954682779456193,0.6356589147286822,0.45135135135135135
43,0.15511761605739594,370,258,332,165,167,0.49698795180722893,0.6395348837209303,0.45135135135135135
43,0.1485045999288559,370,258,333,165,168,0.4954954954954955,0.6395348837209303,0.4540540540540541
43,0.144269660115242,370,258,334,165,169,0.4940119760479042,0.6395348837209303,0.45675675675675675
43,0.1318512260913849,370,258,335,165,170,0.4925373134328358,0.6395348837209303,0.4594594594594595
43,0.12952524423599243,370,258,336,166,170,0.49404761904761907,0.6434108527131783,0.4594594594594595
43,0.12487861514091492,370,258,337,166,171,0.49258160237388726,0.6434108527131783,0.46216216216216216
43,0.10175912082195282,370,258,338,166,172,0.4911242603550296,0.6434108527131783,0.4648648648648649
43,0.09568268060684204,370,258,339,166,173,0.4896755162241888,0.6434108527131783,0.46756756756756757
43,0.09511160850524902,370,258,340,166,174,0.48823529411764705,0.6434108527131783,0.4702702702702703
43,0.08097232133150101,370,258,341,166,175,0.4868035190615836,0.6434108527131783,0.47297297297297297
43,0.07686018198728561,370,258,342,166,176,0.4853801169590643,0.6434108527131783,0.4756756756756757
43,0.06704986840486526,370,258,343,166,177,0.4839650145772595,0.6434108527131783,0.4783783783783784
43,0.062039852142333984,370,258,344,166,178,0.48255813953488375,0.6434108527131783,0.4810810810810811
43,0.06096344068646431,370,258,345,166,179,0.4811594202898551,0.6434108527131783,0.4837837837837838
43,0.05421910807490349,370,258,346,166,180,0.4797687861271676,0.6434108527131783,0.4864864864864865
43,0.052313368767499924,370,258,347,166,181,0.4783861671469741,0.6434108527131783,0.4891891891891892
43,0.050703391432762146,370,258,348,166,182,0.47701149425287354,0.6434108527131783,0.4918918918918919
43,0.0490088127553463,370,258,349,166,183,0.47564469914040114,0.6434108527131783,0.4945945945945946
43,0.0437004379928112,370,258,350,166,184,0.4742857142857143,0.6434108527131783,0.4972972972972973
43,0.03904641419649124,370,258,351,166,185,0.47293447293447294,0.6434108527131783,0.5
43,0.03693787008523941,370,258,352,167,185,0.4744318181818182,0.6472868217054264,0.5
43,0.029698451980948448,370,258,353,167,186,0.4730878186968839,0.6472868217054264,0.5027027027027027
43,0.02968224324285984,370,258,354,167,187,0.4717514124293785,0.6472868217054264,0.5054054054054054
43,0.02173360250890255,370,258,355,168,187,0.4732394366197183,0.6511627906976745,0.5054054054054054
43,0.02056892029941082,370,258,356,168,188,0.47191011235955055,0.6511627906976745,0.5081081081081081
43,0.017663603648543358,370,258,357,168,189,0.47058823529411764,0.6511627906976745,0.5108108108108108
43,0.01711862161755562,370,258,358,168,190,0.4692737430167598,0.6511627906976745,0.5135135135135135
43,0.014248747378587723,370,258,359,168,191,0.467966573816156,0.6511627906976745,0.5162162162162162
43,0.01248364057391882,370,258,360,168,192,0.4666666666666667,0.6511627906976745,0.518918918918919
43,0.00777752511203289,370,258,361,168,193,0.46537396121883656,0.6511627906976745,0.5216216216216216
43,0.007126688491553068,370,258,362,168,194,0.46408839779005523,0.6511627906976745,0.5243243243243243
43,0.006342729553580284,370,258,363,168,195,0.4628099173553719,0.6511627906976745,0.527027027027027
43,0.00594136118888855,370,258,364,168,196,0.46153846153846156,0.6511627906976745,0.5297297297297298
43,0.004946383647620678,370,258,365,168,197,0.4602739726027397,0.6511627906976745,0.5324324324324324
43,0.004770815838128328,370,258,366,168,198,0.45901639344262296,0.6511627906976745,0.5351351351351351
43,0.004519796930253506,370,258,367,168,199,0.45776566757493187,0.6511627906976745,0.5378378378378378
43,0.0037891610991209745,370,258,368,168,200,0.45652173913043476,0.6511627906976745,0.5405405405405406
43,0.0020460898522287607,370,258,369,168,201,0.45528455284552843,0.6511627906976745,0.5432432432432432
43,0.000996457296423614,370,258,370,168,202,0.4540540540540541,0.6511627906976745,0.5459459459459459
44,inf,370,258,0,0,0,1.0,0.0,0.0
44,0.9780765175819397,370,258,1,1,0,1.0,0.003875968992248062,0.0
44,0.9583759307861328,370,258,2,2,0,1.0,0.007751937984496124,0.0
44,0.949738085269928,370,258,3,3,0,1.0,0.011627906976744186,0.0
44,0.9495068192481995,370,258,4,3,1,0.75,0.011627906976744186,0.002702702702702703
44,0.9477714896202087,370,258,5,4,1,0.8,0.015503875968992248,0.002702702702702703
44,0.9404559135437012,370,258,6,4,2,0.6666666666666666,0.015503875968992248,0.005405405405405406
44,0.9369687438011169,370,258,7,5,2,0.7142857142857143,0.01937984496124031,0.005405405405405406
44,0.9356911778450012,370,258,8,5,3,0.625,0.01937984496124031,0.008108108108108109
44,0.9277711510658264,370,258,9,6,3,0.6666666666666666,0.023255813953488372,0.008108108108108109
44,0.9232657551765442,370,258,10,7,3,0.7,0.027131782945736434,0.008108108108108109
44,0.9226558804512024,370,258,11,8,3,0.7272727272727273,0.031007751937984496,0.008108108108108109
44,0.9178457260131836,370,258,12,9,3,0.75,0.03488372093023256,0.008108108108108109
44,0.9156791567802429,370,258,13,10,3,0.7692307692307693,0.03875968992248062,0.008108108108108109
44,0.9143389463424683,370,258,14,11,3,0.7857142857142857,0.04263565891472868,0.008108108108108109
44,0.911729097366333,370,258,15,12,3,0.8,0.046511627906976744,0.008108108108108109
44,0.9115845561027527,370,258,16,13,3,0.8125,0.050387596899224806,0.008108108108108109
44,0.9086161851882935,370,258,17,14,3,0.8235294117647058,0.05426356589147287,0.008108108108108109
44,0.9035621881484985,370,258,18,15,3,0.8333333333333334,0.05813953488372093,0.008108108108108109
44,0.8998854756355286,370,258,19,16,3,0.8421052631578947,0.06201550387596899,0.008108108108108109
44,0.893109917640686,370,258,20,17,3,0.85,0.06589147286821706,0.008108108108108109
44,0.8843687176704407,370,258,21,18,3,0.8571428571428571,0.06976744186046512,0.008108108108108109
44,0.883934736251831,370,258,22,19,3,0.8636363636363636,0.07364341085271318,0.008108108108108109
44,0.88134765625,370,258,23,20,3,0.8695652173913043,0.07751937984496124,0.008108108108108109
44,0.8782159686088562,370,258,24,21,3,0.875,0.08139534883720931,0.008108108108108109
44,0.8782119750976562,370,258,25,22,3,0.88,0.08527131782945736,0.008108108108108109
44,0.8722248673439026,370,258,26,23,3,0.8846153846153846,0.08914728682170543,0.008108108108108109
44,0.8680750727653503,370,258,27,23,4,0.8518518518518519,0.08914728682170543,0.010810810810810811
44,0.86728835105896,370,258,28,23,5,0.8214285714285714,0.08914728682170543,0.013513513513513514
44,0.8660812973976135,370,258,29,24,5,0.8275862068965517,0.09302325581395349,0.013513513513513514
44,0.862535297870636,370,258,30,24,6,0.8,0.09302325581395349,0.016216216216216217
44,0.8589739203453064,370,258,31,25,6,0.8064516129032258,0.09689922480620156,0.016216216216216217
44,0.8532184958457947,370,258,32,26,6,0.8125,0.10077519379844961,0.016216216216216217
44,0.8523814678192139,370,258,33,27,6,0.8181818181818182,0.10465116279069768,0.016216216216216217
44,0.8467915058135986,370,258,34,27,7,0.7941176470588235,0.10465116279069768,0.01891891891891892
44,0.8357739448547363,370,258,35,27,8,0.7714285714285715,0.10465116279069768,0.021621621621621623
44,0.8314726948738098,370,258,36,27,9,0.75,0.10465116279069768,0.024324324324324326
44,0.8311647176742554,370,258,37,27,10,0.7297297297297297,0.10465116279069768,0.02702702702702703
44,0.8257257342338562,370,258,38,28,10,0.7368421052631579,0.10852713178294573,0.02702702702702703
44,0.8241764307022095,370,258,39,28,11,0.717948717948718,0.10852713178294573,0.02972972972972973
44,0.8228054642677307,370,258,40,28,12,0.7,0.10852713178294573,0.032432432432432434
44,0.8224891424179077,370,258,41,28,13,0.6829268292682927,0.10852713178294573,0.03513513513513514
44,0.8203167915344238,370,258,42,28,14,0.6666666666666666,0.10852713178294573,0.03783783783783784
44,0.8197275400161743,370,258,43,28,15,0.6511627906976745,0.10852713178294573,0.04054054054054054
44,0.8176745176315308,370,258,44,29,15,0.6590909090909091,0.1124031007751938,0.04054054054054054
44,0.8145566582679749,370,258,45,30,15,0.6666666666666666,0.11627906976744186,0.04054054054054054
44,0.8143696784973145,370,258,46,30,16,0.6521739130434783,0.11627906976744186,0.043243243243243246
44,0.8119333386421204,370,258,47,31,16,0.6595744680851063,0.12015503875968993,0.043243243243243246
44,0.8108112812042236,370,258,48,32,16,0.6666666666666666,0.12403100775193798,0.043243243243243246
44,0.802848756313324,370,258,49,33,16,0.673469387755102,0.12790697674418605,0.043243243243243246
44,0.8019249439239502,370,258,50,34,16,0.68,0.13178294573643412,0.043243243243243246
44,0.7984972596168518,370,258,51,35,16,0.6862745098039216,0.13565891472868216,0.043243243243243246
44,0.7937865853309631,370,258,52,35,17,0.6730769230769231,0.13565891472868216,0.04594594594594595
44,0.7934783101081848,370,258,53,36,17,0.6792452830188679,0.13953488372093023,0.04594594594594595
44,0.7922158241271973,370,258,54,37,17,0.6851851851851852,0.1434108527131783,0.04594594594594595
44,0.791591465473175,370,258,55,38,17,0.6909090909090909,0.14728682170542637,0.04594594594594595
44,0.7875893712043762,370,258,56,39,17,0.6964285714285714,0.1511627906976744,0.04594594594594595
44,0.7841317057609558,370,258,57,40,17,0.7017543859649122,0.15503875968992248,0.04594594594594595
44,0.775338351726532,370,258,58,41,17,0.7068965517241379,0.15891472868217055,0.04594594594594595
44,0.7748031616210938,370,258,59,42,17,0.711864406779661,0.16279069767441862,0.04594594594594595
44,0.7726613283157349,370,258,60,42,18,0.7,0.16279069767441862,0.04864864864864865
44,0.7725511193275452,370,258,61,43,18,0.7049180327868853,0.16666666666666666,0.04864864864864865
44,0.7715727090835571,370,258,62,43,19,0.6935483870967742,0.16666666666666666,0.051351351351351354
44,0.7693377733230591,370,258,63,44,19,0.6984126984126984,0.17054263565891473,0.051351351351351354
44,0.7660207152366638,370,258,64,45,19,0.703125,0.1744186046511628,0.051351351351351354
44,0.7644683122634888,370,258,65,45,20,0.6923076923076923,0.1744186046511628,0.05405405405405406
44,0.7628873586654663,370,258,66,46,20,0.696969696969697,0.17829457364341086,0.05405405405405406
44,0.762424886226654,370,258,67,46,21,0.6865671641791045,0.17829457364341086,0.05675675675675676
44,0.7573025226593018,370,258,68,46,22,0.6764705882352942,0.17829457364341086,0.05945945945945946
44,0.7547040581703186,370,258,69,46,23,0.6666666666666666,0.17829457364341086,0.062162162162162166
44,0.7535650730133057,370,258,70,47,23,0.6714285714285714,0.1821705426356589,0.062162162162162166
44,0.7483603954315186,370,258,71,47,24,0.6619718309859155,0.1821705426356589,0.06486486486486487
44,0.7447572350502014,370,258,72,48,24,0.6666666666666666,0.18604651162790697,0.06486486486486487
44,0.7365817427635193,370,258,73,48,25,0.6575342465753424,0.18604651162790697,0.06756756756756757
44,0.732505202293396,370,258,74,49,25,0.6621621621621622,0.18992248062015504,0.06756756756756757
44,0.7300845384597778,370,258,75,50,25,0.6666666666666666,0.1937984496124031,0.06756756756756757
44,0.7282512187957764,370,258,76,51,25,0.6710526315789473,0.19767441860465115,0.06756756756756757
44,0.7282024025917053,370,258,77,52,25,0.6753246753246753,0.20155038759689922,0.06756756756756757
44,0.7281460762023926,370,258,78,52,26,0.6666666666666666,0.20155038759689922,0.07027027027027027
44,0.7247571349143982,370,258,79,53,26,0.6708860759493671,0.2054263565891473,0.07027027027027027
44,0.7195141911506653,370,258,80,53,27,0.6625,0.2054263565891473,0.07297297297297298
44,0.7083854675292969,370,258,81,53,28,0.654320987654321,0.2054263565891473,0.07567567567567568
44,0.7078665494918823,370,258,82,53,29,0.6463414634146342,0.2054263565891473,0.07837837837837838
44,0.7031089067459106,370,258,83,53,30,0.6385542168674698,0.2054263565891473,0.08108108108108109
44,0.7021104693412781,370,258,84,54,30,0.6428571428571429,0.20930232558139536,0.08108108108108109
44,0.699722409248352,370,258,85,54,31,0.6352941176470588,0.20930232558139536,0.08378378378378379
44,0.6955394744873047,370,258,86,55,31,0.6395348837209303,0.2131782945736434,0.08378378378378379
44,0.6955184936523438,370,258,87,55,32,0.632183908045977,0.2131782945736434,0.08648648648648649
44,0.6954004764556885,370,258,88,55,33,0.625,0.2131782945736434,0.0891891891891892
44,0.694041907787323,370,258,89,56,33,0.6292134831460674,0.21705426356589147,0.0891891891891892
44,0.6893867254257202,370,258,90,57,33,0.6333333333333333,0.22093023255813954,0.0891891891891892
44,0.6893425583839417,370,258,91,58,33,0.6373626373626373,0.2248062015503876,0.0891891891891892
44,0.6887972354888916,370,258,92,59,33,0.6413043478260869,0.22868217054263565,0.0891891891891892
44,0.6873063445091248,370,258,93,60,33,0.6451612903225806,0.23255813953488372,0.0891891891891892
44,0.6859288215637207,370,258,94,61,33,0.648936170212766,0.2364341085271318,0.0891891891891892
44,0.6841278076171875,370,258,95,62,33,0.6526315789473685,0.24031007751937986,0.0891891891891892
44,0.6727496981620789,370,258,96,62,34,0.6458333333333334,0.24031007751937986,0.0918918918918919
44,0.6664280295372009,370,258,97,63,34,0.6494845360824743,0.2441860465116279,0.0918918918918919
44,0.6634789705276489,370,258,98,64,34,0.6530612244897959,0.24806201550387597,0.0918918918918919
44,0.6630876660346985,370,258,99,64,35,0.6464646464646465,0.24806201550387597,0.0945945945945946
44,0.6621729135513306,370,258,100,65,35,0.65,0.25193798449612403,0.0945945945945946
44,0.6600624918937683,370,258,101,66,35,0.6534653465346535,0.2558139534883721,0.0945945945945946
44,0.654734194278717,370,258,102,67,35,0.6568627450980392,0.2596899224806202,0.0945945945945946
44,0.6518195867538452,370,258,103,67,36,0.6504854368932039,0.2596899224806202,0.0972972972972973
44,0.6516515016555786,370,258,104,68,36,0.6538461538461539,0.26356589147286824,0.0972972972972973
44,0.6507790088653564,370,258,105,69,36,0.6571428571428571,0.26744186046511625,0.0972972972972973
44,0.6484447121620178,370,258,106,69,37,0.6509433962264151,0.26744186046511625,0.1
44,0.6466559171676636,370,258,107,70,37,0.6542056074766355,0.2713178294573643,0.1
44,0.6449257731437683,370,258,108,70,38,0.6481481481481481,0.2713178294573643,0.10270270270270271
44,0.64313805103302,370,258,109,70,39,0.6422018348623854,0.2713178294573643,0.10540540540540541
44,0.6417282819747925,370,258,110,71,39,0.6454545454545455,0.2751937984496124,0.10540540540540541
44,0.640740692615509,370,258,111,72,39,0.6486486486486487,0.27906976744186046,0.10540540540540541
44,0.6395342946052551,370,258,112,73,39,0.6517857142857143,0.28294573643410853,0.10540540540540541
44,0.6346725225448608,370,258,113,74,39,0.6548672566371682,0.2868217054263566,0.10540540540540541
44,0.633129894733429,370,258,114,74,40,0.6491228070175439,0.2868217054263566,0.10810810810810811
44,0.6277740001678467,370,258,115,74,41,0.6434782608695652,0.2868217054263566,0.11081081081081082
44,0.6235597133636475,370,258,116,74,42,0.6379310344827587,0.2868217054263566,0.11351351351351352
44,0.620266854763031,370,258,117,75,42,0.6410256410256411,0.29069767441860467,0.11351351351351352
44,0.6199063062667847,370,258,118,76,42,0.6440677966101694,0.29457364341085274,0.11351351351351352
44,0.6182171106338501,370,258,119,77,42,0.6470588235294118,0.29844961240310075,0.11351351351351352
44,0.6174258589744568,370,258,120,77,43,0.6416666666666667,0.29844961240310075,0.11621621621621622
44,0.616982102394104,370,258,121,77,44,0.6363636363636364,0.29844961240310075,0.11891891891891893
44,0.6123820543289185,370,258,122,78,44,0.639344262295082,0.3023255813953488,0.11891891891891893
44,0.6106775999069214,370,258,123,79,44,0.6422764227642277,0.3062015503875969,0.11891891891891893
44,0.6102398633956909,370,258,124,79,45,0.6370967741935484,0.3062015503875969,0.12162162162162163
44,0.6090320944786072,370,258,125,80,45,0.64,0.31007751937984496,0.12162162162162163
44,0.6065494418144226,370,258,126,81,45,0.6428571428571429,0.313953488372093,0.12162162162162163
44,0.603602945804596,370,258,127,81,46,0.6377952755905512,0.313953488372093,0.12432432432432433
44,0.6031582355499268,370,258,128,82,46,0.640625,0.3178294573643411,0.12432432432432433
44,0.5952393412590027,370,258,129,83,46,0.6434108527131783,0.32170542635658916,0.12432432432432433
44,0.5942403674125671,370,258,130,83,47,0.6384615384615384,0.32170542635658916,0.12702702702702703
44,0.5935677289962769,370,258,131,84,47,0.6412213740458015,0.32558139534883723,0.12702702702702703
44,0.5934668779373169,370,258,132,84,48,0.6363636363636364,0.32558139534883723,0.12972972972972974
44,0.5913309454917908,370,258,133,84,49,0.631578947368421,0.32558139534883723,0.13243243243243244
44,0.5893691778182983,370,258,134,85,49,0.6343283582089553,0.32945736434108525,0.13243243243243244
44,0.58766108751297,370,258,135,85,50,0.6296296296296297,0.32945736434108525,0.13513513513513514
44,0.5839498043060303,370,258,136,86,50,0.6323529411764706,0.3333333333333333,0.13513513513513514
44,0.5821608901023865,370,258,137,86,51,0.6277372262773723,0.3333333333333333,0.13783783783783785
44,0.5793987512588501,370,258,138,86,52,0.6231884057971014,0.3333333333333333,0.14054054054054055
44,0.5790729522705078,370,258,139,87,52,0.6258992805755396,0.3372093023255814,0.14054054054054055
44,0.5777519941329956,370,258,140,88,52,0.6285714285714286,0.34108527131782945,0.14054054054054055
44,0.5730233788490295,370,258,141,89,52,0.6312056737588653,0.3449612403100775,0.14054054054054055
44,0.5681369304656982,370,258,142,89,53,0.6267605633802817,0.3449612403100775,0.14324324324324325
44,0.5675459504127502,370,258,143,90,53,0.6293706293706294,0.3488372093023256,0.14324324324324325
44,0.5647214651107788,370,258,144,90,54,0.625,0.3488372093023256,0.14594594594594595
44,0.5640779137611389,370,258,145,91,54,0.6275862068965518,0.35271317829457366,0.14594594594594595
44,0.5611988306045532,370,258,146,91,55,0.6232876712328768,0.35271317829457366,0.14864864864864866
44,0.5572969317436218,370,258,147,92,55,0.6258503401360545,0.35658914728682173,0.14864864864864866
44,0.5572540760040283,370,258,148,93,55,0.6283783783783784,0.36046511627906974,0.14864864864864866
44,0.5538617372512817,370,258,149,94,55,0.6308724832214765,0.3643410852713178,0.14864864864864866
44,0.5525277853012085,370,258,150,95,55,0.6333333333333333,0.3682170542635659,0.14864864864864866
44,0.5517032146453857,370,258,151,95,56,0.6291390728476821,0.3682170542635659,0.15135135135135136
44,0.5504022240638733,370,258,152,96,56,0.631578947368421,0.37209302325581395,0.15135135135135136
44,0.548380970954895,370,258,153,97,56,0.6339869281045751,0.375968992248062,0.15135135135135136
44,0.546396791934967,370,258,154,97,57,0.6298701298701299,0.375968992248062,0.15405405405405406
44,0.5459358096122742,370,258,155,98,57,0.632258064516129,0.3798449612403101,0.15405405405405406
44,0.5415933132171631,370,258,156,99,57,0.6346153846153846,0.38372093023255816,0.15405405405405406
44,0.5353795289993286,370,258,157,100,57,0.6369426751592356,0.3875968992248062,0.15405405405405406
44,0.533303439617157,370,258,158,100,58,0.6329113924050633,0.3875968992248062,0.15675675675675677
44,0.532749354839325,370,258,159,100,59,0.6289308176100629,0.3875968992248062,0.15945945945945947
44,0.5277793407440186,370,258,160,101,59,0.63125,0.39147286821705424,0.15945945945945947
44,0.518258810043335,370,258,161,101,60,0.6273291925465838,0.39147286821705424,0.16216216216216217
44,0.5172373056411743,370,258,162,102,60,0.6296296296296297,0.3953488372093023,0.16216216216216217
44,0.5170761942863464,370,258,163,102,61,0.6257668711656442,0.3953488372093023,0.16486486486486487
44,0.5169516205787659,370,258,164,102,62,0.6219512195121951,0.3953488372093023,0.16756756756756758
44,0.5169038772583008,370,258,165,103,62,0.6242424242424243,0.3992248062015504,0.16756756756756758
44,0.5156980156898499,370,258,166,104,62,0.6265060240963856,0.40310077519379844,0.16756756756756758
44,0.5150582790374756,370,258,167,104,63,0.6227544910179641,0.40310077519379844,0.17027027027027028
44,0.5136851072311401,370,258,168,104,64,0.6190476190476191,0.40310077519379844,0.17297297297297298
44,0.5135063529014587,370,258,169,104,65,0.6153846153846154,0.40310077519379844,0.17567567567567569
44,0.509446382522583,370,258,170,105,65,0.6176470588235294,0.4069767441860465,0.17567567567567569
44,0.5088675618171692,370,258,171,106,65,0.6198830409356725,0.4108527131782946,0.17567567567567569
44,0.5080838799476624,370,258,172,107,65,0.622093023255814,0.41472868217054265,0.17567567567567569
44,0.5064457058906555,370,258,173,107,66,0.6184971098265896,0.41472868217054265,0.1783783783783784
44,0.5058901906013489,370,258,174,107,67,0.6149425287356322,0.41472868217054265,0.1810810810810811
44,0.5035803318023682,370,258,175,107,68,0.6114285714285714,0.41472868217054265,0.1837837837837838
44,0.5015170574188232,370,258,176,107,69,0.6079545454545454,0.41472868217054265,0.1864864864864865
44,0.5010166764259338,370,258,177,108,69,0.6101694915254238,0.4186046511627907,0.1864864864864865
44,0.4989502429962158,370,258,178,109,69,0.6123595505617978,0.42248062015503873,0.1864864864864865
44,0.49694356322288513,370,258,179,110,69,0.6145251396648045,0.4263565891472868,0.1864864864864865
44,0.4968923330307007,370,258,180,110,70,0.6111111111111112,0.4263565891472868,0.1891891891891892
44,0.4944705665111542,370,258,181,111,70,0.6132596685082873,0.43023255813953487,0.1891891891891892
44,0.49187588691711426,370,258,182,111,71,0.6098901098901099,0.43023255813953487,0.1918918918918919
44,0.491828590631485,370,258,183,111,72,0.6065573770491803,0.43023255813953487,0.1945945945945946
44,0.490004301071167,370,258,184,112,72,0.6086956521739131,0.43410852713178294,0.1945945945945946
44,0.4879659414291382,370,258,185,112,73,0.6054054054054054,0.43410852713178294,0.1972972972972973
44,0.4877464175224304,370,258,186,113,73,0.6075268817204301,0.437984496124031,0.1972972972972973
44,0.48515784740448,370,258,187,114,73,0.6096256684491979,0.4418604651162791,0.1972972972972973
44,0.4832960367202759,370,258,188,114,74,0.6063829787234043,0.4418604651162791,0.2
44,0.48118820786476135,370,258,189,114,75,0.6031746031746031,0.4418604651162791,0.20270270270270271
44,0.4802975058555603,370,258,190,114,76,0.6,0.4418604651162791,0.20540540540540542
44,0.48005667328834534,370,258,191,115,76,0.6020942408376964,0.44573643410852715,0.20540540540540542
44,0.4784897565841675,370,258,192,116,76,0.6041666666666666,0.4496124031007752,0.20540540540540542
44,0.4779723584651947,370,258,193,116,77,0.6010362694300518,0.4496124031007752,0.20810810810810812
44,0.4771404266357422,370,258,194,116,78,0.5979381443298969,0.4496124031007752,0.21081081081081082
44,0.47712790966033936,370,258,195,117,78,0.6,0.45348837209302323,0.21081081081081082
44,0.47706425189971924,370,258,196,118,78,0.6020408163265306,0.4573643410852713,0.21081081081081082
44,0.4766483008861542,370,258,197,118,79,0.5989847715736041,0.4573643410852713,0.21351351351351353
44,0.4750950038433075,370,258,198,118,80,0.5959595959595959,0.4573643410852713,0.21621621621621623
44,0.4742492437362671,370,258,199,119,80,0.5979899497487438,0.46124031007751937,0.21621621621621623
44,0.4726748466491699,370,258,200,120,80,0.6,0.46511627906976744,0.21621621621621623
44,0.47260385751724243,370,258,201,121,80,0.6019900497512438,0.4689922480620155,0.21621621621621623
44,0.4720170795917511,370,258,202,122,80,0.6039603960396039,0.4728682170542636,0.21621621621621623
44,0.47132179141044617,370,258,203,123,80,0.6059113300492611,0.47674418604651164,0.21621621621621623
44,0.4705052375793457,370,258,204,123,81,0.6029411764705882,0.47674418604651164,0.21891891891891893
44,0.4680469036102295,370,258,205,123,82,0.6,0.47674418604651164,0.22162162162162163
44,0.4664101004600525,370,258,206,123,83,0.5970873786407767,0.47674418604651164,0.22432432432432434
44,0.4658961892127991,370,258,207,123,84,0.5942028985507246,0.47674418604651164,0.22702702702702704
44,0.4658709168434143,370,258,208,123,85,0.5913461538461539,0.47674418604651164,0.22972972972972974
44,0.4632081985473633,370,258,209,123,86,0.5885167464114832,0.47674418604651164,0.23243243243243245
44,0.4626429080963135,370,258,210,123,87,0.5857142857142857,0.47674418604651164,0.23513513513513515
44,0.4601929187774658,370,258,211,123,88,0.5829383886255924,0.47674418604651164,0.23783783783783785
44,0.4597278833389282,370,258,212,124,88,0.5849056603773585,0.4806201550387597,0.23783783783783785
44,0.4594852924346924,370,258,213,125,88,0.5868544600938967,0.4844961240310077,0.23783783783783785
44,0.457584023475647,370,258,214,125,89,0.5841121495327103,0.4844961240310077,0.24054054054054055
44,0.453918993473053,370,258,215,126,89,0.586046511627907,0.4883720930232558,0.24054054054054055
44,0.45361757278442383,370,258,216,126,90,0.5833333333333334,0.4883720930232558,0.24324324324324326
44,0.44864946603775024,370,258,217,127,90,0.5852534562211982,0.49224806201550386,0.24324324324324326
44,0.44466227293014526,370,258,218,127,91,0.5825688073394495,0.49224806201550386,0.24594594594594596
44,0.44432127475738525,370,258,219,128,91,0.5844748858447488,0.49612403100775193,0.24594594594594596
44,0.44420552253723145,370,258,220,128,92,0.5818181818181818,0.49612403100775193,0.24864864864864866
44,0.4420497417449951,370,258,221,128,93,0.579185520361991,0.49612403100775193,0.25135135135135134
44,0.4412515163421631,370,258,222,128,94,0.5765765765765766,0.49612403100775193,0.25405405405405407
44,0.43846404552459717,370,258,223,129,94,0.57847533632287,0.5,0.25405405405405407
44,0.4365774989128113,370,258,224,130,94,0.5803571428571429,0.5038759689922481,0.25405405405405407
44,0.43608611822128296,370,258,225,130,95,0.5777777777777777,0.5038759689922481,0.25675675675675674
44,0.4353640377521515,370,258,226,131,95,0.5796460176991151,0.5077519379844961,0.25675675675675674
44,0.43109938502311707,370,258,227,132,95,0.5814977973568282,0.5116279069767442,0.25675675675675674
44,0.42891958355903625,370,258,228,132,96,0.5789473684210527,0.5116279069767442,0.2594594594594595
44,0.4267411530017853,370,258,229,133,96,0.5807860262008734,0.5155038759689923,0.2594594594594595
44,0.4266441762447357,370,258,230,134,96,0.5826086956521739,0.5193798449612403,0.2594594594594595
44,0.4233449101448059,370,258,231,135,96,0.5844155844155844,0.5232558139534884,0.2594594594594595
44,0.42057111859321594,370,258,232,135,97,0.5818965517241379,0.5232558139534884,0.26216216216216215
44,0.4194085896015167,370,258,233,136,97,0.5836909871244635,0.5271317829457365,0.26216216216216215
44,0.4100848436355591,370,258,234,136,98,0.5811965811965812,0.5271317829457365,0.2648648648648649
44,0.40648484230041504,370,258,235,136,99,0.5787234042553191,0.5271317829457365,0.26756756756756755
44,0.40613335371017456,370,258,236,137,99,0.5805084745762712,0.5310077519379846,0.26756756756756755
44,0.4030093848705292,370,258,237,137,100,0.5780590717299579,0.5310077519379846,0.2702702702702703
44,0.3985365629196167,370,258,238,137,101,0.5756302521008403,0.5310077519379846,0.27297297297297296
44,0.3958268463611603,370,258,239,137,102,0.5732217573221757,0.5310077519379846,0.2756756756756757
44,0.3917684853076935,370,258,240,137,103,0.5708333333333333,0.5310077519379846,0.27837837837837837
44,0.39098039269447327,370,258,241,137,104,0.5684647302904564,0.5310077519379846,0.2810810810810811
44,0.38954269886016846,370,258,242,138,104,0.5702479338842975,0.5348837209302325,0.2810810810810811
44,0.3883248269557953,370,258,243,139,104,0.5720164609053497,0.5387596899224806,0.2810810810810811
44,0.38572263717651367,370,258,244,140,104,0.5737704918032787,0.5426356589147286,0.2810810810810811
44,0.3826778531074524,370,258,245,140,105,0.5714285714285714,0.5426356589147286,0.28378378378378377
44,0.3818517029285431,370,258,246,140,106,0.5691056910569106,0.5426356589147286,0.2864864864864865
44,0.3796318769454956,370,258,247,140,107,0.5668016194331984,0.5426356589147286,0.2891891891891892
44,0.37957578897476196,370,258,248,140,108,0.5645161290322581,0.5426356589147286,0.2918918918918919
44,0.37933942675590515,370,258,249,140,109,0.5622489959839357,0.5426356589147286,0.2945945945945946
44,0.3765251934528351,370,258,250,141,109,0.564,0.5465116279069767,0.2945945945945946
44,0.37555330991744995,370,258,251,141,110,0.5617529880478087,0.5465116279069767,0.2972972972972973
44,0.37424221634864807,370,258,252,142,110,0.5634920634920635,0.5503875968992248,0.2972972972972973
44,0.3692171573638916,370,258,253,142,111,0.5612648221343873,0.5503875968992248,0.3
44,0.3677363693714142,370,258,254,142,112,0.5590551181102362,0.5503875968992248,0.3027027027027027
44,0.3578648567199707,370,258,255,142,113,0.5568627450980392,0.5503875968992248,0.3054054054054054
44,0.35595616698265076,370,258,256,143,113,0.55859375,0.5542635658914729,0.3054054054054054
44,0.35575371980667114,370,258,257,143,114,0.556420233463035,0.5542635658914729,0.3081081081081081
44,0.35560402274131775,370,258,258,143,115,0.5542635658914729,0.5542635658914729,0.3108108108108108
44,0.3546430766582489,370,258,259,143,116,0.5521235521235521,0.5542635658914729,0.31351351351351353
44,0.35369744896888733,370,258,260,143,117,0.55,0.5542635658914729,0.3162162162162162
44,0.34925171732902527,370,258,261,143,118,0.5478927203065134,0.5542635658914729,0.31891891891891894
44,0.34798866510391235,370,258,262,143,119,0.5458015267175572,0.5542635658914729,0.3216216216216216
44,0.34692081809043884,370,258,263,144,119,0.5475285171102662,0.5581395348837209,0.3216216216216216
44,0.3391038775444031,370,258,264,144,120,0.5454545454545454,0.5581395348837209,0.32432432432432434
44,0.3373974561691284,370,258,265,144,121,0.5433962264150943,0.5581395348837209,0.327027027027027
44,0.33700644969940186,370,258,266,144,122,0.5413533834586466,0.5581395348837209,0.32972972972972975
44,0.3363652527332306,370,258,267,144,123,0.5393258426966292,0.5581395348837209,0.3324324324324324
44,0.3354395031929016,370,258,268,145,123,0.5410447761194029,0.562015503875969,0.3324324324324324
44,0.33373475074768066,370,258,269,146,123,0.5427509293680297,0.5658914728682171,0.3324324324324324
44,0.33358487486839294,370,258,270,146,124,0.5407407407407407,0.5658914728682171,0.33513513513513515
44,0.33107027411460876,370,258,271,146,125,0.5387453874538746,0.5658914728682171,0.33783783783783783
44,0.32941144704818726,370,258,272,146,126,0.5367647058823529,0.5658914728682171,0.34054054054054056
44,0.3278241753578186,370,258,273,146,127,0.5347985347985348,0.5658914728682171,0.34324324324324323
44,0.3276126980781555,370,258,274,147,127,0.5364963503649635,0.5697674418604651,0.34324324324324323
44,0.3262169063091278,370,258,275,148,127,0.5381818181818182,0.5736434108527132,0.34324324324324323
44,0.3260003328323364,370,258,276,148,128,0.5362318840579711,0.5736434108527132,0.34594594594594597
44,0.3247164189815521,370,258,277,149,128,0.5379061371841155,0.5775193798449613,0.34594594594594597
44,0.32470273971557617,370,258,278,150,128,0.539568345323741,0.5813953488372093,0.34594594594594597
44,0.3245338797569275,370,258,279,150,129,0.5376344086021505,0.5813953488372093,0.34864864864864864
44,0.3237264156341553,370,258,280,150,130,0.5357142857142857,0.5813953488372093,0.35135135135135137
44,0.3194451332092285,370,258,281,150,131,0.5338078291814946,0.5813953488372093,0.35405405405405405
44,0.3182205557823181,370,258,282,150,132,0.5319148936170213,0.5813953488372093,0.3567567567567568
44,0.31767961382865906,370,258,283,150,133,0.5300353356890459,0.5813953488372093,0.35945945945945945
44,0.31552353501319885,370,258,284,151,133,0.5316901408450704,0.5852713178294574,0.35945945945945945
44,0.31199732422828674,370,258,285,151,134,0.5298245614035088,0.5852713178294574,0.3621621621621622
44,0.3101336658000946,370,258,286,152,134,0.5314685314685315,0.5891472868217055,0.3621621621621622
44,0.3085177540779114,370,258,287,152,135,0.5296167247386759,0.5891472868217055,0.36486486486486486
44,0.3063403069972992,370,258,288,152,136,0.5277777777777778,0.5891472868217055,0.3675675675675676
44,0.3055326044559479,370,258,289,152,137,0.5259515570934256,0.5891472868217055,0.37027027027027026
44,0.3040594160556793,370,258,290,152,138,0.5241379310344828,0.5891472868217055,0.372972972972973
44,0.2983328700065613,370,258,291,152,139,0.5223367697594502,0.5891472868217055,0.37567567567567567
44,0.29830285906791687,370,258,292,152,140,0.5205479452054794,0.5891472868217055,0.3783783783783784
44,0.2967829406261444,370,258,293,152,141,0.5187713310580204,0.5891472868217055,0.3810810810810811
44,0.29507797956466675,370,258,294,152,142,0.5170068027210885,0.5891472868217055,0.3837837837837838
44,0.2946793735027313,370,258,295,153,142,0.5186440677966102,0.5930232558139535,0.3837837837837838
44,0.29325857758522034,370,258,296,153,143,0.5168918918918919,0.5930232558139535,0.3864864864864865
44,0.29282644391059875,370,258,297,153,144,0.5151515151515151,0.5930232558139535,0.3891891891891892
44,0.2915500998497009,370,258,298,153,145,0.5134228187919463,0.5930232558139535,0.3918918918918919
44,0.28830793499946594,370,258,299,153,146,0.5117056856187291,0.5930232558139535,0.3945945945945946
44,0.2879469692707062,370,258,300,153,147,0.51,0.5930232558139535,0.3972972972972973
44,0.2877829074859619,370,258,301,154,147,0.5116279069767442,0.5968992248062015,0.3972972972972973
44,0.28309890627861023,370,258,302,154,148,0.5099337748344371,0.5968992248062015,0.4
44,0.28288671374320984,370,258,303,154,149,0.5082508250825083,0.5968992248062015,0.4027027027027027
44,0.28026777505874634,370,258,304,155,149,0.5098684210526315,0.6007751937984496,0.4027027027027027
44,0.2768685221672058,370,258,305,155,150,0.5081967213114754,0.6007751937984496,0.40540540540540543
44,0.2760166525840759,370,258,306,155,151,0.5065359477124183,0.6007751937984496,0.4081081081081081
44,0.27305105328559875,370,258,307,155,152,0.504885993485342,0.6007751937984496,0.41081081081081083
44,0.27240049839019775,370,258,308,155,153,0.5032467532467533,0.6007751937984496,0.4135135135135135
44,0.2702610194683075,370,258,309,156,153,0.5048543689320388,0.6046511627906976,0.4135135135135135
44,0.2647256851196289,370,258,310,157,153,0.5064516129032258,0.6085271317829457,0.4135135135135135
44,0.2617393732070923,370,258,311,157,154,0.5048231511254019,0.6085271317829457,0.41621621621621624
44,0.2497725933790207,370,258,312,157,155,0.5032051282051282,0.6085271317829457,0.4189189189189189
44,0.24564464390277863,370,258,313,157,156,0.5015974440894568,0.6085271317829457,0.42162162162162165
44,0.24102599918842316,370,258,314,157,157,0.5,0.6085271317829457,0.4243243243243243
44,0.23569311201572418,370,258,315,158,157,0.5015873015873016,0.6124031007751938,0.4243243243243243
44,0.23415981233119965,370,258,316,158,158,0.5,0.6124031007751938,0.42702702702702705
44,0.23316940665245056,370,258,317,158,159,0.49842271293375395,0.6124031007751938,0.4297297297297297
44,0.2321987748146057,370,258,318,158,160,0.4968553459119497,0.6124031007751938,0.43243243243243246
44,0.23108266294002533,370,258,319,158,161,0.4952978056426332,0.6124031007751938,0.43513513513513513
44,0.22963815927505493,370,258,320,158,162,0.49375,0.6124031007751938,0.43783783783783786
44,0.21701368689537048,370,258,321,159,162,0.4953271028037383,0.6162790697674418,0.43783783783783786
44,0.21420077979564667,370,258,322,159,163,0.4937888198757764,0.6162790697674418,0.44054054054054054
44,0.2120809257030487,370,258,323,160,163,0.4953560371517028,0.6201550387596899,0.44054054054054054
44,0.21170088648796082,370,258,324,160,164,0.49382716049382713,0.6201550387596899,0.44324324324324327
44,0.20762759447097778,370,258,325,161,164,0.49538461538461537,0.624031007751938,0.44324324324324327
44,0.20760606229305267,370,258,326,161,165,0.4938650306748466,0.624031007751938,0.44594594594594594
44,0.20082607865333557,370,258,327,161,166,0.4923547400611621,0.624031007751938,0.4486486486486487
44,0.198881596326828,370,258,328,161,167,0.49085365853658536,0.624031007751938,0.45135135135135135
44,0.18980568647384644,370,258,329,162,167,0.49240121580547114,0.627906976744186,0.45135135135135135
44,0.1837104707956314,370,258,330,162,168,0.4909090909090909,0.627906976744186,0.4540540540540541
44,0.17773154377937317,370,258,331,163,168,0.49244712990936557,0.6317829457364341,0.4540540540540541
44,0.15445725619792938,370,258,332,163,169,0.49096385542168675,0.6317829457364341,0.45675675675675675
44,0.1384371817111969,370,258,333,163,170,0.4894894894894895,0.6317829457364341,0.4594594594594595
44,0.1320257931947708,370,258,334,163,171,0.4880239520958084,0.6317829457364341,0.46216216216216216
44,0.1268521547317505,370,258,335,163,172,0.48656716417910445,0.6317829457364341,0.4648648648648649
44,0.11784929782152176,370,258,336,163,173,0.4851190476190476,0.6317829457364341,0.46756756756756757
44,0.11273214966058731,370,258,337,163,174,0.4836795252225519,0.6317829457364341,0.4702702702702703
44,0.10217660665512085,370,258,338,163,175,0.4822485207100592,0.6317829457364341,0.47297297297297297
44,0.09956298023462296,370,258,339,163,176,0.4808259587020649,0.6317829457364341,0.4756756756756757
44,0.09732974320650101,370,258,340,163,177,0.47941176470588237,0.6317829457364341,0.4783783783783784
44,0.09032373130321503,370,258,341,164,177,0.4809384164222874,0.6356589147286822,0.4783783783783784
44,0.08627212792634964,370,258,342,164,178,0.47953216374269003,0.6356589147286822,0.4810810810810811
44,0.0811246782541275,370,258,343,164,179,0.478134110787172,0.6356589147286822,0.4837837837837838
44,0.07727206498384476,370,258,344,164,180,0.47674418604651164,0.6356589147286822,0.4864864864864865
44,0.07022302597761154,370,258,345,164,181,0.4753623188405797,0.6356589147286822,0.4891891891891892
44,0.05261391028761864,370,258,346,164,182,0.47398843930635837,0.6356589147286822,0.4918918918918919
44,0.05136823281645775,370,258,347,164,183,0.47262247838616717,0.6356589147286822,0.4945945945945946
44,0.049169160425662994,370,258,348,164,184,0.47126436781609193,0.6356589147286822,0.4972972972972973
44,0.04852978140115738,370,258,349,165,184,0.47277936962750716,0.6395348837209303,0.4972972972972973
44,0.048052120953798294,370,258,350,165,185,0.4714285714285714,0.6395348837209303,0.5
44,0.043160974979400635,370,258,351,166,185,0.47293447293447294,0.6434108527131783,0.5
44,0.042482756078243256,370,258,352,166,186,0.4715909090909091,0.6434108527131783,0.5027027027027027
44,0.03987148031592369,370,258,353,166,187,0.4702549575070821,0.6434108527131783,0.5054054054054054
44,0.036386966705322266,370,258,354,166,188,0.4689265536723164,0.6434108527131783,0.5081081081081081
44,0.031043633818626404,370,258,355,166,189,0.4676056338028169,0.6434108527131783,0.5108108108108108
44,0.021543072536587715,370,258,356,166,190,0.46629213483146065,0.6434108527131783,0.5135135135135135
44,0.02058291807770729,370,258,357,166,191,0.4649859943977591,0.6434108527131783,0.5162162162162162
44,0.01914692111313343,370,258,358,166,192,0.46368715083798884,0.6434108527131783,0.518918918918919
44,0.018191874027252197,370,258,359,166,193,0.4623955431754875,0.6434108527131783,0.5216216216216216
44,0.008823253214359283,370,258,360,166,194,0.46111111111111114,0.6434108527131783,0.5243243243243243
44,0.008249231614172459,370,258,361,166,195,0.4598337950138504,0.6434108527131783,0.527027027027027
44,0.008167070336639881,370,258,362,166,196,0.4585635359116022,0.6434108527131783,0.5297297297297298
44,0.008046266622841358,370,258,363,166,197,0.4573002754820937,0.6434108527131783,0.5324324324324324
44,0.007519334089010954,370,258,364,166,198,0.45604395604395603,0.6434108527131783,0.5351351351351351
44,0.0074073211289942265,370,258,365,166,199,0.4547945205479452,0.6434108527131783,0.5378378378378378
44,0.00705491378903389,370,258,366,166,200,0.453551912568306,0.6434108527131783,0.5405405405405406
44,0.006114958319813013,370,258,367,166,201,0.45231607629427795,0.6434108527131783,0.5432432432432432
44,0.006079995073378086,370,258,368,166,202,0.45108695652173914,0.6434108527131783,0.5459459459459459
44,0.005188365932554007,370,258,369,166,203,0.44986449864498645,0.6434108527131783,0.5486486486486486
44,0.002234828192740679,370,258,370,166,204,0.4486486486486487,0.6434108527131783,0.5513513513513514
